evidence_id,source_id,source_region,source_hemisphere,subgroup,measurement,direction,effect_statistic,effect,ci95_lower,ci95_upper,uncertainty,population,medication,stage,source_locator,interpretation
S01_Hippocampus,S01,Hippocampus,bilateral,diagnostic group,"FreeSurfer subcortical volume adjusted for age, sex and ICV",lower,Cohen_d,-0.46,-0.58,-0.34,p=4.85e-14;I2=71%;Bonferroni alpha=.0056,2028 schizophrenia;2540 controls,mixed; moderators assessed,mixed duration,Table 1; Supplementary Table S1; moderator results,Bilateral mean volumes. Large cross-study heterogeneity; hemisphere-specific effect not inferred.
S01_Amygdala,S01,Amygdala,bilateral,diagnostic group,"FreeSurfer subcortical volume adjusted for age, sex and ICV",lower,Cohen_d,-0.31,-0.43,-0.19,p=3.59e-7;I2=71%;Bonferroni alpha=.0056,2028 schizophrenia;2540 controls,mixed; moderators assessed,mixed duration,Table 1; Supplementary Table S1; moderator results,Bilateral mean volumes. Large cross-study heterogeneity; hemisphere-specific effect not inferred.
S01_Thalamus,S01,Thalamus,bilateral,diagnostic group,"FreeSurfer subcortical volume adjusted for age, sex and ICV",lower,Cohen_d,-0.31,-0.44,-0.18,p=1.31e-6;I2=74%;Bonferroni alpha=.0056,2028 schizophrenia;2540 controls,mixed; moderators assessed,mixed duration,Table 1; Supplementary Table S1; moderator results,Bilateral mean volumes. Large cross-study heterogeneity; hemisphere-specific effect not inferred.
S01_Accumbens,S01,Accumbens,bilateral,diagnostic group,"FreeSurfer subcortical volume adjusted for age, sex and ICV",lower,Cohen_d,-0.25,-0.36,-0.14,p=1.54e-5;I2=68%;Bonferroni alpha=.0056,2028 schizophrenia;2540 controls,mixed; moderators assessed,mixed duration,Table 1; Supplementary Table S1; moderator results,Bilateral mean volumes. Large cross-study heterogeneity; hemisphere-specific effect not inferred.
S01_Caudate,S01,Caudate,bilateral,diagnostic group,"FreeSurfer subcortical volume adjusted for age, sex and ICV",no_detected_difference,Cohen_d,0.02,-0.12,0.16,p=.73;I2=79%;Bonferroni alpha=.0056,2028 schizophrenia;2540 controls,mixed; moderators assessed,mixed duration,Table 1; Supplementary Table S1; moderator results,Bilateral mean volumes. Large cross-study heterogeneity; hemisphere-specific effect not inferred.
S01_Putamen,S01,Putamen,bilateral,diagnostic group,"FreeSurfer subcortical volume adjusted for age, sex and ICV",no_detected_difference,Cohen_d,0.08,-0.09,0.25,p=.36;I2=86%;Bonferroni alpha=.0056,2028 schizophrenia;2540 controls,mixed; moderators assessed,mixed duration,Table 1; Supplementary Table S1; moderator results,Bilateral mean volumes. Large cross-study heterogeneity; hemisphere-specific effect not inferred.
S01_Pallidum,S01,Pallidum,bilateral,diagnostic group,"FreeSurfer subcortical volume adjusted for age, sex and ICV",nominal_higher_not_Bonferroni_significant,Cohen_d,0.21,0.04,0.39,p=.02;I2=87%;Bonferroni alpha=.0056,2028 schizophrenia;2540 controls,mixed; moderators assessed,mixed duration,Table 1; Supplementary Table S1; moderator results,Bilateral mean volumes. Large cross-study heterogeneity; hemisphere-specific effect not inferred.
S06_Frontal_GM,S06,Frontal_GM,bilateral,medicated,MRI regional volumes; heterogeneous segmentation; bilateral combined,lower,Cohen_d,-0.49,-0.64,-0.34,,"medicated:8327 schizophrenia/8292 controls,347 samples;naive:771/939,35 samples",medicated and never-medicated separated,medicated mean duration 10.0 years;naive 3.1 years,"Table2, original pooled estimate; not trim-and-fill column",Bilateral source region; not an AAL3 parcel effect.
S06_Superior_Frontal,S06,Superior_Frontal,bilateral,medicated,MRI regional volumes; heterogeneous segmentation; bilateral combined,lower,Cohen_d,-0.29,-0.43,-0.16,,"medicated:8327 schizophrenia/8292 controls,347 samples;naive:771/939,35 samples",medicated and never-medicated separated,medicated mean duration 10.0 years;naive 3.1 years,"Table2, original pooled estimate; not trim-and-fill column",Bilateral source region; not an AAL3 parcel effect.
S06_Middle_Frontal,S06,Middle_Frontal,bilateral,medicated,MRI regional volumes; heterogeneous segmentation; bilateral combined,lower,Cohen_d,-0.32,-0.48,-0.17,,"medicated:8327 schizophrenia/8292 controls,347 samples;naive:771/939,35 samples",medicated and never-medicated separated,medicated mean duration 10.0 years;naive 3.1 years,"Table2, original pooled estimate; not trim-and-fill column",Bilateral source region; not an AAL3 parcel effect.
S06_Inferior_Frontal,S06,Inferior_Frontal,bilateral,medicated,MRI regional volumes; heterogeneous segmentation; bilateral combined,lower,Cohen_d,-0.41,-0.56,-0.25,,"medicated:8327 schizophrenia/8292 controls,347 samples;naive:771/939,35 samples",medicated and never-medicated separated,medicated mean duration 10.0 years;naive 3.1 years,"Table2, original pooled estimate; not trim-and-fill column",Bilateral source region; not an AAL3 parcel effect.
S06_Orbitofrontal,S06,Orbitofrontal,bilateral,medicated,MRI regional volumes; heterogeneous segmentation; bilateral combined,lower,Cohen_d,-0.21,-0.37,-0.05,,"medicated:8327 schizophrenia/8292 controls,347 samples;naive:771/939,35 samples",medicated and never-medicated separated,medicated mean duration 10.0 years;naive 3.1 years,"Table2, original pooled estimate; not trim-and-fill column",Bilateral source region; not an AAL3 parcel effect.
S06_ACC,S06,ACC,bilateral,medicated,MRI regional volumes; heterogeneous segmentation; bilateral combined,lower,Cohen_d,-0.34,-0.46,-0.22,,"medicated:8327 schizophrenia/8292 controls,347 samples;naive:771/939,35 samples",medicated and never-medicated separated,medicated mean duration 10.0 years;naive 3.1 years,"Table2, original pooled estimate; not trim-and-fill column",Bilateral source region; not an AAL3 parcel effect.
S06_Posterior_Cingulate,S06,Posterior_Cingulate,bilateral,medicated,MRI regional volumes; heterogeneous segmentation; bilateral combined,lower,Cohen_d,-0.32,-0.56,-0.09,,"medicated:8327 schizophrenia/8292 controls,347 samples;naive:771/939,35 samples",medicated and never-medicated separated,medicated mean duration 10.0 years;naive 3.1 years,"Table2, original pooled estimate; not trim-and-fill column",Bilateral source region; not an AAL3 parcel effect.
S06_Temporal_GM,S06,Temporal_GM,bilateral,medicated,MRI regional volumes; heterogeneous segmentation; bilateral combined,lower,Cohen_d,-0.43,-0.6,-0.26,,"medicated:8327 schizophrenia/8292 controls,347 samples;naive:771/939,35 samples",medicated and never-medicated separated,medicated mean duration 10.0 years;naive 3.1 years,"Table2, original pooled estimate; not trim-and-fill column",Bilateral source region; not an AAL3 parcel effect.
S06_Hippocampus,S06,Hippocampus,bilateral,medicated,MRI regional volumes; heterogeneous segmentation; bilateral combined,lower,Cohen_d,-0.52,-0.6,-0.44,,"medicated:8327 schizophrenia/8292 controls,347 samples;naive:771/939,35 samples",medicated and never-medicated separated,medicated mean duration 10.0 years;naive 3.1 years,"Table2, original pooled estimate; not trim-and-fill column",Bilateral source region; not an AAL3 parcel effect.
S06_Amygdala,S06,Amygdala,bilateral,medicated,MRI regional volumes; heterogeneous segmentation; bilateral combined,lower,Cohen_d,-0.31,-0.43,-0.19,,"medicated:8327 schizophrenia/8292 controls,347 samples;naive:771/939,35 samples",medicated and never-medicated separated,medicated mean duration 10.0 years;naive 3.1 years,"Table2, original pooled estimate; not trim-and-fill column",Bilateral source region; not an AAL3 parcel effect.
S06_Parahippocampal,S06,Parahippocampal,bilateral,medicated,MRI regional volumes; heterogeneous segmentation; bilateral combined,lower,Cohen_d,-0.24,-0.39,-0.09,,"medicated:8327 schizophrenia/8292 controls,347 samples;naive:771/939,35 samples",medicated and never-medicated separated,medicated mean duration 10.0 years;naive 3.1 years,"Table2, original pooled estimate; not trim-and-fill column","Bilateral source region; not an AAL3 parcel effect. Trim-and-fill estimate -.13, CI[-.30,.04] includes zero."
S06_Fusiform,S06,Fusiform,bilateral,medicated,MRI regional volumes; heterogeneous segmentation; bilateral combined,lower,Cohen_d,-0.52,-0.76,-0.29,,"medicated:8327 schizophrenia/8292 controls,347 samples;naive:771/939,35 samples",medicated and never-medicated separated,medicated mean duration 10.0 years;naive 3.1 years,"Table2, original pooled estimate; not trim-and-fill column",Bilateral source region; not an AAL3 parcel effect.
S06_Superior_Temporal_GM,S06,Superior_Temporal_GM,bilateral,medicated,MRI regional volumes; heterogeneous segmentation; bilateral combined,lower,Cohen_d,-0.58,-0.75,-0.41,,"medicated:8327 schizophrenia/8292 controls,347 samples;naive:771/939,35 samples",medicated and never-medicated separated,medicated mean duration 10.0 years;naive 3.1 years,"Table2, original pooled estimate; not trim-and-fill column",Bilateral source region; not an AAL3 parcel effect.
S06_Heschl,S06,Heschl,bilateral,medicated,MRI regional volumes; heterogeneous segmentation; bilateral combined,lower,Cohen_d,-0.29,-0.5,-0.09,,"medicated:8327 schizophrenia/8292 controls,347 samples;naive:771/939,35 samples",medicated and never-medicated separated,medicated mean duration 10.0 years;naive 3.1 years,"Table2, original pooled estimate; not trim-and-fill column",Bilateral source region; not an AAL3 parcel effect.
S06_Insula,S06,Insula,bilateral,medicated,MRI regional volumes; heterogeneous segmentation; bilateral combined,lower,Cohen_d,-0.44,-0.67,-0.2,,"medicated:8327 schizophrenia/8292 controls,347 samples;naive:771/939,35 samples",medicated and never-medicated separated,medicated mean duration 10.0 years;naive 3.1 years,"Table2, original pooled estimate; not trim-and-fill column",Bilateral source region; not an AAL3 parcel effect.
S06_Parietal_GM,S06,Parietal_GM,bilateral,medicated,MRI regional volumes; heterogeneous segmentation; bilateral combined,lower,Cohen_d,-0.31,-0.54,-0.08,,"medicated:8327 schizophrenia/8292 controls,347 samples;naive:771/939,35 samples",medicated and never-medicated separated,medicated mean duration 10.0 years;naive 3.1 years,"Table2, original pooled estimate; not trim-and-fill column","Bilateral source region; not an AAL3 parcel effect. Trim-and-fill estimate -.20, CI[-.46,.06] includes zero."
S06_Occipital_GM,S06,Occipital_GM,bilateral,medicated,MRI regional volumes; heterogeneous segmentation; bilateral combined,lower,Cohen_d,-0.22,-0.37,-0.07,,"medicated:8327 schizophrenia/8292 controls,347 samples;naive:771/939,35 samples",medicated and never-medicated separated,medicated mean duration 10.0 years;naive 3.1 years,"Table2, original pooled estimate; not trim-and-fill column",Bilateral source region; not an AAL3 parcel effect.
S06_Caudate,S06,Caudate,bilateral,medicated,MRI regional volumes; heterogeneous segmentation; bilateral combined,no_detected_difference,Cohen_d,-0.03,-0.14,0.07,,"medicated:8327 schizophrenia/8292 controls,347 samples;naive:771/939,35 samples",medicated and never-medicated separated,medicated mean duration 10.0 years;naive 3.1 years,"Table2, original pooled estimate; not trim-and-fill column",Bilateral source region; not an AAL3 parcel effect.
S06_Putamen,S06,Putamen,bilateral,medicated,MRI regional volumes; heterogeneous segmentation; bilateral combined,no_detected_difference,Cohen_d,0.1,-0.07,0.26,,"medicated:8327 schizophrenia/8292 controls,347 samples;naive:771/939,35 samples",medicated and never-medicated separated,medicated mean duration 10.0 years;naive 3.1 years,"Table2, original pooled estimate; not trim-and-fill column",Bilateral source region; not an AAL3 parcel effect.
S06_Pallidum,S06,Pallidum,bilateral,medicated,MRI regional volumes; heterogeneous segmentation; bilateral combined,higher,Cohen_d,0.26,0.02,0.5,,"medicated:8327 schizophrenia/8292 controls,347 samples;naive:771/939,35 samples",medicated and never-medicated separated,medicated mean duration 10.0 years;naive 3.1 years,"Table2, original pooled estimate; not trim-and-fill column",Bilateral source region; not an AAL3 parcel effect.
S06_Accumbens,S06,Accumbens,bilateral,medicated,MRI regional volumes; heterogeneous segmentation; bilateral combined,lower,Cohen_d,-0.29,-0.53,-0.05,,"medicated:8327 schizophrenia/8292 controls,347 samples;naive:771/939,35 samples",medicated and never-medicated separated,medicated mean duration 10.0 years;naive 3.1 years,"Table2, original pooled estimate; not trim-and-fill column",Bilateral source region; not an AAL3 parcel effect.
S06_naive_Thalamus,S06,Thalamus,bilateral,never exposed to antipsychotics,MRI regional volumes; heterogeneous segmentation; bilateral combined,lower,Cohen_d,-0.68,-1.08,-0.28,,"medicated:8327 schizophrenia/8292 controls,347 samples;naive:771/939,35 samples",medicated and never-medicated separated,medicated mean duration 10.0 years;naive 3.1 years,Table3,
S06_naive_Caudate,S06,Caudate,bilateral,never exposed to antipsychotics,MRI regional volumes; heterogeneous segmentation; bilateral combined,lower,Cohen_d,-0.38,-0.54,-0.23,,"medicated:8327 schizophrenia/8292 controls,347 samples;naive:771/939,35 samples",medicated and never-medicated separated,medicated mean duration 10.0 years;naive 3.1 years,Table3,
S06_naive_Hippocampus,S06,Hippocampus,bilateral,never exposed to antipsychotics,MRI regional volumes; heterogeneous segmentation; bilateral combined,lower,Cohen_d,-0.43,-0.63,-0.24,,"medicated:8327 schizophrenia/8292 controls,347 samples;naive:771/939,35 samples",medicated and never-medicated separated,medicated mean duration 10.0 years;naive 3.1 years,Table3,
S02_Precentral_thickness,S02,precentral,bilateral,diagnostic group,FreeSurfer Desikan-Killiany cortical thickness and surface area,lower,thickness_qualitative,,,,,4474 schizophrenia;5098 controls,mixed; none/FGA/SGA/both analyzed separately,mixed; onset/duration moderators,Main Results cortical thickness; S4/S5,"Model A: age/sex adjusted, without global thickness or area adjustment. Qualitative main-text all-region result; no unextracted parcel d imputed."
S02_Precentral_surface_area,S02,precentral,bilateral,diagnostic group,FreeSurfer Desikan-Killiany cortical thickness and surface area,lower,surface_area_qualitative,,,,,4474 schizophrenia;5098 controls,mixed; none/FGA/SGA/both analyzed separately,mixed; onset/duration moderators,Main Results cortical surface_area; S4/S5,"Model A: age/sex adjusted, without global thickness or area adjustment. Qualitative main-text all-region result; no unextracted parcel d imputed."
S02_Frontal_Sup_2_thickness,S02,superiorfrontal,bilateral,diagnostic group,FreeSurfer Desikan-Killiany cortical thickness and surface area,lower,thickness_qualitative,,,,,4474 schizophrenia;5098 controls,mixed; none/FGA/SGA/both analyzed separately,mixed; onset/duration moderators,Main Results cortical thickness; S4/S5,"Model A: age/sex adjusted, without global thickness or area adjustment. Qualitative main-text all-region result; no unextracted parcel d imputed."
S02_Frontal_Sup_2_surface_area,S02,superiorfrontal,bilateral,diagnostic group,FreeSurfer Desikan-Killiany cortical thickness and surface area,lower,surface_area_qualitative,,,,,4474 schizophrenia;5098 controls,mixed; none/FGA/SGA/both analyzed separately,mixed; onset/duration moderators,Main Results cortical surface_area; S4/S5,"Model A: age/sex adjusted, without global thickness or area adjustment. Qualitative main-text all-region result; no unextracted parcel d imputed."
S02_Frontal_Mid_2_thickness,S02,caudalmiddlefrontal/rostralmiddlefrontal,bilateral,diagnostic group,FreeSurfer Desikan-Killiany cortical thickness and surface area,lower,thickness_qualitative,,,,,4474 schizophrenia;5098 controls,mixed; none/FGA/SGA/both analyzed separately,mixed; onset/duration moderators,Main Results cortical thickness; S4/S5,"Model A: age/sex adjusted, without global thickness or area adjustment. Qualitative main-text all-region result; no unextracted parcel d imputed."
S02_Frontal_Mid_2_surface_area,S02,caudalmiddlefrontal/rostralmiddlefrontal,bilateral,diagnostic group,FreeSurfer Desikan-Killiany cortical thickness and surface area,lower,surface_area_qualitative,,,,,4474 schizophrenia;5098 controls,mixed; none/FGA/SGA/both analyzed separately,mixed; onset/duration moderators,Main Results cortical surface_area; S4/S5,"Model A: age/sex adjusted, without global thickness or area adjustment. Qualitative main-text all-region result; no unextracted parcel d imputed."
S02_Frontal_Inf_Oper_thickness,S02,parsopercularis,bilateral,diagnostic group,FreeSurfer Desikan-Killiany cortical thickness and surface area,lower,thickness_qualitative,,,,,4474 schizophrenia;5098 controls,mixed; none/FGA/SGA/both analyzed separately,mixed; onset/duration moderators,Main Results cortical thickness; S4/S5,"Model A: age/sex adjusted, without global thickness or area adjustment. Qualitative main-text all-region result; no unextracted parcel d imputed."
S02_Frontal_Inf_Oper_surface_area,S02,parsopercularis,bilateral,diagnostic group,FreeSurfer Desikan-Killiany cortical thickness and surface area,lower,surface_area_qualitative,,,,,4474 schizophrenia;5098 controls,mixed; none/FGA/SGA/both analyzed separately,mixed; onset/duration moderators,Main Results cortical surface_area; S4/S5,"Model A: age/sex adjusted, without global thickness or area adjustment. Qualitative main-text all-region result; no unextracted parcel d imputed."
S02_Frontal_Inf_Tri_thickness,S02,parstriangularis,bilateral,diagnostic group,FreeSurfer Desikan-Killiany cortical thickness and surface area,lower,thickness_qualitative,,,,,4474 schizophrenia;5098 controls,mixed; none/FGA/SGA/both analyzed separately,mixed; onset/duration moderators,Main Results cortical thickness; S4/S5,"Model A: age/sex adjusted, without global thickness or area adjustment. Qualitative main-text all-region result; no unextracted parcel d imputed."
S02_Frontal_Inf_Tri_surface_area,S02,parstriangularis,bilateral,diagnostic group,FreeSurfer Desikan-Killiany cortical thickness and surface area,lower,surface_area_qualitative,,,,,4474 schizophrenia;5098 controls,mixed; none/FGA/SGA/both analyzed separately,mixed; onset/duration moderators,Main Results cortical surface_area; S4/S5,"Model A: age/sex adjusted, without global thickness or area adjustment. Qualitative main-text all-region result; no unextracted parcel d imputed."
S02_Frontal_Inf_Orb_2_thickness,S02,parsorbitalis,bilateral,diagnostic group,FreeSurfer Desikan-Killiany cortical thickness and surface area,lower,thickness_qualitative,,,,,4474 schizophrenia;5098 controls,mixed; none/FGA/SGA/both analyzed separately,mixed; onset/duration moderators,Main Results cortical thickness; S4/S5,"Model A: age/sex adjusted, without global thickness or area adjustment. Qualitative main-text all-region result; no unextracted parcel d imputed."
S02_Frontal_Inf_Orb_2_surface_area,S02,parsorbitalis,bilateral,diagnostic group,FreeSurfer Desikan-Killiany cortical thickness and surface area,lower,surface_area_qualitative,,,,,4474 schizophrenia;5098 controls,mixed; none/FGA/SGA/both analyzed separately,mixed; onset/duration moderators,Main Results cortical surface_area; S4/S5,"Model A: age/sex adjusted, without global thickness or area adjustment. Qualitative main-text all-region result; no unextracted parcel d imputed."
S02_Supp_Motor_Area_thickness,S02,superiorfrontal/precentral,bilateral,diagnostic group,FreeSurfer Desikan-Killiany cortical thickness and surface area,lower,thickness_qualitative,,,,,4474 schizophrenia;5098 controls,mixed; none/FGA/SGA/both analyzed separately,mixed; onset/duration moderators,Main Results cortical thickness; S4/S5,"Model A: age/sex adjusted, without global thickness or area adjustment. Qualitative main-text all-region result; no unextracted parcel d imputed."
S02_Supp_Motor_Area_surface_area,S02,superiorfrontal/precentral,bilateral,diagnostic group,FreeSurfer Desikan-Killiany cortical thickness and surface area,lower,surface_area_qualitative,,,,,4474 schizophrenia;5098 controls,mixed; none/FGA/SGA/both analyzed separately,mixed; onset/duration moderators,Main Results cortical surface_area; S4/S5,"Model A: age/sex adjusted, without global thickness or area adjustment. Qualitative main-text all-region result; no unextracted parcel d imputed."
S02_Frontal_Sup_Medial_thickness,S02,superiorfrontal,bilateral,diagnostic group,FreeSurfer Desikan-Killiany cortical thickness and surface area,lower,thickness_qualitative,,,,,4474 schizophrenia;5098 controls,mixed; none/FGA/SGA/both analyzed separately,mixed; onset/duration moderators,Main Results cortical thickness; S4/S5,"Model A: age/sex adjusted, without global thickness or area adjustment. Qualitative main-text all-region result; no unextracted parcel d imputed."
S02_Frontal_Sup_Medial_surface_area,S02,superiorfrontal,bilateral,diagnostic group,FreeSurfer Desikan-Killiany cortical thickness and surface area,lower,surface_area_qualitative,,,,,4474 schizophrenia;5098 controls,mixed; none/FGA/SGA/both analyzed separately,mixed; onset/duration moderators,Main Results cortical surface_area; S4/S5,"Model A: age/sex adjusted, without global thickness or area adjustment. Qualitative main-text all-region result; no unextracted parcel d imputed."
S02_Frontal_Med_Orb_thickness,S02,medialorbitofrontal,bilateral,diagnostic group,FreeSurfer Desikan-Killiany cortical thickness and surface area,lower,thickness_qualitative,,,,,4474 schizophrenia;5098 controls,mixed; none/FGA/SGA/both analyzed separately,mixed; onset/duration moderators,Main Results cortical thickness; S4/S5,"Model A: age/sex adjusted, without global thickness or area adjustment. Qualitative main-text all-region result; no unextracted parcel d imputed."
S02_Frontal_Med_Orb_surface_area,S02,medialorbitofrontal,bilateral,diagnostic group,FreeSurfer Desikan-Killiany cortical thickness and surface area,lower,surface_area_qualitative,,,,,4474 schizophrenia;5098 controls,mixed; none/FGA/SGA/both analyzed separately,mixed; onset/duration moderators,Main Results cortical surface_area; S4/S5,"Model A: age/sex adjusted, without global thickness or area adjustment. Qualitative main-text all-region result; no unextracted parcel d imputed."
S02_Rectus_thickness,S02,medialorbitofrontal,bilateral,diagnostic group,FreeSurfer Desikan-Killiany cortical thickness and surface area,lower,thickness_qualitative,,,,,4474 schizophrenia;5098 controls,mixed; none/FGA/SGA/both analyzed separately,mixed; onset/duration moderators,Main Results cortical thickness; S4/S5,"Model A: age/sex adjusted, without global thickness or area adjustment. Qualitative main-text all-region result; no unextracted parcel d imputed."
S02_Rectus_surface_area,S02,medialorbitofrontal,bilateral,diagnostic group,FreeSurfer Desikan-Killiany cortical thickness and surface area,lower,surface_area_qualitative,,,,,4474 schizophrenia;5098 controls,mixed; none/FGA/SGA/both analyzed separately,mixed; onset/duration moderators,Main Results cortical surface_area; S4/S5,"Model A: age/sex adjusted, without global thickness or area adjustment. Qualitative main-text all-region result; no unextracted parcel d imputed."
S02_OFCmed_thickness,S02,medialorbitofrontal,bilateral,diagnostic group,FreeSurfer Desikan-Killiany cortical thickness and surface area,lower,thickness_qualitative,,,,,4474 schizophrenia;5098 controls,mixed; none/FGA/SGA/both analyzed separately,mixed; onset/duration moderators,Main Results cortical thickness; S4/S5,"Model A: age/sex adjusted, without global thickness or area adjustment. Qualitative main-text all-region result; no unextracted parcel d imputed."
S02_OFCmed_surface_area,S02,medialorbitofrontal,bilateral,diagnostic group,FreeSurfer Desikan-Killiany cortical thickness and surface area,lower,surface_area_qualitative,,,,,4474 schizophrenia;5098 controls,mixed; none/FGA/SGA/both analyzed separately,mixed; onset/duration moderators,Main Results cortical surface_area; S4/S5,"Model A: age/sex adjusted, without global thickness or area adjustment. Qualitative main-text all-region result; no unextracted parcel d imputed."
S02_OFCant_thickness,S02,medialorbitofrontal/lateralorbitofrontal,bilateral,diagnostic group,FreeSurfer Desikan-Killiany cortical thickness and surface area,lower,thickness_qualitative,,,,,4474 schizophrenia;5098 controls,mixed; none/FGA/SGA/both analyzed separately,mixed; onset/duration moderators,Main Results cortical thickness; S4/S5,"Model A: age/sex adjusted, without global thickness or area adjustment. Qualitative main-text all-region result; no unextracted parcel d imputed."
S02_OFCant_surface_area,S02,medialorbitofrontal/lateralorbitofrontal,bilateral,diagnostic group,FreeSurfer Desikan-Killiany cortical thickness and surface area,lower,surface_area_qualitative,,,,,4474 schizophrenia;5098 controls,mixed; none/FGA/SGA/both analyzed separately,mixed; onset/duration moderators,Main Results cortical surface_area; S4/S5,"Model A: age/sex adjusted, without global thickness or area adjustment. Qualitative main-text all-region result; no unextracted parcel d imputed."
S02_OFCpost_thickness,S02,medialorbitofrontal/lateralorbitofrontal,bilateral,diagnostic group,FreeSurfer Desikan-Killiany cortical thickness and surface area,lower,thickness_qualitative,,,,,4474 schizophrenia;5098 controls,mixed; none/FGA/SGA/both analyzed separately,mixed; onset/duration moderators,Main Results cortical thickness; S4/S5,"Model A: age/sex adjusted, without global thickness or area adjustment. Qualitative main-text all-region result; no unextracted parcel d imputed."
S02_OFCpost_surface_area,S02,medialorbitofrontal/lateralorbitofrontal,bilateral,diagnostic group,FreeSurfer Desikan-Killiany cortical thickness and surface area,lower,surface_area_qualitative,,,,,4474 schizophrenia;5098 controls,mixed; none/FGA/SGA/both analyzed separately,mixed; onset/duration moderators,Main Results cortical surface_area; S4/S5,"Model A: age/sex adjusted, without global thickness or area adjustment. Qualitative main-text all-region result; no unextracted parcel d imputed."
S02_OFClat_thickness,S02,lateralorbitofrontal,bilateral,diagnostic group,FreeSurfer Desikan-Killiany cortical thickness and surface area,lower,thickness_qualitative,,,,,4474 schizophrenia;5098 controls,mixed; none/FGA/SGA/both analyzed separately,mixed; onset/duration moderators,Main Results cortical thickness; S4/S5,"Model A: age/sex adjusted, without global thickness or area adjustment. Qualitative main-text all-region result; no unextracted parcel d imputed."
S02_OFClat_surface_area,S02,lateralorbitofrontal,bilateral,diagnostic group,FreeSurfer Desikan-Killiany cortical thickness and surface area,lower,surface_area_qualitative,,,,,4474 schizophrenia;5098 controls,mixed; none/FGA/SGA/both analyzed separately,mixed; onset/duration moderators,Main Results cortical surface_area; S4/S5,"Model A: age/sex adjusted, without global thickness or area adjustment. Qualitative main-text all-region result; no unextracted parcel d imputed."
S02_Insula_thickness,S02,insula,bilateral,diagnostic group,FreeSurfer Desikan-Killiany cortical thickness and surface area,lower,thickness_qualitative,,,,,4474 schizophrenia;5098 controls,mixed; none/FGA/SGA/both analyzed separately,mixed; onset/duration moderators,Main Results cortical thickness; S4/S5,"Model A: age/sex adjusted, without global thickness or area adjustment. Qualitative main-text all-region result; no unextracted parcel d imputed."
S02_Insula_surface_area,S02,insula,bilateral,diagnostic group,FreeSurfer Desikan-Killiany cortical thickness and surface area,lower,surface_area_qualitative,,,,,4474 schizophrenia;5098 controls,mixed; none/FGA/SGA/both analyzed separately,mixed; onset/duration moderators,Main Results cortical surface_area; S4/S5,"Model A: age/sex adjusted, without global thickness or area adjustment. Qualitative main-text all-region result; no unextracted parcel d imputed."
S02_Cingulate_Mid_thickness,S02,caudalanteriorcingulate/posteriorcingulate,bilateral,diagnostic group,FreeSurfer Desikan-Killiany cortical thickness and surface area,lower,thickness_qualitative,,,,,4474 schizophrenia;5098 controls,mixed; none/FGA/SGA/both analyzed separately,mixed; onset/duration moderators,Main Results cortical thickness; S4/S5,"Model A: age/sex adjusted, without global thickness or area adjustment. Qualitative main-text all-region result; no unextracted parcel d imputed."
S02_Cingulate_Mid_surface_area,S02,caudalanteriorcingulate/posteriorcingulate,bilateral,diagnostic group,FreeSurfer Desikan-Killiany cortical thickness and surface area,lower,surface_area_qualitative,,,,,4474 schizophrenia;5098 controls,mixed; none/FGA/SGA/both analyzed separately,mixed; onset/duration moderators,Main Results cortical surface_area; S4/S5,"Model A: age/sex adjusted, without global thickness or area adjustment. Qualitative main-text all-region result; no unextracted parcel d imputed."
S02_Cingulate_Post_thickness,S02,posteriorcingulate/isthmuscingulate,bilateral,diagnostic group,FreeSurfer Desikan-Killiany cortical thickness and surface area,lower,thickness_qualitative,,,,,4474 schizophrenia;5098 controls,mixed; none/FGA/SGA/both analyzed separately,mixed; onset/duration moderators,Main Results cortical thickness; S4/S5,"Model A: age/sex adjusted, without global thickness or area adjustment. Qualitative main-text all-region result; no unextracted parcel d imputed."
S02_Cingulate_Post_surface_area,S02,posteriorcingulate/isthmuscingulate,bilateral,diagnostic group,FreeSurfer Desikan-Killiany cortical thickness and surface area,lower,surface_area_qualitative,,,,,4474 schizophrenia;5098 controls,mixed; none/FGA/SGA/both analyzed separately,mixed; onset/duration moderators,Main Results cortical surface_area; S4/S5,"Model A: age/sex adjusted, without global thickness or area adjustment. Qualitative main-text all-region result; no unextracted parcel d imputed. Isthmus cingulate exception: no detected area reduction; posterior-cingulate and isthmus cannot be collapsed into one exact AAL3 effect."
S02_ParaHippocampal_thickness,S02,parahippocampal/entorhinal,bilateral,diagnostic group,FreeSurfer Desikan-Killiany cortical thickness and surface area,lower,thickness_qualitative,,,,,4474 schizophrenia;5098 controls,mixed; none/FGA/SGA/both analyzed separately,mixed; onset/duration moderators,Main Results cortical thickness; S4/S5,"Model A: age/sex adjusted, without global thickness or area adjustment. Qualitative main-text all-region result; no unextracted parcel d imputed."
S02_ParaHippocampal_surface_area,S02,parahippocampal/entorhinal,bilateral,diagnostic group,FreeSurfer Desikan-Killiany cortical thickness and surface area,lower,surface_area_qualitative,,,,,4474 schizophrenia;5098 controls,mixed; none/FGA/SGA/both analyzed separately,mixed; onset/duration moderators,Main Results cortical surface_area; S4/S5,"Model A: age/sex adjusted, without global thickness or area adjustment. Qualitative main-text all-region result; no unextracted parcel d imputed."
S02_Calcarine_thickness,S02,pericalcarine,bilateral,diagnostic group,FreeSurfer Desikan-Killiany cortical thickness and surface area,no_detected_difference,thickness_qualitative,,,,,4474 schizophrenia;5098 controls,mixed; none/FGA/SGA/both analyzed separately,mixed; onset/duration moderators,Main Results cortical thickness; S4/S5,"Model A: age/sex adjusted, without global thickness or area adjustment. Qualitative main-text all-region result; no unextracted parcel d imputed."
S02_Calcarine_surface_area,S02,pericalcarine,bilateral,diagnostic group,FreeSurfer Desikan-Killiany cortical thickness and surface area,lower,surface_area_qualitative,,,,,4474 schizophrenia;5098 controls,mixed; none/FGA/SGA/both analyzed separately,mixed; onset/duration moderators,Main Results cortical surface_area; S4/S5,"Model A: age/sex adjusted, without global thickness or area adjustment. Qualitative main-text all-region result; no unextracted parcel d imputed."
S02_Cuneus_thickness,S02,cuneus,bilateral,diagnostic group,FreeSurfer Desikan-Killiany cortical thickness and surface area,lower,thickness_qualitative,,,,,4474 schizophrenia;5098 controls,mixed; none/FGA/SGA/both analyzed separately,mixed; onset/duration moderators,Main Results cortical thickness; S4/S5,"Model A: age/sex adjusted, without global thickness or area adjustment. Qualitative main-text all-region result; no unextracted parcel d imputed."
S02_Cuneus_surface_area,S02,cuneus,bilateral,diagnostic group,FreeSurfer Desikan-Killiany cortical thickness and surface area,lower,surface_area_qualitative,,,,,4474 schizophrenia;5098 controls,mixed; none/FGA/SGA/both analyzed separately,mixed; onset/duration moderators,Main Results cortical surface_area; S4/S5,"Model A: age/sex adjusted, without global thickness or area adjustment. Qualitative main-text all-region result; no unextracted parcel d imputed."
S02_Lingual_thickness,S02,lingual,bilateral,diagnostic group,FreeSurfer Desikan-Killiany cortical thickness and surface area,lower,thickness_qualitative,,,,,4474 schizophrenia;5098 controls,mixed; none/FGA/SGA/both analyzed separately,mixed; onset/duration moderators,Main Results cortical thickness; S4/S5,"Model A: age/sex adjusted, without global thickness or area adjustment. Qualitative main-text all-region result; no unextracted parcel d imputed."
S02_Lingual_surface_area,S02,lingual,bilateral,diagnostic group,FreeSurfer Desikan-Killiany cortical thickness and surface area,lower,surface_area_qualitative,,,,,4474 schizophrenia;5098 controls,mixed; none/FGA/SGA/both analyzed separately,mixed; onset/duration moderators,Main Results cortical surface_area; S4/S5,"Model A: age/sex adjusted, without global thickness or area adjustment. Qualitative main-text all-region result; no unextracted parcel d imputed."
S02_Occipital_Sup_thickness,S02,lateraloccipital/cuneus,bilateral,diagnostic group,FreeSurfer Desikan-Killiany cortical thickness and surface area,lower,thickness_qualitative,,,,,4474 schizophrenia;5098 controls,mixed; none/FGA/SGA/both analyzed separately,mixed; onset/duration moderators,Main Results cortical thickness; S4/S5,"Model A: age/sex adjusted, without global thickness or area adjustment. Qualitative main-text all-region result; no unextracted parcel d imputed."
S02_Occipital_Sup_surface_area,S02,lateraloccipital/cuneus,bilateral,diagnostic group,FreeSurfer Desikan-Killiany cortical thickness and surface area,lower,surface_area_qualitative,,,,,4474 schizophrenia;5098 controls,mixed; none/FGA/SGA/both analyzed separately,mixed; onset/duration moderators,Main Results cortical surface_area; S4/S5,"Model A: age/sex adjusted, without global thickness or area adjustment. Qualitative main-text all-region result; no unextracted parcel d imputed."
S02_Occipital_Mid_thickness,S02,lateraloccipital,bilateral,diagnostic group,FreeSurfer Desikan-Killiany cortical thickness and surface area,lower,thickness_qualitative,,,,,4474 schizophrenia;5098 controls,mixed; none/FGA/SGA/both analyzed separately,mixed; onset/duration moderators,Main Results cortical thickness; S4/S5,"Model A: age/sex adjusted, without global thickness or area adjustment. Qualitative main-text all-region result; no unextracted parcel d imputed."
S02_Occipital_Mid_surface_area,S02,lateraloccipital,bilateral,diagnostic group,FreeSurfer Desikan-Killiany cortical thickness and surface area,lower,surface_area_qualitative,,,,,4474 schizophrenia;5098 controls,mixed; none/FGA/SGA/both analyzed separately,mixed; onset/duration moderators,Main Results cortical surface_area; S4/S5,"Model A: age/sex adjusted, without global thickness or area adjustment. Qualitative main-text all-region result; no unextracted parcel d imputed."
S02_Occipital_Inf_thickness,S02,lateraloccipital,bilateral,diagnostic group,FreeSurfer Desikan-Killiany cortical thickness and surface area,lower,thickness_qualitative,,,,,4474 schizophrenia;5098 controls,mixed; none/FGA/SGA/both analyzed separately,mixed; onset/duration moderators,Main Results cortical thickness; S4/S5,"Model A: age/sex adjusted, without global thickness or area adjustment. Qualitative main-text all-region result; no unextracted parcel d imputed."
S02_Occipital_Inf_surface_area,S02,lateraloccipital,bilateral,diagnostic group,FreeSurfer Desikan-Killiany cortical thickness and surface area,lower,surface_area_qualitative,,,,,4474 schizophrenia;5098 controls,mixed; none/FGA/SGA/both analyzed separately,mixed; onset/duration moderators,Main Results cortical surface_area; S4/S5,"Model A: age/sex adjusted, without global thickness or area adjustment. Qualitative main-text all-region result; no unextracted parcel d imputed."
S02_Fusiform_thickness,S02,fusiform,bilateral,diagnostic group,FreeSurfer Desikan-Killiany cortical thickness and surface area,lower,thickness_qualitative,,,,,4474 schizophrenia;5098 controls,mixed; none/FGA/SGA/both analyzed separately,mixed; onset/duration moderators,Main Results cortical thickness; S4/S5,"Model A: age/sex adjusted, without global thickness or area adjustment. Qualitative main-text all-region result; no unextracted parcel d imputed."
S02_Fusiform_surface_area,S02,fusiform,bilateral,diagnostic group,FreeSurfer Desikan-Killiany cortical thickness and surface area,lower,surface_area_qualitative,,,,,4474 schizophrenia;5098 controls,mixed; none/FGA/SGA/both analyzed separately,mixed; onset/duration moderators,Main Results cortical surface_area; S4/S5,"Model A: age/sex adjusted, without global thickness or area adjustment. Qualitative main-text all-region result; no unextracted parcel d imputed."
S02_Postcentral_thickness,S02,postcentral,bilateral,diagnostic group,FreeSurfer Desikan-Killiany cortical thickness and surface area,lower,thickness_qualitative,,,,,4474 schizophrenia;5098 controls,mixed; none/FGA/SGA/both analyzed separately,mixed; onset/duration moderators,Main Results cortical thickness; S4/S5,"Model A: age/sex adjusted, without global thickness or area adjustment. Qualitative main-text all-region result; no unextracted parcel d imputed."
S02_Postcentral_surface_area,S02,postcentral,bilateral,diagnostic group,FreeSurfer Desikan-Killiany cortical thickness and surface area,lower,surface_area_qualitative,,,,,4474 schizophrenia;5098 controls,mixed; none/FGA/SGA/both analyzed separately,mixed; onset/duration moderators,Main Results cortical surface_area; S4/S5,"Model A: age/sex adjusted, without global thickness or area adjustment. Qualitative main-text all-region result; no unextracted parcel d imputed."
S02_Parietal_Sup_thickness,S02,superiorparietal,bilateral,diagnostic group,FreeSurfer Desikan-Killiany cortical thickness and surface area,lower,thickness_qualitative,,,,,4474 schizophrenia;5098 controls,mixed; none/FGA/SGA/both analyzed separately,mixed; onset/duration moderators,Main Results cortical thickness; S4/S5,"Model A: age/sex adjusted, without global thickness or area adjustment. Qualitative main-text all-region result; no unextracted parcel d imputed."
S02_Parietal_Sup_surface_area,S02,superiorparietal,bilateral,diagnostic group,FreeSurfer Desikan-Killiany cortical thickness and surface area,lower,surface_area_qualitative,,,,,4474 schizophrenia;5098 controls,mixed; none/FGA/SGA/both analyzed separately,mixed; onset/duration moderators,Main Results cortical surface_area; S4/S5,"Model A: age/sex adjusted, without global thickness or area adjustment. Qualitative main-text all-region result; no unextracted parcel d imputed."
S02_Parietal_Inf_thickness,S02,inferiorparietal,bilateral,diagnostic group,FreeSurfer Desikan-Killiany cortical thickness and surface area,lower,thickness_qualitative,,,,,4474 schizophrenia;5098 controls,mixed; none/FGA/SGA/both analyzed separately,mixed; onset/duration moderators,Main Results cortical thickness; S4/S5,"Model A: age/sex adjusted, without global thickness or area adjustment. Qualitative main-text all-region result; no unextracted parcel d imputed."
S02_Parietal_Inf_surface_area,S02,inferiorparietal,bilateral,diagnostic group,FreeSurfer Desikan-Killiany cortical thickness and surface area,lower,surface_area_qualitative,,,,,4474 schizophrenia;5098 controls,mixed; none/FGA/SGA/both analyzed separately,mixed; onset/duration moderators,Main Results cortical surface_area; S4/S5,"Model A: age/sex adjusted, without global thickness or area adjustment. Qualitative main-text all-region result; no unextracted parcel d imputed."
S02_SupraMarginal_thickness,S02,supramarginal,bilateral,diagnostic group,FreeSurfer Desikan-Killiany cortical thickness and surface area,lower,thickness_qualitative,,,,,4474 schizophrenia;5098 controls,mixed; none/FGA/SGA/both analyzed separately,mixed; onset/duration moderators,Main Results cortical thickness; S4/S5,"Model A: age/sex adjusted, without global thickness or area adjustment. Qualitative main-text all-region result; no unextracted parcel d imputed."
S02_SupraMarginal_surface_area,S02,supramarginal,bilateral,diagnostic group,FreeSurfer Desikan-Killiany cortical thickness and surface area,lower,surface_area_qualitative,,,,,4474 schizophrenia;5098 controls,mixed; none/FGA/SGA/both analyzed separately,mixed; onset/duration moderators,Main Results cortical surface_area; S4/S5,"Model A: age/sex adjusted, without global thickness or area adjustment. Qualitative main-text all-region result; no unextracted parcel d imputed."
S02_Angular_thickness,S02,inferiorparietal,bilateral,diagnostic group,FreeSurfer Desikan-Killiany cortical thickness and surface area,lower,thickness_qualitative,,,,,4474 schizophrenia;5098 controls,mixed; none/FGA/SGA/both analyzed separately,mixed; onset/duration moderators,Main Results cortical thickness; S4/S5,"Model A: age/sex adjusted, without global thickness or area adjustment. Qualitative main-text all-region result; no unextracted parcel d imputed."
S02_Angular_surface_area,S02,inferiorparietal,bilateral,diagnostic group,FreeSurfer Desikan-Killiany cortical thickness and surface area,lower,surface_area_qualitative,,,,,4474 schizophrenia;5098 controls,mixed; none/FGA/SGA/both analyzed separately,mixed; onset/duration moderators,Main Results cortical surface_area; S4/S5,"Model A: age/sex adjusted, without global thickness or area adjustment. Qualitative main-text all-region result; no unextracted parcel d imputed."
S02_Precuneus_thickness,S02,precuneus,bilateral,diagnostic group,FreeSurfer Desikan-Killiany cortical thickness and surface area,lower,thickness_qualitative,,,,,4474 schizophrenia;5098 controls,mixed; none/FGA/SGA/both analyzed separately,mixed; onset/duration moderators,Main Results cortical thickness; S4/S5,"Model A: age/sex adjusted, without global thickness or area adjustment. Qualitative main-text all-region result; no unextracted parcel d imputed."
S02_Precuneus_surface_area,S02,precuneus,bilateral,diagnostic group,FreeSurfer Desikan-Killiany cortical thickness and surface area,lower,surface_area_qualitative,,,,,4474 schizophrenia;5098 controls,mixed; none/FGA/SGA/both analyzed separately,mixed; onset/duration moderators,Main Results cortical surface_area; S4/S5,"Model A: age/sex adjusted, without global thickness or area adjustment. Qualitative main-text all-region result; no unextracted parcel d imputed."
S02_Paracentral_Lobule_thickness,S02,paracentral,bilateral,diagnostic group,FreeSurfer Desikan-Killiany cortical thickness and surface area,lower,thickness_qualitative,,,,,4474 schizophrenia;5098 controls,mixed; none/FGA/SGA/both analyzed separately,mixed; onset/duration moderators,Main Results cortical thickness; S4/S5,"Model A: age/sex adjusted, without global thickness or area adjustment. Qualitative main-text all-region result; no unextracted parcel d imputed."
S02_Paracentral_Lobule_surface_area,S02,paracentral,bilateral,diagnostic group,FreeSurfer Desikan-Killiany cortical thickness and surface area,lower,surface_area_qualitative,,,,,4474 schizophrenia;5098 controls,mixed; none/FGA/SGA/both analyzed separately,mixed; onset/duration moderators,Main Results cortical surface_area; S4/S5,"Model A: age/sex adjusted, without global thickness or area adjustment. Qualitative main-text all-region result; no unextracted parcel d imputed."
S02_Heschl_thickness,S02,transversetemporal,bilateral,diagnostic group,FreeSurfer Desikan-Killiany cortical thickness and surface area,lower,thickness_qualitative,,,,,4474 schizophrenia;5098 controls,mixed; none/FGA/SGA/both analyzed separately,mixed; onset/duration moderators,Main Results cortical thickness; S4/S5,"Model A: age/sex adjusted, without global thickness or area adjustment. Qualitative main-text all-region result; no unextracted parcel d imputed."
S02_Heschl_surface_area,S02,transversetemporal,bilateral,diagnostic group,FreeSurfer Desikan-Killiany cortical thickness and surface area,lower,surface_area_qualitative,,,,,4474 schizophrenia;5098 controls,mixed; none/FGA/SGA/both analyzed separately,mixed; onset/duration moderators,Main Results cortical surface_area; S4/S5,"Model A: age/sex adjusted, without global thickness or area adjustment. Qualitative main-text all-region result; no unextracted parcel d imputed."
S02_Temporal_Sup_thickness,S02,superiortemporal,bilateral,diagnostic group,FreeSurfer Desikan-Killiany cortical thickness and surface area,lower,thickness_qualitative,,,,,4474 schizophrenia;5098 controls,mixed; none/FGA/SGA/both analyzed separately,mixed; onset/duration moderators,Main Results cortical thickness; S4/S5,"Model A: age/sex adjusted, without global thickness or area adjustment. Qualitative main-text all-region result; no unextracted parcel d imputed."
S02_Temporal_Sup_surface_area,S02,superiortemporal,bilateral,diagnostic group,FreeSurfer Desikan-Killiany cortical thickness and surface area,lower,surface_area_qualitative,,,,,4474 schizophrenia;5098 controls,mixed; none/FGA/SGA/both analyzed separately,mixed; onset/duration moderators,Main Results cortical surface_area; S4/S5,"Model A: age/sex adjusted, without global thickness or area adjustment. Qualitative main-text all-region result; no unextracted parcel d imputed."
S02_Temporal_Pole_Sup_thickness,S02,temporalpole,bilateral,diagnostic group,FreeSurfer Desikan-Killiany cortical thickness and surface area,lower,thickness_qualitative,,,,,4474 schizophrenia;5098 controls,mixed; none/FGA/SGA/both analyzed separately,mixed; onset/duration moderators,Main Results cortical thickness; S4/S5,"Model A: age/sex adjusted, without global thickness or area adjustment. Qualitative main-text all-region result; no unextracted parcel d imputed."
S02_Temporal_Pole_Sup_surface_area,S02,temporalpole,bilateral,diagnostic group,FreeSurfer Desikan-Killiany cortical thickness and surface area,lower,surface_area_qualitative,,,,,4474 schizophrenia;5098 controls,mixed; none/FGA/SGA/both analyzed separately,mixed; onset/duration moderators,Main Results cortical surface_area; S4/S5,"Model A: age/sex adjusted, without global thickness or area adjustment. Qualitative main-text all-region result; no unextracted parcel d imputed."
S02_Temporal_Mid_thickness,S02,middletemporal,bilateral,diagnostic group,FreeSurfer Desikan-Killiany cortical thickness and surface area,lower,thickness_qualitative,,,,,4474 schizophrenia;5098 controls,mixed; none/FGA/SGA/both analyzed separately,mixed; onset/duration moderators,Main Results cortical thickness; S4/S5,"Model A: age/sex adjusted, without global thickness or area adjustment. Qualitative main-text all-region result; no unextracted parcel d imputed."
S02_Temporal_Mid_surface_area,S02,middletemporal,bilateral,diagnostic group,FreeSurfer Desikan-Killiany cortical thickness and surface area,lower,surface_area_qualitative,,,,,4474 schizophrenia;5098 controls,mixed; none/FGA/SGA/both analyzed separately,mixed; onset/duration moderators,Main Results cortical surface_area; S4/S5,"Model A: age/sex adjusted, without global thickness or area adjustment. Qualitative main-text all-region result; no unextracted parcel d imputed."
S02_Temporal_Pole_Mid_thickness,S02,temporalpole,bilateral,diagnostic group,FreeSurfer Desikan-Killiany cortical thickness and surface area,lower,thickness_qualitative,,,,,4474 schizophrenia;5098 controls,mixed; none/FGA/SGA/both analyzed separately,mixed; onset/duration moderators,Main Results cortical thickness; S4/S5,"Model A: age/sex adjusted, without global thickness or area adjustment. Qualitative main-text all-region result; no unextracted parcel d imputed."
S02_Temporal_Pole_Mid_surface_area,S02,temporalpole,bilateral,diagnostic group,FreeSurfer Desikan-Killiany cortical thickness and surface area,lower,surface_area_qualitative,,,,,4474 schizophrenia;5098 controls,mixed; none/FGA/SGA/both analyzed separately,mixed; onset/duration moderators,Main Results cortical surface_area; S4/S5,"Model A: age/sex adjusted, without global thickness or area adjustment. Qualitative main-text all-region result; no unextracted parcel d imputed."
S02_Temporal_Inf_thickness,S02,inferiortemporal,bilateral,diagnostic group,FreeSurfer Desikan-Killiany cortical thickness and surface area,lower,thickness_qualitative,,,,,4474 schizophrenia;5098 controls,mixed; none/FGA/SGA/both analyzed separately,mixed; onset/duration moderators,Main Results cortical thickness; S4/S5,"Model A: age/sex adjusted, without global thickness or area adjustment. Qualitative main-text all-region result; no unextracted parcel d imputed."
S02_Temporal_Inf_surface_area,S02,inferiortemporal,bilateral,diagnostic group,FreeSurfer Desikan-Killiany cortical thickness and surface area,lower,surface_area_qualitative,,,,,4474 schizophrenia;5098 controls,mixed; none/FGA/SGA/both analyzed separately,mixed; onset/duration moderators,Main Results cortical surface_area; S4/S5,"Model A: age/sex adjusted, without global thickness or area adjustment. Qualitative main-text all-region result; no unextracted parcel d imputed."
S02_ACC_sub_thickness,S02,rostralanteriorcingulate,bilateral,diagnostic group,FreeSurfer Desikan-Killiany cortical thickness and surface area,lower,thickness_qualitative,,,,,4474 schizophrenia;5098 controls,mixed; none/FGA/SGA/both analyzed separately,mixed; onset/duration moderators,Main Results cortical thickness; S4/S5,"Model A: age/sex adjusted, without global thickness or area adjustment. Qualitative main-text all-region result; no unextracted parcel d imputed."
S02_ACC_sub_surface_area,S02,rostralanteriorcingulate,bilateral,diagnostic group,FreeSurfer Desikan-Killiany cortical thickness and surface area,lower,surface_area_qualitative,,,,,4474 schizophrenia;5098 controls,mixed; none/FGA/SGA/both analyzed separately,mixed; onset/duration moderators,Main Results cortical surface_area; S4/S5,"Model A: age/sex adjusted, without global thickness or area adjustment. Qualitative main-text all-region result; no unextracted parcel d imputed."
S02_ACC_pre_thickness,S02,rostralanteriorcingulate,bilateral,diagnostic group,FreeSurfer Desikan-Killiany cortical thickness and surface area,lower,thickness_qualitative,,,,,4474 schizophrenia;5098 controls,mixed; none/FGA/SGA/both analyzed separately,mixed; onset/duration moderators,Main Results cortical thickness; S4/S5,"Model A: age/sex adjusted, without global thickness or area adjustment. Qualitative main-text all-region result; no unextracted parcel d imputed."
S02_ACC_pre_surface_area,S02,rostralanteriorcingulate,bilateral,diagnostic group,FreeSurfer Desikan-Killiany cortical thickness and surface area,lower,surface_area_qualitative,,,,,4474 schizophrenia;5098 controls,mixed; none/FGA/SGA/both analyzed separately,mixed; onset/duration moderators,Main Results cortical surface_area; S4/S5,"Model A: age/sex adjusted, without global thickness or area adjustment. Qualitative main-text all-region result; no unextracted parcel d imputed."
S02_ACC_sup_thickness,S02,caudalanteriorcingulate,bilateral,diagnostic group,FreeSurfer Desikan-Killiany cortical thickness and surface area,lower,thickness_qualitative,,,,,4474 schizophrenia;5098 controls,mixed; none/FGA/SGA/both analyzed separately,mixed; onset/duration moderators,Main Results cortical thickness; S4/S5,"Model A: age/sex adjusted, without global thickness or area adjustment. Qualitative main-text all-region result; no unextracted parcel d imputed."
S02_ACC_sup_surface_area,S02,caudalanteriorcingulate,bilateral,diagnostic group,FreeSurfer Desikan-Killiany cortical thickness and surface area,lower,surface_area_qualitative,,,,,4474 schizophrenia;5098 controls,mixed; none/FGA/SGA/both analyzed separately,mixed; onset/duration moderators,Main Results cortical surface_area; S4/S5,"Model A: age/sex adjusted, without global thickness or area adjustment. Qualitative main-text all-region result; no unextracted parcel d imputed."
S03_Rtemporal,S03,Rtemporal cluster,mixed;see regional mapping,diagnostic group,voxel-based GM volume; cluster peak SDM-Z,lower,cluster_peak_SDM_Z,-8.031,,,p=<.001;jackknife141/141,141 schizophrenia VBM datasets from 120 publications; bipolar and ReHo results excluded here,mixed; subgroup analysis separately,mixed,Table 2 schizophrenia portion; Appendix 1,"MNI peak=48,0,-8. Cluster membership locates evidence; same peak Z must not be assigned as each parcel effect."
S03_Lfrontal,S03,Lfrontal cluster,mixed;see regional mapping,diagnostic group,voxel-based GM volume; cluster peak SDM-Z,lower,cluster_peak_SDM_Z,-8.289,,,p=<.001;jackknife141/141,141 schizophrenia VBM datasets from 120 publications; bipolar and ReHo results excluded here,mixed; subgroup analysis separately,mixed,Table 2 schizophrenia portion; Appendix 1,"MNI peak=-50,10,4. Cluster membership locates evidence; same peak Z must not be assigned as each parcel effect."
S03_ACC,S03,ACC cluster,mixed;see regional mapping,diagnostic group,voxel-based GM volume; cluster peak SDM-Z,lower,cluster_peak_SDM_Z,-5.994,,,p=<.001;jackknife141/141,141 schizophrenia VBM datasets from 120 publications; bipolar and ReHo results excluded here,mixed; subgroup analysis separately,mixed,Table 2 schizophrenia portion; Appendix 1,"MNI peak=2,40,22. Cluster membership locates evidence; same peak Z must not be assigned as each parcel effect."
S03_Lcereb,S03,Lcereb cluster,mixed;see regional mapping,diagnostic group,voxel-based GM volume; cluster peak SDM-Z,lower,cluster_peak_SDM_Z,-3.342,,,p=.003;jackknife141/141,141 schizophrenia VBM datasets from 120 publications; bipolar and ReHo results excluded here,mixed; subgroup analysis separately,mixed,Table 2 schizophrenia portion; Appendix 1,"MNI peak=-26,-72,-42. Cluster membership locates evidence; same peak Z must not be assigned as each parcel effect."
S03_thalamus,S03,whole thalamus cluster,bilateral,diagnostic group,voxel-based GM volume; cluster peak SDM-Z,lower,cluster_peak_SDM_Z,-4.446,,,p<.001;jackknife141/141,141 schizophrenia VBM datasets from 120 publications; bipolar and ReHo results excluded here,mixed; subgroup analysis separately,mixed,Table 2 schizophrenia portion; Appendix 1,"MNI(2,-18,0); cannot localize each nucleus."
S05_total,S05,whole cerebellar GM,bilateral,diagnostic group,"SUIT native cerebellar GM volumes, functional parcels and VBM",lower,Cohen_d,-0.35,,,p=2.7e-15;I2=0%;CI not extracted,983 schizophrenia spectrum;1349 controls,mixed; medication status covariate/moderator,age 16-66; cross-sectional,Results; Supplementary Figure 2; Supplementary Table 4,Only17/28 lobules significant; whole-cerebellum d is not an estimate for every lobule.
S04_LCrusII,S04,LCrusII cerebellar cluster,bilateral,diagnostic group,cerebellar VBM GM volume; cluster SDM-Z,lower,cluster_peak_SDM_Z,-1.991,,,uncorrectedp=0.000165164;jackknife=25/25,996 schizophrenia;1109 controls,5 of 25 studies drug-naive; pooled mixture,mean duration 6.19 years; stage heterogeneous,Table 1; Results 3.2-3.4; supplementary tables,Cluster peak statistic; includes published cluster-breakdown territories; not per-lobule Cohen d.
S04_RVI,S04,RVI cerebellar cluster,bilateral,diagnostic group,cerebellar VBM GM volume; cluster SDM-Z,lower,cluster_peak_SDM_Z,-1.484,,,uncorrectedp=0.001656592;jackknife=22/25,996 schizophrenia;1109 controls,5 of 25 studies drug-naive; pooled mixture,mean duration 6.19 years; stage heterogeneous,Table 1; Results 3.2-3.4; supplementary tables,Cluster peak statistic; includes published cluster-breakdown territories; not per-lobule Cohen d.
S04_RVIII,S04,RVIII cerebellar cluster,bilateral,diagnostic group,cerebellar VBM GM volume; cluster SDM-Z,lower,cluster_peak_SDM_Z,-1.409,,,uncorrectedp=0.002353311;jackknife=22/25,996 schizophrenia;1109 controls,5 of 25 studies drug-naive; pooled mixture,mean duration 6.19 years; stage heterogeneous,Table 1; Results 3.2-3.4; supplementary tables,Cluster peak statistic; includes published cluster-breakdown territories; not per-lobule Cohen d.
S16_regional_null,S16,10 bilateral lobules and whole vermis,bilateral,diagnostic group,10 bilateral cerebellar lobules plus whole vermis; native GM volume and modulated VBM,no_detected_difference,region_tests_qualitative,,,,"Bonferroni alpha=.0026; SSD/BP d range[-.20,.17], not a CI",249 SSD;108 psychotic bipolar;217 controls,CPZ correlates analyzed; observational,122 early/127 chronic SSD; early <=2 years,Results diagnosis/stage; Figure 1; cognitive subgroups Figure 2; Supplementary Figures 6-8,SSD and bipolar analyzed separately; no diagnosis or early/chronic effects. Exact regional d not inferred from the range.
S16_cognitive_Cerebellum_3,S16,I-IV,bilateral,cognitively compromised psychosis; not entire SSD cohort,10 bilateral cerebellar lobules plus whole vermis; native GM volume and modulated VBM,lower,Cohen_d,-0.6,,,,249 SSD;108 psychotic bipolar;217 controls,CPZ correlates analyzed; observational,122 early/127 chronic SSD; early <=2 years,Discussion cognitive subgroups; Figure2C,Low estimated premorbid cognition subgroup. I-IV and V do not identify separate AAL3 III/IV-V effects.
S16_cognitive_Cerebellum_4_5,S16,V,bilateral,cognitively compromised psychosis; not entire SSD cohort,10 bilateral cerebellar lobules plus whole vermis; native GM volume and modulated VBM,lower,Cohen_d,-0.5,,,,249 SSD;108 psychotic bipolar;217 controls,CPZ correlates analyzed; observational,122 early/127 chronic SSD; early <=2 years,Discussion cognitive subgroups; Figure2C,Low estimated premorbid cognition subgroup. I-IV and V do not identify separate AAL3 III/IV-V effects.
S16_cognitive_Cerebellum_6,S16,Cerebellum_6,bilateral,cognitively compromised psychosis; not entire SSD cohort,10 bilateral cerebellar lobules plus whole vermis; native GM volume and modulated VBM,lower,Cohen_d,-0.47,,,,249 SSD;108 psychotic bipolar;217 controls,CPZ correlates analyzed; observational,122 early/127 chronic SSD; early <=2 years,Discussion cognitive subgroups; Figure2C,Low estimated premorbid cognition subgroup. I-IV and V do not identify separate AAL3 III/IV-V effects.
S16_cognitive_Cerebellum_Crus1,S16,Cerebellum_Crus1,bilateral,cognitively compromised psychosis; not entire SSD cohort,10 bilateral cerebellar lobules plus whole vermis; native GM volume and modulated VBM,lower,Cohen_d,-0.42,,,,249 SSD;108 psychotic bipolar;217 controls,CPZ correlates analyzed; observational,122 early/127 chronic SSD; early <=2 years,Discussion cognitive subgroups; Figure2C,Low estimated premorbid cognition subgroup. I-IV and V do not identify separate AAL3 III/IV-V effects.
S16_cognitive_Cerebellum_10,S16,Cerebellum_10,bilateral,cognitively compromised psychosis; not entire SSD cohort,10 bilateral cerebellar lobules plus whole vermis; native GM volume and modulated VBM,lower,Cohen_d,-0.56,,,,249 SSD;108 psychotic bipolar;217 controls,CPZ correlates analyzed; observational,122 early/127 chronic SSD; early <=2 years,Discussion cognitive subgroups; Figure2C,Low estimated premorbid cognition subgroup. I-IV and V do not identify separate AAL3 III/IV-V effects.
S09_anterior,S09,anterior grouped nuclei,bilateral,established schizophrenia vs controls,FreeSurfer six bilateral thalamic groups; age/sex/eTIV adjusted,no_detected_difference,group_ANCOVA_then_posthoc,,,,omnibus group comparison not significant,137 controls;66 ARMS;89 FEP;126 established schizophrenia,mixed; clinical covariates separately,ARMS/FEP/established schizophrenia separated,Results; Figure 2; Supplementary Table S3,"Medial also lower in ARMS/FEP; lateral reduction limited to established schizophrenia. Six groups, not exact AAL3 subnuclei."
S09_lateral,S09,lateral grouped nuclei,bilateral,established schizophrenia vs controls,FreeSurfer six bilateral thalamic groups; age/sex/eTIV adjusted,lower,group_ANCOVA_then_posthoc,,,,omnibusFDRp=.042;SCZ-HCp=.005,137 controls;66 ARMS;89 FEP;126 established schizophrenia,mixed; clinical covariates separately,ARMS/FEP/established schizophrenia separated,Results; Figure 2; Supplementary Table S3,"Medial also lower in ARMS/FEP; lateral reduction limited to established schizophrenia. Six groups, not exact AAL3 subnuclei."
S09_ventral,S09,ventral grouped nuclei,bilateral,established schizophrenia vs controls,FreeSurfer six bilateral thalamic groups; age/sex/eTIV adjusted,no_detected_difference,group_ANCOVA_then_posthoc,,,,omnibus group comparison not significant,137 controls;66 ARMS;89 FEP;126 established schizophrenia,mixed; clinical covariates separately,ARMS/FEP/established schizophrenia separated,Results; Figure 2; Supplementary Table S3,"Medial also lower in ARMS/FEP; lateral reduction limited to established schizophrenia. Six groups, not exact AAL3 subnuclei."
S09_intralaminar,S09,intralaminar grouped nuclei,bilateral,established schizophrenia vs controls,FreeSurfer six bilateral thalamic groups; age/sex/eTIV adjusted,no_detected_difference,group_ANCOVA_then_posthoc,,,,omnibus group comparison not significant,137 controls;66 ARMS;89 FEP;126 established schizophrenia,mixed; clinical covariates separately,ARMS/FEP/established schizophrenia separated,Results; Figure 2; Supplementary Table S3,"Medial also lower in ARMS/FEP; lateral reduction limited to established schizophrenia. Six groups, not exact AAL3 subnuclei."
S09_medial,S09,medial grouped nuclei,bilateral,established schizophrenia vs controls,FreeSurfer six bilateral thalamic groups; age/sex/eTIV adjusted,lower,group_ANCOVA_then_posthoc,,,,omnibusFDRp=.042;SCZ-HCp=.003,137 controls;66 ARMS;89 FEP;126 established schizophrenia,mixed; clinical covariates separately,ARMS/FEP/established schizophrenia separated,Results; Figure 2; Supplementary Table S3,"Medial also lower in ARMS/FEP; lateral reduction limited to established schizophrenia. Six groups, not exact AAL3 subnuclei."
S09_pulvinar,S09,pulvinar grouped nuclei,bilateral,established schizophrenia vs controls,FreeSurfer six bilateral thalamic groups; age/sex/eTIV adjusted,no_detected_difference,group_ANCOVA_then_posthoc,,,,omnibus group comparison not significant,137 controls;66 ARMS;89 FEP;126 established schizophrenia,mixed; clinical covariates separately,ARMS/FEP/established schizophrenia separated,Results; Figure 2; Supplementary Table S3,"Medial also lower in ARMS/FEP; lateral reduction limited to established schizophrenia. Six groups, not exact AAL3 subnuclei."
S08_MDm,S08,mediodorsal/pulvinar,bilateral,diagnostic group,Bayesian segmentation of 25 thalamic nuclei from T1 MRI,lower,significant_volume_difference_qualitative,,,,effect/CI not extracted from accessible abstract,334 SSD;322 bipolar;826 controls; SSD results retained,mixed; medication associations explored,SSD median age 29; stage mixed,Abstract and Results SSD; do not transfer BD-specific subdivisions,SSD diagnosis only; abstract reports mediodorsal and pulvinar aggregates; does not justify importing BD-specific subdivisions.
S08_MDl,S08,mediodorsal/pulvinar,bilateral,diagnostic group,Bayesian segmentation of 25 thalamic nuclei from T1 MRI,lower,significant_volume_difference_qualitative,,,,effect/CI not extracted from accessible abstract,334 SSD;322 bipolar;826 controls; SSD results retained,mixed; medication associations explored,SSD median age 29; stage mixed,Abstract and Results SSD; do not transfer BD-specific subdivisions,SSD diagnosis only; abstract reports mediodorsal and pulvinar aggregates; does not justify importing BD-specific subdivisions.
S08_LGN,S08,LGN,bilateral,diagnostic group,Bayesian segmentation of 25 thalamic nuclei from T1 MRI,lower,significant_volume_difference_qualitative,,,,effect/CI not extracted from accessible abstract,334 SSD;322 bipolar;826 controls; SSD results retained,mixed; medication associations explored,SSD median age 29; stage mixed,Abstract and Results SSD; do not transfer BD-specific subdivisions,SSD diagnosis only; abstract reports mediodorsal and pulvinar aggregates; does not justify importing BD-specific subdivisions.
S08_MGN,S08,MGN,bilateral,diagnostic group,Bayesian segmentation of 25 thalamic nuclei from T1 MRI,lower,significant_volume_difference_qualitative,,,,effect/CI not extracted from accessible abstract,334 SSD;322 bipolar;826 controls; SSD results retained,mixed; medication associations explored,SSD median age 29; stage mixed,Abstract and Results SSD; do not transfer BD-specific subdivisions,SSD diagnosis only; abstract reports mediodorsal and pulvinar aggregates; does not justify importing BD-specific subdivisions.
S08_PuI,S08,mediodorsal/pulvinar,bilateral,diagnostic group,Bayesian segmentation of 25 thalamic nuclei from T1 MRI,lower,significant_volume_difference_qualitative,,,,effect/CI not extracted from accessible abstract,334 SSD;322 bipolar;826 controls; SSD results retained,mixed; medication associations explored,SSD median age 29; stage mixed,Abstract and Results SSD; do not transfer BD-specific subdivisions,SSD diagnosis only; abstract reports mediodorsal and pulvinar aggregates; does not justify importing BD-specific subdivisions.
S08_PuM,S08,mediodorsal/pulvinar,bilateral,diagnostic group,Bayesian segmentation of 25 thalamic nuclei from T1 MRI,lower,significant_volume_difference_qualitative,,,,effect/CI not extracted from accessible abstract,334 SSD;322 bipolar;826 controls; SSD results retained,mixed; medication associations explored,SSD median age 29; stage mixed,Abstract and Results SSD; do not transfer BD-specific subdivisions,SSD diagnosis only; abstract reports mediodorsal and pulvinar aggregates; does not justify importing BD-specific subdivisions.
S08_PuA,S08,mediodorsal/pulvinar,bilateral,diagnostic group,Bayesian segmentation of 25 thalamic nuclei from T1 MRI,lower,significant_volume_difference_qualitative,,,,effect/CI not extracted from accessible abstract,334 SSD;322 bipolar;826 controls; SSD results retained,mixed; medication associations explored,SSD median age 29; stage mixed,Abstract and Results SSD; do not transfer BD-specific subdivisions,SSD diagnosis only; abstract reports mediodorsal and pulvinar aggregates; does not justify importing BD-specific subdivisions.
S08_PuL,S08,mediodorsal/pulvinar,bilateral,diagnostic group,Bayesian segmentation of 25 thalamic nuclei from T1 MRI,lower,significant_volume_difference_qualitative,,,,effect/CI not extracted from accessible abstract,334 SSD;322 bipolar;826 controls; SSD results retained,mixed; medication associations explored,SSD median age 29; stage mixed,Abstract and Results SSD; do not transfer BD-specific subdivisions,SSD diagnosis only; abstract reports mediodorsal and pulvinar aggregates; does not justify importing BD-specific subdivisions.
S10_anterior,S10,anterior subdivision,bilateral,diagnostic group,seven thalamic volume subdivisions and separate cortical covariance measures,lower,meta_analysis_qualitative,,,,qFDR<.05 for five named significant groups; no inferred numerical d,1531 schizophrenia;257 familial high risk;3409 controls,mixed; not medication causal contrast,mixed; familial high risk kept separate,Abstract; local thalamic alterations; supplementary regional effects,Exact seven-group composition must be checked against the supplement; whole-subdivision findings do not establish every member nucleus.
S10_lateral,S10,lateral subdivision,bilateral,diagnostic group,seven thalamic volume subdivisions and separate cortical covariance measures,not_reported_as_significant,meta_analysis_qualitative,,,,qFDR<.05 for five named significant groups; no inferred numerical d,1531 schizophrenia;257 familial high risk;3409 controls,mixed; not medication causal contrast,mixed; familial high risk kept separate,Abstract; local thalamic alterations; supplementary regional effects,Exact seven-group composition must be checked against the supplement; whole-subdivision findings do not establish every member nucleus.
S10_ventral,S10,ventral subdivision,bilateral,diagnostic group,seven thalamic volume subdivisions and separate cortical covariance measures,lower,meta_analysis_qualitative,,,,qFDR<.05 for five named significant groups; no inferred numerical d,1531 schizophrenia;257 familial high risk;3409 controls,mixed; not medication causal contrast,mixed; familial high risk kept separate,Abstract; local thalamic alterations; supplementary regional effects,Exact seven-group composition must be checked against the supplement; whole-subdivision findings do not establish every member nucleus.
S10_intralaminar,S10,intralaminar subdivision,bilateral,diagnostic group,seven thalamic volume subdivisions and separate cortical covariance measures,not_reported_as_significant,meta_analysis_qualitative,,,,qFDR<.05 for five named significant groups; no inferred numerical d,1531 schizophrenia;257 familial high risk;3409 controls,mixed; not medication causal contrast,mixed; familial high risk kept separate,Abstract; local thalamic alterations; supplementary regional effects,Exact seven-group composition must be checked against the supplement; whole-subdivision findings do not establish every member nucleus.
S10_medial,S10,medial subdivision,bilateral,diagnostic group,seven thalamic volume subdivisions and separate cortical covariance measures,lower,meta_analysis_qualitative,,,,qFDR<.05 for five named significant groups; no inferred numerical d,1531 schizophrenia;257 familial high risk;3409 controls,mixed; not medication causal contrast,mixed; familial high risk kept separate,Abstract; local thalamic alterations; supplementary regional effects,Exact seven-group composition must be checked against the supplement; whole-subdivision findings do not establish every member nucleus.
S10_pulvinar,S10,pulvinar subdivision,bilateral,diagnostic group,seven thalamic volume subdivisions and separate cortical covariance measures,lower,meta_analysis_qualitative,,,,qFDR<.05 for five named significant groups; no inferred numerical d,1531 schizophrenia;257 familial high risk;3409 controls,mixed; not medication causal contrast,mixed; familial high risk kept separate,Abstract; local thalamic alterations; supplementary regional effects,Exact seven-group composition must be checked against the supplement; whole-subdivision findings do not establish every member nucleus.
S10_posterior,S10,posterior subdivision,bilateral,diagnostic group,seven thalamic volume subdivisions and separate cortical covariance measures,lower,meta_analysis_qualitative,,,,qFDR<.05 for five named significant groups; no inferred numerical d,1531 schizophrenia;257 familial high risk;3409 controls,mixed; not medication causal contrast,mixed; familial high risk kept separate,Abstract; local thalamic alterations; supplementary regional effects,Exact seven-group composition must be checked against the supplement; whole-subdivision findings do not establish every member nucleus.
S07_BrainStem,S07,whole brainstem,bilateral,diagnostic group,MRI segmented subcortical and brainstem volume,lower,case_control_F,8.39,,,p=.004;volume d/CI not extracted,98 first-episode psychosis;92 controls; diagnosis broader than schizophrenia,antipsychotic naive at imaging,first episode,Results case-control raw regional volumes,Antipsychotic-naive FEP rather than a schizophrenia-only diagnosis; whole brainstem cannot localize constituent nuclei.
S11_Red_N,S11,Red_N,bilateral,diagnostic group,QSM-defined atlas VOI volume from T1 and separate susceptibility; bilateral averaged,no_detected_difference,three_group_omnibus_p,0.14,,,FDRq=.3;not a SCZ-HC pairwise p,24 schizophrenia;49 MDD;50 controls,medication recorded; no randomized exposure,mixed clinical sample,Table 3; Methods imaging; corrected group tests,Table3 HC185(17);SCZ177(15)mm3. Descriptive means not converted to adjusted d; no confident directional claim.
S11_SN,S11,SN,bilateral,diagnostic group,QSM-defined atlas VOI volume from T1 and separate susceptibility; bilateral averaged,no_detected_difference,three_group_omnibus_p,0.2,,,FDRq=.3;not a SCZ-HC pairwise p,24 schizophrenia;49 MDD;50 controls,medication recorded; no randomized exposure,mixed clinical sample,Table 3; Methods imaging; corrected group tests,Table3 HC480(45);SCZ461(39)mm3. Descriptive means not converted to adjusted d; no confident directional claim.
S12_SN,S12,whole substantia nigra,bilateral,diagnostic group,QSM/R2* and manually delineated regional volumes are separate endpoints,higher,regional_volume_qualitative,,,,,30 first-episode schizophrenia;30 matched controls,do not infer naive from first episode,first episode,Table 3 regional volumes; abstract/highlights,"Bilateral regional volume increase in FES; QSM decreases are a different endpoint, not contradictory GM volume evidence."
S12_Putamen,S12,putamen,bilateral,diagnostic group,QSM/R2* and manually delineated regional volumes are separate endpoints,higher,regional_volume_qualitative,,,,,30 first-episode schizophrenia;30 matched controls,do not infer naive from first episode,first episode,Table 3 regional volumes; abstract/highlights,"Bilateral volume increase in FES; small study, not the ENIGMA all-stage average."
S14_LC,S14,whole locus coeruleus,bilateral,diagnostic group,whole LC histological volume and cell morphology,no_detected_difference,qualitative,,,,trend toward lower volume; no significant group difference,15 leucotomized schizophrenia;11 leucotomized non-SCZ;13 normative,most schizophrenia deaths pre-neuroleptic era; leucotomy confounding,historical postmortem; age 11-94 across sample,Abstract,Postmortem leucotomized historical cohort; no usable in-vivo MRI scalar.
S13_LC_cells,S13,LC pigmented neuronal cell body,bilateral,diagnostic group,pigmented-neuron perikaryon volume and neuron count; not nucleus MRI volume,higher,percent_larger_mean_cell_volume,55,,,p=.009;neuron number p=.64,chronic schizophrenia and control brains,historical exposure; fixation times differ,chronic/postmortem,Abstract,Cell bodies 58400 vs37600microm3; NOT LC nucleus volume.
S15_raphe,S15,midbrain raphe aggregate,bilateral,diagnostic group,semiquantitative brainstem raphe echogenicity; not MRI volume,no_detected_difference,hypoechogenicity_group_p,0.06,,,23/30 cases vs15/30controls; p=.06,30 schizophrenia;30 controls,not established in extracted abstract,clinical schizophrenia,Abstract Results,Sonography cannot identify dorsal-versus-median nucleus GM volume. The paper calls this marginal; it does not pass .05.
S19_midbrain,S19,midbrain / VTA-adjacent territory,bilateral,diagnostic group,"DBM Jacobian, VBM, DTI analyzed separately",higher_DBM_but_no_VBM_difference,multimodal_qualitative,,,,DBM q<.05;standard VBM not significant,123 early psychosis;53 T1 controls (56 diffusion controls),97 with lifetime exposure;26 without; not naive cohort,within5 years; affective and nonaffective psychosis,Results DBM/VBM; Figures1-4; Methods,Early psychosis mixture; DBM Jacobian expansion and DTI abnormalities do not establish AAL3 nucleus GM means.
S20_olfactory,S20,bilateral olfactory cortex,bilateral,diagnostic group,SPM8 DARTEL modulated GM volume maps;8mm smoothing,lower,VBM_cluster_T,5.682,,,right peak;FWEp<.017,65 schizophrenia;65 bipolar;65 controls; SCZ comparisons retained,clinically stable and unchanged medication >=3months,duration>1year,Table2; Results3.2; S1 regional table,"RightMNI27,8,-14;398mm3 cluster. Bilateral territory in Results3.2; not identical AAL3 parcel boundaries."
S21_olfactory_sulcus,S21,right olfactory and H-shaped orbital sulci,bilateral,persistent auditory verbal hallucination chronic SCZ,right olfactory/medial orbital sulcus cortical thickness,lower,qualitative,,,,Bonferronip<.003,chronic schizophrenia with/without persistent AVH and controls,clinical sample; medication confounding retained,chronic; pAVH subtype,Abstract Study Results,Sulcal cortical thickness; not olfactory cortex GM volume.
S18_pallidal_treatment,S18,right pallidal GM cluster,bilateral,randomized FEP treatment;baseline-to3months,VBM pallidal GM volume cluster; treatment-time interaction,treatment_increase_placebo_decrease,qualitative,,,,groupxtimeFWEp<.05,62 initially naive FEP;27 controls,risperidone/paliperidone versus placebo; both psychosocial therapy,baseline to3-month primary;12-month secondary,Abstract; Figure 3 right pallidum,Treatment contrast is separate from diagnostic effect; not a general biological increase coefficient.
S17_subtype2,S17,basal ganglia,bilateral,data-derived anatomical subtype2,regional GM/WM/CSF volume; data-derived subtype associations,higher,qualitative,,,,,307 schizophrenia;364 controls,subtype difference not explained by recorded dose; not randomized,established illness,Abstract; Figures 2 and 5; Discussion,"Pallidum,putamen,and parts of caudate larger; other brain volumes approximately preserved. Sample subtype proportions are not universal prevalence parameters."
S05_lobule_Right_X,S05,Right_X,Right,diagnostic group,"SUIT native cerebellar GM volumes, functional parcels and VBM",lower,Cohen_d,-0.28,-0.39,-0.18,I2=28.23%; CI transcribed from published image; study Bonferroni threshold .00064,983 schizophrenia spectrum;1349 controls,mixed; medication status covariate/moderator,age 16-66; cross-sectional,Supplementary Figure2; DOCX word/media/image3.png,"Published rounded labels, not digitized plot coordinates; CI exclusion of zero is not the Bonferroni decision."
S05_lobule_Left_X,S05,Left_X,Left,diagnostic group,"SUIT native cerebellar GM volumes, functional parcels and VBM",lower,Cohen_d,-0.28,-0.39,-0.17,I2=32.66%; CI transcribed from published image; study Bonferroni threshold .00064,983 schizophrenia spectrum;1349 controls,mixed; medication status covariate/moderator,age 16-66; cross-sectional,Supplementary Figure2; DOCX word/media/image3.png,"Published rounded labels, not digitized plot coordinates; CI exclusion of zero is not the Bonferroni decision."
S05_lobule_Left_Crus_I,S05,Left_Crus_I,Left,diagnostic group,"SUIT native cerebellar GM volumes, functional parcels and VBM",lower,Cohen_d,-0.27,-0.36,-0.19,I2=0.01%; CI transcribed from published image; study Bonferroni threshold .00064,983 schizophrenia spectrum;1349 controls,mixed; medication status covariate/moderator,age 16-66; cross-sectional,Supplementary Figure2; DOCX word/media/image3.png,"Published rounded labels, not digitized plot coordinates; CI exclusion of zero is not the Bonferroni decision."
S05_lobule_Vermis_IX,S05,Vermis_IX,Vermis,diagnostic group,"SUIT native cerebellar GM volumes, functional parcels and VBM",lower,Cohen_d,-0.27,-0.38,-0.17,I2=30.2%; CI transcribed from published image; study Bonferroni threshold .00064,983 schizophrenia spectrum;1349 controls,mixed; medication status covariate/moderator,age 16-66; cross-sectional,Supplementary Figure2; DOCX word/media/image3.png,"Published rounded labels, not digitized plot coordinates; CI exclusion of zero is not the Bonferroni decision."
S05_lobule_Left_VI,S05,Left_VI,Left,diagnostic group,"SUIT native cerebellar GM volumes, functional parcels and VBM",lower,Cohen_d,-0.27,-0.35,-0.18,I2=0%; CI transcribed from published image; study Bonferroni threshold .00064,983 schizophrenia spectrum;1349 controls,mixed; medication status covariate/moderator,age 16-66; cross-sectional,Supplementary Figure2; DOCX word/media/image3.png,"Published rounded labels, not digitized plot coordinates; CI exclusion of zero is not the Bonferroni decision."
S05_lobule_Right_VI,S05,Right_VI,Right,diagnostic group,"SUIT native cerebellar GM volumes, functional parcels and VBM",lower,Cohen_d,-0.27,-0.35,-0.18,I2=0.02%; CI transcribed from published image; study Bonferroni threshold .00064,983 schizophrenia spectrum;1349 controls,mixed; medication status covariate/moderator,age 16-66; cross-sectional,Supplementary Figure2; DOCX word/media/image3.png,"Published rounded labels, not digitized plot coordinates; CI exclusion of zero is not the Bonferroni decision."
S05_lobule_Right_Crus_I,S05,Right_Crus_I,Right,diagnostic group,"SUIT native cerebellar GM volumes, functional parcels and VBM",lower,Cohen_d,-0.25,-0.34,-0.17,I2=0%; CI transcribed from published image; study Bonferroni threshold .00064,983 schizophrenia spectrum;1349 controls,mixed; medication status covariate/moderator,age 16-66; cross-sectional,Supplementary Figure2; DOCX word/media/image3.png,"Published rounded labels, not digitized plot coordinates; CI exclusion of zero is not the Bonferroni decision."
S05_lobule_Left_IX,S05,Left_IX,Left,diagnostic group,"SUIT native cerebellar GM volumes, functional parcels and VBM",lower,Cohen_d,-0.25,-0.33,-0.16,I2=0%; CI transcribed from published image; study Bonferroni threshold .00064,983 schizophrenia spectrum;1349 controls,mixed; medication status covariate/moderator,age 16-66; cross-sectional,Supplementary Figure2; DOCX word/media/image3.png,"Published rounded labels, not digitized plot coordinates; CI exclusion of zero is not the Bonferroni decision."
S05_lobule_Right_Crus_II,S05,Right_Crus_II,Right,diagnostic group,"SUIT native cerebellar GM volumes, functional parcels and VBM",lower,Cohen_d,-0.24,-0.38,-0.1,I2=56.8%; CI transcribed from published image; study Bonferroni threshold .00064,983 schizophrenia spectrum;1349 controls,mixed; medication status covariate/moderator,age 16-66; cross-sectional,Supplementary Figure2; DOCX word/media/image3.png,"Published rounded labels, not digitized plot coordinates; CI exclusion of zero is not the Bonferroni decision."
S05_lobule_Left_Crus_II,S05,Left_Crus_II,Left,diagnostic group,"SUIT native cerebellar GM volumes, functional parcels and VBM",lower,Cohen_d,-0.24,-0.33,-0.15,I2=1.51%; CI transcribed from published image; study Bonferroni threshold .00064,983 schizophrenia spectrum;1349 controls,mixed; medication status covariate/moderator,age 16-66; cross-sectional,Supplementary Figure2; DOCX word/media/image3.png,"Published rounded labels, not digitized plot coordinates; CI exclusion of zero is not the Bonferroni decision."
S05_lobule_Right_VIIb,S05,Right_VIIb,Right,diagnostic group,"SUIT native cerebellar GM volumes, functional parcels and VBM",lower,Cohen_d,-0.23,-0.32,-0.13,I2=14.8%; CI transcribed from published image; study Bonferroni threshold .00064,983 schizophrenia spectrum;1349 controls,mixed; medication status covariate/moderator,age 16-66; cross-sectional,Supplementary Figure2; DOCX word/media/image3.png,"Published rounded labels, not digitized plot coordinates; CI exclusion of zero is not the Bonferroni decision."
S05_lobule_Right_IX,S05,Right_IX,Right,diagnostic group,"SUIT native cerebellar GM volumes, functional parcels and VBM",lower,Cohen_d,-0.21,-0.32,-0.1,I2=33.31%; CI transcribed from published image; study Bonferroni threshold .00064,983 schizophrenia spectrum;1349 controls,mixed; medication status covariate/moderator,age 16-66; cross-sectional,Supplementary Figure2; DOCX word/media/image3.png,"Published rounded labels, not digitized plot coordinates; CI exclusion of zero is not the Bonferroni decision."
S05_lobule_Vermis_VI,S05,Vermis_VI,Vermis,diagnostic group,"SUIT native cerebellar GM volumes, functional parcels and VBM",lower,Cohen_d,-0.21,-0.29,-0.12,I2=0%; CI transcribed from published image; study Bonferroni threshold .00064,983 schizophrenia spectrum;1349 controls,mixed; medication status covariate/moderator,age 16-66; cross-sectional,Supplementary Figure2; DOCX word/media/image3.png,"Published rounded labels, not digitized plot coordinates; CI exclusion of zero is not the Bonferroni decision."
S05_lobule_Left_VIIIb,S05,Left_VIIIb,Left,diagnostic group,"SUIT native cerebellar GM volumes, functional parcels and VBM",lower,Cohen_d,-0.2,-0.31,-0.1,I2=21.8%; CI transcribed from published image; study Bonferroni threshold .00064,983 schizophrenia spectrum;1349 controls,mixed; medication status covariate/moderator,age 16-66; cross-sectional,Supplementary Figure2; DOCX word/media/image3.png,"Published rounded labels, not digitized plot coordinates; CI exclusion of zero is not the Bonferroni decision."
S05_lobule_Vermis_VIIIb,S05,Vermis_VIIIb,Vermis,diagnostic group,"SUIT native cerebellar GM volumes, functional parcels and VBM",lower,Cohen_d,-0.2,-0.28,-0.11,I2=0.02%; CI transcribed from published image; study Bonferroni threshold .00064,983 schizophrenia spectrum;1349 controls,mixed; medication status covariate/moderator,age 16-66; cross-sectional,Supplementary Figure2; DOCX word/media/image3.png,"Published rounded labels, not digitized plot coordinates; CI exclusion of zero is not the Bonferroni decision."
S05_lobule_Left_VIIb,S05,Left_VIIb,Left,diagnostic group,"SUIT native cerebellar GM volumes, functional parcels and VBM",lower,Cohen_d,-0.18,-0.28,-0.08,I2=20.63%; CI transcribed from published image; study Bonferroni threshold .00064,983 schizophrenia spectrum;1349 controls,mixed; medication status covariate/moderator,age 16-66; cross-sectional,Supplementary Figure2; DOCX word/media/image3.png,"Published rounded labels, not digitized plot coordinates; CI exclusion of zero is not the Bonferroni decision."
S05_lobule_Left_VIIIa,S05,Left_VIIIa,Left,diagnostic group,"SUIT native cerebellar GM volumes, functional parcels and VBM",lower,Cohen_d,-0.17,-0.29,-0.04,I2=47.51%; CI transcribed from published image; study Bonferroni threshold .00064,983 schizophrenia spectrum;1349 controls,mixed; medication status covariate/moderator,age 16-66; cross-sectional,Supplementary Figure2; DOCX word/media/image3.png,"Published rounded labels, not digitized plot coordinates; CI exclusion of zero is not the Bonferroni decision."
S05_lobule_Vermis_X,S05,Vermis_X,Vermis,diagnostic group,"SUIT native cerebellar GM volumes, functional parcels and VBM",lower,Cohen_d,-0.16,-0.25,-0.08,I2=0%; CI transcribed from published image; study Bonferroni threshold .00064,983 schizophrenia spectrum;1349 controls,mixed; medication status covariate/moderator,age 16-66; cross-sectional,Supplementary Figure2; DOCX word/media/image3.png,"Published rounded labels, not digitized plot coordinates; CI exclusion of zero is not the Bonferroni decision."
S05_lobule_Right_VIIIa,S05,Right_VIIIa,Right,diagnostic group,"SUIT native cerebellar GM volumes, functional parcels and VBM",lower,Cohen_d,-0.15,-0.25,-0.05,I2=18%; CI transcribed from published image; study Bonferroni threshold .00064,983 schizophrenia spectrum;1349 controls,mixed; medication status covariate/moderator,age 16-66; cross-sectional,Supplementary Figure2; DOCX word/media/image3.png,"Published rounded labels, not digitized plot coordinates; CI exclusion of zero is not the Bonferroni decision."
S05_lobule_Vermis_VIIIa,S05,Vermis_VIIIa,Vermis,diagnostic group,"SUIT native cerebellar GM volumes, functional parcels and VBM",lower,Cohen_d,-0.15,-0.23,-0.06,I2=0%; CI transcribed from published image; study Bonferroni threshold .00064,983 schizophrenia spectrum;1349 controls,mixed; medication status covariate/moderator,age 16-66; cross-sectional,Supplementary Figure2; DOCX word/media/image3.png,"Published rounded labels, not digitized plot coordinates; CI exclusion of zero is not the Bonferroni decision."
S05_lobule_Vermis_VIIb,S05,Vermis_VIIb,Vermis,diagnostic group,"SUIT native cerebellar GM volumes, functional parcels and VBM",lower,Cohen_d,-0.14,-0.23,-0.06,I2=0%; CI transcribed from published image; study Bonferroni threshold .00064,983 schizophrenia spectrum;1349 controls,mixed; medication status covariate/moderator,age 16-66; cross-sectional,Supplementary Figure2; DOCX word/media/image3.png,"Published rounded labels, not digitized plot coordinates; CI exclusion of zero is not the Bonferroni decision."
S05_lobule_Vermis_Crus_II,S05,Vermis_Crus_II,Vermis,diagnostic group,"SUIT native cerebellar GM volumes, functional parcels and VBM",lower,Cohen_d,-0.14,-0.22,-0.05,I2=2.35%; CI transcribed from published image; study Bonferroni threshold .00064,983 schizophrenia spectrum;1349 controls,mixed; medication status covariate/moderator,age 16-66; cross-sectional,Supplementary Figure2; DOCX word/media/image3.png,"Published rounded labels, not digitized plot coordinates; CI exclusion of zero is not the Bonferroni decision."
S05_lobule_Right_VIIIb,S05,Right_VIIIb,Right,diagnostic group,"SUIT native cerebellar GM volumes, functional parcels and VBM",lower,Cohen_d,-0.13,-0.22,-0.05,I2=0%; CI transcribed from published image; study Bonferroni threshold .00064,983 schizophrenia spectrum;1349 controls,mixed; medication status covariate/moderator,age 16-66; cross-sectional,Supplementary Figure2; DOCX word/media/image3.png,"Published rounded labels, not digitized plot coordinates; CI exclusion of zero is not the Bonferroni decision."
S05_lobule_Right_V,S05,Right_V,Right,diagnostic group,"SUIT native cerebellar GM volumes, functional parcels and VBM",lower,Cohen_d,-0.12,-0.2,-0.03,I2=0%; CI transcribed from published image; study Bonferroni threshold .00064,983 schizophrenia spectrum;1349 controls,mixed; medication status covariate/moderator,age 16-66; cross-sectional,Supplementary Figure2; DOCX word/media/image3.png,"Published rounded labels, not digitized plot coordinates; CI exclusion of zero is not the Bonferroni decision."
S05_lobule_Left_V,S05,Left_V,Left,diagnostic group,"SUIT native cerebellar GM volumes, functional parcels and VBM",lower,Cohen_d,-0.11,-0.2,-0.03,I2=0.02%; CI transcribed from published image; study Bonferroni threshold .00064,983 schizophrenia spectrum;1349 controls,mixed; medication status covariate/moderator,age 16-66; cross-sectional,Supplementary Figure2; DOCX word/media/image3.png,"Published rounded labels, not digitized plot coordinates; CI exclusion of zero is not the Bonferroni decision."
S05_lobule_Left_I_IV,S05,Left_I_IV,Left,diagnostic group,"SUIT native cerebellar GM volumes, functional parcels and VBM",CI_includes_zero,Cohen_d,-0.08,-0.16,0.01,I2=0.01%; CI transcribed from published image; study Bonferroni threshold .00064,983 schizophrenia spectrum;1349 controls,mixed; medication status covariate/moderator,age 16-66; cross-sectional,Supplementary Figure2; DOCX word/media/image3.png,"Published rounded labels, not digitized plot coordinates; CI exclusion of zero is not the Bonferroni decision."
S05_lobule_Right_I_IV,S05,Right_I_IV,Right,diagnostic group,"SUIT native cerebellar GM volumes, functional parcels and VBM",CI_includes_zero,Cohen_d,-0.04,-0.12,0.05,I2=0%; CI transcribed from published image; study Bonferroni threshold .00064,983 schizophrenia spectrum;1349 controls,mixed; medication status covariate/moderator,age 16-66; cross-sectional,Supplementary Figure2; DOCX word/media/image3.png,"Published rounded labels, not digitized plot coordinates; CI exclusion of zero is not the Bonferroni decision."
S05_lobule_Vermis_Crus_I,S05,Vermis_Crus_I,Vermis,diagnostic group,"SUIT native cerebellar GM volumes, functional parcels and VBM",CI_includes_zero,Cohen_d,0,-0.08,0.09,I2=0%; CI transcribed from published image; study Bonferroni threshold .00064,983 schizophrenia spectrum;1349 controls,mixed; medication status covariate/moderator,age 16-66; cross-sectional,Supplementary Figure2; DOCX word/media/image3.png,"Published rounded labels, not digitized plot coordinates; CI exclusion of zero is not the Bonferroni decision."
S22_anterior_without_whole_adjustment,S22,anterior group,bilateral,SCZ versus HC,FreeSurfer25 nuclei; six groups; site/ICV/age/age2/sex adjusted; whole-thalamus adjustment separate,no_positive_claim_from_text,qualitative,,,,multiple-comparison adjusted; individual nucleus d not extracted,600 SCZ;1150 controls in SCZ contrast; other diagnoses separate,mixed; not causal treatment contrast,mixed clinical stages,Results case-control groups; Figure2a,Whole-thalamus-adjusted results express relative regional sparing; do not recode relative enlargement as absolute volume increase.
S22_anterior_whole_adjusted,S22,anterior group,bilateral,SCZ versus HC,FreeSurfer25 nuclei; six groups; site/ICV/age/age2/sex adjusted; whole-thalamus adjustment separate,no_positive_claim_from_text,qualitative,,,,multiple-comparison adjusted; individual nucleus d not extracted,600 SCZ;1150 controls in SCZ contrast; other diagnoses separate,mixed; not causal treatment contrast,mixed clinical stages,Results case-control groups; Figure2b,Whole-thalamus-adjusted results express relative regional sparing; do not recode relative enlargement as absolute volume increase.
S22_lateral_without_whole_adjustment,S22,lateral group,bilateral,SCZ versus HC,FreeSurfer25 nuclei; six groups; site/ICV/age/age2/sex adjusted; whole-thalamus adjustment separate,lower,qualitative,,,,multiple-comparison adjusted; individual nucleus d not extracted,600 SCZ;1150 controls in SCZ contrast; other diagnoses separate,mixed; not causal treatment contrast,mixed clinical stages,Results case-control groups; Figure2a,Whole-thalamus-adjusted results express relative regional sparing; do not recode relative enlargement as absolute volume increase.
S22_lateral_whole_adjusted,S22,lateral group,bilateral,SCZ versus HC,FreeSurfer25 nuclei; six groups; site/ICV/age/age2/sex adjusted; whole-thalamus adjustment separate,lower,qualitative,,,,multiple-comparison adjusted; individual nucleus d not extracted,600 SCZ;1150 controls in SCZ contrast; other diagnoses separate,mixed; not causal treatment contrast,mixed clinical stages,Results case-control groups; Figure2b,Whole-thalamus-adjusted results express relative regional sparing; do not recode relative enlargement as absolute volume increase.
S22_ventral_without_whole_adjustment,S22,ventral group,bilateral,SCZ versus HC,FreeSurfer25 nuclei; six groups; site/ICV/age/age2/sex adjusted; whole-thalamus adjustment separate,no_positive_claim_from_text,qualitative,,,,multiple-comparison adjusted; individual nucleus d not extracted,600 SCZ;1150 controls in SCZ contrast; other diagnoses separate,mixed; not causal treatment contrast,mixed clinical stages,Results case-control groups; Figure2a,Whole-thalamus-adjusted results express relative regional sparing; do not recode relative enlargement as absolute volume increase.
S22_ventral_whole_adjusted,S22,ventral group,bilateral,SCZ versus HC,FreeSurfer25 nuclei; six groups; site/ICV/age/age2/sex adjusted; whole-thalamus adjustment separate,relative_higher,qualitative,,,,multiple-comparison adjusted; individual nucleus d not extracted,600 SCZ;1150 controls in SCZ contrast; other diagnoses separate,mixed; not causal treatment contrast,mixed clinical stages,Results case-control groups; Figure2b,Whole-thalamus-adjusted results express relative regional sparing; do not recode relative enlargement as absolute volume increase.
S22_intralaminar_without_whole_adjustment,S22,intralaminar group,bilateral,SCZ versus HC,FreeSurfer25 nuclei; six groups; site/ICV/age/age2/sex adjusted; whole-thalamus adjustment separate,no_positive_claim_from_text,qualitative,,,,multiple-comparison adjusted; individual nucleus d not extracted,600 SCZ;1150 controls in SCZ contrast; other diagnoses separate,mixed; not causal treatment contrast,mixed clinical stages,Results case-control groups; Figure2a,Whole-thalamus-adjusted results express relative regional sparing; do not recode relative enlargement as absolute volume increase.
S22_intralaminar_whole_adjusted,S22,intralaminar group,bilateral,SCZ versus HC,FreeSurfer25 nuclei; six groups; site/ICV/age/age2/sex adjusted; whole-thalamus adjustment separate,relative_higher,qualitative,,,,multiple-comparison adjusted; individual nucleus d not extracted,600 SCZ;1150 controls in SCZ contrast; other diagnoses separate,mixed; not causal treatment contrast,mixed clinical stages,Results case-control groups; Figure2b,Whole-thalamus-adjusted results express relative regional sparing; do not recode relative enlargement as absolute volume increase.
S22_medial_without_whole_adjustment,S22,medial group,bilateral,SCZ versus HC,FreeSurfer25 nuclei; six groups; site/ICV/age/age2/sex adjusted; whole-thalamus adjustment separate,lower,qualitative,,,,multiple-comparison adjusted; individual nucleus d not extracted,600 SCZ;1150 controls in SCZ contrast; other diagnoses separate,mixed; not causal treatment contrast,mixed clinical stages,Results case-control groups; Figure2a,Whole-thalamus-adjusted results express relative regional sparing; do not recode relative enlargement as absolute volume increase.
S22_medial_whole_adjusted,S22,medial group,bilateral,SCZ versus HC,FreeSurfer25 nuclei; six groups; site/ICV/age/age2/sex adjusted; whole-thalamus adjustment separate,lower,qualitative,,,,multiple-comparison adjusted; individual nucleus d not extracted,600 SCZ;1150 controls in SCZ contrast; other diagnoses separate,mixed; not causal treatment contrast,mixed clinical stages,Results case-control groups; Figure2b,Whole-thalamus-adjusted results express relative regional sparing; do not recode relative enlargement as absolute volume increase.
S22_posterior_without_whole_adjustment,S22,posterior group,bilateral,SCZ versus HC,FreeSurfer25 nuclei; six groups; site/ICV/age/age2/sex adjusted; whole-thalamus adjustment separate,lower,qualitative,,,,multiple-comparison adjusted; individual nucleus d not extracted,600 SCZ;1150 controls in SCZ contrast; other diagnoses separate,mixed; not causal treatment contrast,mixed clinical stages,Results case-control groups; Figure2a,Whole-thalamus-adjusted results express relative regional sparing; do not recode relative enlargement as absolute volume increase.
S22_posterior_whole_adjusted,S22,posterior group,bilateral,SCZ versus HC,FreeSurfer25 nuclei; six groups; site/ICV/age/age2/sex adjusted; whole-thalamus adjustment separate,no_positive_claim_from_text,qualitative,,,,multiple-comparison adjusted; individual nucleus d not extracted,600 SCZ;1150 controls in SCZ contrast; other diagnoses separate,mixed; not causal treatment contrast,mixed clinical stages,Results case-control groups; Figure2b,Whole-thalamus-adjusted results express relative regional sparing; do not recode relative enlargement as absolute volume increase.
S23_MDm_R,S23,MDm_R,R,SCZ with persistent AH vs matched HC,FreeSurfer individual thalamic nuclear volumes,lower,Cohen_d,-0.74,,,p=1.62e-4;CI not reported in extracted results,schizophrenia with/without auditory hallucinations and matched controls,clinical medication context; not randomized,persistent auditory hallucinations analyzed separately,Table3; Results3.3-3.4; internal PuI direction inconsistency retained,Subtype-specific; not the general schizophrenia population.
S23_MDm_L,S23,MDm_L,L,SCZ with persistent AH vs matched HC,FreeSurfer individual thalamic nuclear volumes,lower,Cohen_d,-0.679,,,p=1.78e-4;CI not reported in extracted results,schizophrenia with/without auditory hallucinations and matched controls,clinical medication context; not randomized,persistent auditory hallucinations analyzed separately,Table3; Results3.3-3.4; internal PuI direction inconsistency retained,Subtype-specific; not the general schizophrenia population.
S23_MDl_R,S23,MDl_R,R,SCZ with persistent AH vs matched HC,FreeSurfer individual thalamic nuclear volumes,lower,Cohen_d,-0.683,,,p=2.40e-4;CI not reported in extracted results,schizophrenia with/without auditory hallucinations and matched controls,clinical medication context; not randomized,persistent auditory hallucinations analyzed separately,Table3; Results3.3-3.4; internal PuI direction inconsistency retained,Subtype-specific; not the general schizophrenia population.
S23_MDl_L,S23,MDl_L,L,SCZ with persistent AH vs matched HC,FreeSurfer individual thalamic nuclear volumes,lower,Cohen_d,-0.748,,,p=1.05e-5;CI not reported in extracted results,schizophrenia with/without auditory hallucinations and matched controls,clinical medication context; not randomized,persistent auditory hallucinations analyzed separately,Table3; Results3.3-3.4; internal PuI direction inconsistency retained,Subtype-specific; not the general schizophrenia population.
S23_PuA_R,S23,PuA_R,R,SCZ with persistent AH vs matched HC,FreeSurfer individual thalamic nuclear volumes,lower,Cohen_d,-0.668,,,p=2.69e-4;CI not reported in extracted results,schizophrenia with/without auditory hallucinations and matched controls,clinical medication context; not randomized,persistent auditory hallucinations analyzed separately,Table3; Results3.3-3.4; internal PuI direction inconsistency retained,Subtype-specific; not the general schizophrenia population.
S23_PuA_L,S23,PuA_L,L,SCZ with persistent AH vs matched HC,FreeSurfer individual thalamic nuclear volumes,lower,Cohen_d,-0.461,,,p=.003;CI not reported in extracted results,schizophrenia with/without auditory hallucinations and matched controls,clinical medication context; not randomized,persistent auditory hallucinations analyzed separately,Table3; Results3.3-3.4; internal PuI direction inconsistency retained,Subtype-specific; not the general schizophrenia population.
S23_MGN_R,S23,MGN_R,R,SCZ with persistent AH vs matched HC,FreeSurfer individual thalamic nuclear volumes,lower,Cohen_d,-0.82,,,p=2.34e-6;CI not reported in extracted results,schizophrenia with/without auditory hallucinations and matched controls,clinical medication context; not randomized,persistent auditory hallucinations analyzed separately,Table3; Results3.3-3.4; internal PuI direction inconsistency retained,Subtype-specific; not the general schizophrenia population.
S23_PuI_conflict,S23,left inferior pulvinar,L,diagnostic group,FreeSurfer individual thalamic nuclear volumes,source_internal_direction_conflict,reported_d_and_table_means_conflict_with_prose,,,,reported d=+0.551 but prose says reduction,schizophrenia with/without auditory hallucinations and matched controls,clinical medication context; not randomized,persistent auditory hallucinations analyzed separately,Table3; Results3.3-3.4; internal PuI direction inconsistency retained,Table3:HC249.715;AH278.933;nonAH291.347. Means and positive d imply higher volume. No signed generator parameter from this inconsistent passage.
S23_LGN_nonAH,S23,left LGN,L,SCZ without AH vs HC,FreeSurfer individual thalamic nuclear volumes,higher,Cohen_d,0.497,,,p=.005;CI not extracted,schizophrenia with/without auditory hallucinations and matched controls,clinical medication context; not randomized,persistent auditory hallucinations analyzed separately,Table3; Results3.3-3.4; internal PuI direction inconsistency retained,With-AH group did not differ from HC; separate diagnostic-subtype result.
S24_VTA_signal,S24,VTA neuromelanin signal,bilateral,diagnostic group,neuromelanin-sensitive VTA/SNc signal; not GM probability/intensity,lower,qualitative,,,,p=.010; no GM volume effect,14 schizophrenia;22 controls,clinical cohort; not established in extracted abstract,clinical schizophrenia,Abstract,NM-specific contrast cannot determine preprocessed GM image intensity direction.
S24_SNc_signal,S24,SN pars compacta neuromelanin signal,bilateral,diagnostic group,neuromelanin-sensitive VTA/SNc signal; not GM probability/intensity,no_detected_difference,qualitative,,,,p=.84,14 schizophrenia;22 controls,clinical cohort; not established in extracted abstract,clinical schizophrenia,Abstract,Different MRI contrast; no inference about GM volume.
