space,column_index,label_id,feature_name,unit,measurement,coverage_status,source_ids,evidence_ids,observed_source_directions,source_measurements,exact_target_measurement_effect_available,numeric_generator_effect_assigned,conflict_or_context_note,coverage_limit
FIRST,0,10,Left_Thalamus,mm3,FSL_FIRST_boundary_corrected_volume,direct,S01;S06,S01_Thalamus;S06_naive_Thalamus,lower,"FreeSurfer subcortical volume adjusted for age, sex and ICV;MRI regional volumes; heterogeneous segmentation; bilateral combined",False,False,,"Named or broader anatomical evidence audited; no claim that literature is exhausted. Empty exact effect is unknown, not zero."
FIRST,1,49,Right_Thalamus,mm3,FSL_FIRST_boundary_corrected_volume,direct,S01;S06,S01_Thalamus;S06_naive_Thalamus,lower,"FreeSurfer subcortical volume adjusted for age, sex and ICV;MRI regional volumes; heterogeneous segmentation; bilateral combined",False,False,,"Named or broader anatomical evidence audited; no claim that literature is exhausted. Empty exact effect is unknown, not zero."
FIRST,2,11,Left_Caudate,mm3,FSL_FIRST_boundary_corrected_volume,conflicting,S01;S06;S17,S01_Caudate;S06_naive_Caudate;S17_subtype2,higher;lower;no_detected_difference,"FreeSurfer subcortical volume adjusted for age, sex and ICV;MRI regional volumes; heterogeneous segmentation; bilateral combined;regional GM/WM/CSF volume; data-derived subtype associations",False,False,"Direction/evidence depends on medication, stage, subtype and endpoint; pooled null or nominal effect retained.","Named or broader anatomical evidence audited; no claim that literature is exhausted. Empty exact effect is unknown, not zero."
FIRST,3,50,Right_Caudate,mm3,FSL_FIRST_boundary_corrected_volume,conflicting,S01;S06;S17,S01_Caudate;S06_naive_Caudate;S17_subtype2,higher;lower;no_detected_difference,"FreeSurfer subcortical volume adjusted for age, sex and ICV;MRI regional volumes; heterogeneous segmentation; bilateral combined;regional GM/WM/CSF volume; data-derived subtype associations",False,False,"Direction/evidence depends on medication, stage, subtype and endpoint; pooled null or nominal effect retained.","Named or broader anatomical evidence audited; no claim that literature is exhausted. Empty exact effect is unknown, not zero."
FIRST,4,12,Left_Putamen,mm3,FSL_FIRST_boundary_corrected_volume,conflicting,S01;S12;S17,S01_Putamen;S12_Putamen;S17_subtype2,higher;no_detected_difference,"FreeSurfer subcortical volume adjusted for age, sex and ICV;QSM/R2* and manually delineated regional volumes are separate endpoints;regional GM/WM/CSF volume; data-derived subtype associations",False,False,"Direction/evidence depends on medication, stage, subtype and endpoint; pooled null or nominal effect retained.","Named or broader anatomical evidence audited; no claim that literature is exhausted. Empty exact effect is unknown, not zero."
FIRST,5,51,Right_Putamen,mm3,FSL_FIRST_boundary_corrected_volume,conflicting,S01;S12;S17,S01_Putamen;S12_Putamen;S17_subtype2,higher;no_detected_difference,"FreeSurfer subcortical volume adjusted for age, sex and ICV;QSM/R2* and manually delineated regional volumes are separate endpoints;regional GM/WM/CSF volume; data-derived subtype associations",False,False,"Direction/evidence depends on medication, stage, subtype and endpoint; pooled null or nominal effect retained.","Named or broader anatomical evidence audited; no claim that literature is exhausted. Empty exact effect is unknown, not zero."
FIRST,6,13,Left_Pallidum,mm3,FSL_FIRST_boundary_corrected_volume,conflicting,S01;S17,S01_Pallidum;S17_subtype2,higher;nominal_higher_not_Bonferroni_significant,"FreeSurfer subcortical volume adjusted for age, sex and ICV;regional GM/WM/CSF volume; data-derived subtype associations",False,False,"Direction/evidence depends on medication, stage, subtype and endpoint; pooled null or nominal effect retained.","Named or broader anatomical evidence audited; no claim that literature is exhausted. Empty exact effect is unknown, not zero."
FIRST,7,52,Right_Pallidum,mm3,FSL_FIRST_boundary_corrected_volume,conflicting,S01;S17;S18,S01_Pallidum;S18_pallidal_treatment;S17_subtype2,higher;nominal_higher_not_Bonferroni_significant;treatment_increase_placebo_decrease,"FreeSurfer subcortical volume adjusted for age, sex and ICV;VBM pallidal GM volume cluster; treatment-time interaction;regional GM/WM/CSF volume; data-derived subtype associations",False,False,"Direction/evidence depends on medication, stage, subtype and endpoint; pooled null or nominal effect retained.","Named or broader anatomical evidence audited; no claim that literature is exhausted. Empty exact effect is unknown, not zero."
FIRST,8,16,BrainStem,mm3,FSL_FIRST_boundary_corrected_volume,extrapolated,S07,S07_BrainStem,lower,MRI segmented subcortical and brainstem volume,False,False,,"Named or broader anatomical evidence audited; no claim that literature is exhausted. Empty exact effect is unknown, not zero."
FIRST,9,17,Left_Hippocampus,mm3,FSL_FIRST_boundary_corrected_volume,direct,S01;S06,S01_Hippocampus;S06_naive_Hippocampus,lower,"FreeSurfer subcortical volume adjusted for age, sex and ICV;MRI regional volumes; heterogeneous segmentation; bilateral combined",False,False,,"Named or broader anatomical evidence audited; no claim that literature is exhausted. Empty exact effect is unknown, not zero."
FIRST,10,53,Right_Hippocampus,mm3,FSL_FIRST_boundary_corrected_volume,direct,S01;S06,S01_Hippocampus;S06_naive_Hippocampus,lower,"FreeSurfer subcortical volume adjusted for age, sex and ICV;MRI regional volumes; heterogeneous segmentation; bilateral combined",False,False,,"Named or broader anatomical evidence audited; no claim that literature is exhausted. Empty exact effect is unknown, not zero."
FIRST,11,18,Left_Amygdala,mm3,FSL_FIRST_boundary_corrected_volume,direct,S01,S01_Amygdala,lower,"FreeSurfer subcortical volume adjusted for age, sex and ICV",False,False,,"Named or broader anatomical evidence audited; no claim that literature is exhausted. Empty exact effect is unknown, not zero."
FIRST,12,54,Right_Amygdala,mm3,FSL_FIRST_boundary_corrected_volume,direct,S01,S01_Amygdala,lower,"FreeSurfer subcortical volume adjusted for age, sex and ICV",False,False,,"Named or broader anatomical evidence audited; no claim that literature is exhausted. Empty exact effect is unknown, not zero."
FIRST,13,26,Left_Accumbens,mm3,FSL_FIRST_boundary_corrected_volume,direct,S01,S01_Accumbens,lower,"FreeSurfer subcortical volume adjusted for age, sex and ICV",False,False,,"Named or broader anatomical evidence audited; no claim that literature is exhausted. Empty exact effect is unknown, not zero."
FIRST,14,58,Right_Accumbens,mm3,FSL_FIRST_boundary_corrected_volume,direct,S01,S01_Accumbens,lower,"FreeSurfer subcortical volume adjusted for age, sex and ICV",False,False,,"Named or broader anatomical evidence audited; no claim that literature is exhausted. Empty exact effect is unknown, not zero."
AAL3,0,1,Precentral_L,arbitrary_image_intensity,mean_preprocessed_gray_matter_image_intensity,extrapolated,S02;S03;S06,S06_Frontal_GM;S02_Precentral_thickness;S02_Precentral_surface_area;S03_Lfrontal,lower,FreeSurfer Desikan-Killiany cortical thickness and surface area;MRI regional volumes; heterogeneous segmentation; bilateral combined;voxel-based GM volume; cluster peak SDM-Z,False,False,,"Named or broader anatomical evidence audited; no claim that literature is exhausted. Empty exact effect is unknown, not zero."
AAL3,1,2,Precentral_R,arbitrary_image_intensity,mean_preprocessed_gray_matter_image_intensity,extrapolated,S02;S03;S06,S06_Frontal_GM;S02_Precentral_thickness;S02_Precentral_surface_area;S03_Rtemporal,lower,FreeSurfer Desikan-Killiany cortical thickness and surface area;MRI regional volumes; heterogeneous segmentation; bilateral combined;voxel-based GM volume; cluster peak SDM-Z,False,False,,"Named or broader anatomical evidence audited; no claim that literature is exhausted. Empty exact effect is unknown, not zero."
AAL3,2,3,Frontal_Sup_2_L,arbitrary_image_intensity,mean_preprocessed_gray_matter_image_intensity,extrapolated,S02;S06,S06_Frontal_GM;S06_Superior_Frontal;S02_Frontal_Sup_2_thickness;S02_Frontal_Sup_2_surface_area,lower,FreeSurfer Desikan-Killiany cortical thickness and surface area;MRI regional volumes; heterogeneous segmentation; bilateral combined,False,False,,"Named or broader anatomical evidence audited; no claim that literature is exhausted. Empty exact effect is unknown, not zero."
AAL3,3,4,Frontal_Sup_2_R,arbitrary_image_intensity,mean_preprocessed_gray_matter_image_intensity,extrapolated,S02;S06,S06_Frontal_GM;S06_Superior_Frontal;S02_Frontal_Sup_2_thickness;S02_Frontal_Sup_2_surface_area,lower,FreeSurfer Desikan-Killiany cortical thickness and surface area;MRI regional volumes; heterogeneous segmentation; bilateral combined,False,False,,"Named or broader anatomical evidence audited; no claim that literature is exhausted. Empty exact effect is unknown, not zero."
AAL3,4,5,Frontal_Mid_2_L,arbitrary_image_intensity,mean_preprocessed_gray_matter_image_intensity,extrapolated,S02;S06,S06_Frontal_GM;S06_Middle_Frontal;S02_Frontal_Mid_2_thickness;S02_Frontal_Mid_2_surface_area,lower,FreeSurfer Desikan-Killiany cortical thickness and surface area;MRI regional volumes; heterogeneous segmentation; bilateral combined,False,False,,"Named or broader anatomical evidence audited; no claim that literature is exhausted. Empty exact effect is unknown, not zero."
AAL3,5,6,Frontal_Mid_2_R,arbitrary_image_intensity,mean_preprocessed_gray_matter_image_intensity,extrapolated,S02;S06,S06_Frontal_GM;S06_Middle_Frontal;S02_Frontal_Mid_2_thickness;S02_Frontal_Mid_2_surface_area,lower,FreeSurfer Desikan-Killiany cortical thickness and surface area;MRI regional volumes; heterogeneous segmentation; bilateral combined,False,False,,"Named or broader anatomical evidence audited; no claim that literature is exhausted. Empty exact effect is unknown, not zero."
AAL3,6,7,Frontal_Inf_Oper_L,arbitrary_image_intensity,mean_preprocessed_gray_matter_image_intensity,extrapolated,S02;S03;S06,S06_Inferior_Frontal;S02_Frontal_Inf_Oper_thickness;S02_Frontal_Inf_Oper_surface_area;S03_Lfrontal,lower,FreeSurfer Desikan-Killiany cortical thickness and surface area;MRI regional volumes; heterogeneous segmentation; bilateral combined;voxel-based GM volume; cluster peak SDM-Z,False,False,,"Named or broader anatomical evidence audited; no claim that literature is exhausted. Empty exact effect is unknown, not zero."
AAL3,7,8,Frontal_Inf_Oper_R,arbitrary_image_intensity,mean_preprocessed_gray_matter_image_intensity,extrapolated,S02;S03;S06,S06_Inferior_Frontal;S02_Frontal_Inf_Oper_thickness;S02_Frontal_Inf_Oper_surface_area;S03_Rtemporal,lower,FreeSurfer Desikan-Killiany cortical thickness and surface area;MRI regional volumes; heterogeneous segmentation; bilateral combined;voxel-based GM volume; cluster peak SDM-Z,False,False,,"Named or broader anatomical evidence audited; no claim that literature is exhausted. Empty exact effect is unknown, not zero."
AAL3,8,9,Frontal_Inf_Tri_L,arbitrary_image_intensity,mean_preprocessed_gray_matter_image_intensity,extrapolated,S02;S03;S06,S06_Inferior_Frontal;S02_Frontal_Inf_Tri_thickness;S02_Frontal_Inf_Tri_surface_area;S03_Lfrontal,lower,FreeSurfer Desikan-Killiany cortical thickness and surface area;MRI regional volumes; heterogeneous segmentation; bilateral combined;voxel-based GM volume; cluster peak SDM-Z,False,False,,"Named or broader anatomical evidence audited; no claim that literature is exhausted. Empty exact effect is unknown, not zero."
AAL3,9,10,Frontal_Inf_Tri_R,arbitrary_image_intensity,mean_preprocessed_gray_matter_image_intensity,extrapolated,S02;S03;S06,S06_Inferior_Frontal;S02_Frontal_Inf_Tri_thickness;S02_Frontal_Inf_Tri_surface_area;S03_Rtemporal,lower,FreeSurfer Desikan-Killiany cortical thickness and surface area;MRI regional volumes; heterogeneous segmentation; bilateral combined;voxel-based GM volume; cluster peak SDM-Z,False,False,,"Named or broader anatomical evidence audited; no claim that literature is exhausted. Empty exact effect is unknown, not zero."
AAL3,10,11,Frontal_Inf_Orb_2_L,arbitrary_image_intensity,mean_preprocessed_gray_matter_image_intensity,extrapolated,S02;S03;S06,S06_Inferior_Frontal;S02_Frontal_Inf_Orb_2_thickness;S02_Frontal_Inf_Orb_2_surface_area;S03_Lfrontal,lower,FreeSurfer Desikan-Killiany cortical thickness and surface area;MRI regional volumes; heterogeneous segmentation; bilateral combined;voxel-based GM volume; cluster peak SDM-Z,False,False,,"Named or broader anatomical evidence audited; no claim that literature is exhausted. Empty exact effect is unknown, not zero."
AAL3,11,12,Frontal_Inf_Orb_2_R,arbitrary_image_intensity,mean_preprocessed_gray_matter_image_intensity,extrapolated,S02;S03;S06,S06_Inferior_Frontal;S02_Frontal_Inf_Orb_2_thickness;S02_Frontal_Inf_Orb_2_surface_area;S03_Rtemporal,lower,FreeSurfer Desikan-Killiany cortical thickness and surface area;MRI regional volumes; heterogeneous segmentation; bilateral combined;voxel-based GM volume; cluster peak SDM-Z,False,False,,"Named or broader anatomical evidence audited; no claim that literature is exhausted. Empty exact effect is unknown, not zero."
AAL3,12,13,Rolandic_Oper_L,arbitrary_image_intensity,mean_preprocessed_gray_matter_image_intensity,extrapolated,S06,S06_Frontal_GM,lower,MRI regional volumes; heterogeneous segmentation; bilateral combined,False,False,,"Named or broader anatomical evidence audited; no claim that literature is exhausted. Empty exact effect is unknown, not zero."
AAL3,13,14,Rolandic_Oper_R,arbitrary_image_intensity,mean_preprocessed_gray_matter_image_intensity,extrapolated,S06,S06_Frontal_GM,lower,MRI regional volumes; heterogeneous segmentation; bilateral combined,False,False,,"Named or broader anatomical evidence audited; no claim that literature is exhausted. Empty exact effect is unknown, not zero."
AAL3,14,15,Supp_Motor_Area_L,arbitrary_image_intensity,mean_preprocessed_gray_matter_image_intensity,extrapolated,S02;S06,S06_Frontal_GM;S02_Supp_Motor_Area_thickness;S02_Supp_Motor_Area_surface_area,lower,FreeSurfer Desikan-Killiany cortical thickness and surface area;MRI regional volumes; heterogeneous segmentation; bilateral combined,False,False,,"Named or broader anatomical evidence audited; no claim that literature is exhausted. Empty exact effect is unknown, not zero."
AAL3,15,16,Supp_Motor_Area_R,arbitrary_image_intensity,mean_preprocessed_gray_matter_image_intensity,extrapolated,S02;S06,S06_Frontal_GM;S02_Supp_Motor_Area_thickness;S02_Supp_Motor_Area_surface_area,lower,FreeSurfer Desikan-Killiany cortical thickness and surface area;MRI regional volumes; heterogeneous segmentation; bilateral combined,False,False,,"Named or broader anatomical evidence audited; no claim that literature is exhausted. Empty exact effect is unknown, not zero."
AAL3,16,17,Olfactory_L,arbitrary_image_intensity,mean_preprocessed_gray_matter_image_intensity,extrapolated,S20,S20_olfactory,lower,SPM8 DARTEL modulated GM volume maps;8mm smoothing,False,False,,"Named or broader anatomical evidence audited; no claim that literature is exhausted. Empty exact effect is unknown, not zero."
AAL3,17,18,Olfactory_R,arbitrary_image_intensity,mean_preprocessed_gray_matter_image_intensity,extrapolated,S20;S21,S20_olfactory;S21_olfactory_sulcus,lower,SPM8 DARTEL modulated GM volume maps;8mm smoothing;right olfactory/medial orbital sulcus cortical thickness,False,False,,"Named or broader anatomical evidence audited; no claim that literature is exhausted. Empty exact effect is unknown, not zero."
AAL3,18,19,Frontal_Sup_Medial_L,arbitrary_image_intensity,mean_preprocessed_gray_matter_image_intensity,extrapolated,S02;S03;S06,S06_Superior_Frontal;S02_Frontal_Sup_Medial_thickness;S02_Frontal_Sup_Medial_surface_area;S03_ACC,lower,FreeSurfer Desikan-Killiany cortical thickness and surface area;MRI regional volumes; heterogeneous segmentation; bilateral combined;voxel-based GM volume; cluster peak SDM-Z,False,False,,"Named or broader anatomical evidence audited; no claim that literature is exhausted. Empty exact effect is unknown, not zero."
AAL3,19,20,Frontal_Sup_Medial_R,arbitrary_image_intensity,mean_preprocessed_gray_matter_image_intensity,extrapolated,S02;S06,S06_Superior_Frontal;S02_Frontal_Sup_Medial_thickness;S02_Frontal_Sup_Medial_surface_area,lower,FreeSurfer Desikan-Killiany cortical thickness and surface area;MRI regional volumes; heterogeneous segmentation; bilateral combined,False,False,,"Named or broader anatomical evidence audited; no claim that literature is exhausted. Empty exact effect is unknown, not zero."
AAL3,20,21,Frontal_Med_Orb_L,arbitrary_image_intensity,mean_preprocessed_gray_matter_image_intensity,extrapolated,S02;S06,S06_Orbitofrontal;S02_Frontal_Med_Orb_thickness;S02_Frontal_Med_Orb_surface_area,lower,FreeSurfer Desikan-Killiany cortical thickness and surface area;MRI regional volumes; heterogeneous segmentation; bilateral combined,False,False,,"Named or broader anatomical evidence audited; no claim that literature is exhausted. Empty exact effect is unknown, not zero."
AAL3,21,22,Frontal_Med_Orb_R,arbitrary_image_intensity,mean_preprocessed_gray_matter_image_intensity,extrapolated,S02;S03;S06,S06_Orbitofrontal;S02_Frontal_Med_Orb_thickness;S02_Frontal_Med_Orb_surface_area;S03_ACC,lower,FreeSurfer Desikan-Killiany cortical thickness and surface area;MRI regional volumes; heterogeneous segmentation; bilateral combined;voxel-based GM volume; cluster peak SDM-Z,False,False,,"Named or broader anatomical evidence audited; no claim that literature is exhausted. Empty exact effect is unknown, not zero."
AAL3,22,23,Rectus_L,arbitrary_image_intensity,mean_preprocessed_gray_matter_image_intensity,extrapolated,S02;S06,S06_Orbitofrontal;S02_Rectus_thickness;S02_Rectus_surface_area,lower,FreeSurfer Desikan-Killiany cortical thickness and surface area;MRI regional volumes; heterogeneous segmentation; bilateral combined,False,False,,"Named or broader anatomical evidence audited; no claim that literature is exhausted. Empty exact effect is unknown, not zero."
AAL3,23,24,Rectus_R,arbitrary_image_intensity,mean_preprocessed_gray_matter_image_intensity,extrapolated,S02;S03;S06,S06_Orbitofrontal;S02_Rectus_thickness;S02_Rectus_surface_area;S03_ACC,lower,FreeSurfer Desikan-Killiany cortical thickness and surface area;MRI regional volumes; heterogeneous segmentation; bilateral combined;voxel-based GM volume; cluster peak SDM-Z,False,False,,"Named or broader anatomical evidence audited; no claim that literature is exhausted. Empty exact effect is unknown, not zero."
AAL3,24,25,OFCmed_L,arbitrary_image_intensity,mean_preprocessed_gray_matter_image_intensity,extrapolated,S02;S06,S06_Orbitofrontal;S02_OFCmed_thickness;S02_OFCmed_surface_area,lower,FreeSurfer Desikan-Killiany cortical thickness and surface area;MRI regional volumes; heterogeneous segmentation; bilateral combined,False,False,,"Named or broader anatomical evidence audited; no claim that literature is exhausted. Empty exact effect is unknown, not zero."
AAL3,25,26,OFCmed_R,arbitrary_image_intensity,mean_preprocessed_gray_matter_image_intensity,extrapolated,S02;S06;S21,S06_Orbitofrontal;S02_OFCmed_thickness;S02_OFCmed_surface_area;S21_olfactory_sulcus,lower,FreeSurfer Desikan-Killiany cortical thickness and surface area;MRI regional volumes; heterogeneous segmentation; bilateral combined;right olfactory/medial orbital sulcus cortical thickness,False,False,,"Named or broader anatomical evidence audited; no claim that literature is exhausted. Empty exact effect is unknown, not zero."
AAL3,26,27,OFCant_L,arbitrary_image_intensity,mean_preprocessed_gray_matter_image_intensity,extrapolated,S02;S06,S06_Orbitofrontal;S02_OFCant_thickness;S02_OFCant_surface_area,lower,FreeSurfer Desikan-Killiany cortical thickness and surface area;MRI regional volumes; heterogeneous segmentation; bilateral combined,False,False,,"Named or broader anatomical evidence audited; no claim that literature is exhausted. Empty exact effect is unknown, not zero."
AAL3,27,28,OFCant_R,arbitrary_image_intensity,mean_preprocessed_gray_matter_image_intensity,extrapolated,S02;S06;S21,S06_Orbitofrontal;S02_OFCant_thickness;S02_OFCant_surface_area;S21_olfactory_sulcus,lower,FreeSurfer Desikan-Killiany cortical thickness and surface area;MRI regional volumes; heterogeneous segmentation; bilateral combined;right olfactory/medial orbital sulcus cortical thickness,False,False,,"Named or broader anatomical evidence audited; no claim that literature is exhausted. Empty exact effect is unknown, not zero."
AAL3,28,29,OFCpost_L,arbitrary_image_intensity,mean_preprocessed_gray_matter_image_intensity,extrapolated,S02;S06,S06_Orbitofrontal;S02_OFCpost_thickness;S02_OFCpost_surface_area,lower,FreeSurfer Desikan-Killiany cortical thickness and surface area;MRI regional volumes; heterogeneous segmentation; bilateral combined,False,False,,"Named or broader anatomical evidence audited; no claim that literature is exhausted. Empty exact effect is unknown, not zero."
AAL3,29,30,OFCpost_R,arbitrary_image_intensity,mean_preprocessed_gray_matter_image_intensity,extrapolated,S02;S06;S21,S06_Orbitofrontal;S02_OFCpost_thickness;S02_OFCpost_surface_area;S21_olfactory_sulcus,lower,FreeSurfer Desikan-Killiany cortical thickness and surface area;MRI regional volumes; heterogeneous segmentation; bilateral combined;right olfactory/medial orbital sulcus cortical thickness,False,False,,"Named or broader anatomical evidence audited; no claim that literature is exhausted. Empty exact effect is unknown, not zero."
AAL3,30,31,OFClat_L,arbitrary_image_intensity,mean_preprocessed_gray_matter_image_intensity,extrapolated,S02;S06,S06_Orbitofrontal;S02_OFClat_thickness;S02_OFClat_surface_area,lower,FreeSurfer Desikan-Killiany cortical thickness and surface area;MRI regional volumes; heterogeneous segmentation; bilateral combined,False,False,,"Named or broader anatomical evidence audited; no claim that literature is exhausted. Empty exact effect is unknown, not zero."
AAL3,31,32,OFClat_R,arbitrary_image_intensity,mean_preprocessed_gray_matter_image_intensity,extrapolated,S02;S06;S21,S06_Orbitofrontal;S02_OFClat_thickness;S02_OFClat_surface_area;S21_olfactory_sulcus,lower,FreeSurfer Desikan-Killiany cortical thickness and surface area;MRI regional volumes; heterogeneous segmentation; bilateral combined;right olfactory/medial orbital sulcus cortical thickness,False,False,,"Named or broader anatomical evidence audited; no claim that literature is exhausted. Empty exact effect is unknown, not zero."
AAL3,32,33,Insula_L,arbitrary_image_intensity,mean_preprocessed_gray_matter_image_intensity,extrapolated,S02;S03;S06,S06_Insula;S02_Insula_thickness;S02_Insula_surface_area;S03_Lfrontal,lower,FreeSurfer Desikan-Killiany cortical thickness and surface area;MRI regional volumes; heterogeneous segmentation; bilateral combined;voxel-based GM volume; cluster peak SDM-Z,False,False,,"Named or broader anatomical evidence audited; no claim that literature is exhausted. Empty exact effect is unknown, not zero."
AAL3,33,34,Insula_R,arbitrary_image_intensity,mean_preprocessed_gray_matter_image_intensity,extrapolated,S02;S03;S06,S06_Insula;S02_Insula_thickness;S02_Insula_surface_area;S03_Rtemporal,lower,FreeSurfer Desikan-Killiany cortical thickness and surface area;MRI regional volumes; heterogeneous segmentation; bilateral combined;voxel-based GM volume; cluster peak SDM-Z,False,False,,"Named or broader anatomical evidence audited; no claim that literature is exhausted. Empty exact effect is unknown, not zero."
AAL3,34,37,Cingulate_Mid_L,arbitrary_image_intensity,mean_preprocessed_gray_matter_image_intensity,extrapolated,S02;S03,S02_Cingulate_Mid_thickness;S02_Cingulate_Mid_surface_area;S03_ACC,lower,FreeSurfer Desikan-Killiany cortical thickness and surface area;voxel-based GM volume; cluster peak SDM-Z,False,False,,"Named or broader anatomical evidence audited; no claim that literature is exhausted. Empty exact effect is unknown, not zero."
AAL3,35,38,Cingulate_Mid_R,arbitrary_image_intensity,mean_preprocessed_gray_matter_image_intensity,extrapolated,S02;S03,S02_Cingulate_Mid_thickness;S02_Cingulate_Mid_surface_area;S03_ACC,lower,FreeSurfer Desikan-Killiany cortical thickness and surface area;voxel-based GM volume; cluster peak SDM-Z,False,False,,"Named or broader anatomical evidence audited; no claim that literature is exhausted. Empty exact effect is unknown, not zero."
AAL3,36,39,Cingulate_Post_L,arbitrary_image_intensity,mean_preprocessed_gray_matter_image_intensity,extrapolated,S02;S06,S06_Posterior_Cingulate;S02_Cingulate_Post_thickness;S02_Cingulate_Post_surface_area,lower,FreeSurfer Desikan-Killiany cortical thickness and surface area;MRI regional volumes; heterogeneous segmentation; bilateral combined,False,False,,"Named or broader anatomical evidence audited; no claim that literature is exhausted. Empty exact effect is unknown, not zero."
AAL3,37,40,Cingulate_Post_R,arbitrary_image_intensity,mean_preprocessed_gray_matter_image_intensity,extrapolated,S02;S06,S06_Posterior_Cingulate;S02_Cingulate_Post_thickness;S02_Cingulate_Post_surface_area,lower,FreeSurfer Desikan-Killiany cortical thickness and surface area;MRI regional volumes; heterogeneous segmentation; bilateral combined,False,False,,"Named or broader anatomical evidence audited; no claim that literature is exhausted. Empty exact effect is unknown, not zero."
AAL3,38,41,Hippocampus_L,arbitrary_image_intensity,mean_preprocessed_gray_matter_image_intensity,extrapolated,S01;S06,S01_Hippocampus;S06_Hippocampus;S06_naive_Hippocampus,lower,"FreeSurfer subcortical volume adjusted for age, sex and ICV;MRI regional volumes; heterogeneous segmentation; bilateral combined",False,False,,"Named or broader anatomical evidence audited; no claim that literature is exhausted. Empty exact effect is unknown, not zero."
AAL3,39,42,Hippocampus_R,arbitrary_image_intensity,mean_preprocessed_gray_matter_image_intensity,extrapolated,S01;S06,S01_Hippocampus;S06_Hippocampus;S06_naive_Hippocampus,lower,"FreeSurfer subcortical volume adjusted for age, sex and ICV;MRI regional volumes; heterogeneous segmentation; bilateral combined",False,False,,"Named or broader anatomical evidence audited; no claim that literature is exhausted. Empty exact effect is unknown, not zero."
AAL3,40,43,ParaHippocampal_L,arbitrary_image_intensity,mean_preprocessed_gray_matter_image_intensity,extrapolated,S02;S03;S06,S06_Parahippocampal;S02_ParaHippocampal_thickness;S02_ParaHippocampal_surface_area;S03_Lfrontal,lower,FreeSurfer Desikan-Killiany cortical thickness and surface area;MRI regional volumes; heterogeneous segmentation; bilateral combined;voxel-based GM volume; cluster peak SDM-Z,False,False,,"Named or broader anatomical evidence audited; no claim that literature is exhausted. Empty exact effect is unknown, not zero."
AAL3,41,44,ParaHippocampal_R,arbitrary_image_intensity,mean_preprocessed_gray_matter_image_intensity,extrapolated,S02;S03;S06,S06_Parahippocampal;S02_ParaHippocampal_thickness;S02_ParaHippocampal_surface_area;S03_Rtemporal,lower,FreeSurfer Desikan-Killiany cortical thickness and surface area;MRI regional volumes; heterogeneous segmentation; bilateral combined;voxel-based GM volume; cluster peak SDM-Z,False,False,,"Named or broader anatomical evidence audited; no claim that literature is exhausted. Empty exact effect is unknown, not zero."
AAL3,42,45,Amygdala_L,arbitrary_image_intensity,mean_preprocessed_gray_matter_image_intensity,extrapolated,S01;S03;S06,S01_Amygdala;S06_Amygdala;S03_Lfrontal,lower,"FreeSurfer subcortical volume adjusted for age, sex and ICV;MRI regional volumes; heterogeneous segmentation; bilateral combined;voxel-based GM volume; cluster peak SDM-Z",False,False,,"Named or broader anatomical evidence audited; no claim that literature is exhausted. Empty exact effect is unknown, not zero."
AAL3,43,46,Amygdala_R,arbitrary_image_intensity,mean_preprocessed_gray_matter_image_intensity,extrapolated,S01;S03;S06,S01_Amygdala;S06_Amygdala;S03_Rtemporal,lower,"FreeSurfer subcortical volume adjusted for age, sex and ICV;MRI regional volumes; heterogeneous segmentation; bilateral combined;voxel-based GM volume; cluster peak SDM-Z",False,False,,"Named or broader anatomical evidence audited; no claim that literature is exhausted. Empty exact effect is unknown, not zero."
AAL3,44,47,Calcarine_L,arbitrary_image_intensity,mean_preprocessed_gray_matter_image_intensity,extrapolated,S02;S06,S06_Occipital_GM;S02_Calcarine_thickness;S02_Calcarine_surface_area,lower;no_detected_difference,FreeSurfer Desikan-Killiany cortical thickness and surface area;MRI regional volumes; heterogeneous segmentation; bilateral combined,False,False,,"Named or broader anatomical evidence audited; no claim that literature is exhausted. Empty exact effect is unknown, not zero."
AAL3,45,48,Calcarine_R,arbitrary_image_intensity,mean_preprocessed_gray_matter_image_intensity,extrapolated,S02;S06,S06_Occipital_GM;S02_Calcarine_thickness;S02_Calcarine_surface_area,lower;no_detected_difference,FreeSurfer Desikan-Killiany cortical thickness and surface area;MRI regional volumes; heterogeneous segmentation; bilateral combined,False,False,,"Named or broader anatomical evidence audited; no claim that literature is exhausted. Empty exact effect is unknown, not zero."
AAL3,46,49,Cuneus_L,arbitrary_image_intensity,mean_preprocessed_gray_matter_image_intensity,extrapolated,S02;S06,S06_Occipital_GM;S02_Cuneus_thickness;S02_Cuneus_surface_area,lower,FreeSurfer Desikan-Killiany cortical thickness and surface area;MRI regional volumes; heterogeneous segmentation; bilateral combined,False,False,,"Named or broader anatomical evidence audited; no claim that literature is exhausted. Empty exact effect is unknown, not zero."
AAL3,47,50,Cuneus_R,arbitrary_image_intensity,mean_preprocessed_gray_matter_image_intensity,extrapolated,S02;S06,S06_Occipital_GM;S02_Cuneus_thickness;S02_Cuneus_surface_area,lower,FreeSurfer Desikan-Killiany cortical thickness and surface area;MRI regional volumes; heterogeneous segmentation; bilateral combined,False,False,,"Named or broader anatomical evidence audited; no claim that literature is exhausted. Empty exact effect is unknown, not zero."
AAL3,48,51,Lingual_L,arbitrary_image_intensity,mean_preprocessed_gray_matter_image_intensity,extrapolated,S02;S06,S06_Occipital_GM;S02_Lingual_thickness;S02_Lingual_surface_area,lower,FreeSurfer Desikan-Killiany cortical thickness and surface area;MRI regional volumes; heterogeneous segmentation; bilateral combined,False,False,,"Named or broader anatomical evidence audited; no claim that literature is exhausted. Empty exact effect is unknown, not zero."
AAL3,49,52,Lingual_R,arbitrary_image_intensity,mean_preprocessed_gray_matter_image_intensity,extrapolated,S02;S06,S06_Occipital_GM;S02_Lingual_thickness;S02_Lingual_surface_area,lower,FreeSurfer Desikan-Killiany cortical thickness and surface area;MRI regional volumes; heterogeneous segmentation; bilateral combined,False,False,,"Named or broader anatomical evidence audited; no claim that literature is exhausted. Empty exact effect is unknown, not zero."
AAL3,50,53,Occipital_Sup_L,arbitrary_image_intensity,mean_preprocessed_gray_matter_image_intensity,extrapolated,S02;S06,S06_Occipital_GM;S02_Occipital_Sup_thickness;S02_Occipital_Sup_surface_area,lower,FreeSurfer Desikan-Killiany cortical thickness and surface area;MRI regional volumes; heterogeneous segmentation; bilateral combined,False,False,,"Named or broader anatomical evidence audited; no claim that literature is exhausted. Empty exact effect is unknown, not zero."
AAL3,51,54,Occipital_Sup_R,arbitrary_image_intensity,mean_preprocessed_gray_matter_image_intensity,extrapolated,S02;S06,S06_Occipital_GM;S02_Occipital_Sup_thickness;S02_Occipital_Sup_surface_area,lower,FreeSurfer Desikan-Killiany cortical thickness and surface area;MRI regional volumes; heterogeneous segmentation; bilateral combined,False,False,,"Named or broader anatomical evidence audited; no claim that literature is exhausted. Empty exact effect is unknown, not zero."
AAL3,52,55,Occipital_Mid_L,arbitrary_image_intensity,mean_preprocessed_gray_matter_image_intensity,extrapolated,S02;S06,S06_Occipital_GM;S02_Occipital_Mid_thickness;S02_Occipital_Mid_surface_area,lower,FreeSurfer Desikan-Killiany cortical thickness and surface area;MRI regional volumes; heterogeneous segmentation; bilateral combined,False,False,,"Named or broader anatomical evidence audited; no claim that literature is exhausted. Empty exact effect is unknown, not zero."
AAL3,53,56,Occipital_Mid_R,arbitrary_image_intensity,mean_preprocessed_gray_matter_image_intensity,extrapolated,S02;S06,S06_Occipital_GM;S02_Occipital_Mid_thickness;S02_Occipital_Mid_surface_area,lower,FreeSurfer Desikan-Killiany cortical thickness and surface area;MRI regional volumes; heterogeneous segmentation; bilateral combined,False,False,,"Named or broader anatomical evidence audited; no claim that literature is exhausted. Empty exact effect is unknown, not zero."
AAL3,54,57,Occipital_Inf_L,arbitrary_image_intensity,mean_preprocessed_gray_matter_image_intensity,extrapolated,S02;S06,S06_Occipital_GM;S02_Occipital_Inf_thickness;S02_Occipital_Inf_surface_area,lower,FreeSurfer Desikan-Killiany cortical thickness and surface area;MRI regional volumes; heterogeneous segmentation; bilateral combined,False,False,,"Named or broader anatomical evidence audited; no claim that literature is exhausted. Empty exact effect is unknown, not zero."
AAL3,55,58,Occipital_Inf_R,arbitrary_image_intensity,mean_preprocessed_gray_matter_image_intensity,extrapolated,S02;S06,S06_Occipital_GM;S02_Occipital_Inf_thickness;S02_Occipital_Inf_surface_area,lower,FreeSurfer Desikan-Killiany cortical thickness and surface area;MRI regional volumes; heterogeneous segmentation; bilateral combined,False,False,,"Named or broader anatomical evidence audited; no claim that literature is exhausted. Empty exact effect is unknown, not zero."
AAL3,56,59,Fusiform_L,arbitrary_image_intensity,mean_preprocessed_gray_matter_image_intensity,extrapolated,S02;S06,S06_Fusiform;S02_Fusiform_thickness;S02_Fusiform_surface_area,lower,FreeSurfer Desikan-Killiany cortical thickness and surface area;MRI regional volumes; heterogeneous segmentation; bilateral combined,False,False,,"Named or broader anatomical evidence audited; no claim that literature is exhausted. Empty exact effect is unknown, not zero."
AAL3,57,60,Fusiform_R,arbitrary_image_intensity,mean_preprocessed_gray_matter_image_intensity,extrapolated,S02;S06,S06_Fusiform;S02_Fusiform_thickness;S02_Fusiform_surface_area,lower,FreeSurfer Desikan-Killiany cortical thickness and surface area;MRI regional volumes; heterogeneous segmentation; bilateral combined,False,False,,"Named or broader anatomical evidence audited; no claim that literature is exhausted. Empty exact effect is unknown, not zero."
AAL3,58,61,Postcentral_L,arbitrary_image_intensity,mean_preprocessed_gray_matter_image_intensity,extrapolated,S02;S03;S06,S06_Parietal_GM;S02_Postcentral_thickness;S02_Postcentral_surface_area;S03_Lfrontal,lower,FreeSurfer Desikan-Killiany cortical thickness and surface area;MRI regional volumes; heterogeneous segmentation; bilateral combined;voxel-based GM volume; cluster peak SDM-Z,False,False,,"Named or broader anatomical evidence audited; no claim that literature is exhausted. Empty exact effect is unknown, not zero."
AAL3,59,62,Postcentral_R,arbitrary_image_intensity,mean_preprocessed_gray_matter_image_intensity,extrapolated,S02;S03;S06,S06_Parietal_GM;S02_Postcentral_thickness;S02_Postcentral_surface_area;S03_Rtemporal,lower,FreeSurfer Desikan-Killiany cortical thickness and surface area;MRI regional volumes; heterogeneous segmentation; bilateral combined;voxel-based GM volume; cluster peak SDM-Z,False,False,,"Named or broader anatomical evidence audited; no claim that literature is exhausted. Empty exact effect is unknown, not zero."
AAL3,60,63,Parietal_Sup_L,arbitrary_image_intensity,mean_preprocessed_gray_matter_image_intensity,extrapolated,S02;S06,S06_Parietal_GM;S02_Parietal_Sup_thickness;S02_Parietal_Sup_surface_area,lower,FreeSurfer Desikan-Killiany cortical thickness and surface area;MRI regional volumes; heterogeneous segmentation; bilateral combined,False,False,,"Named or broader anatomical evidence audited; no claim that literature is exhausted. Empty exact effect is unknown, not zero."
AAL3,61,64,Parietal_Sup_R,arbitrary_image_intensity,mean_preprocessed_gray_matter_image_intensity,extrapolated,S02;S06,S06_Parietal_GM;S02_Parietal_Sup_thickness;S02_Parietal_Sup_surface_area,lower,FreeSurfer Desikan-Killiany cortical thickness and surface area;MRI regional volumes; heterogeneous segmentation; bilateral combined,False,False,,"Named or broader anatomical evidence audited; no claim that literature is exhausted. Empty exact effect is unknown, not zero."
AAL3,62,65,Parietal_Inf_L,arbitrary_image_intensity,mean_preprocessed_gray_matter_image_intensity,extrapolated,S02;S06,S06_Parietal_GM;S02_Parietal_Inf_thickness;S02_Parietal_Inf_surface_area,lower,FreeSurfer Desikan-Killiany cortical thickness and surface area;MRI regional volumes; heterogeneous segmentation; bilateral combined,False,False,,"Named or broader anatomical evidence audited; no claim that literature is exhausted. Empty exact effect is unknown, not zero."
AAL3,63,66,Parietal_Inf_R,arbitrary_image_intensity,mean_preprocessed_gray_matter_image_intensity,extrapolated,S02;S06,S06_Parietal_GM;S02_Parietal_Inf_thickness;S02_Parietal_Inf_surface_area,lower,FreeSurfer Desikan-Killiany cortical thickness and surface area;MRI regional volumes; heterogeneous segmentation; bilateral combined,False,False,,"Named or broader anatomical evidence audited; no claim that literature is exhausted. Empty exact effect is unknown, not zero."
AAL3,64,67,SupraMarginal_L,arbitrary_image_intensity,mean_preprocessed_gray_matter_image_intensity,extrapolated,S02;S03;S06,S06_Parietal_GM;S02_SupraMarginal_thickness;S02_SupraMarginal_surface_area;S03_Lfrontal,lower,FreeSurfer Desikan-Killiany cortical thickness and surface area;MRI regional volumes; heterogeneous segmentation; bilateral combined;voxel-based GM volume; cluster peak SDM-Z,False,False,,"Named or broader anatomical evidence audited; no claim that literature is exhausted. Empty exact effect is unknown, not zero."
AAL3,65,68,SupraMarginal_R,arbitrary_image_intensity,mean_preprocessed_gray_matter_image_intensity,extrapolated,S02;S03;S06,S06_Parietal_GM;S02_SupraMarginal_thickness;S02_SupraMarginal_surface_area;S03_Rtemporal,lower,FreeSurfer Desikan-Killiany cortical thickness and surface area;MRI regional volumes; heterogeneous segmentation; bilateral combined;voxel-based GM volume; cluster peak SDM-Z,False,False,,"Named or broader anatomical evidence audited; no claim that literature is exhausted. Empty exact effect is unknown, not zero."
AAL3,66,69,Angular_L,arbitrary_image_intensity,mean_preprocessed_gray_matter_image_intensity,extrapolated,S02;S06,S06_Parietal_GM;S02_Angular_thickness;S02_Angular_surface_area,lower,FreeSurfer Desikan-Killiany cortical thickness and surface area;MRI regional volumes; heterogeneous segmentation; bilateral combined,False,False,,"Named or broader anatomical evidence audited; no claim that literature is exhausted. Empty exact effect is unknown, not zero."
AAL3,67,70,Angular_R,arbitrary_image_intensity,mean_preprocessed_gray_matter_image_intensity,extrapolated,S02;S06,S06_Parietal_GM;S02_Angular_thickness;S02_Angular_surface_area,lower,FreeSurfer Desikan-Killiany cortical thickness and surface area;MRI regional volumes; heterogeneous segmentation; bilateral combined,False,False,,"Named or broader anatomical evidence audited; no claim that literature is exhausted. Empty exact effect is unknown, not zero."
AAL3,68,71,Precuneus_L,arbitrary_image_intensity,mean_preprocessed_gray_matter_image_intensity,extrapolated,S02;S06,S06_Parietal_GM;S02_Precuneus_thickness;S02_Precuneus_surface_area,lower,FreeSurfer Desikan-Killiany cortical thickness and surface area;MRI regional volumes; heterogeneous segmentation; bilateral combined,False,False,,"Named or broader anatomical evidence audited; no claim that literature is exhausted. Empty exact effect is unknown, not zero."
AAL3,69,72,Precuneus_R,arbitrary_image_intensity,mean_preprocessed_gray_matter_image_intensity,extrapolated,S02;S06,S06_Parietal_GM;S02_Precuneus_thickness;S02_Precuneus_surface_area,lower,FreeSurfer Desikan-Killiany cortical thickness and surface area;MRI regional volumes; heterogeneous segmentation; bilateral combined,False,False,,"Named or broader anatomical evidence audited; no claim that literature is exhausted. Empty exact effect is unknown, not zero."
AAL3,70,73,Paracentral_Lobule_L,arbitrary_image_intensity,mean_preprocessed_gray_matter_image_intensity,extrapolated,S02;S06,S06_Parietal_GM;S02_Paracentral_Lobule_thickness;S02_Paracentral_Lobule_surface_area,lower,FreeSurfer Desikan-Killiany cortical thickness and surface area;MRI regional volumes; heterogeneous segmentation; bilateral combined,False,False,,"Named or broader anatomical evidence audited; no claim that literature is exhausted. Empty exact effect is unknown, not zero."
AAL3,71,74,Paracentral_Lobule_R,arbitrary_image_intensity,mean_preprocessed_gray_matter_image_intensity,extrapolated,S02;S06,S06_Parietal_GM;S02_Paracentral_Lobule_thickness;S02_Paracentral_Lobule_surface_area,lower,FreeSurfer Desikan-Killiany cortical thickness and surface area;MRI regional volumes; heterogeneous segmentation; bilateral combined,False,False,,"Named or broader anatomical evidence audited; no claim that literature is exhausted. Empty exact effect is unknown, not zero."
AAL3,72,75,Caudate_L,arbitrary_image_intensity,mean_preprocessed_gray_matter_image_intensity,conflicting,S01;S06;S17,S01_Caudate;S06_Caudate;S06_naive_Caudate;S17_subtype2,higher;lower;no_detected_difference,"FreeSurfer subcortical volume adjusted for age, sex and ICV;MRI regional volumes; heterogeneous segmentation; bilateral combined;regional GM/WM/CSF volume; data-derived subtype associations",False,False,"Direction/evidence depends on medication, stage, subtype and endpoint; pooled null or nominal effect retained.","Named or broader anatomical evidence audited; no claim that literature is exhausted. Empty exact effect is unknown, not zero."
AAL3,73,76,Caudate_R,arbitrary_image_intensity,mean_preprocessed_gray_matter_image_intensity,conflicting,S01;S06;S17,S01_Caudate;S06_Caudate;S06_naive_Caudate;S17_subtype2,higher;lower;no_detected_difference,"FreeSurfer subcortical volume adjusted for age, sex and ICV;MRI regional volumes; heterogeneous segmentation; bilateral combined;regional GM/WM/CSF volume; data-derived subtype associations",False,False,"Direction/evidence depends on medication, stage, subtype and endpoint; pooled null or nominal effect retained.","Named or broader anatomical evidence audited; no claim that literature is exhausted. Empty exact effect is unknown, not zero."
AAL3,74,77,Putamen_L,arbitrary_image_intensity,mean_preprocessed_gray_matter_image_intensity,conflicting,S01;S03;S06;S12;S17,S01_Putamen;S06_Putamen;S03_Lfrontal;S12_Putamen;S17_subtype2,higher;lower;no_detected_difference,"FreeSurfer subcortical volume adjusted for age, sex and ICV;MRI regional volumes; heterogeneous segmentation; bilateral combined;QSM/R2* and manually delineated regional volumes are separate endpoints;regional GM/WM/CSF volume; data-derived subtype associations;voxel-based GM volume; cluster peak SDM-Z",False,False,"Direction/evidence depends on medication, stage, subtype and endpoint; pooled null or nominal effect retained.","Named or broader anatomical evidence audited; no claim that literature is exhausted. Empty exact effect is unknown, not zero."
AAL3,75,78,Putamen_R,arbitrary_image_intensity,mean_preprocessed_gray_matter_image_intensity,conflicting,S01;S03;S06;S12;S17,S01_Putamen;S06_Putamen;S03_Rtemporal;S12_Putamen;S17_subtype2,higher;lower;no_detected_difference,"FreeSurfer subcortical volume adjusted for age, sex and ICV;MRI regional volumes; heterogeneous segmentation; bilateral combined;QSM/R2* and manually delineated regional volumes are separate endpoints;regional GM/WM/CSF volume; data-derived subtype associations;voxel-based GM volume; cluster peak SDM-Z",False,False,"Direction/evidence depends on medication, stage, subtype and endpoint; pooled null or nominal effect retained.","Named or broader anatomical evidence audited; no claim that literature is exhausted. Empty exact effect is unknown, not zero."
AAL3,76,79,Pallidum_L,arbitrary_image_intensity,mean_preprocessed_gray_matter_image_intensity,conflicting,S01;S06;S17,S01_Pallidum;S06_Pallidum;S17_subtype2,higher;nominal_higher_not_Bonferroni_significant,"FreeSurfer subcortical volume adjusted for age, sex and ICV;MRI regional volumes; heterogeneous segmentation; bilateral combined;regional GM/WM/CSF volume; data-derived subtype associations",False,False,"Direction/evidence depends on medication, stage, subtype and endpoint; pooled null or nominal effect retained.","Named or broader anatomical evidence audited; no claim that literature is exhausted. Empty exact effect is unknown, not zero."
AAL3,77,80,Pallidum_R,arbitrary_image_intensity,mean_preprocessed_gray_matter_image_intensity,conflicting,S01;S06;S17;S18,S01_Pallidum;S06_Pallidum;S18_pallidal_treatment;S17_subtype2,higher;nominal_higher_not_Bonferroni_significant;treatment_increase_placebo_decrease,"FreeSurfer subcortical volume adjusted for age, sex and ICV;MRI regional volumes; heterogeneous segmentation; bilateral combined;VBM pallidal GM volume cluster; treatment-time interaction;regional GM/WM/CSF volume; data-derived subtype associations",False,False,"Direction/evidence depends on medication, stage, subtype and endpoint; pooled null or nominal effect retained.","Named or broader anatomical evidence audited; no claim that literature is exhausted. Empty exact effect is unknown, not zero."
AAL3,78,83,Heschl_L,arbitrary_image_intensity,mean_preprocessed_gray_matter_image_intensity,extrapolated,S02;S03;S06,S06_Heschl;S02_Heschl_thickness;S02_Heschl_surface_area;S03_Lfrontal,lower,FreeSurfer Desikan-Killiany cortical thickness and surface area;MRI regional volumes; heterogeneous segmentation; bilateral combined;voxel-based GM volume; cluster peak SDM-Z,False,False,,"Named or broader anatomical evidence audited; no claim that literature is exhausted. Empty exact effect is unknown, not zero."
AAL3,79,84,Heschl_R,arbitrary_image_intensity,mean_preprocessed_gray_matter_image_intensity,extrapolated,S02;S03;S06,S06_Heschl;S02_Heschl_thickness;S02_Heschl_surface_area;S03_Rtemporal,lower,FreeSurfer Desikan-Killiany cortical thickness and surface area;MRI regional volumes; heterogeneous segmentation; bilateral combined;voxel-based GM volume; cluster peak SDM-Z,False,False,,"Named or broader anatomical evidence audited; no claim that literature is exhausted. Empty exact effect is unknown, not zero."
AAL3,80,85,Temporal_Sup_L,arbitrary_image_intensity,mean_preprocessed_gray_matter_image_intensity,extrapolated,S02;S06,S06_Superior_Temporal_GM;S02_Temporal_Sup_thickness;S02_Temporal_Sup_surface_area,lower,FreeSurfer Desikan-Killiany cortical thickness and surface area;MRI regional volumes; heterogeneous segmentation; bilateral combined,False,False,,"Named or broader anatomical evidence audited; no claim that literature is exhausted. Empty exact effect is unknown, not zero."
AAL3,81,86,Temporal_Sup_R,arbitrary_image_intensity,mean_preprocessed_gray_matter_image_intensity,extrapolated,S02;S06,S06_Superior_Temporal_GM;S02_Temporal_Sup_thickness;S02_Temporal_Sup_surface_area,lower,FreeSurfer Desikan-Killiany cortical thickness and surface area;MRI regional volumes; heterogeneous segmentation; bilateral combined,False,False,,"Named or broader anatomical evidence audited; no claim that literature is exhausted. Empty exact effect is unknown, not zero."
AAL3,82,87,Temporal_Pole_Sup_L,arbitrary_image_intensity,mean_preprocessed_gray_matter_image_intensity,extrapolated,S02;S03;S06,S06_Temporal_GM;S02_Temporal_Pole_Sup_thickness;S02_Temporal_Pole_Sup_surface_area;S03_Lfrontal,lower,FreeSurfer Desikan-Killiany cortical thickness and surface area;MRI regional volumes; heterogeneous segmentation; bilateral combined;voxel-based GM volume; cluster peak SDM-Z,False,False,,"Named or broader anatomical evidence audited; no claim that literature is exhausted. Empty exact effect is unknown, not zero."
AAL3,83,88,Temporal_Pole_Sup_R,arbitrary_image_intensity,mean_preprocessed_gray_matter_image_intensity,extrapolated,S02;S03;S06,S06_Temporal_GM;S02_Temporal_Pole_Sup_thickness;S02_Temporal_Pole_Sup_surface_area;S03_Rtemporal,lower,FreeSurfer Desikan-Killiany cortical thickness and surface area;MRI regional volumes; heterogeneous segmentation; bilateral combined;voxel-based GM volume; cluster peak SDM-Z,False,False,,"Named or broader anatomical evidence audited; no claim that literature is exhausted. Empty exact effect is unknown, not zero."
AAL3,84,89,Temporal_Mid_L,arbitrary_image_intensity,mean_preprocessed_gray_matter_image_intensity,extrapolated,S02;S03;S06,S06_Temporal_GM;S02_Temporal_Mid_thickness;S02_Temporal_Mid_surface_area;S03_Lfrontal,lower,FreeSurfer Desikan-Killiany cortical thickness and surface area;MRI regional volumes; heterogeneous segmentation; bilateral combined;voxel-based GM volume; cluster peak SDM-Z,False,False,,"Named or broader anatomical evidence audited; no claim that literature is exhausted. Empty exact effect is unknown, not zero."
AAL3,85,90,Temporal_Mid_R,arbitrary_image_intensity,mean_preprocessed_gray_matter_image_intensity,extrapolated,S02;S03;S06,S06_Temporal_GM;S02_Temporal_Mid_thickness;S02_Temporal_Mid_surface_area;S03_Rtemporal,lower,FreeSurfer Desikan-Killiany cortical thickness and surface area;MRI regional volumes; heterogeneous segmentation; bilateral combined;voxel-based GM volume; cluster peak SDM-Z,False,False,,"Named or broader anatomical evidence audited; no claim that literature is exhausted. Empty exact effect is unknown, not zero."
AAL3,86,91,Temporal_Pole_Mid_L,arbitrary_image_intensity,mean_preprocessed_gray_matter_image_intensity,extrapolated,S02;S06,S06_Temporal_GM;S02_Temporal_Pole_Mid_thickness;S02_Temporal_Pole_Mid_surface_area,lower,FreeSurfer Desikan-Killiany cortical thickness and surface area;MRI regional volumes; heterogeneous segmentation; bilateral combined,False,False,,"Named or broader anatomical evidence audited; no claim that literature is exhausted. Empty exact effect is unknown, not zero."
AAL3,87,92,Temporal_Pole_Mid_R,arbitrary_image_intensity,mean_preprocessed_gray_matter_image_intensity,extrapolated,S02;S06,S06_Temporal_GM;S02_Temporal_Pole_Mid_thickness;S02_Temporal_Pole_Mid_surface_area,lower,FreeSurfer Desikan-Killiany cortical thickness and surface area;MRI regional volumes; heterogeneous segmentation; bilateral combined,False,False,,"Named or broader anatomical evidence audited; no claim that literature is exhausted. Empty exact effect is unknown, not zero."
AAL3,88,93,Temporal_Inf_L,arbitrary_image_intensity,mean_preprocessed_gray_matter_image_intensity,extrapolated,S02;S06,S06_Temporal_GM;S02_Temporal_Inf_thickness;S02_Temporal_Inf_surface_area,lower,FreeSurfer Desikan-Killiany cortical thickness and surface area;MRI regional volumes; heterogeneous segmentation; bilateral combined,False,False,,"Named or broader anatomical evidence audited; no claim that literature is exhausted. Empty exact effect is unknown, not zero."
AAL3,89,94,Temporal_Inf_R,arbitrary_image_intensity,mean_preprocessed_gray_matter_image_intensity,extrapolated,S02;S06,S06_Temporal_GM;S02_Temporal_Inf_thickness;S02_Temporal_Inf_surface_area,lower,FreeSurfer Desikan-Killiany cortical thickness and surface area;MRI regional volumes; heterogeneous segmentation; bilateral combined,False,False,,"Named or broader anatomical evidence audited; no claim that literature is exhausted. Empty exact effect is unknown, not zero."
AAL3,90,95,Cerebellum_Crus1_L,arbitrary_image_intensity,mean_preprocessed_gray_matter_image_intensity,conflicting,S04;S05;S16,S05_total;S04_LCrusII;S16_regional_null;S16_cognitive_Cerebellum_Crus1;S05_lobule_Left_Crus_I,lower;no_detected_difference,"10 bilateral cerebellar lobules plus whole vermis; native GM volume and modulated VBM;SUIT native cerebellar GM volumes, functional parcels and VBM;cerebellar VBM GM volume; cluster SDM-Z",False,False,Large volumetric studies disagree or show subgroup-dependent effects; whole-cerebellar reduction does not establish every lobule.,"Named or broader anatomical evidence audited; no claim that literature is exhausted. Empty exact effect is unknown, not zero."
AAL3,91,96,Cerebellum_Crus1_R,arbitrary_image_intensity,mean_preprocessed_gray_matter_image_intensity,conflicting,S05;S16,S05_total;S16_regional_null;S16_cognitive_Cerebellum_Crus1;S05_lobule_Right_Crus_I,lower;no_detected_difference,"10 bilateral cerebellar lobules plus whole vermis; native GM volume and modulated VBM;SUIT native cerebellar GM volumes, functional parcels and VBM",False,False,Large volumetric studies disagree or show subgroup-dependent effects; whole-cerebellar reduction does not establish every lobule.,"Named or broader anatomical evidence audited; no claim that literature is exhausted. Empty exact effect is unknown, not zero."
AAL3,92,97,Cerebellum_Crus2_L,arbitrary_image_intensity,mean_preprocessed_gray_matter_image_intensity,conflicting,S03;S04;S05;S16,S03_Lcereb;S05_total;S04_LCrusII;S16_regional_null;S05_lobule_Left_Crus_II,lower;no_detected_difference,"10 bilateral cerebellar lobules plus whole vermis; native GM volume and modulated VBM;SUIT native cerebellar GM volumes, functional parcels and VBM;cerebellar VBM GM volume; cluster SDM-Z;voxel-based GM volume; cluster peak SDM-Z",False,False,Large volumetric studies disagree or show subgroup-dependent effects; whole-cerebellar reduction does not establish every lobule.,"Named or broader anatomical evidence audited; no claim that literature is exhausted. Empty exact effect is unknown, not zero."
AAL3,93,98,Cerebellum_Crus2_R,arbitrary_image_intensity,mean_preprocessed_gray_matter_image_intensity,conflicting,S05;S16,S05_total;S16_regional_null;S05_lobule_Right_Crus_II,lower;no_detected_difference,"10 bilateral cerebellar lobules plus whole vermis; native GM volume and modulated VBM;SUIT native cerebellar GM volumes, functional parcels and VBM",False,False,Large volumetric studies disagree or show subgroup-dependent effects; whole-cerebellar reduction does not establish every lobule.,"Named or broader anatomical evidence audited; no claim that literature is exhausted. Empty exact effect is unknown, not zero."
AAL3,94,99,Cerebellum_3_L,arbitrary_image_intensity,mean_preprocessed_gray_matter_image_intensity,conflicting,S05;S16,S05_total;S16_regional_null;S16_cognitive_Cerebellum_3;S05_lobule_Left_I_IV,CI_includes_zero;lower;no_detected_difference,"10 bilateral cerebellar lobules plus whole vermis; native GM volume and modulated VBM;SUIT native cerebellar GM volumes, functional parcels and VBM",False,False,Large volumetric studies disagree or show subgroup-dependent effects; whole-cerebellar reduction does not establish every lobule.,"Named or broader anatomical evidence audited; no claim that literature is exhausted. Empty exact effect is unknown, not zero."
AAL3,95,100,Cerebellum_3_R,arbitrary_image_intensity,mean_preprocessed_gray_matter_image_intensity,conflicting,S05;S16,S05_total;S16_regional_null;S16_cognitive_Cerebellum_3;S05_lobule_Right_I_IV,CI_includes_zero;lower;no_detected_difference,"10 bilateral cerebellar lobules plus whole vermis; native GM volume and modulated VBM;SUIT native cerebellar GM volumes, functional parcels and VBM",False,False,Large volumetric studies disagree or show subgroup-dependent effects; whole-cerebellar reduction does not establish every lobule.,"Named or broader anatomical evidence audited; no claim that literature is exhausted. Empty exact effect is unknown, not zero."
AAL3,96,101,Cerebellum_4_5_L,arbitrary_image_intensity,mean_preprocessed_gray_matter_image_intensity,conflicting,S05;S16,S05_total;S16_regional_null;S16_cognitive_Cerebellum_4_5;S05_lobule_Left_V;S05_lobule_Left_I_IV,CI_includes_zero;lower;no_detected_difference,"10 bilateral cerebellar lobules plus whole vermis; native GM volume and modulated VBM;SUIT native cerebellar GM volumes, functional parcels and VBM",False,False,Large volumetric studies disagree or show subgroup-dependent effects; whole-cerebellar reduction does not establish every lobule.,"Named or broader anatomical evidence audited; no claim that literature is exhausted. Empty exact effect is unknown, not zero."
AAL3,97,102,Cerebellum_4_5_R,arbitrary_image_intensity,mean_preprocessed_gray_matter_image_intensity,conflicting,S05;S16,S05_total;S16_regional_null;S16_cognitive_Cerebellum_4_5;S05_lobule_Right_V;S05_lobule_Right_I_IV,CI_includes_zero;lower;no_detected_difference,"10 bilateral cerebellar lobules plus whole vermis; native GM volume and modulated VBM;SUIT native cerebellar GM volumes, functional parcels and VBM",False,False,Large volumetric studies disagree or show subgroup-dependent effects; whole-cerebellar reduction does not establish every lobule.,"Named or broader anatomical evidence audited; no claim that literature is exhausted. Empty exact effect is unknown, not zero."
AAL3,98,103,Cerebellum_6_L,arbitrary_image_intensity,mean_preprocessed_gray_matter_image_intensity,conflicting,S04;S05;S16,S05_total;S04_LCrusII;S16_regional_null;S16_cognitive_Cerebellum_6;S05_lobule_Left_VI,lower;no_detected_difference,"10 bilateral cerebellar lobules plus whole vermis; native GM volume and modulated VBM;SUIT native cerebellar GM volumes, functional parcels and VBM;cerebellar VBM GM volume; cluster SDM-Z",False,False,Large volumetric studies disagree or show subgroup-dependent effects; whole-cerebellar reduction does not establish every lobule.,"Named or broader anatomical evidence audited; no claim that literature is exhausted. Empty exact effect is unknown, not zero."
AAL3,99,104,Cerebellum_6_R,arbitrary_image_intensity,mean_preprocessed_gray_matter_image_intensity,conflicting,S04;S05;S16,S05_total;S04_RVI;S16_regional_null;S16_cognitive_Cerebellum_6;S05_lobule_Right_VI,lower;no_detected_difference,"10 bilateral cerebellar lobules plus whole vermis; native GM volume and modulated VBM;SUIT native cerebellar GM volumes, functional parcels and VBM;cerebellar VBM GM volume; cluster SDM-Z",False,False,Large volumetric studies disagree or show subgroup-dependent effects; whole-cerebellar reduction does not establish every lobule.,"Named or broader anatomical evidence audited; no claim that literature is exhausted. Empty exact effect is unknown, not zero."
AAL3,100,105,Cerebellum_7b_L,arbitrary_image_intensity,mean_preprocessed_gray_matter_image_intensity,conflicting,S03;S04;S05;S16,S03_Lcereb;S05_total;S04_LCrusII;S16_regional_null;S05_lobule_Left_VIIb,lower;no_detected_difference,"10 bilateral cerebellar lobules plus whole vermis; native GM volume and modulated VBM;SUIT native cerebellar GM volumes, functional parcels and VBM;cerebellar VBM GM volume; cluster SDM-Z;voxel-based GM volume; cluster peak SDM-Z",False,False,Large volumetric studies disagree or show subgroup-dependent effects; whole-cerebellar reduction does not establish every lobule.,"Named or broader anatomical evidence audited; no claim that literature is exhausted. Empty exact effect is unknown, not zero."
AAL3,101,106,Cerebellum_7b_R,arbitrary_image_intensity,mean_preprocessed_gray_matter_image_intensity,conflicting,S05;S16,S05_total;S16_regional_null;S05_lobule_Right_VIIb,lower;no_detected_difference,"10 bilateral cerebellar lobules plus whole vermis; native GM volume and modulated VBM;SUIT native cerebellar GM volumes, functional parcels and VBM",False,False,Large volumetric studies disagree or show subgroup-dependent effects; whole-cerebellar reduction does not establish every lobule.,"Named or broader anatomical evidence audited; no claim that literature is exhausted. Empty exact effect is unknown, not zero."
AAL3,102,107,Cerebellum_8_L,arbitrary_image_intensity,mean_preprocessed_gray_matter_image_intensity,conflicting,S04;S05;S16,S05_total;S04_LCrusII;S16_regional_null;S05_lobule_Left_VIIIb;S05_lobule_Left_VIIIa,lower;no_detected_difference,"10 bilateral cerebellar lobules plus whole vermis; native GM volume and modulated VBM;SUIT native cerebellar GM volumes, functional parcels and VBM;cerebellar VBM GM volume; cluster SDM-Z",False,False,Large volumetric studies disagree or show subgroup-dependent effects; whole-cerebellar reduction does not establish every lobule.,"Named or broader anatomical evidence audited; no claim that literature is exhausted. Empty exact effect is unknown, not zero."
AAL3,103,108,Cerebellum_8_R,arbitrary_image_intensity,mean_preprocessed_gray_matter_image_intensity,conflicting,S04;S05;S16,S05_total;S04_RVIII;S16_regional_null;S05_lobule_Right_VIIIa;S05_lobule_Right_VIIIb,lower;no_detected_difference,"10 bilateral cerebellar lobules plus whole vermis; native GM volume and modulated VBM;SUIT native cerebellar GM volumes, functional parcels and VBM;cerebellar VBM GM volume; cluster SDM-Z",False,False,Large volumetric studies disagree or show subgroup-dependent effects; whole-cerebellar reduction does not establish every lobule.,"Named or broader anatomical evidence audited; no claim that literature is exhausted. Empty exact effect is unknown, not zero."
AAL3,104,109,Cerebellum_9_L,arbitrary_image_intensity,mean_preprocessed_gray_matter_image_intensity,conflicting,S05;S16,S05_total;S16_regional_null;S05_lobule_Left_IX,lower;no_detected_difference,"10 bilateral cerebellar lobules plus whole vermis; native GM volume and modulated VBM;SUIT native cerebellar GM volumes, functional parcels and VBM",False,False,Large volumetric studies disagree or show subgroup-dependent effects; whole-cerebellar reduction does not establish every lobule.,"Named or broader anatomical evidence audited; no claim that literature is exhausted. Empty exact effect is unknown, not zero."
AAL3,105,110,Cerebellum_9_R,arbitrary_image_intensity,mean_preprocessed_gray_matter_image_intensity,conflicting,S04;S05;S16,S05_total;S04_RVIII;S16_regional_null;S05_lobule_Right_IX,lower;no_detected_difference,"10 bilateral cerebellar lobules plus whole vermis; native GM volume and modulated VBM;SUIT native cerebellar GM volumes, functional parcels and VBM;cerebellar VBM GM volume; cluster SDM-Z",False,False,Large volumetric studies disagree or show subgroup-dependent effects; whole-cerebellar reduction does not establish every lobule.,"Named or broader anatomical evidence audited; no claim that literature is exhausted. Empty exact effect is unknown, not zero."
AAL3,106,111,Cerebellum_10_L,arbitrary_image_intensity,mean_preprocessed_gray_matter_image_intensity,conflicting,S05;S16,S05_total;S16_regional_null;S16_cognitive_Cerebellum_10;S05_lobule_Left_X,lower;no_detected_difference,"10 bilateral cerebellar lobules plus whole vermis; native GM volume and modulated VBM;SUIT native cerebellar GM volumes, functional parcels and VBM",False,False,Large volumetric studies disagree or show subgroup-dependent effects; whole-cerebellar reduction does not establish every lobule.,"Named or broader anatomical evidence audited; no claim that literature is exhausted. Empty exact effect is unknown, not zero."
AAL3,107,112,Cerebellum_10_R,arbitrary_image_intensity,mean_preprocessed_gray_matter_image_intensity,conflicting,S05;S16,S05_total;S16_regional_null;S16_cognitive_Cerebellum_10;S05_lobule_Right_X,lower;no_detected_difference,"10 bilateral cerebellar lobules plus whole vermis; native GM volume and modulated VBM;SUIT native cerebellar GM volumes, functional parcels and VBM",False,False,Large volumetric studies disagree or show subgroup-dependent effects; whole-cerebellar reduction does not establish every lobule.,"Named or broader anatomical evidence audited; no claim that literature is exhausted. Empty exact effect is unknown, not zero."
AAL3,108,113,Vermis_1_2,arbitrary_image_intensity,mean_preprocessed_gray_matter_image_intensity,conflicting,S05;S16,S05_total;S16_regional_null,lower;no_detected_difference,"10 bilateral cerebellar lobules plus whole vermis; native GM volume and modulated VBM;SUIT native cerebellar GM volumes, functional parcels and VBM",False,False,Large volumetric studies disagree or show subgroup-dependent effects; whole-cerebellar reduction does not establish every lobule.,"Named or broader anatomical evidence audited; no claim that literature is exhausted. Empty exact effect is unknown, not zero."
AAL3,109,114,Vermis_3,arbitrary_image_intensity,mean_preprocessed_gray_matter_image_intensity,conflicting,S05;S16,S05_total;S16_regional_null,lower;no_detected_difference,"10 bilateral cerebellar lobules plus whole vermis; native GM volume and modulated VBM;SUIT native cerebellar GM volumes, functional parcels and VBM",False,False,Large volumetric studies disagree or show subgroup-dependent effects; whole-cerebellar reduction does not establish every lobule.,"Named or broader anatomical evidence audited; no claim that literature is exhausted. Empty exact effect is unknown, not zero."
AAL3,110,115,Vermis_4_5,arbitrary_image_intensity,mean_preprocessed_gray_matter_image_intensity,conflicting,S05;S16,S05_total;S16_regional_null,lower;no_detected_difference,"10 bilateral cerebellar lobules plus whole vermis; native GM volume and modulated VBM;SUIT native cerebellar GM volumes, functional parcels and VBM",False,False,Large volumetric studies disagree or show subgroup-dependent effects; whole-cerebellar reduction does not establish every lobule.,"Named or broader anatomical evidence audited; no claim that literature is exhausted. Empty exact effect is unknown, not zero."
AAL3,111,116,Vermis_6,arbitrary_image_intensity,mean_preprocessed_gray_matter_image_intensity,conflicting,S05;S16,S05_total;S16_regional_null;S05_lobule_Vermis_VI,lower;no_detected_difference,"10 bilateral cerebellar lobules plus whole vermis; native GM volume and modulated VBM;SUIT native cerebellar GM volumes, functional parcels and VBM",False,False,Large volumetric studies disagree or show subgroup-dependent effects; whole-cerebellar reduction does not establish every lobule.,"Named or broader anatomical evidence audited; no claim that literature is exhausted. Empty exact effect is unknown, not zero."
AAL3,112,117,Vermis_7,arbitrary_image_intensity,mean_preprocessed_gray_matter_image_intensity,conflicting,S04;S05;S16,S05_total;S04_LCrusII;S16_regional_null;S05_lobule_Vermis_VIIb;S05_lobule_Vermis_Crus_II;S05_lobule_Vermis_Crus_I,CI_includes_zero;lower;no_detected_difference,"10 bilateral cerebellar lobules plus whole vermis; native GM volume and modulated VBM;SUIT native cerebellar GM volumes, functional parcels and VBM;cerebellar VBM GM volume; cluster SDM-Z",False,False,Large volumetric studies disagree or show subgroup-dependent effects; whole-cerebellar reduction does not establish every lobule.,"Named or broader anatomical evidence audited; no claim that literature is exhausted. Empty exact effect is unknown, not zero."
AAL3,113,118,Vermis_8,arbitrary_image_intensity,mean_preprocessed_gray_matter_image_intensity,conflicting,S05;S16,S05_total;S16_regional_null;S05_lobule_Vermis_VIIIb;S05_lobule_Vermis_VIIIa,lower;no_detected_difference,"10 bilateral cerebellar lobules plus whole vermis; native GM volume and modulated VBM;SUIT native cerebellar GM volumes, functional parcels and VBM",False,False,Large volumetric studies disagree or show subgroup-dependent effects; whole-cerebellar reduction does not establish every lobule.,"Named or broader anatomical evidence audited; no claim that literature is exhausted. Empty exact effect is unknown, not zero."
AAL3,114,119,Vermis_9,arbitrary_image_intensity,mean_preprocessed_gray_matter_image_intensity,conflicting,S05;S16,S05_total;S16_regional_null;S05_lobule_Vermis_IX,lower;no_detected_difference,"10 bilateral cerebellar lobules plus whole vermis; native GM volume and modulated VBM;SUIT native cerebellar GM volumes, functional parcels and VBM",False,False,Large volumetric studies disagree or show subgroup-dependent effects; whole-cerebellar reduction does not establish every lobule.,"Named or broader anatomical evidence audited; no claim that literature is exhausted. Empty exact effect is unknown, not zero."
AAL3,115,120,Vermis_10,arbitrary_image_intensity,mean_preprocessed_gray_matter_image_intensity,conflicting,S05;S16,S05_total;S16_regional_null;S05_lobule_Vermis_X,lower;no_detected_difference,"10 bilateral cerebellar lobules plus whole vermis; native GM volume and modulated VBM;SUIT native cerebellar GM volumes, functional parcels and VBM",False,False,Large volumetric studies disagree or show subgroup-dependent effects; whole-cerebellar reduction does not establish every lobule.,"Named or broader anatomical evidence audited; no claim that literature is exhausted. Empty exact effect is unknown, not zero."
AAL3,116,121,Thal_AV_L,arbitrary_image_intensity,mean_preprocessed_gray_matter_image_intensity,conflicting,S03;S09;S10;S22,S03_thalamus;S09_anterior;S10_anterior;S22_anterior_without_whole_adjustment;S22_anterior_whole_adjusted,lower;no_detected_difference;no_positive_claim_from_text,FreeSurfer six bilateral thalamic groups; age/sex/eTIV adjusted;FreeSurfer25 nuclei; six groups; site/ICV/age/age2/sex adjusted; whole-thalamus adjustment separate;seven thalamic volume subdivisions and separate cortical covariance measures;voxel-based GM volume; cluster peak SDM-Z,False,False,"Nuclear grouping, stage and global-thalamus adjustment differ; significance/non-significance is not a demonstrated sign reversal.","Named or broader anatomical evidence audited; no claim that literature is exhausted. Empty exact effect is unknown, not zero."
AAL3,117,122,Thal_AV_R,arbitrary_image_intensity,mean_preprocessed_gray_matter_image_intensity,conflicting,S03;S09;S10;S22,S03_thalamus;S09_anterior;S10_anterior;S22_anterior_without_whole_adjustment;S22_anterior_whole_adjusted,lower;no_detected_difference;no_positive_claim_from_text,FreeSurfer six bilateral thalamic groups; age/sex/eTIV adjusted;FreeSurfer25 nuclei; six groups; site/ICV/age/age2/sex adjusted; whole-thalamus adjustment separate;seven thalamic volume subdivisions and separate cortical covariance measures;voxel-based GM volume; cluster peak SDM-Z,False,False,"Nuclear grouping, stage and global-thalamus adjustment differ; significance/non-significance is not a demonstrated sign reversal.","Named or broader anatomical evidence audited; no claim that literature is exhausted. Empty exact effect is unknown, not zero."
AAL3,118,123,Thal_LP_L,arbitrary_image_intensity,mean_preprocessed_gray_matter_image_intensity,extrapolated,S03;S09;S10;S22,S03_thalamus;S09_lateral;S10_lateral;S22_lateral_without_whole_adjustment;S22_lateral_whole_adjusted,lower;not_reported_as_significant,FreeSurfer six bilateral thalamic groups; age/sex/eTIV adjusted;FreeSurfer25 nuclei; six groups; site/ICV/age/age2/sex adjusted; whole-thalamus adjustment separate;seven thalamic volume subdivisions and separate cortical covariance measures;voxel-based GM volume; cluster peak SDM-Z,False,False,"Nuclear grouping, stage and global-thalamus adjustment differ; significance/non-significance is not a demonstrated sign reversal.","Named or broader anatomical evidence audited; no claim that literature is exhausted. Empty exact effect is unknown, not zero."
AAL3,119,124,Thal_LP_R,arbitrary_image_intensity,mean_preprocessed_gray_matter_image_intensity,extrapolated,S03;S09;S10;S22,S03_thalamus;S09_lateral;S10_lateral;S22_lateral_without_whole_adjustment;S22_lateral_whole_adjusted,lower;not_reported_as_significant,FreeSurfer six bilateral thalamic groups; age/sex/eTIV adjusted;FreeSurfer25 nuclei; six groups; site/ICV/age/age2/sex adjusted; whole-thalamus adjustment separate;seven thalamic volume subdivisions and separate cortical covariance measures;voxel-based GM volume; cluster peak SDM-Z,False,False,"Nuclear grouping, stage and global-thalamus adjustment differ; significance/non-significance is not a demonstrated sign reversal.","Named or broader anatomical evidence audited; no claim that literature is exhausted. Empty exact effect is unknown, not zero."
AAL3,120,125,Thal_VA_L,arbitrary_image_intensity,mean_preprocessed_gray_matter_image_intensity,conflicting,S03;S09;S10;S22,S03_thalamus;S09_ventral;S10_ventral;S22_ventral_without_whole_adjustment;S22_ventral_whole_adjusted,lower;no_detected_difference;no_positive_claim_from_text;relative_higher,FreeSurfer six bilateral thalamic groups; age/sex/eTIV adjusted;FreeSurfer25 nuclei; six groups; site/ICV/age/age2/sex adjusted; whole-thalamus adjustment separate;seven thalamic volume subdivisions and separate cortical covariance measures;voxel-based GM volume; cluster peak SDM-Z,False,False,"Nuclear grouping, stage and global-thalamus adjustment differ; significance/non-significance is not a demonstrated sign reversal.","Named or broader anatomical evidence audited; no claim that literature is exhausted. Empty exact effect is unknown, not zero."
AAL3,121,126,Thal_VA_R,arbitrary_image_intensity,mean_preprocessed_gray_matter_image_intensity,conflicting,S03;S09;S10;S22,S03_thalamus;S09_ventral;S10_ventral;S22_ventral_without_whole_adjustment;S22_ventral_whole_adjusted,lower;no_detected_difference;no_positive_claim_from_text;relative_higher,FreeSurfer six bilateral thalamic groups; age/sex/eTIV adjusted;FreeSurfer25 nuclei; six groups; site/ICV/age/age2/sex adjusted; whole-thalamus adjustment separate;seven thalamic volume subdivisions and separate cortical covariance measures;voxel-based GM volume; cluster peak SDM-Z,False,False,"Nuclear grouping, stage and global-thalamus adjustment differ; significance/non-significance is not a demonstrated sign reversal.","Named or broader anatomical evidence audited; no claim that literature is exhausted. Empty exact effect is unknown, not zero."
AAL3,122,127,Thal_VL_L,arbitrary_image_intensity,mean_preprocessed_gray_matter_image_intensity,conflicting,S03;S09;S10;S22,S03_thalamus;S09_ventral;S10_ventral;S22_ventral_without_whole_adjustment;S22_ventral_whole_adjusted,lower;no_detected_difference;no_positive_claim_from_text;relative_higher,FreeSurfer six bilateral thalamic groups; age/sex/eTIV adjusted;FreeSurfer25 nuclei; six groups; site/ICV/age/age2/sex adjusted; whole-thalamus adjustment separate;seven thalamic volume subdivisions and separate cortical covariance measures;voxel-based GM volume; cluster peak SDM-Z,False,False,"Nuclear grouping, stage and global-thalamus adjustment differ; significance/non-significance is not a demonstrated sign reversal.","Named or broader anatomical evidence audited; no claim that literature is exhausted. Empty exact effect is unknown, not zero."
AAL3,123,128,Thal_VL_R,arbitrary_image_intensity,mean_preprocessed_gray_matter_image_intensity,conflicting,S03;S09;S10;S22,S03_thalamus;S09_ventral;S10_ventral;S22_ventral_without_whole_adjustment;S22_ventral_whole_adjusted,lower;no_detected_difference;no_positive_claim_from_text;relative_higher,FreeSurfer six bilateral thalamic groups; age/sex/eTIV adjusted;FreeSurfer25 nuclei; six groups; site/ICV/age/age2/sex adjusted; whole-thalamus adjustment separate;seven thalamic volume subdivisions and separate cortical covariance measures;voxel-based GM volume; cluster peak SDM-Z,False,False,"Nuclear grouping, stage and global-thalamus adjustment differ; significance/non-significance is not a demonstrated sign reversal.","Named or broader anatomical evidence audited; no claim that literature is exhausted. Empty exact effect is unknown, not zero."
AAL3,124,129,Thal_VPL_L,arbitrary_image_intensity,mean_preprocessed_gray_matter_image_intensity,conflicting,S03;S09;S10;S22,S03_thalamus;S09_ventral;S10_ventral;S22_ventral_without_whole_adjustment;S22_ventral_whole_adjusted,lower;no_detected_difference;no_positive_claim_from_text;relative_higher,FreeSurfer six bilateral thalamic groups; age/sex/eTIV adjusted;FreeSurfer25 nuclei; six groups; site/ICV/age/age2/sex adjusted; whole-thalamus adjustment separate;seven thalamic volume subdivisions and separate cortical covariance measures;voxel-based GM volume; cluster peak SDM-Z,False,False,"Nuclear grouping, stage and global-thalamus adjustment differ; significance/non-significance is not a demonstrated sign reversal.","Named or broader anatomical evidence audited; no claim that literature is exhausted. Empty exact effect is unknown, not zero."
AAL3,125,130,Thal_VPL_R,arbitrary_image_intensity,mean_preprocessed_gray_matter_image_intensity,conflicting,S03;S09;S10;S22,S03_thalamus;S09_ventral;S10_ventral;S22_ventral_without_whole_adjustment;S22_ventral_whole_adjusted,lower;no_detected_difference;no_positive_claim_from_text;relative_higher,FreeSurfer six bilateral thalamic groups; age/sex/eTIV adjusted;FreeSurfer25 nuclei; six groups; site/ICV/age/age2/sex adjusted; whole-thalamus adjustment separate;seven thalamic volume subdivisions and separate cortical covariance measures;voxel-based GM volume; cluster peak SDM-Z,False,False,"Nuclear grouping, stage and global-thalamus adjustment differ; significance/non-significance is not a demonstrated sign reversal.","Named or broader anatomical evidence audited; no claim that literature is exhausted. Empty exact effect is unknown, not zero."
AAL3,126,131,Thal_IL_L,arbitrary_image_intensity,mean_preprocessed_gray_matter_image_intensity,extrapolated,S03;S09;S10;S22,S03_thalamus;S09_intralaminar;S10_intralaminar;S22_intralaminar_without_whole_adjustment;S22_intralaminar_whole_adjusted,lower;no_detected_difference;no_positive_claim_from_text;not_reported_as_significant;relative_higher,FreeSurfer six bilateral thalamic groups; age/sex/eTIV adjusted;FreeSurfer25 nuclei; six groups; site/ICV/age/age2/sex adjusted; whole-thalamus adjustment separate;seven thalamic volume subdivisions and separate cortical covariance measures;voxel-based GM volume; cluster peak SDM-Z,False,False,"Nuclear grouping, stage and global-thalamus adjustment differ; significance/non-significance is not a demonstrated sign reversal.","Named or broader anatomical evidence audited; no claim that literature is exhausted. Empty exact effect is unknown, not zero."
AAL3,127,132,Thal_IL_R,arbitrary_image_intensity,mean_preprocessed_gray_matter_image_intensity,extrapolated,S03;S09;S10;S22,S03_thalamus;S09_intralaminar;S10_intralaminar;S22_intralaminar_without_whole_adjustment;S22_intralaminar_whole_adjusted,lower;no_detected_difference;no_positive_claim_from_text;not_reported_as_significant;relative_higher,FreeSurfer six bilateral thalamic groups; age/sex/eTIV adjusted;FreeSurfer25 nuclei; six groups; site/ICV/age/age2/sex adjusted; whole-thalamus adjustment separate;seven thalamic volume subdivisions and separate cortical covariance measures;voxel-based GM volume; cluster peak SDM-Z,False,False,"Nuclear grouping, stage and global-thalamus adjustment differ; significance/non-significance is not a demonstrated sign reversal.","Named or broader anatomical evidence audited; no claim that literature is exhausted. Empty exact effect is unknown, not zero."
AAL3,128,133,Thal_Re_L,arbitrary_image_intensity,mean_preprocessed_gray_matter_image_intensity,extrapolated,S03;S09;S10;S22,S03_thalamus;S09_medial;S10_medial;S22_medial_without_whole_adjustment;S22_medial_whole_adjusted,lower,FreeSurfer six bilateral thalamic groups; age/sex/eTIV adjusted;FreeSurfer25 nuclei; six groups; site/ICV/age/age2/sex adjusted; whole-thalamus adjustment separate;seven thalamic volume subdivisions and separate cortical covariance measures;voxel-based GM volume; cluster peak SDM-Z,False,False,"Nuclear grouping, stage and global-thalamus adjustment differ; significance/non-significance is not a demonstrated sign reversal.","Named or broader anatomical evidence audited; no claim that literature is exhausted. Empty exact effect is unknown, not zero."
AAL3,129,134,Thal_Re_R,arbitrary_image_intensity,mean_preprocessed_gray_matter_image_intensity,extrapolated,S03;S09;S10;S22,S03_thalamus;S09_medial;S10_medial;S22_medial_without_whole_adjustment;S22_medial_whole_adjusted,lower,FreeSurfer six bilateral thalamic groups; age/sex/eTIV adjusted;FreeSurfer25 nuclei; six groups; site/ICV/age/age2/sex adjusted; whole-thalamus adjustment separate;seven thalamic volume subdivisions and separate cortical covariance measures;voxel-based GM volume; cluster peak SDM-Z,False,False,"Nuclear grouping, stage and global-thalamus adjustment differ; significance/non-significance is not a demonstrated sign reversal.","Named or broader anatomical evidence audited; no claim that literature is exhausted. Empty exact effect is unknown, not zero."
AAL3,130,135,Thal_MDm_L,arbitrary_image_intensity,mean_preprocessed_gray_matter_image_intensity,extrapolated,S03;S08;S09;S10;S22;S23,S03_thalamus;S09_medial;S08_MDm;S10_medial;S22_medial_without_whole_adjustment;S22_medial_whole_adjusted;S23_MDm_L,lower,Bayesian segmentation of 25 thalamic nuclei from T1 MRI;FreeSurfer individual thalamic nuclear volumes;FreeSurfer six bilateral thalamic groups; age/sex/eTIV adjusted;FreeSurfer25 nuclei; six groups; site/ICV/age/age2/sex adjusted; whole-thalamus adjustment separate;seven thalamic volume subdivisions and separate cortical covariance measures;voxel-based GM volume; cluster peak SDM-Z,False,False,"Nuclear grouping, stage and global-thalamus adjustment differ; significance/non-significance is not a demonstrated sign reversal.","Named or broader anatomical evidence audited; no claim that literature is exhausted. Empty exact effect is unknown, not zero."
AAL3,131,136,Thal_MDm_R,arbitrary_image_intensity,mean_preprocessed_gray_matter_image_intensity,extrapolated,S03;S08;S09;S10;S22;S23,S03_thalamus;S09_medial;S08_MDm;S10_medial;S22_medial_without_whole_adjustment;S22_medial_whole_adjusted;S23_MDm_R,lower,Bayesian segmentation of 25 thalamic nuclei from T1 MRI;FreeSurfer individual thalamic nuclear volumes;FreeSurfer six bilateral thalamic groups; age/sex/eTIV adjusted;FreeSurfer25 nuclei; six groups; site/ICV/age/age2/sex adjusted; whole-thalamus adjustment separate;seven thalamic volume subdivisions and separate cortical covariance measures;voxel-based GM volume; cluster peak SDM-Z,False,False,"Nuclear grouping, stage and global-thalamus adjustment differ; significance/non-significance is not a demonstrated sign reversal.","Named or broader anatomical evidence audited; no claim that literature is exhausted. Empty exact effect is unknown, not zero."
AAL3,132,137,Thal_MDl_L,arbitrary_image_intensity,mean_preprocessed_gray_matter_image_intensity,extrapolated,S03;S08;S09;S10;S22;S23,S03_thalamus;S09_medial;S08_MDl;S10_medial;S22_medial_without_whole_adjustment;S22_medial_whole_adjusted;S23_MDl_L,lower,Bayesian segmentation of 25 thalamic nuclei from T1 MRI;FreeSurfer individual thalamic nuclear volumes;FreeSurfer six bilateral thalamic groups; age/sex/eTIV adjusted;FreeSurfer25 nuclei; six groups; site/ICV/age/age2/sex adjusted; whole-thalamus adjustment separate;seven thalamic volume subdivisions and separate cortical covariance measures;voxel-based GM volume; cluster peak SDM-Z,False,False,"Nuclear grouping, stage and global-thalamus adjustment differ; significance/non-significance is not a demonstrated sign reversal.","Named or broader anatomical evidence audited; no claim that literature is exhausted. Empty exact effect is unknown, not zero."
AAL3,133,138,Thal_MDl_R,arbitrary_image_intensity,mean_preprocessed_gray_matter_image_intensity,extrapolated,S03;S08;S09;S10;S22;S23,S03_thalamus;S09_medial;S08_MDl;S10_medial;S22_medial_without_whole_adjustment;S22_medial_whole_adjusted;S23_MDl_R,lower,Bayesian segmentation of 25 thalamic nuclei from T1 MRI;FreeSurfer individual thalamic nuclear volumes;FreeSurfer six bilateral thalamic groups; age/sex/eTIV adjusted;FreeSurfer25 nuclei; six groups; site/ICV/age/age2/sex adjusted; whole-thalamus adjustment separate;seven thalamic volume subdivisions and separate cortical covariance measures;voxel-based GM volume; cluster peak SDM-Z,False,False,"Nuclear grouping, stage and global-thalamus adjustment differ; significance/non-significance is not a demonstrated sign reversal.","Named or broader anatomical evidence audited; no claim that literature is exhausted. Empty exact effect is unknown, not zero."
AAL3,134,139,Thal_LGN_L,arbitrary_image_intensity,mean_preprocessed_gray_matter_image_intensity,extrapolated,S03;S08;S10;S22;S23,S03_thalamus;S08_LGN;S10_posterior;S22_posterior_without_whole_adjustment;S22_posterior_whole_adjusted;S23_LGN_nonAH,higher;lower;no_positive_claim_from_text,Bayesian segmentation of 25 thalamic nuclei from T1 MRI;FreeSurfer individual thalamic nuclear volumes;FreeSurfer25 nuclei; six groups; site/ICV/age/age2/sex adjusted; whole-thalamus adjustment separate;seven thalamic volume subdivisions and separate cortical covariance measures;voxel-based GM volume; cluster peak SDM-Z,False,False,"Nuclear grouping, stage and global-thalamus adjustment differ; significance/non-significance is not a demonstrated sign reversal.","Named or broader anatomical evidence audited; no claim that literature is exhausted. Empty exact effect is unknown, not zero."
AAL3,135,140,Thal_LGN_R,arbitrary_image_intensity,mean_preprocessed_gray_matter_image_intensity,extrapolated,S03;S08;S10;S22,S03_thalamus;S08_LGN;S10_posterior;S22_posterior_without_whole_adjustment;S22_posterior_whole_adjusted,lower;no_positive_claim_from_text,Bayesian segmentation of 25 thalamic nuclei from T1 MRI;FreeSurfer25 nuclei; six groups; site/ICV/age/age2/sex adjusted; whole-thalamus adjustment separate;seven thalamic volume subdivisions and separate cortical covariance measures;voxel-based GM volume; cluster peak SDM-Z,False,False,"Nuclear grouping, stage and global-thalamus adjustment differ; significance/non-significance is not a demonstrated sign reversal.","Named or broader anatomical evidence audited; no claim that literature is exhausted. Empty exact effect is unknown, not zero."
AAL3,136,141,Thal_MGN_L,arbitrary_image_intensity,mean_preprocessed_gray_matter_image_intensity,extrapolated,S03;S08;S10;S22,S03_thalamus;S08_MGN;S10_posterior;S22_posterior_without_whole_adjustment;S22_posterior_whole_adjusted,lower;no_positive_claim_from_text,Bayesian segmentation of 25 thalamic nuclei from T1 MRI;FreeSurfer25 nuclei; six groups; site/ICV/age/age2/sex adjusted; whole-thalamus adjustment separate;seven thalamic volume subdivisions and separate cortical covariance measures;voxel-based GM volume; cluster peak SDM-Z,False,False,"Nuclear grouping, stage and global-thalamus adjustment differ; significance/non-significance is not a demonstrated sign reversal.","Named or broader anatomical evidence audited; no claim that literature is exhausted. Empty exact effect is unknown, not zero."
AAL3,137,142,Thal_MGN_R,arbitrary_image_intensity,mean_preprocessed_gray_matter_image_intensity,extrapolated,S03;S08;S10;S22;S23,S03_thalamus;S08_MGN;S10_posterior;S22_posterior_without_whole_adjustment;S22_posterior_whole_adjusted;S23_MGN_R,lower;no_positive_claim_from_text,Bayesian segmentation of 25 thalamic nuclei from T1 MRI;FreeSurfer individual thalamic nuclear volumes;FreeSurfer25 nuclei; six groups; site/ICV/age/age2/sex adjusted; whole-thalamus adjustment separate;seven thalamic volume subdivisions and separate cortical covariance measures;voxel-based GM volume; cluster peak SDM-Z,False,False,"Nuclear grouping, stage and global-thalamus adjustment differ; significance/non-significance is not a demonstrated sign reversal.","Named or broader anatomical evidence audited; no claim that literature is exhausted. Empty exact effect is unknown, not zero."
AAL3,138,143,Thal_PuI_L,arbitrary_image_intensity,mean_preprocessed_gray_matter_image_intensity,conflicting,S03;S08;S09;S10;S22;S23,S03_thalamus;S09_pulvinar;S08_PuI;S10_pulvinar;S22_posterior_without_whole_adjustment;S22_posterior_whole_adjusted;S23_PuI_conflict,lower;no_detected_difference;no_positive_claim_from_text;source_internal_direction_conflict,Bayesian segmentation of 25 thalamic nuclei from T1 MRI;FreeSurfer individual thalamic nuclear volumes;FreeSurfer six bilateral thalamic groups; age/sex/eTIV adjusted;FreeSurfer25 nuclei; six groups; site/ICV/age/age2/sex adjusted; whole-thalamus adjustment separate;seven thalamic volume subdivisions and separate cortical covariance measures;voxel-based GM volume; cluster peak SDM-Z,False,False,"Nuclear grouping, stage and global-thalamus adjustment differ; significance/non-significance is not a demonstrated sign reversal.","Named or broader anatomical evidence audited; no claim that literature is exhausted. Empty exact effect is unknown, not zero."
AAL3,139,144,Thal_PuI_R,arbitrary_image_intensity,mean_preprocessed_gray_matter_image_intensity,conflicting,S03;S08;S09;S10;S22,S03_thalamus;S09_pulvinar;S08_PuI;S10_pulvinar;S22_posterior_without_whole_adjustment;S22_posterior_whole_adjusted,lower;no_detected_difference;no_positive_claim_from_text,Bayesian segmentation of 25 thalamic nuclei from T1 MRI;FreeSurfer six bilateral thalamic groups; age/sex/eTIV adjusted;FreeSurfer25 nuclei; six groups; site/ICV/age/age2/sex adjusted; whole-thalamus adjustment separate;seven thalamic volume subdivisions and separate cortical covariance measures;voxel-based GM volume; cluster peak SDM-Z,False,False,"Nuclear grouping, stage and global-thalamus adjustment differ; significance/non-significance is not a demonstrated sign reversal.","Named or broader anatomical evidence audited; no claim that literature is exhausted. Empty exact effect is unknown, not zero."
AAL3,140,145,Thal_PuM_L,arbitrary_image_intensity,mean_preprocessed_gray_matter_image_intensity,conflicting,S03;S08;S09;S10;S22,S03_thalamus;S09_pulvinar;S08_PuM;S10_pulvinar;S22_posterior_without_whole_adjustment;S22_posterior_whole_adjusted,lower;no_detected_difference;no_positive_claim_from_text,Bayesian segmentation of 25 thalamic nuclei from T1 MRI;FreeSurfer six bilateral thalamic groups; age/sex/eTIV adjusted;FreeSurfer25 nuclei; six groups; site/ICV/age/age2/sex adjusted; whole-thalamus adjustment separate;seven thalamic volume subdivisions and separate cortical covariance measures;voxel-based GM volume; cluster peak SDM-Z,False,False,"Nuclear grouping, stage and global-thalamus adjustment differ; significance/non-significance is not a demonstrated sign reversal.","Named or broader anatomical evidence audited; no claim that literature is exhausted. Empty exact effect is unknown, not zero."
AAL3,141,146,Thal_PuM_R,arbitrary_image_intensity,mean_preprocessed_gray_matter_image_intensity,conflicting,S03;S08;S09;S10;S22,S03_thalamus;S09_pulvinar;S08_PuM;S10_pulvinar;S22_posterior_without_whole_adjustment;S22_posterior_whole_adjusted,lower;no_detected_difference;no_positive_claim_from_text,Bayesian segmentation of 25 thalamic nuclei from T1 MRI;FreeSurfer six bilateral thalamic groups; age/sex/eTIV adjusted;FreeSurfer25 nuclei; six groups; site/ICV/age/age2/sex adjusted; whole-thalamus adjustment separate;seven thalamic volume subdivisions and separate cortical covariance measures;voxel-based GM volume; cluster peak SDM-Z,False,False,"Nuclear grouping, stage and global-thalamus adjustment differ; significance/non-significance is not a demonstrated sign reversal.","Named or broader anatomical evidence audited; no claim that literature is exhausted. Empty exact effect is unknown, not zero."
AAL3,142,147,Thal_PuA_L,arbitrary_image_intensity,mean_preprocessed_gray_matter_image_intensity,conflicting,S03;S08;S09;S10;S22;S23,S03_thalamus;S09_pulvinar;S08_PuA;S10_pulvinar;S22_posterior_without_whole_adjustment;S22_posterior_whole_adjusted;S23_PuA_L,lower;no_detected_difference;no_positive_claim_from_text,Bayesian segmentation of 25 thalamic nuclei from T1 MRI;FreeSurfer individual thalamic nuclear volumes;FreeSurfer six bilateral thalamic groups; age/sex/eTIV adjusted;FreeSurfer25 nuclei; six groups; site/ICV/age/age2/sex adjusted; whole-thalamus adjustment separate;seven thalamic volume subdivisions and separate cortical covariance measures;voxel-based GM volume; cluster peak SDM-Z,False,False,"Nuclear grouping, stage and global-thalamus adjustment differ; significance/non-significance is not a demonstrated sign reversal.","Named or broader anatomical evidence audited; no claim that literature is exhausted. Empty exact effect is unknown, not zero."
AAL3,143,148,Thal_PuA_R,arbitrary_image_intensity,mean_preprocessed_gray_matter_image_intensity,conflicting,S03;S08;S09;S10;S22;S23,S03_thalamus;S09_pulvinar;S08_PuA;S10_pulvinar;S22_posterior_without_whole_adjustment;S22_posterior_whole_adjusted;S23_PuA_R,lower;no_detected_difference;no_positive_claim_from_text,Bayesian segmentation of 25 thalamic nuclei from T1 MRI;FreeSurfer individual thalamic nuclear volumes;FreeSurfer six bilateral thalamic groups; age/sex/eTIV adjusted;FreeSurfer25 nuclei; six groups; site/ICV/age/age2/sex adjusted; whole-thalamus adjustment separate;seven thalamic volume subdivisions and separate cortical covariance measures;voxel-based GM volume; cluster peak SDM-Z,False,False,"Nuclear grouping, stage and global-thalamus adjustment differ; significance/non-significance is not a demonstrated sign reversal.","Named or broader anatomical evidence audited; no claim that literature is exhausted. Empty exact effect is unknown, not zero."
AAL3,144,149,Thal_PuL_L,arbitrary_image_intensity,mean_preprocessed_gray_matter_image_intensity,conflicting,S03;S08;S09;S10;S22,S03_thalamus;S09_pulvinar;S08_PuL;S10_pulvinar;S22_posterior_without_whole_adjustment;S22_posterior_whole_adjusted,lower;no_detected_difference;no_positive_claim_from_text,Bayesian segmentation of 25 thalamic nuclei from T1 MRI;FreeSurfer six bilateral thalamic groups; age/sex/eTIV adjusted;FreeSurfer25 nuclei; six groups; site/ICV/age/age2/sex adjusted; whole-thalamus adjustment separate;seven thalamic volume subdivisions and separate cortical covariance measures;voxel-based GM volume; cluster peak SDM-Z,False,False,"Nuclear grouping, stage and global-thalamus adjustment differ; significance/non-significance is not a demonstrated sign reversal.","Named or broader anatomical evidence audited; no claim that literature is exhausted. Empty exact effect is unknown, not zero."
AAL3,145,150,Thal_PuL_R,arbitrary_image_intensity,mean_preprocessed_gray_matter_image_intensity,conflicting,S03;S08;S09;S10;S22,S03_thalamus;S09_pulvinar;S08_PuL;S10_pulvinar;S22_posterior_without_whole_adjustment;S22_posterior_whole_adjusted,lower;no_detected_difference;no_positive_claim_from_text,Bayesian segmentation of 25 thalamic nuclei from T1 MRI;FreeSurfer six bilateral thalamic groups; age/sex/eTIV adjusted;FreeSurfer25 nuclei; six groups; site/ICV/age/age2/sex adjusted; whole-thalamus adjustment separate;seven thalamic volume subdivisions and separate cortical covariance measures;voxel-based GM volume; cluster peak SDM-Z,False,False,"Nuclear grouping, stage and global-thalamus adjustment differ; significance/non-significance is not a demonstrated sign reversal.","Named or broader anatomical evidence audited; no claim that literature is exhausted. Empty exact effect is unknown, not zero."
AAL3,146,151,ACC_sub_L,arbitrary_image_intensity,mean_preprocessed_gray_matter_image_intensity,extrapolated,S02;S03;S06,S06_ACC;S02_ACC_sub_thickness;S02_ACC_sub_surface_area;S03_ACC,lower,FreeSurfer Desikan-Killiany cortical thickness and surface area;MRI regional volumes; heterogeneous segmentation; bilateral combined;voxel-based GM volume; cluster peak SDM-Z,False,False,,"Named or broader anatomical evidence audited; no claim that literature is exhausted. Empty exact effect is unknown, not zero."
AAL3,147,152,ACC_sub_R,arbitrary_image_intensity,mean_preprocessed_gray_matter_image_intensity,extrapolated,S02;S03;S06,S06_ACC;S02_ACC_sub_thickness;S02_ACC_sub_surface_area;S03_ACC,lower,FreeSurfer Desikan-Killiany cortical thickness and surface area;MRI regional volumes; heterogeneous segmentation; bilateral combined;voxel-based GM volume; cluster peak SDM-Z,False,False,,"Named or broader anatomical evidence audited; no claim that literature is exhausted. Empty exact effect is unknown, not zero."
AAL3,148,153,ACC_pre_L,arbitrary_image_intensity,mean_preprocessed_gray_matter_image_intensity,extrapolated,S02;S03;S06,S06_ACC;S02_ACC_pre_thickness;S02_ACC_pre_surface_area;S03_ACC,lower,FreeSurfer Desikan-Killiany cortical thickness and surface area;MRI regional volumes; heterogeneous segmentation; bilateral combined;voxel-based GM volume; cluster peak SDM-Z,False,False,,"Named or broader anatomical evidence audited; no claim that literature is exhausted. Empty exact effect is unknown, not zero."
AAL3,149,154,ACC_pre_R,arbitrary_image_intensity,mean_preprocessed_gray_matter_image_intensity,extrapolated,S02;S03;S06,S06_ACC;S02_ACC_pre_thickness;S02_ACC_pre_surface_area;S03_ACC,lower,FreeSurfer Desikan-Killiany cortical thickness and surface area;MRI regional volumes; heterogeneous segmentation; bilateral combined;voxel-based GM volume; cluster peak SDM-Z,False,False,,"Named or broader anatomical evidence audited; no claim that literature is exhausted. Empty exact effect is unknown, not zero."
AAL3,150,155,ACC_sup_L,arbitrary_image_intensity,mean_preprocessed_gray_matter_image_intensity,extrapolated,S02;S03;S06,S06_ACC;S02_ACC_sup_thickness;S02_ACC_sup_surface_area;S03_ACC,lower,FreeSurfer Desikan-Killiany cortical thickness and surface area;MRI regional volumes; heterogeneous segmentation; bilateral combined;voxel-based GM volume; cluster peak SDM-Z,False,False,,"Named or broader anatomical evidence audited; no claim that literature is exhausted. Empty exact effect is unknown, not zero."
AAL3,151,156,ACC_sup_R,arbitrary_image_intensity,mean_preprocessed_gray_matter_image_intensity,extrapolated,S02;S03;S06,S06_ACC;S02_ACC_sup_thickness;S02_ACC_sup_surface_area;S03_ACC,lower,FreeSurfer Desikan-Killiany cortical thickness and surface area;MRI regional volumes; heterogeneous segmentation; bilateral combined;voxel-based GM volume; cluster peak SDM-Z,False,False,,"Named or broader anatomical evidence audited; no claim that literature is exhausted. Empty exact effect is unknown, not zero."
AAL3,152,157,N_Acc_L,arbitrary_image_intensity,mean_preprocessed_gray_matter_image_intensity,extrapolated,S01;S06,S01_Accumbens;S06_Accumbens,lower,"FreeSurfer subcortical volume adjusted for age, sex and ICV;MRI regional volumes; heterogeneous segmentation; bilateral combined",False,False,,"Named or broader anatomical evidence audited; no claim that literature is exhausted. Empty exact effect is unknown, not zero."
AAL3,153,158,N_Acc_R,arbitrary_image_intensity,mean_preprocessed_gray_matter_image_intensity,extrapolated,S01;S06,S01_Accumbens;S06_Accumbens,lower,"FreeSurfer subcortical volume adjusted for age, sex and ICV;MRI regional volumes; heterogeneous segmentation; bilateral combined",False,False,,"Named or broader anatomical evidence audited; no claim that literature is exhausted. Empty exact effect is unknown, not zero."
AAL3,154,159,VTA_L,arbitrary_image_intensity,mean_preprocessed_gray_matter_image_intensity,indirect,S19;S24,S19_midbrain;S24_VTA_signal,higher_DBM_but_no_VBM_difference;lower,"DBM Jacobian, VBM, DTI analyzed separately;neuromelanin-sensitive VTA/SNc signal; not GM probability/intensity",False,False,,"Named or broader anatomical evidence audited; no claim that literature is exhausted. Empty exact effect is unknown, not zero."
AAL3,155,160,VTA_R,arbitrary_image_intensity,mean_preprocessed_gray_matter_image_intensity,indirect,S19;S24,S19_midbrain;S24_VTA_signal,higher_DBM_but_no_VBM_difference;lower,"DBM Jacobian, VBM, DTI analyzed separately;neuromelanin-sensitive VTA/SNc signal; not GM probability/intensity",False,False,,"Named or broader anatomical evidence audited; no claim that literature is exhausted. Empty exact effect is unknown, not zero."
AAL3,156,161,SN_pc_L,arbitrary_image_intensity,mean_preprocessed_gray_matter_image_intensity,conflicting,S11;S12;S24,S11_SN;S12_SN;S24_SNc_signal,higher;no_detected_difference,QSM-defined atlas VOI volume from T1 and separate susceptibility; bilateral averaged;QSM/R2* and manually delineated regional volumes are separate endpoints;neuromelanin-sensitive VTA/SNc signal; not GM probability/intensity,False,False,Whole-SN early-stage volume increase versus small-study null; pc/pr not individually resolved.,"Named or broader anatomical evidence audited; no claim that literature is exhausted. Empty exact effect is unknown, not zero."
AAL3,157,162,SN_pc_R,arbitrary_image_intensity,mean_preprocessed_gray_matter_image_intensity,conflicting,S11;S12;S24,S11_SN;S12_SN;S24_SNc_signal,higher;no_detected_difference,QSM-defined atlas VOI volume from T1 and separate susceptibility; bilateral averaged;QSM/R2* and manually delineated regional volumes are separate endpoints;neuromelanin-sensitive VTA/SNc signal; not GM probability/intensity,False,False,Whole-SN early-stage volume increase versus small-study null; pc/pr not individually resolved.,"Named or broader anatomical evidence audited; no claim that literature is exhausted. Empty exact effect is unknown, not zero."
AAL3,158,163,SN_pr_L,arbitrary_image_intensity,mean_preprocessed_gray_matter_image_intensity,conflicting,S11;S12,S11_SN;S12_SN,higher;no_detected_difference,QSM-defined atlas VOI volume from T1 and separate susceptibility; bilateral averaged;QSM/R2* and manually delineated regional volumes are separate endpoints,False,False,Whole-SN early-stage volume increase versus small-study null; pc/pr not individually resolved.,"Named or broader anatomical evidence audited; no claim that literature is exhausted. Empty exact effect is unknown, not zero."
AAL3,159,164,SN_pr_R,arbitrary_image_intensity,mean_preprocessed_gray_matter_image_intensity,conflicting,S11;S12,S11_SN;S12_SN,higher;no_detected_difference,QSM-defined atlas VOI volume from T1 and separate susceptibility; bilateral averaged;QSM/R2* and manually delineated regional volumes are separate endpoints,False,False,Whole-SN early-stage volume increase versus small-study null; pc/pr not individually resolved.,"Named or broader anatomical evidence audited; no claim that literature is exhausted. Empty exact effect is unknown, not zero."
AAL3,160,165,Red_N_L,arbitrary_image_intensity,mean_preprocessed_gray_matter_image_intensity,extrapolated,S11,S11_Red_N,no_detected_difference,QSM-defined atlas VOI volume from T1 and separate susceptibility; bilateral averaged,False,False,,"Named or broader anatomical evidence audited; no claim that literature is exhausted. Empty exact effect is unknown, not zero."
AAL3,161,166,Red_N_R,arbitrary_image_intensity,mean_preprocessed_gray_matter_image_intensity,extrapolated,S11,S11_Red_N,no_detected_difference,QSM-defined atlas VOI volume from T1 and separate susceptibility; bilateral averaged,False,False,,"Named or broader anatomical evidence audited; no claim that literature is exhausted. Empty exact effect is unknown, not zero."
AAL3,162,167,LC_L,arbitrary_image_intensity,mean_preprocessed_gray_matter_image_intensity,indirect,S13;S14,S14_LC;S13_LC_cells,higher;no_detected_difference,pigmented-neuron perikaryon volume and neuron count; not nucleus MRI volume;whole LC histological volume and cell morphology,False,False,,"Named or broader anatomical evidence audited; no claim that literature is exhausted. Empty exact effect is unknown, not zero."
AAL3,163,168,LC_R,arbitrary_image_intensity,mean_preprocessed_gray_matter_image_intensity,indirect,S13;S14,S14_LC;S13_LC_cells,higher;no_detected_difference,pigmented-neuron perikaryon volume and neuron count; not nucleus MRI volume;whole LC histological volume and cell morphology,False,False,,"Named or broader anatomical evidence audited; no claim that literature is exhausted. Empty exact effect is unknown, not zero."
AAL3,164,169,Raphe_D,arbitrary_image_intensity,mean_preprocessed_gray_matter_image_intensity,indirect,S15,S15_raphe,no_detected_difference,semiquantitative brainstem raphe echogenicity; not MRI volume,False,False,,"Named or broader anatomical evidence audited; no claim that literature is exhausted. Empty exact effect is unknown, not zero."
AAL3,165,170,Raphe_M,arbitrary_image_intensity,mean_preprocessed_gray_matter_image_intensity,indirect,S15,S15_raphe,no_detected_difference,semiquantitative brainstem raphe echogenicity; not MRI volume,False,False,,"Named or broader anatomical evidence audited; no claim that literature is exhausted. Empty exact effect is unknown, not zero."
