21022,31,699,709,796,757,767,777,845,4079,4080,102,46,47,48,21002,21001,49,50,20015,23115,23111,23116,23112,23117,23113,23118,23114,23123,23119,23124,23120,23121,23125,23126,23122,23127,23128,23129,23130,23105,23099,23100,23101,23102,23106,23110,23109,23108,23107,3062,3063,20258,3064,20022,2634,2624,1021,1011,894,3647,3637,914,874,981,971,943,884,904,864,1090,1080,1070,924,1120,1130,2237,1160,1170,1180,1190,1200,1210,1220,20116,1239,1249,20161,1259,1269,1279,1289,1299,1309,1319,1438,1458,1488,1498,1528,1518,1329,1339,1349,1359,1369,1379,1389,1408,1478,6144,20117,1558,1568,1578,1588,1598,1608,1618,1050,1060,1717,1727,1737,1747,1757,2267,2277,2139,2149,2159,1677,1777,1787,2946,1807,1845,3526,4501,2188,30160,30220,30150,30210,30030,30020,30300,30290,30280,30120,30180,30050,30060,30040,30100,30260,30270,30130,30190,30140,30200,30170,30230,30080,30090,30110,30010,30070,30250,30240,30000,30620,30600,30610,30630,30640,30650,30710,30680,30690,30700,30720,30660,30730,30740,30750,30760,30770,30780,30790,30800,30810,30820,30830,30850,30840,30860,30870,30880,30670,30890,E4_HYPERPARA
61.0,1.0,9.0,4.0,89.0,32.0,,5.0,22.0,103.5,163.5,97.2,22.0,40.0,72.0,69.3,20.533,87.0,184.0,93.0,34.4,24.8,1.6,1.5,11.9,10.1,7.7,7.6,14.1,15.9,0.4,1.0,5.4,2.6,2.6,4.2,19.2,6.8,24.3,,7475.0,23.3,30.5,68.4,41.4,667.0,376.0,311.0,211.0,190.0,3.995419,1.821484,-0.878,418.093662,,2.0,3.0,,3.0,246.0,,2.0,3.0,13.0,,3.0,2.0,4.0,2.0,3.0,0.0,2.0,1.0,1.0,2.0,0.0,0.0,4.0,1.0,1.0,2.0,1.0,2.0,1.0,0.0,0.0,4.0,5.055,,5.0,7.0,,0.0,0.0,0.0,3.0,9.0,2.0,3.0,3.0,1.0,2.0,2.0,3.0,3.0,4.0,1.0,3.0,5.0,1.0,5.0,2.0,4.0,1.0,,0.0,0.0,0.0,1.0,0.0,4.0,2.0,1.0,,3.0,1.0,2.0,0.0,15.0,3.0,0.0,1.0,0.0,0.0,90.0,60.0,,,,1.0,0.0,0.03,0.04,0.39,39.92,12.66,0.039,0.45,0.227,3.61,35.59,28.62,31.72,90.24,7.96,87.32,76.83,0.56,5.48,5.94,58.5,0.0,0.0,268.4,0.214,16.99,4.424,15.98,0.128,1.856,10.16,59.17,,123.1,,1.547,24.3,1.31,2.294,7.963,58.0,1.009,,17.1,4.097,29.2,2.017,,5.619,17.35,,1.13,,24.2,16.844,4.2,67.97,1.367,497.3,5.69,40.4,0
60.0,1.0,4.0,2.0,58.0,16.0,47.0,,,60.5,181.1,64.5,44.0,52.0,81.0,67.8,20.2007,88.0,183.0,97.0,37.0,30.8,2.0,2.1,13.6,13.2,13.3,13.4,38.9,21.2,1.2,0.6,4.0,4.3,4.5,2.8,12.1,5.0,39.2,48.0,8817.0,20.0,11.8,63.5,57.3,704.0,373.0,426.0,268.0,260.0,4.093051,1.752481,-0.282,256.443105,,4.0,2.0,,4.0,117.0,,1.0,234.0,52.0,,4.0,4.0,4.0,1.0,7.0,4.0,4.0,2.0,2.0,1.0,,1.0,6.0,4.0,3.0,1.0,2.0,2.0,1.0,0.0,0.0,3.0,6.95,0.0,0.0,0.0,10.0,0.0,0.0,2.0,17.0,1.0,2.0,0.0,4.0,2.0,3.0,1.0,1.0,4.0,1.0,3.0,0.0,2.0,4.0,4.0,1.0,4.0,2.0,,1.0,0.0,2.0,1.0,0.0,2.0,1.0,2.0,0.0,3.0,3.0,3.0,0.0,17.0,45.0,0.0,,0.0,0.0,,23.0,,,,1.0,0.0,0.0,0.41,7.26,39.58,14.48,0.047,1.487,0.549,1.63,28.65,34.67,36.59,94.77,11.29,,73.32,0.44,7.69,3.21,56.4,0.0,0.0,219.2,0.247,15.73,4.177,13.5,0.118,2.689,5.69,35.09,43.86,53.2,1.93,0.912,32.8,45.88,2.59,6.511,95.4,0.703,1.36,64.2,,59.2,2.057,,2.241,,,1.137,,15.99,15.985,4.42,,8.485,220.4,3.18,,0
53.0,0.0,11.0,2.0,,,,2.0,24.0,92.8,149.9,,27.0,13.0,67.0,51.4,19.8183,89.0,161.0,85.0,15.4,25.5,3.5,2.3,9.2,7.9,6.6,6.8,16.4,18.5,0.6,,1.7,2.6,1.8,1.8,36.1,6.7,22.1,27.8,7000.0,31.5,17.2,49.9,,499.0,265.0,282.0,279.0,190.0,1.865043,,1.492,295.511603,,3.0,,,,100.0,1.0,,,284.0,,2.0,1.0,3.0,0.0,6.0,0.0,3.0,3.0,1.0,4.0,,1.0,9.0,3.0,3.0,2.0,3.0,2.0,0.0,0.0,0.0,3.0,15.012,0.0,0.0,0.0,1.0,7.0,2.0,0.0,8.0,8.0,1.0,3.0,7.0,2.0,1.0,1.0,2.0,2.0,3.0,4.0,3.0,3.0,1.0,5.0,2.0,4.0,1.0,0.0,1.0,,3.0,,0.0,9.0,1.0,2.0,,5.0,1.0,4.0,1.0,14.0,1.0,1.0,1.0,0.0,1.0,81.0,77.0,,89.0,,0.0,0.01,0.22,0.63,11.27,35.39,11.43,0.029,0.19,,1.52,27.14,28.28,32.31,87.51,11.41,107.68,76.5,0.88,15.8,2.55,45.6,0.0,0.0,366.1,0.418,15.58,4.044,16.85,0.026,2.452,5.6,71.32,,136.3,,1.263,26.7,20.71,2.266,4.581,48.4,0.654,3.79,10.6,4.336,34.6,0.786,28.827,4.473,42.06,,1.356,,133.58,1.249,5.58,75.33,1.284,247.5,7.71,86.3,0
54.0,1.0,8.0,2.0,67.0,,,,19.0,87.6,180.1,125.3,36.0,15.0,98.0,88.0,28.1557,124.0,177.0,87.0,29.0,36.2,3.2,2.5,9.7,12.2,11.0,9.8,26.2,32.8,1.0,1.9,2.2,4.4,2.4,2.4,38.1,11.2,41.3,25.4,8988.0,36.5,34.8,,51.9,621.0,423.0,333.0,292.0,283.0,,2.996394,-0.983,97.778721,,,3.0,3.0,2.0,69.0,4.0,,,112.0,5.0,3.0,1.0,7.0,5.0,6.0,0.0,6.0,1.0,3.0,1.0,1.0,1.0,6.0,3.0,2.0,2.0,2.0,2.0,1.0,1.0,1.0,3.0,,1.0,,,4.0,5.0,0.0,0.0,24.0,7.0,4.0,1.0,10.0,3.0,3.0,2.0,2.0,0.0,0.0,1.0,3.0,,1.0,4.0,2.0,5.0,,17.0,,8.0,3.0,1.0,5.0,4.0,2.0,3.0,3.0,6.0,,3.0,2.0,23.0,,0.0,0.0,0.0,1.0,,83.0,,83.0,,1.0,0.08,1.49,0.07,1.24,43.57,12.06,0.011,0.143,0.158,0.81,15.42,26.38,27.67,95.32,10.46,102.0,88.2,0.35,6.73,3.95,75.1,0.0,0.0,407.5,0.426,16.79,4.571,13.41,0.042,2.482,5.26,14.04,42.58,147.3,1.444,0.971,15.3,0.7,,7.004,,1.159,1.14,16.0,5.208,32.0,1.939,13.256,2.115,,,0.777,,,11.385,4.45,77.84,0.649,230.3,4.44,77.9,1
41.0,0.0,32.0,5.0,,8.0,17.0,7.0,20.0,67.9,,83.5,55.0,24.0,60.0,60.0,25.6955,98.0,153.0,91.0,14.6,23.1,2.1,3.0,11.1,10.8,6.9,9.1,21.4,16.1,0.6,2.1,2.5,3.6,3.2,3.4,35.1,11.8,25.4,30.9,6714.0,16.8,29.1,55.8,36.2,636.0,430.0,425.0,312.0,315.0,3.069769,2.374809,-0.111,453.426714,2.08,,,,3.0,202.0,2.0,5.0,2.0,137.0,3.0,3.0,3.0,5.0,7.0,4.0,0.0,4.0,6.0,3.0,1.0,0.0,0.0,9.0,3.0,2.0,1.0,1.0,2.0,0.0,1.0,0.0,4.0,,1.0,3.0,1.0,5.0,2.0,5.0,0.0,9.0,3.0,5.0,0.0,0.0,2.0,3.0,3.0,0.0,2.0,2.0,2.0,2.0,2.0,1.0,5.0,2.0,4.0,2.0,1.0,2.0,17.0,3.0,1.0,6.0,1.0,3.0,2.0,0.0,2.0,2.0,4.0,0.0,,1.0,1.0,1.0,1.0,,,,,88.0,,,0.06,0.89,0.09,1.29,39.23,14.31,0.043,0.76,0.359,2.67,38.78,32.67,36.48,89.56,7.51,113.47,77.04,0.44,6.36,3.63,52.7,0.0,0.0,141.3,0.106,16.43,4.38,21.11,0.125,1.635,6.89,13.5,42.98,58.9,1.3,0.862,53.2,8.02,3.002,4.461,51.9,0.688,,15.5,4.599,,1.108,14.497,3.541,10.27,,1.103,,143.1,2.261,10.13,72.3,1.379,191.2,3.1,84.9,0
52.0,0.0,36.0,1.0,,,,,,63.0,110.0,68.1,18.0,13.0,72.0,53.0,23.2595,98.0,151.0,81.0,35.1,16.7,2.6,2.6,6.4,7.2,6.4,7.6,22.1,13.5,0.8,0.6,2.6,2.4,1.6,2.1,30.1,,22.2,23.9,5761.0,32.9,14.3,42.1,27.4,740.0,466.0,411.0,319.0,388.0,3.438487,3.300948,-0.357,326.530505,3.68,,,,4.0,,,4.0,,28.0,2.0,4.0,3.0,1.0,0.0,3.0,2.0,2.0,24.0,1.0,0.0,2.0,2.0,5.0,1.0,3.0,1.0,2.0,2.0,2.0,2.0,0.0,3.0,21.352,1.0,9.0,,,0.0,0.0,0.0,9.0,6.0,2.0,0.0,1.0,1.0,2.0,2.0,4.0,3.0,0.0,4.0,1.0,3.0,1.0,5.0,1.0,4.0,15.0,16.0,,17.0,2.0,0.0,2.0,1.0,6.0,3.0,,6.0,1.0,4.0,0.0,16.0,34.0,0.0,0.0,1.0,,,,63.0,96.0,,0.0,0.01,,0.07,1.13,39.34,14.55,0.019,0.231,0.229,2.12,33.13,34.11,,92.22,12.38,,,0.7,10.87,3.5,54.8,0.0,0.0,252.2,0.312,17.0,4.265,12.02,0.028,1.127,6.4,53.36,40.58,151.4,1.768,1.614,47.6,0.71,2.582,6.18,101.6,1.252,2.55,87.7,3.957,48.3,1.121,25.641,4.922,96.97,,1.274,,,1.299,24.24,80.11,,315.4,3.39,25.0,0
59.0,0.0,13.0,2.0,,19.0,,9.0,18.0,99.5,167.6,53.3,44.0,26.0,98.0,70.0,26.0762,132.0,164.0,94.0,43.0,,6.1,4.6,13.8,8.3,7.2,6.9,42.4,52.0,1.0,3.0,2.6,2.4,3.1,3.8,22.6,21.3,28.8,39.2,6172.0,34.7,69.7,44.4,38.8,830.0,413.0,453.0,,312.0,,2.315856,-0.297,378.99528,,,,,4.0,321.0,,4.0,26.0,331.0,1.0,3.0,4.0,7.0,5.0,6.0,7.0,0.0,1.0,1.0,2.0,0.0,2.0,4.0,4.0,2.0,1.0,1.0,2.0,2.0,,0.0,,,2.0,0.0,0.0,1.0,2.0,1.0,2.0,24.0,3.0,1.0,4.0,2.0,2.0,5.0,1.0,4.0,0.0,2.0,0.0,0.0,3.0,1.0,4.0,1.0,6.0,5.0,1.0,,14.0,1.0,,19.0,2.0,1.0,3.0,3.0,2.0,1.0,2.0,6.0,16.0,1.0,0.0,0.0,0.0,1.0,,60.0,,54.0,,0.0,0.01,0.04,0.11,0.99,31.27,11.36,0.025,0.322,0.279,2.16,19.09,31.49,36.34,86.67,8.27,,89.78,0.77,6.77,8.29,73.1,0.0,0.0,294.0,0.243,17.91,3.608,16.66,0.111,1.23,11.34,18.31,50.67,92.9,1.218,1.004,24.3,20.24,2.411,3.752,45.8,0.662,,158.4,3.859,26.0,,21.527,2.02,140.34,,0.796,,101.21,,6.17,,0.589,265.1,5.41,37.5,0
50.0,1.0,4.0,1.0,107.0,14.0,17.0,2.0,15.0,72.1,109.4,90.7,71.0,,71.0,106.3,29.5835,93.0,190.0,99.0,14.1,34.2,2.9,2.8,11.7,9.5,10.9,13.0,14.4,19.3,1.0,0.4,4.7,4.9,4.7,3.8,20.0,22.6,40.5,36.2,9462.0,30.0,12.5,70.9,58.8,521.0,355.0,253.0,204.0,239.0,5.980664,4.381311,,684.962789,,5.0,,,,39.0,,,226.0,,3.0,5.0,1.0,3.0,0.0,5.0,1.0,5.0,4.0,2.0,3.0,0.0,1.0,6.0,3.0,4.0,2.0,3.0,2.0,0.0,1.0,1.0,4.0,,2.0,14.0,0.0,7.0,2.0,2.0,6.0,8.0,2.0,3.0,1.0,1.0,2.0,3.0,3.0,2.0,1.0,3.0,1.0,0.0,3.0,1.0,4.0,2.0,3.0,,,4.0,2.0,,,2.0,2.0,2.0,2.0,0.0,2.0,3.0,4.0,0.0,13.0,,0.0,1.0,1.0,1.0,,91.0,74.0,92.0,1.0,0.0,0.84,8.88,0.02,0.17,32.49,14.26,0.036,0.162,0.257,2.1,22.21,36.47,43.88,83.11,11.49,90.61,,0.56,5.94,5.93,62.8,0.0,0.0,337.8,0.388,15.41,3.91,14.42,0.025,2.404,9.45,52.71,48.29,144.0,1.449,1.06,21.4,10.62,2.583,6.374,116.0,1.227,,134.9,3.872,29.1,2.363,,3.071,19.38,,0.936,,24.35,8.016,26.89,82.1,2.701,281.2,8.49,55.8,0
43.0,0.0,21.0,5.0,,,,0.0,16.0,62.1,106.3,62.0,24.0,27.0,65.0,58.9,17.4487,87.0,184.0,95.0,19.1,26.1,1.5,1.5,9.3,6.9,6.8,9.8,13.5,14.4,0.7,0.8,3.2,2.9,3.7,1.9,15.0,7.4,24.2,23.5,6107.0,17.8,11.2,62.5,50.5,590.0,264.0,285.0,260.0,220.0,2.115977,1.678708,,182.502415,,,1.0,1.0,6.0,20.0,4.0,6.0,23.0,9.0,4.0,4.0,3.0,,0.0,4.0,0.0,2.0,1.0,1.0,,,0.0,6.0,4.0,,1.0,1.0,2.0,0.0,2.0,0.0,4.0,,0.0,8.0,0.0,1.0,2.0,0.0,0.0,34.0,10.0,3.0,0.0,1.0,1.0,4.0,4.0,5.0,4.0,1.0,1.0,2.0,5.0,2.0,5.0,1.0,4.0,1.0,1.0,,0.0,0.0,1.0,2.0,0.0,2.0,3.0,0.0,4.0,1.0,1.0,9.0,14.0,5.0,0.0,1.0,1.0,0.0,,88.0,,56.0,1.0,1.0,0.02,0.47,0.43,10.56,51.89,11.98,0.005,0.442,0.2,0.8,19.54,23.42,23.08,101.48,7.81,119.88,85.35,0.57,13.89,2.28,55.5,0.0,0.0,241.5,0.189,15.75,5.113,13.27,0.026,,4.11,16.49,44.38,58.5,2.105,1.058,28.6,1.32,2.374,6.389,92.4,1.365,,14.3,2.897,26.3,1.251,29.032,3.598,174.98,,1.347,,202.02,,,78.36,4.57,469.6,7.41,42.6,0
52.0,0.0,17.0,5.0,,0.0,,,24.0,102.8,156.0,52.1,12.0,10.0,83.0,61.7,22.744,120.0,165.0,93.0,32.6,48.2,6.1,2.6,11.1,10.6,6.5,6.7,22.2,43.8,1.2,2.6,2.5,1.8,2.5,2.8,40.9,11.4,27.4,33.1,6333.0,18.8,38.4,37.2,33.1,627.0,417.0,390.0,292.0,250.0,4.528952,1.772414,0.771,284.991975,,,,3.0,,24.0,,,27.0,,3.0,,3.0,3.0,0.0,7.0,0.0,0.0,2.0,3.0,,0.0,0.0,9.0,2.0,,1.0,2.0,1.0,2.0,2.0,1.0,,15.602,1.0,0.0,6.0,5.0,8.0,6.0,1.0,44.0,0.0,3.0,3.0,2.0,2.0,1.0,3.0,0.0,2.0,0.0,1.0,1.0,4.0,1.0,5.0,2.0,3.0,,0.0,20.0,0.0,0.0,,5.0,8.0,3.0,1.0,,1.0,3.0,3.0,,13.0,5.0,0.0,1.0,0.0,1.0,,,67.0,82.0,,1.0,0.04,0.66,0.0,0.0,44.43,15.65,0.011,0.467,0.391,1.6,25.47,29.76,35.21,84.51,8.38,96.11,77.96,0.67,10.68,3.98,63.2,0.0,0.0,,0.216,18.09,5.258,14.81,0.049,2.584,6.3,57.51,42.03,54.3,2.06,0.758,20.4,1.25,2.463,,85.2,,2.26,50.7,3.667,28.3,1.669,24.466,1.921,11.33,,,,,0.795,9.8,74.72,7.888,360.4,4.49,,0
46.0,1.0,4.0,4.0,,7.0,,,,75.4,153.1,58.3,15.0,51.0,67.0,47.9,20.6814,89.0,152.0,85.0,14.3,12.8,1.8,2.1,9.0,8.0,6.2,10.2,13.0,14.9,0.5,0.7,2.6,2.3,2.5,,17.9,8.9,25.6,34.7,6323.0,17.0,8.6,65.4,36.5,702.0,460.0,294.0,258.0,266.0,6.039764,4.639027,2.721,,,2.0,,,5.0,170.0,,,,12.0,,1.0,0.0,6.0,4.0,6.0,0.0,3.0,1.0,2.0,1.0,1.0,1.0,10.0,2.0,1.0,1.0,1.0,2.0,0.0,0.0,0.0,2.0,,1.0,4.0,0.0,8.0,5.0,3.0,0.0,14.0,7.0,1.0,1.0,7.0,2.0,0.0,4.0,3.0,1.0,1.0,1.0,1.0,,1.0,5.0,2.0,3.0,,,1.0,0.0,,,1.0,1.0,2.0,1.0,0.0,2.0,1.0,4.0,7.0,14.0,2.0,,,0.0,0.0,,50.0,81.0,,,0.0,0.0,0.05,,6.67,44.24,13.76,0.019,,0.267,3.0,,30.03,31.1,,8.05,101.3,82.6,0.18,2.06,4.87,56.5,0.0,0.0,206.4,,16.67,4.582,15.01,0.09,1.93,8.62,40.32,42.6,144.0,,1.357,28.7,0.52,,,47.1,0.821,1.14,15.4,9.283,51.4,1.005,22.254,,145.14,,0.842,,126.69,3.465,12.51,67.64,1.33,214.7,2.9,64.3,0
64.0,0.0,38.0,3.0,84.0,4.0,,4.0,15.0,66.5,121.6,,42.0,26.0,69.0,57.8,19.1842,89.0,174.0,83.0,14.5,16.7,1.5,1.4,7.6,5.9,6.6,8.4,5.9,13.3,0.1,0.5,2.5,2.8,1.8,,16.8,2.4,20.8,19.7,5178.0,17.8,8.5,48.4,31.7,571.0,461.0,364.0,312.0,323.0,5.619116,3.026492,0.562,,,,1.0,,,,,2.0,,3.0,,4.0,2.0,0.0,1.0,0.0,0.0,7.0,3.0,2.0,1.0,1.0,1.0,7.0,4.0,2.0,3.0,2.0,2.0,2.0,0.0,2.0,3.0,,0.0,,0.0,6.0,5.0,6.0,4.0,32.0,3.0,1.0,2.0,1.0,2.0,2.0,2.0,3.0,2.0,1.0,3.0,2.0,4.0,1.0,3.0,1.0,1.0,19.0,0.0,24.0,0.0,0.0,,3.0,1.0,1.0,2.0,4.0,4.0,1.0,3.0,6.0,,2.0,0.0,,1.0,,,87.0,,,,0.0,0.01,0.21,0.03,0.61,42.57,15.58,0.019,0.517,0.251,1.03,20.37,36.4,36.6,99.43,10.06,94.23,95.07,0.93,18.52,3.03,60.3,0.0,0.0,238.2,0.24,15.63,4.282,15.82,0.118,2.503,5.03,,41.01,141.8,1.57,1.302,17.8,8.96,2.27,7.055,108.4,0.879,1.42,186.8,,31.8,,29.94,2.696,,,0.787,,119.12,,13.49,65.32,5.528,383.0,7.41,87.4,0
60.0,0.0,10.0,4.0,,,40.0,7.0,24.0,101.2,187.3,66.0,10.0,18.0,102.0,114.4,34.8937,93.0,181.0,93.0,26.9,44.3,3.8,6.3,7.7,7.6,7.0,7.4,35.0,36.9,1.3,1.6,2.6,2.4,3.2,3.3,27.8,27.4,30.8,26.2,5447.0,34.3,18.2,69.4,49.9,527.0,252.0,332.0,181.0,190.0,5.032599,3.791785,1.675,,,,2.0,4.0,,,,4.0,,9.0,,,0.0,5.0,1.0,5.0,0.0,2.0,3.0,2.0,,0.0,1.0,6.0,4.0,2.0,1.0,3.0,2.0,0.0,2.0,1.0,3.0,,0.0,6.0,0.0,4.0,0.0,5.0,3.0,3.0,4.0,0.0,2.0,2.0,2.0,5.0,2.0,3.0,1.0,1.0,1.0,1.0,3.0,1.0,5.0,2.0,3.0,,1.0,,7.0,,1.0,4.0,6.0,4.0,2.0,3.0,1.0,2.0,,0.0,,32.0,1.0,1.0,0.0,0.0,,80.0,86.0,,,1.0,0.0,0.01,0.09,1.96,38.06,15.33,0.032,,0.299,0.84,18.46,33.01,40.27,81.98,7.76,92.92,,0.37,8.22,3.23,71.3,0.0,0.0,287.7,0.223,17.55,4.643,14.42,0.081,1.38,4.53,64.93,47.33,138.6,,1.268,48.4,0.82,2.212,5.667,94.7,0.812,3.73,10.9,9.673,40.2,1.243,28.809,3.453,,,1.326,,109.3,1.848,11.61,69.71,4.303,454.0,4.13,102.6,0
66.0,0.0,9.0,2.0,,7.0,,10.0,19.0,97.4,124.3,63.1,12.0,24.0,116.0,87.8,35.9729,113.0,156.0,82.0,32.8,37.3,4.1,3.6,6.3,9.4,5.5,5.8,39.0,39.2,1.1,2.6,2.0,1.9,1.6,2.9,37.0,14.8,27.9,21.0,5411.0,37.0,19.0,50.0,29.2,578.0,237.0,232.0,176.0,184.0,,2.693254,-0.425,169.471039,,,,4.0,3.0,43.0,,4.0,,,3.0,2.0,0.0,5.0,4.0,7.0,0.0,7.0,7.0,2.0,3.0,1.0,2.0,7.0,3.0,3.0,1.0,2.0,1.0,0.0,0.0,0.0,4.0,,0.0,0.0,3.0,4.0,8.0,3.0,0.0,5.0,2.0,0.0,0.0,4.0,1.0,2.0,2.0,5.0,4.0,0.0,3.0,0.0,3.0,1.0,2.0,1.0,4.0,10.0,1.0,1.0,0.0,3.0,1.0,7.0,1.0,6.0,2.0,15.0,4.0,1.0,3.0,5.0,14.0,18.0,,1.0,1.0,,60.0,81.0,79.0,53.0,,0.0,0.15,2.64,0.21,3.77,33.58,12.63,0.042,0.795,0.318,2.22,39.39,34.59,37.62,91.94,9.01,115.86,79.07,0.96,17.03,2.09,37.2,0.0,0.0,152.3,0.137,,,12.68,0.044,1.764,5.63,17.0,,73.8,1.57,1.38,17.9,1.95,2.632,7.314,113.2,1.221,1.65,20.5,2.983,27.0,2.17,,3.436,5.83,,1.143,,33.34,1.263,5.67,73.57,1.073,352.8,16.81,13.4,0
58.0,1.0,26.0,1.0,,16.0,6.0,,,93.1,122.3,87.6,41.0,65.0,77.0,73.4,20.3476,92.0,190.0,94.0,16.5,19.2,1.4,2.9,13.6,9.8,11.4,13.4,25.7,19.0,0.9,1.8,4.4,4.0,2.2,3.1,22.8,4.5,37.3,40.5,10133.0,26.3,19.6,55.5,37.0,472.0,419.0,,207.0,215.0,2.55469,2.452503,0.271,263.903989,3.96,,,2.0,4.0,40.0,,4.0,173.0,9.0,,3.0,2.0,2.0,1.0,4.0,0.0,1.0,3.0,3.0,0.0,0.0,0.0,4.0,4.0,,1.0,2.0,2.0,1.0,0.0,1.0,4.0,,2.0,9.0,1.0,3.0,23.0,4.0,0.0,20.0,9.0,6.0,1.0,1.0,2.0,1.0,1.0,3.0,4.0,1.0,1.0,1.0,1.0,4.0,3.0,2.0,4.0,,0.0,,0.0,3.0,,1.0,,2.0,1.0,1.0,4.0,3.0,3.0,0.0,58.0,9.0,1.0,1.0,1.0,0.0,,,,93.0,,0.0,0.2,1.86,0.37,3.5,47.95,16.99,0.011,0.127,0.17,1.3,12.31,31.99,35.42,90.32,7.71,108.83,84.02,0.41,3.87,8.3,78.5,0.0,0.0,213.8,0.165,15.6,5.309,15.94,0.019,0.536,10.58,63.32,41.26,47.9,1.207,0.611,27.5,4.1,2.641,4.397,54.4,0.865,1.5,43.2,3.758,31.6,1.329,35.048,2.413,18.38,,1.265,,20.35,16.623,7.33,79.68,1.779,296.2,7.72,,0
55.0,1.0,11.0,5.0,,,45.0,,25.0,83.5,143.0,48.6,22.0,13.0,94.0,85.3,25.2909,123.0,184.0,78.0,41.5,29.4,8.7,,9.4,8.4,5.8,7.3,21.0,34.6,0.9,2.5,1.8,1.9,2.8,1.9,35.7,8.0,28.0,34.6,,44.7,14.0,47.6,28.7,362.0,175.0,230.0,121.0,167.0,1.628732,1.236413,-0.667,117.310975,,,,,,29.0,,,26.0,11.0,,3.0,1.0,5.0,2.0,7.0,0.0,1.0,3.0,3.0,2.0,4.0,0.0,7.0,2.0,1.0,1.0,2.0,2.0,0.0,1.0,0.0,4.0,,0.0,,0.0,5.0,6.0,1.0,0.0,37.0,2.0,2.0,1.0,1.0,2.0,2.0,1.0,2.0,3.0,1.0,1.0,2.0,2.0,3.0,5.0,1.0,3.0,28.0,,,0.0,1.0,,2.0,1.0,2.0,2.0,,3.0,1.0,4.0,2.0,16.0,2.0,0.0,0.0,0.0,0.0,,,,80.0,,0.0,0.01,0.15,0.18,1.94,38.18,16.51,0.005,0.273,0.187,1.77,18.85,35.1,43.23,81.2,7.83,87.89,76.66,0.64,6.8,6.77,72.3,0.0,0.0,200.3,0.157,16.84,4.702,,0.039,0.511,9.37,19.82,44.21,131.9,1.337,0.678,34.8,0.59,2.343,3.344,82.8,0.818,3.46,131.7,4.261,26.4,1.593,29.889,3.012,20.9,,0.84,,,5.964,22.0,72.11,1.092,445.7,3.3,95.4,0
50.0,0.0,33.0,5.0,104.0,7.0,,2.0,,93.6,133.2,95.6,66.0,54.0,72.0,74.6,20.8681,88.0,189.0,96.0,11.5,42.0,3.1,1.3,11.0,9.7,11.3,13.5,25.2,24.9,1.0,0.6,4.9,4.5,3.5,4.3,17.0,8.5,43.4,37.8,8750.0,14.8,16.2,71.2,51.4,478.0,236.0,329.0,211.0,194.0,2.039161,1.957595,2.502,,1.6,2.0,,,3.0,,4.0,4.0,,303.0,,6.0,3.0,0.0,3.0,6.0,0.0,1.0,5.0,2.0,1.0,0.0,0.0,4.0,3.0,,1.0,3.0,2.0,0.0,1.0,2.0,2.0,,0.0,0.0,0.0,1.0,0.0,1.0,0.0,11.0,6.0,7.0,0.0,0.0,3.0,3.0,2.0,1.0,3.0,2.0,2.0,1.0,3.0,1.0,5.0,2.0,2.0,0.0,0.0,0.0,8.0,0.0,,1.0,0.0,4.0,2.0,7.0,5.0,1.0,2.0,0.0,17.0,,1.0,1.0,0.0,1.0,,54.0,67.0,,,1.0,0.06,0.88,0.12,1.89,36.91,13.14,0.021,0.78,0.386,1.78,27.28,29.59,35.61,83.1,6.76,112.37,72.31,0.42,6.4,4.16,63.5,0.0,0.0,134.6,0.091,15.58,4.442,15.13,0.101,2.359,6.54,18.82,46.95,89.8,,0.964,15.0,1.15,2.635,6.768,60.6,0.719,1.21,12.5,3.734,26.1,1.015,32.879,4.084,19.19,,1.331,,201.24,2.187,4.41,82.76,5.388,196.2,4.43,36.2,0
49.0,1.0,4.0,2.0,,29.0,,5.0,23.0,102.6,143.6,72.7,28.0,35.0,90.0,94.5,39.2565,122.0,155.0,86.0,46.2,36.6,4.1,7.9,10.0,6.5,6.8,7.4,45.5,37.2,2.9,0.9,2.2,2.2,2.2,2.4,32.4,20.3,33.9,21.8,4982.0,43.7,29.2,66.6,29.5,517.0,365.0,353.0,291.0,249.0,3.309066,2.089534,-0.887,,,,2.0,,4.0,14.0,4.0,,,44.0,1.0,3.0,2.0,3.0,2.0,,0.0,1.0,5.0,2.0,1.0,2.0,1.0,9.0,3.0,3.0,1.0,1.0,2.0,0.0,0.0,2.0,,,1.0,0.0,1.0,2.0,6.0,0.0,0.0,6.0,6.0,10.0,1.0,9.0,3.0,2.0,3.0,0.0,2.0,2.0,5.0,0.0,5.0,2.0,5.0,1.0,3.0,0.0,0.0,1.0,0.0,0.0,0.0,2.0,7.0,2.0,1.0,13.0,3.0,2.0,4.0,0.0,,,0.0,1.0,1.0,0.0,,47.0,75.0,,,0.0,0.16,2.82,0.04,0.67,35.47,11.88,0.042,0.851,,2.79,49.41,29.13,33.51,86.92,8.62,110.09,89.93,0.21,3.72,,43.4,0.0,0.0,224.0,0.193,17.31,4.081,16.34,0.121,1.149,5.66,19.49,45.72,67.1,1.501,,22.0,0.33,2.528,,54.6,0.66,,,3.629,26.9,1.932,,4.93,65.09,,1.463,,64.72,17.436,19.12,74.33,3.799,263.8,3.3,,0
60.0,1.0,18.0,2.0,,,,,19.0,74.4,,49.0,55.0,58.0,74.0,72.7,21.0179,77.0,186.0,96.0,13.9,35.2,1.8,1.7,9.5,7.1,12.7,9.5,13.7,13.7,0.5,0.4,,4.0,4.1,3.4,,4.1,,24.4,9802.0,19.3,8.6,71.6,36.3,458.0,271.0,247.0,174.0,170.0,2.666948,2.56027,,,,,,,,13.0,1.0,,132.0,23.0,5.0,,1.0,3.0,0.0,4.0,5.0,1.0,2.0,2.0,2.0,,0.0,9.0,3.0,3.0,1.0,2.0,2.0,0.0,0.0,2.0,1.0,7.299,0.0,12.0,28.0,5.0,5.0,1.0,1.0,24.0,3.0,5.0,1.0,1.0,2.0,2.0,2.0,2.0,3.0,1.0,0.0,1.0,5.0,1.0,5.0,2.0,3.0,14.0,,24.0,21.0,5.0,1.0,2.0,,2.0,,,3.0,1.0,2.0,4.0,,11.0,,,0.0,0.0,77.0,86.0,,93.0,1.0,1.0,0.08,1.05,0.07,0.98,45.98,15.2,0.009,0.316,0.263,1.99,26.89,30.08,33.06,90.99,13.38,105.23,88.28,0.42,5.73,4.83,65.4,0.0,0.0,219.1,0.293,16.75,5.053,12.53,0.026,0.718,7.39,17.48,45.58,101.0,1.104,1.38,39.5,57.63,,6.753,104.4,,,17.4,6.741,44.4,0.813,10.019,5.147,159.53,,1.448,12.4,18.71,9.322,21.66,67.42,1.557,310.5,3.1,80.3,0
65.0,0.0,40.0,1.0,,41.0,26.0,6.0,16.0,84.3,180.0,76.5,14.0,18.0,105.0,66.1,25.1935,128.0,162.0,66.0,27.6,48.3,9.6,1.8,6.4,7.6,5.6,7.6,40.8,24.5,1.6,0.8,1.8,2.3,1.8,1.7,36.4,12.2,25.4,20.5,5290.0,,17.7,39.7,29.2,500.0,315.0,245.0,205.0,219.0,2.370036,2.208556,-0.203,439.385574,,,,,,263.0,2.0,4.0,,862.0,2.0,5.0,1.0,5.0,1.0,5.0,0.0,0.0,4.0,2.0,2.0,1.0,1.0,3.0,2.0,2.0,1.0,2.0,2.0,0.0,0.0,0.0,3.0,,1.0,14.0,6.0,0.0,5.0,6.0,5.0,26.0,3.0,7.0,2.0,2.0,2.0,2.0,3.0,2.0,0.0,1.0,1.0,0.0,3.0,1.0,2.0,2.0,6.0,1.0,,1.0,,0.0,0.0,10.0,0.0,6.0,2.0,,2.0,1.0,3.0,4.0,,2.0,1.0,,1.0,1.0,68.0,45.0,63.0,,,0.0,0.13,1.95,,1.12,35.65,13.88,0.009,0.471,0.173,3.68,57.0,38.25,38.95,98.2,9.1,99.09,84.61,0.33,,,34.8,0.0,0.0,341.3,0.31,15.73,3.63,16.44,0.031,1.188,6.46,8.44,48.32,135.8,1.357,1.856,15.1,1.29,2.241,8.532,75.1,1.352,,21.0,4.546,38.8,1.293,30.796,6.655,160.52,,0.931,,33.13,1.635,4.31,79.48,0.971,267.4,,17.9,0
68.0,0.0,27.0,2.0,0.0,,44.0,9.0,15.0,85.3,172.7,96.7,11.0,20.0,78.0,60.5,24.0175,109.0,159.0,81.0,14.3,38.4,2.3,2.2,6.1,5.9,5.8,5.6,22.3,39.8,0.5,0.6,1.9,1.7,1.6,2.2,46.6,10.0,27.4,22.2,5176.0,30.4,18.8,37.1,28.1,950.0,437.0,402.0,328.0,389.0,,2.381526,0.167,132.026338,,,,4.0,2.0,20.0,,5.0,155.0,,,,5.0,2.0,,5.0,0.0,0.0,3.0,1.0,0.0,0.0,1.0,11.0,3.0,2.0,1.0,1.0,1.0,0.0,0.0,0.0,3.0,,0.0,,0.0,1.0,1.0,2.0,0.0,5.0,4.0,2.0,1.0,10.0,2.0,3.0,2.0,4.0,3.0,1.0,2.0,1.0,5.0,1.0,3.0,2.0,1.0,,,,0.0,0.0,,2.0,2.0,2.0,1.0,0.0,3.0,1.0,2.0,3.0,,25.0,0.0,1.0,1.0,,,87.0,,,0.0,0.0,0.06,1.22,0.12,,39.73,11.61,,0.96,0.234,1.11,23.41,24.27,29.23,83.06,7.73,94.51,,0.3,6.41,3.14,66.4,,0.0,289.3,0.224,17.78,4.784,12.87,0.107,1.669,4.73,4.77,49.18,49.4,1.282,0.707,43.5,10.66,2.381,3.676,60.7,0.805,,57.4,4.346,53.1,0.984,26.775,2.682,38.53,,1.315,,40.95,0.997,25.84,75.75,,492.2,8.2,65.0,0
57.0,0.0,24.0,4.0,,38.0,23.0,6.0,15.0,61.9,109.9,66.9,22.0,29.0,75.0,51.4,22.4034,93.0,151.0,80.0,13.7,15.4,3.3,1.6,6.6,6.7,5.9,7.3,9.1,14.2,0.8,0.5,1.8,2.0,2.4,1.9,12.3,4.2,26.3,25.8,4633.0,14.9,,42.6,32.6,685.0,342.0,439.0,332.0,333.0,3.744423,2.719424,2.191,388.07518,,,,3.0,,36.0,,,10.0,,1.0,3.0,2.0,6.0,4.0,7.0,0.0,1.0,5.0,2.0,5.0,0.0,0.0,6.0,3.0,,2.0,1.0,2.0,2.0,0.0,1.0,3.0,,2.0,0.0,0.0,9.0,8.0,3.0,0.0,8.0,1.0,11.0,1.0,7.0,2.0,2.0,0.0,2.0,5.0,2.0,1.0,1.0,3.0,2.0,5.0,2.0,1.0,17.0,19.0,28.0,22.0,1.0,,2.0,1.0,2.0,1.0,0.0,3.0,3.0,4.0,0.0,13.0,37.0,0.0,1.0,0.0,0.0,,71.0,,45.0,,0.0,0.01,0.16,0.06,0.7,35.64,11.75,0.016,0.986,0.438,2.84,33.36,30.52,32.96,92.6,8.2,112.89,95.74,0.47,5.52,5.13,60.3,0.0,0.0,398.6,0.327,17.35,3.849,13.85,0.85,2.284,8.52,41.52,,84.7,2.045,0.557,47.3,,2.179,4.096,93.4,,4.04,116.8,5.149,45.7,1.785,15.303,2.203,42.65,,,,34.27,1.778,13.24,66.52,0.858,393.5,7.62,94.9,0
63.0,1.0,12.0,3.0,,5.0,,,15.0,60.6,102.3,93.4,42.0,42.0,60.0,73.8,20.9432,89.0,188.0,95.0,,15.3,1.4,1.4,7.9,9.9,8.0,11.8,12.8,13.8,0.6,0.7,4.8,2.8,4.2,4.6,12.3,4.2,33.9,38.5,9538.0,19.3,8.7,70.4,35.3,586.0,332.0,338.0,277.0,309.0,1.685433,,,147.095223,4.51,3.0,,,,173.0,2.0,,,328.0,1.0,5.0,2.0,6.0,7.0,7.0,2.0,0.0,4.0,3.0,,0.0,2.0,8.0,3.0,3.0,1.0,3.0,2.0,0.0,0.0,0.0,1.0,,1.0,10.0,2.0,2.0,3.0,4.0,0.0,16.0,4.0,3.0,6.0,5.0,1.0,2.0,1.0,5.0,5.0,3.0,0.0,4.0,2.0,1.0,5.0,1.0,6.0,20.0,6.0,,7.0,0.0,,1.0,0.0,1.0,1.0,0.0,2.0,1.0,3.0,0.0,27.0,3.0,0.0,1.0,1.0,0.0,,75.0,,86.0,0.0,0.0,0.02,0.26,0.3,4.26,37.74,13.06,0.023,0.701,,3.59,51.01,,34.61,88.3,8.72,115.96,89.3,0.18,2.51,2.96,42.0,0.0,0.0,308.4,,15.87,4.273,15.48,0.114,1.982,7.04,12.79,40.33,111.2,,1.511,42.3,0.85,2.573,6.365,87.8,0.722,4.5,110.8,4.023,34.2,1.712,25.824,3.401,65.45,,0.917,,21.5,14.288,6.6,67.46,3.097,436.9,6.51,35.9,0
45.0,0.0,0.0,2.0,,32.0,,,17.0,77.7,158.2,,50.0,27.0,118.0,149.8,41.8423,99.0,189.0,96.0,49.4,48.3,7.1,9.5,7.5,7.7,9.3,8.0,28.4,45.9,3.0,,3.7,1.8,2.4,2.2,47.2,25.5,41.8,22.6,8305.0,42.8,46.3,61.2,37.6,428.0,235.0,283.0,120.0,172.0,3.12535,3.000336,,443.311043,2.48,,1.0,4.0,3.0,47.0,3.0,,,16.0,3.0,3.0,2.0,4.0,5.0,5.0,3.0,6.0,7.0,2.0,,0.0,1.0,5.0,3.0,1.0,1.0,3.0,2.0,1.0,1.0,0.0,2.0,,0.0,8.0,7.0,7.0,1.0,4.0,2.0,31.0,3.0,1.0,7.0,5.0,1.0,3.0,2.0,1.0,3.0,4.0,0.0,3.0,2.0,1.0,3.0,2.0,3.0,,,1.0,0.0,0.0,0.0,1.0,8.0,1.0,3.0,10.0,3.0,,4.0,128.0,25.0,36.0,0.0,1.0,0.0,1.0,,,81.0,77.0,1.0,0.0,0.18,2.66,0.3,4.42,39.82,12.4,0.012,0.52,0.208,,48.27,29.94,31.14,96.13,10.86,121.9,94.1,0.55,8.08,2.48,36.6,0.0,0.0,341.0,0.37,17.67,4.142,12.5,0.045,0.554,6.78,69.39,42.8,79.3,1.423,1.452,24.7,13.84,2.46,3.823,49.9,0.837,1.45,167.2,,33.6,2.248,19.07,,34.1,,1.305,,147.94,3.254,22.27,75.11,,306.9,4.14,33.3,0
39.0,1.0,14.0,4.0,5.0,1.0,37.0,3.0,,102.7,174.4,61.1,54.0,53.0,104.0,107.5,30.0033,108.0,189.0,92.0,48.9,46.4,2.5,7.2,14.8,13.2,12.9,12.5,32.4,46.0,1.7,1.4,4.8,4.6,5.1,4.5,41.0,23.0,34.7,42.0,6301.0,34.3,40.9,62.6,47.2,733.0,397.0,310.0,226.0,194.0,5.875746,,3.112,649.344504,1.45,,,,,,,4.0,20.0,8.0,4.0,,4.0,5.0,3.0,5.0,0.0,5.0,8.0,2.0,1.0,0.0,0.0,4.0,3.0,2.0,3.0,2.0,1.0,0.0,1.0,0.0,3.0,,1.0,4.0,6.0,3.0,1.0,5.0,3.0,23.0,4.0,2.0,0.0,10.0,2.0,4.0,2.0,2.0,0.0,0.0,1.0,1.0,3.0,2.0,4.0,2.0,2.0,24.0,3.0,10.0,13.0,,,7.0,4.0,2.0,2.0,,4.0,2.0,3.0,0.0,,2.0,0.0,1.0,0.0,0.0,86.0,58.0,78.0,88.0,,0.0,0.12,1.46,0.09,1.17,37.6,13.55,0.005,0.345,0.212,0.82,10.04,29.08,36.04,80.7,7.76,108.56,76.63,0.7,8.62,6.41,78.7,0.0,0.0,195.7,0.152,16.25,4.66,12.51,0.019,1.982,8.14,11.06,51.26,35.4,1.326,0.861,19.1,1.16,2.374,6.679,75.8,0.785,3.08,,4.9,42.1,1.353,27.433,,52.54,,1.408,,40.42,,6.78,67.99,3.528,251.0,3.05,78.6,0
40.0,0.0,7.0,2.0,,,32.0,,15.0,81.8,112.9,64.8,44.0,21.0,88.0,84.8,32.1214,116.0,162.0,79.0,27.2,37.3,3.1,6.2,8.5,11.0,9.0,11.1,19.1,18.0,1.7,0.8,3.4,3.2,2.1,3.6,22.5,13.2,28.4,24.2,5980.0,33.9,46.3,47.7,33.3,435.0,251.0,237.0,186.0,176.0,2.483716,2.384368,0.085,435.278564,4.28,2.0,,3.0,,190.0,,4.0,,27.0,4.0,,4.0,7.0,3.0,6.0,0.0,1.0,7.0,1.0,3.0,,1.0,8.0,3.0,2.0,3.0,2.0,2.0,0.0,1.0,1.0,2.0,8.267,0.0,0.0,0.0,7.0,10.0,4.0,0.0,33.0,2.0,11.0,4.0,1.0,2.0,3.0,4.0,3.0,1.0,0.0,3.0,2.0,3.0,1.0,5.0,1.0,6.0,,1.0,,0.0,0.0,1.0,7.0,1.0,2.0,1.0,0.0,2.0,1.0,1.0,8.0,,3.0,1.0,,0.0,0.0,,88.0,,81.0,,1.0,0.01,0.07,0.07,0.82,45.83,16.36,0.005,0.108,0.155,1.13,13.57,34.29,35.69,96.06,9.46,106.41,88.65,0.18,2.11,6.98,83.4,0.0,0.0,135.1,0.128,16.33,4.771,15.23,0.022,0.486,8.36,13.11,40.26,132.8,1.883,,15.1,1.09,2.352,5.322,82.1,0.87,1.04,,6.473,40.4,1.199,32.565,4.378,,,1.439,,40.68,1.629,7.36,,4.324,511.7,7.6,51.1,0
55.0,0.0,27.0,6.0,,7.0,21.0,,19.0,99.9,112.0,55.4,32.0,14.0,68.0,66.4,23.7308,92.0,167.0,94.0,17.6,16.1,2.3,3.2,9.8,8.0,9.5,6.5,19.8,42.1,0.5,1.9,3.4,4.1,3.7,1.9,24.3,4.6,41.0,21.1,7952.0,18.8,10.9,44.4,58.7,767.0,353.0,336.0,333.0,289.0,2.588783,1.922192,,240.088226,,,,3.0,,,,,115.0,98.0,2.0,,5.0,2.0,7.0,7.0,0.0,3.0,7.0,2.0,0.0,0.0,1.0,6.0,4.0,3.0,1.0,2.0,2.0,3.0,0.0,1.0,3.0,,0.0,0.0,3.0,0.0,8.0,6.0,2.0,29.0,4.0,2.0,1.0,1.0,3.0,3.0,3.0,2.0,0.0,0.0,0.0,0.0,5.0,2.0,5.0,1.0,3.0,1.0,,0.0,,1.0,1.0,10.0,0.0,4.0,1.0,14.0,3.0,1.0,4.0,0.0,,29.0,1.0,1.0,1.0,0.0,,56.0,,50.0,0.0,1.0,0.02,0.2,0.02,0.26,40.05,11.51,0.008,0.54,0.397,0.82,8.41,28.35,28.75,98.6,10.31,,81.85,0.4,4.13,8.48,87.0,0.0,0.0,316.4,0.326,,4.062,16.94,0.093,,9.75,68.4,41.28,146.0,2.429,1.009,30.0,0.99,2.543,6.475,61.8,1.172,4.26,46.2,10.118,48.4,2.553,21.25,3.105,18.97,,,,,1.396,20.91,79.81,1.251,233.7,5.89,101.6,0
48.0,0.0,44.0,1.0,1.0,33.0,49.0,,15.0,71.7,104.2,90.2,31.0,32.0,72.0,74.8,22.3836,96.0,183.0,96.0,35.4,19.6,1.8,2.3,11.5,13.7,6.9,7.9,29.0,15.6,1.3,0.5,4.5,2.7,3.5,3.9,21.7,7.2,27.0,34.3,9763.0,16.6,17.9,80.5,45.4,498.0,274.0,255.0,227.0,234.0,5.379916,1.375067,,213.025695,,,,,2.0,,3.0,,,25.0,,2.0,2.0,1.0,6.0,6.0,,3.0,0.0,2.0,1.0,1.0,1.0,4.0,2.0,3.0,2.0,2.0,2.0,0.0,0.0,1.0,3.0,,0.0,5.0,0.0,3.0,0.0,0.0,0.0,48.0,1.0,2.0,1.0,0.0,3.0,2.0,2.0,0.0,1.0,2.0,3.0,3.0,3.0,3.0,5.0,2.0,2.0,,19.0,,0.0,,0.0,0.0,,3.0,4.0,0.0,3.0,1.0,3.0,10.0,26.0,3.0,0.0,1.0,,1.0,,52.0,92.0,86.0,,0.0,0.09,1.46,0.15,2.35,44.25,15.32,0.014,0.481,0.337,1.59,25.31,33.39,34.64,96.41,8.93,96.66,86.71,0.93,14.86,3.52,56.0,0.0,0.0,384.3,0.343,16.04,4.589,12.4,0.044,2.601,6.28,61.21,44.26,142.9,1.102,0.712,,16.82,2.644,3.402,53.6,0.723,,152.4,7.206,39.9,,27.147,4.185,4.82,,1.169,,,1.263,10.52,78.37,1.433,251.9,,15.8,0
46.0,1.0,21.0,4.0,13.0,,18.0,5.0,15.0,96.3,113.5,66.0,29.0,46.0,65.0,56.3,19.8647,90.0,168.0,88.0,16.4,14.3,1.9,2.9,7.3,9.1,7.6,11.2,15.0,13.6,0.6,0.4,2.3,3.1,3.1,2.1,13.1,9.6,32.9,31.6,6143.0,14.8,8.5,43.4,27.0,512.0,271.0,296.0,255.0,257.0,0.975561,0.936538,,96.168258,4.56,,4.0,7.0,3.0,39.0,,6.0,16.0,300.0,3.0,3.0,4.0,4.0,4.0,6.0,6.0,,4.0,3.0,3.0,0.0,2.0,6.0,3.0,1.0,3.0,2.0,2.0,0.0,2.0,2.0,3.0,,0.0,12.0,0.0,1.0,1.0,2.0,0.0,9.0,0.0,2.0,0.0,6.0,1.0,3.0,1.0,1.0,2.0,5.0,1.0,0.0,4.0,1.0,4.0,2.0,5.0,,,,,2.0,,7.0,1.0,2.0,4.0,6.0,2.0,2.0,3.0,0.0,27.0,42.0,0.0,,0.0,1.0,,89.0,,,,1.0,0.02,0.19,0.09,1.16,41.92,18.03,0.014,0.495,0.417,0.81,9.97,34.92,43.01,,,106.82,79.53,0.94,11.6,6.26,77.1,0.0,0.0,194.2,0.214,16.34,5.163,12.59,0.052,1.725,8.12,31.64,42.16,84.4,1.941,1.631,55.5,15.86,,8.494,110.1,1.206,1.26,15.8,4.533,,2.352,11.827,5.308,,,,,24.23,13.133,13.14,77.12,2.103,509.8,8.44,51.5,0
54.0,0.0,21.0,2.0,,,,,16.0,75.2,118.5,50.6,10.0,16.0,117.0,107.7,42.0817,113.0,160.0,84.0,47.0,36.9,9.6,6.5,6.8,7.9,5.7,6.0,39.1,54.9,2.4,3.8,2.3,2.2,2.9,2.5,44.0,27.3,23.7,19.4,4631.0,43.1,42.7,39.5,35.4,640.0,425.0,438.0,266.0,283.0,2.342173,2.05511,,112.534076,4.62,,,5.0,,,7.0,5.0,5.0,404.0,2.0,3.0,1.0,1.0,1.0,3.0,3.0,4.0,5.0,2.0,3.0,0.0,0.0,5.0,2.0,1.0,1.0,2.0,2.0,0.0,0.0,1.0,3.0,,0.0,0.0,8.0,4.0,1.0,1.0,4.0,5.0,3.0,5.0,0.0,7.0,3.0,1.0,2.0,1.0,0.0,1.0,1.0,0.0,3.0,1.0,5.0,2.0,1.0,0.0,0.0,0.0,0.0,,,,,2.0,3.0,0.0,3.0,2.0,3.0,0.0,14.0,1.0,1.0,1.0,0.0,0.0,,82.0,,28.0,,0.0,0.12,1.79,0.08,1.13,36.31,13.39,0.015,0.171,0.4,1.18,17.21,35.76,36.87,96.98,10.85,116.09,88.14,0.37,5.42,5.11,74.5,0.0,0.0,360.6,,16.13,3.744,13.31,0.024,1.505,6.86,38.52,47.85,119.4,,0.618,47.2,16.06,2.262,4.319,68.2,0.695,1.32,16.8,,55.6,,35.061,2.861,,286.1,0.919,,42.68,1.774,13.4,56.26,3.309,236.2,3.53,19.7,0
63.0,1.0,17.0,5.0,74.0,0.0,11.0,,,75.3,119.6,52.4,55.0,31.0,78.0,82.8,23.1721,90.0,189.0,96.0,22.5,35.3,3.5,3.8,9.5,14.1,6.8,12.4,21.9,17.7,0.9,0.8,2.5,4.8,3.6,4.0,19.6,1.8,43.8,38.3,9977.0,20.1,9.6,46.1,39.2,793.0,460.0,387.0,303.0,327.0,5.873972,4.505117,3.901,1066.08164,1.17,5.0,2.0,,,,,,,23.0,6.0,,2.0,1.0,1.0,7.0,5.0,1.0,2.0,1.0,4.0,,1.0,6.0,4.0,3.0,1.0,2.0,,0.0,0.0,0.0,2.0,,0.0,0.0,0.0,2.0,1.0,8.0,0.0,16.0,7.0,2.0,7.0,1.0,3.0,0.0,3.0,2.0,2.0,2.0,3.0,1.0,5.0,1.0,5.0,1.0,3.0,0.0,5.0,11.0,0.0,,,2.0,6.0,2.0,2.0,6.0,4.0,1.0,4.0,10.0,31.0,3.0,1.0,,0.0,1.0,,53.0,63.0,78.0,,0.0,0.0,0.01,0.14,1.42,50.86,12.08,0.012,0.183,0.248,,13.19,23.69,23.75,99.73,8.36,,87.6,0.73,7.39,7.69,78.0,0.0,0.0,324.8,0.272,17.34,,15.06,0.044,1.524,9.85,13.59,43.63,138.6,2.219,0.882,25.9,16.75,2.263,4.542,102.1,,2.64,11.1,3.684,27.6,2.366,,3.692,,,0.951,13.7,24.5,17.415,6.42,78.11,2.247,494.2,,66.0,0
60.0,0.0,22.0,1.0,,,61.0,8.0,,102.7,200.6,81.3,10.0,28.0,103.0,82.0,35.4043,107.0,152.0,90.0,49.1,48.5,7.9,6.2,10.5,8.9,7.7,7.1,47.9,38.2,2.9,2.7,2.6,2.6,2.4,2.4,42.2,27.9,23.8,27.3,5081.0,49.1,16.1,67.6,36.7,737.0,302.0,424.0,330.0,228.0,,1.63834,-1.308,188.771212,4.43,,,,,,,5.0,70.0,29.0,7.0,3.0,2.0,4.0,3.0,6.0,3.0,1.0,3.0,2.0,2.0,0.0,2.0,5.0,1.0,,1.0,2.0,2.0,1.0,0.0,1.0,2.0,,0.0,,,8.0,2.0,0.0,2.0,7.0,8.0,8.0,1.0,1.0,3.0,2.0,2.0,4.0,1.0,1.0,2.0,1.0,3.0,2.0,2.0,1.0,2.0,,2.0,12.0,13.0,4.0,1.0,6.0,0.0,3.0,3.0,6.0,3.0,3.0,3.0,0.0,27.0,10.0,0.0,,0.0,,,67.0,,84.0,,0.0,0.16,2.81,0.26,4.49,46.34,15.39,0.004,0.05,0.15,2.42,42.4,28.11,33.2,84.65,10.66,87.54,78.87,,8.52,2.38,41.8,0.0,0.0,221.9,0.236,17.93,5.474,12.5,,0.592,5.7,13.65,47.21,75.8,1.501,0.673,20.5,,2.559,5.566,82.1,0.701,1.44,91.7,9.643,50.7,0.867,34.969,4.105,9.35,,1.228,,151.4,6.416,5.59,68.01,5.315,259.7,5.42,61.1,0
59.0,1.0,35.0,5.0,29.0,,52.0,6.0,14.0,102.9,170.1,80.5,41.0,41.0,112.0,108.3,38.4033,156.0,168.0,85.0,48.0,49.4,9.1,9.3,8.0,13.2,7.3,11.1,49.5,43.9,2.3,3.1,4.0,2.5,,3.5,47.0,19.2,26.7,21.9,7782.0,44.5,23.9,70.7,54.9,635.0,345.0,672.0,313.0,323.0,1.992918,1.913201,1.144,553.817236,2.43,2.0,3.0,,,10.0,,,158.0,15.0,,3.0,2.0,3.0,4.0,4.0,0.0,0.0,3.0,3.0,1.0,0.0,1.0,10.0,1.0,1.0,1.0,2.0,2.0,1.0,0.0,0.0,4.0,,0.0,5.0,0.0,8.0,0.0,2.0,3.0,34.0,1.0,11.0,8.0,2.0,3.0,2.0,4.0,1.0,4.0,4.0,1.0,1.0,3.0,2.0,4.0,1.0,4.0,64.0,17.0,20.0,25.0,1.0,,2.0,5.0,1.0,1.0,,4.0,2.0,3.0,7.0,18.0,2.0,0.0,1.0,0.0,,,,78.0,43.0,,0.0,1.11,10.56,0.63,5.99,39.72,18.34,0.006,0.188,0.391,3.52,33.6,38.82,46.18,84.05,11.56,97.34,75.69,0.31,2.92,4.92,46.9,0.0,0.0,324.1,0.375,17.74,4.726,13.38,0.07,1.161,10.48,,46.9,148.7,1.837,0.719,20.3,,2.564,4.855,113.0,0.888,1.79,188.9,10.25,51.0,2.315,24.996,2.676,139.68,,1.384,,44.11,11.908,18.33,77.4,1.127,448.8,8.46,87.9,0
59.0,1.0,16.0,2.0,,1.0,,,17.0,82.1,113.5,96.5,12.0,27.0,76.0,47.1,20.229,93.0,153.0,93.0,37.6,15.2,3.2,5.4,6.1,8.4,6.9,6.8,28.4,16.1,1.1,0.5,4.1,2.6,2.4,2.3,30.6,10.1,21.2,25.2,5148.0,36.7,25.6,41.1,40.4,540.0,284.0,254.0,214.0,188.0,3.028159,1.736357,-1.02,318.130403,2.38,,,,,113.0,,5.0,,23.0,3.0,2.0,1.0,0.0,1.0,1.0,0.0,2.0,5.0,2.0,3.0,1.0,0.0,7.0,1.0,1.0,2.0,2.0,2.0,0.0,0.0,0.0,3.0,,0.0,16.0,4.0,5.0,,2.0,0.0,32.0,3.0,2.0,1.0,0.0,1.0,0.0,4.0,2.0,2.0,1.0,1.0,0.0,0.0,1.0,4.0,0.0,2.0,,,1.0,0.0,,,,4.0,3.0,3.0,0.0,3.0,1.0,4.0,12.0,22.0,38.0,0.0,1.0,0.0,0.0,,75.0,,89.0,,0.0,0.01,0.1,0.06,0.54,50.79,13.77,0.021,0.306,0.273,2.55,23.95,25.79,27.1,95.14,10.65,90.8,92.55,0.56,,7.48,70.2,0.0,0.0,304.5,,17.51,5.339,15.55,0.093,1.566,,8.38,46.85,73.4,2.24,0.754,29.0,1.15,2.358,4.321,71.2,0.967,1.07,15.5,7.256,,1.518,29.435,2.018,,,,,28.41,14.466,3.99,71.56,0.831,,4.19,42.7,0
62.0,0.0,42.0,4.0,,37.0,56.0,,22.0,102.0,173.5,50.7,28.0,31.0,81.0,77.9,25.0386,114.0,176.0,81.0,19.6,16.0,4.6,6.4,12.0,11.1,7.1,11.6,34.7,26.0,2.8,1.0,2.4,3.1,2.3,3.1,19.4,12.7,28.6,37.5,6162.0,30.6,23.6,55.9,28.0,479.0,297.0,291.0,174.0,233.0,2.420059,2.323257,0.596,187.490379,4.54,,4.0,3.0,3.0,22.0,,,,20.0,1.0,,3.0,2.0,1.0,7.0,0.0,6.0,7.0,2.0,3.0,1.0,1.0,,3.0,2.0,1.0,1.0,2.0,0.0,2.0,0.0,4.0,,1.0,0.0,1.0,1.0,0.0,1.0,0.0,9.0,1.0,10.0,6.0,1.0,1.0,3.0,3.0,2.0,2.0,1.0,0.0,1.0,3.0,2.0,5.0,2.0,2.0,1.0,1.0,1.0,0.0,,0.0,3.0,3.0,,3.0,,3.0,1.0,4.0,3.0,17.0,1.0,,1.0,0.0,,,41.0,,81.0,,0.0,0.19,3.32,0.1,1.68,45.35,16.42,0.015,0.656,0.223,2.22,38.47,33.18,36.2,91.67,9.32,106.26,83.22,0.63,,2.63,45.6,0.0,0.0,275.5,0.257,17.56,4.948,13.76,0.125,1.881,5.77,9.89,,147.6,1.072,,41.8,10.95,2.445,6.266,80.5,0.736,1.21,157.8,,36.3,0.94,12.445,3.705,53.55,199.9,0.908,,27.5,1.413,7.58,65.43,1.298,489.0,6.95,34.3,0
67.0,1.0,41.0,2.0,43.0,28.0,,,15.0,91.0,185.9,50.2,48.0,52.0,142.0,122.1,42.0556,122.0,170.0,84.0,35.6,40.7,8.7,6.6,9.5,8.3,8.5,10.2,29.5,38.2,3.8,2.2,4.8,3.1,3.7,2.7,32.5,23.6,40.3,26.8,9460.0,42.6,41.2,70.0,38.0,689.0,278.0,310.0,231.0,208.0,5.75357,,2.225,445.62984,4.54,5.0,6.0,2.0,,18.0,,,10.0,,1.0,1.0,1.0,,1.0,4.0,0.0,7.0,8.0,3.0,1.0,0.0,0.0,7.0,2.0,2.0,1.0,2.0,2.0,3.0,1.0,1.0,3.0,7.608,0.0,0.0,0.0,10.0,3.0,4.0,0.0,30.0,5.0,1.0,0.0,1.0,1.0,2.0,2.0,3.0,2.0,0.0,3.0,0.0,2.0,2.0,3.0,2.0,2.0,1.0,,,16.0,,,7.0,1.0,3.0,,3.0,3.0,1.0,2.0,0.0,14.0,,0.0,1.0,1.0,0.0,,73.0,,78.0,,1.0,0.14,1.22,0.08,0.7,46.15,15.75,0.004,0.178,0.315,2.09,,28.86,34.12,84.58,8.36,112.87,81.37,0.83,7.39,8.04,72.0,0.0,0.0,405.3,0.339,16.41,5.456,13.84,0.041,1.166,11.17,46.03,43.06,100.8,1.04,0.71,49.2,11.95,,6.155,47.7,0.723,4.02,187.8,4.568,46.8,0.78,,4.59,141.13,252.0,1.189,,63.78,11.844,,,5.23,170.6,4.41,75.3,0
60.0,0.0,2.0,4.0,,8.0,26.0,,21.0,80.6,151.4,97.7,12.0,33.0,87.0,70.7,23.332,95.0,174.0,82.0,17.3,16.2,1.8,1.3,7.1,7.2,6.8,10.2,18.6,36.6,0.4,0.5,1.9,2.1,2.3,2.3,12.7,7.7,28.2,23.1,6202.0,14.5,11.8,48.0,,534.0,316.0,348.0,314.0,299.0,2.291004,2.199363,-1.077,220.436357,,,1.0,,3.0,186.0,1.0,,,174.0,2.0,5.0,2.0,1.0,6.0,6.0,5.0,4.0,5.0,2.0,0.0,2.0,2.0,4.0,1.0,1.0,1.0,2.0,2.0,1.0,1.0,0.0,3.0,,0.0,0.0,4.0,2.0,8.0,1.0,4.0,8.0,10.0,5.0,8.0,1.0,1.0,1.0,0.0,0.0,0.0,1.0,0.0,2.0,4.0,3.0,3.0,1.0,5.0,,7.0,0.0,0.0,,1.0,4.0,3.0,2.0,4.0,0.0,3.0,1.0,2.0,0.0,13.0,42.0,1.0,0.0,0.0,,86.0,94.0,93.0,64.0,,0.0,0.01,0.16,,0.28,32.99,13.61,0.012,0.434,0.302,1.53,,35.36,41.25,85.73,9.51,101.94,74.02,0.91,12.92,4.59,65.0,0.0,0.0,316.7,0.301,,3.849,12.77,0.117,24.621,7.06,18.73,46.99,137.2,1.036,1.596,23.8,18.19,2.225,6.892,92.4,1.162,3.97,125.4,4.846,28.3,0.822,27.179,4.791,160.58,,1.276,15.5,45.19,2.075,26.48,73.22,1.475,514.4,8.82,21.9,0
58.0,0.0,37.0,1.0,,7.0,19.0,2.0,23.0,89.9,171.8,75.8,16.0,13.0,98.0,63.5,24.8317,110.0,160.0,84.0,41.3,47.9,6.7,4.0,8.9,6.2,6.7,5.7,45.5,,1.5,2.0,2.0,1.9,1.8,4.1,43.7,12.4,30.9,39.5,5182.0,,30.6,59.5,27.8,503.0,292.0,312.0,294.0,212.0,0.427067,0.409985,-1.151,12.841176,,3.0,,,3.0,,,4.0,212.0,295.0,3.0,,1.0,6.0,2.0,4.0,0.0,3.0,1.0,2.0,4.0,3.0,1.0,8.0,2.0,2.0,1.0,3.0,,2.0,1.0,2.0,3.0,,1.0,0.0,0.0,0.0,7.0,4.0,0.0,6.0,1.0,4.0,0.0,2.0,3.0,3.0,1.0,1.0,1.0,1.0,1.0,0.0,3.0,1.0,1.0,2.0,2.0,,,2.0,14.0,,,5.0,0.0,4.0,2.0,0.0,2.0,1.0,1.0,0.0,18.0,2.0,,,0.0,0.0,65.0,,,42.0,,0.0,0.01,0.13,0.04,0.46,56.11,16.84,0.011,0.236,0.174,1.47,15.89,23.93,26.41,90.59,12.34,114.2,76.05,0.18,1.91,7.53,81.6,0.0,0.0,383.0,0.473,16.87,7.038,14.1,0.049,2.271,9.23,73.55,44.76,143.6,,0.839,20.2,0.39,2.344,4.057,50.6,0.656,4.69,119.0,,33.7,1.963,34.999,2.969,6.0,,,,,1.211,24.92,,8.638,163.1,6.59,53.2,0
60.0,1.0,6.0,4.0,4.0,34.0,6.0,,18.0,71.9,149.9,73.0,18.0,47.0,84.0,95.9,27.6857,111.0,186.0,96.0,29.9,34.9,,2.8,13.3,7.7,12.5,9.3,29.6,38.7,0.7,2.3,3.0,4.1,3.7,3.5,37.6,20.6,29.7,30.6,5191.0,26.7,34.0,72.4,48.3,466.0,292.0,236.0,209.0,198.0,4.986569,4.049319,,423.172503,4.57,,6.0,,,13.0,,4.0,,13.0,4.0,,4.0,2.0,0.0,1.0,0.0,4.0,1.0,1.0,1.0,3.0,1.0,5.0,2.0,3.0,1.0,1.0,2.0,0.0,0.0,1.0,3.0,,0.0,0.0,,1.0,6.0,1.0,80.0,32.0,3.0,3.0,2.0,7.0,2.0,2.0,2.0,1.0,1.0,1.0,2.0,3.0,2.0,3.0,5.0,2.0,3.0,0.0,6.0,11.0,0.0,0.0,,9.0,3.0,2.0,2.0,6.0,3.0,1.0,3.0,0.0,16.0,,0.0,1.0,1.0,0.0,72.0,,94.0,,,0.0,0.33,6.13,0.0,0.04,39.32,16.57,0.037,,0.164,3.17,58.46,36.48,42.13,86.58,7.6,,78.48,0.56,10.38,1.36,,0.0,0.0,324.8,,16.29,4.542,14.06,0.052,0.662,5.43,47.24,42.83,80.4,1.409,1.57,56.7,1.28,2.446,7.13,60.5,0.86,1.6,160.1,5.283,58.8,1.775,14.358,6.173,10.17,,1.469,,,14.211,25.89,77.25,3.26,191.5,3.05,47.6,0
56.0,1.0,38.0,2.0,17.0,17.0,,1.0,22.0,69.2,122.9,47.3,43.0,56.0,68.0,58.2,19.6092,86.0,172.0,85.0,20.7,12.6,1.5,1.5,12.8,9.9,12.9,9.0,20.0,15.8,0.8,0.4,4.4,2.6,3.1,3.1,16.5,3.8,29.7,30.5,6815.0,20.5,10.0,41.2,33.6,520.0,375.0,263.0,232.0,234.0,2.805156,2.69295,1.515,597.169068,,4.0,4.0,,3.0,,,2.0,25.0,172.0,2.0,,4.0,7.0,1.0,7.0,0.0,1.0,1.0,2.0,3.0,1.0,2.0,9.0,2.0,3.0,3.0,2.0,2.0,0.0,1.0,2.0,3.0,69.115,2.0,3.0,0.0,7.0,7.0,2.0,0.0,21.0,5.0,11.0,7.0,1.0,1.0,4.0,3.0,0.0,3.0,1.0,2.0,1.0,2.0,2.0,3.0,1.0,,0.0,0.0,1.0,17.0,,1.0,3.0,1.0,5.0,2.0,0.0,2.0,2.0,3.0,8.0,14.0,,0.0,1.0,0.0,,,,,56.0,,1.0,0.09,0.97,0.05,,56.11,18.76,0.005,0.33,0.244,1.69,18.45,33.63,33.2,101.29,7.68,111.04,93.71,0.61,6.66,6.72,73.3,0.0,0.0,201.7,,17.75,5.578,13.19,0.052,1.809,9.16,,,131.4,1.924,1.331,20.6,15.39,2.313,5.665,45.9,0.669,2.07,,,33.2,1.28,26.17,3.696,,,1.506,,,12.977,23.08,72.06,3.508,159.7,4.25,,0
48.0,1.0,23.0,5.0,,20.0,,7.0,19.0,63.8,151.2,49.6,18.0,32.0,76.0,102.8,33.6796,129.0,175.0,98.0,15.8,37.8,7.0,3.8,21.1,11.7,8.6,13.0,24.6,33.0,2.6,1.7,3.4,4.6,2.1,4.5,33.4,8.2,37.9,23.9,8148.0,25.9,25.6,55.1,42.9,480.0,236.0,355.0,229.0,232.0,5.432525,4.278967,2.321,594.596733,2.74,3.0,,6.0,,237.0,4.0,5.0,30.0,11.0,,1.0,3.0,3.0,1.0,6.0,6.0,0.0,7.0,2.0,4.0,0.0,1.0,4.0,3.0,2.0,1.0,3.0,,0.0,0.0,1.0,3.0,,1.0,10.0,1.0,0.0,8.0,0.0,7.0,10.0,7.0,1.0,5.0,2.0,2.0,2.0,0.0,3.0,2.0,1.0,1.0,0.0,5.0,1.0,5.0,2.0,5.0,11.0,,26.0,23.0,0.0,,1.0,3.0,2.0,4.0,0.0,1.0,2.0,3.0,0.0,17.0,,1.0,,1.0,0.0,,60.0,60.0,83.0,,,0.0,0.03,0.6,6.71,41.79,11.87,0.015,0.292,0.305,2.87,31.97,28.1,28.4,98.93,9.96,119.26,114.82,0.99,10.98,4.52,50.3,0.0,0.0,360.8,0.359,15.94,,13.38,0.037,2.124,8.98,68.05,40.19,61.6,,0.659,43.7,1.28,2.621,4.214,66.3,0.697,,75.5,6.388,,0.839,12.094,2.357,,,,,,,5.32,65.23,0.99,240.5,4.27,21.0,0
55.0,0.0,10.0,3.0,,,61.0,10.0,22.0,60.8,139.4,57.1,12.0,15.0,97.0,84.6,,123.0,152.0,85.0,28.3,46.6,4.9,6.3,12.9,7.2,6.0,11.5,30.4,42.3,3.4,3.2,2.1,2.1,2.2,2.5,26.8,24.2,29.7,20.9,5551.0,41.0,17.8,48.7,28.1,562.0,352.0,386.0,207.0,198.0,4.710336,4.232143,2.478,623.33829,,2.0,2.0,,4.0,28.0,,1.0,,82.0,3.0,1.0,1.0,2.0,0.0,7.0,0.0,4.0,2.0,1.0,,1.0,0.0,7.0,3.0,4.0,2.0,2.0,,0.0,0.0,0.0,2.0,,1.0,7.0,,9.0,4.0,4.0,0.0,6.0,1.0,0.0,0.0,8.0,2.0,3.0,3.0,4.0,2.0,2.0,1.0,1.0,4.0,1.0,3.0,2.0,3.0,7.0,1.0,1.0,,,,3.0,0.0,4.0,2.0,0.0,6.0,2.0,5.0,0.0,14.0,2.0,0.0,1.0,0.0,0.0,,68.0,89.0,64.0,,1.0,0.11,3.04,0.14,3.78,36.35,12.48,0.042,0.495,0.207,0.88,24.07,28.69,34.33,83.59,11.99,93.66,90.88,0.44,12.11,,57.0,0.0,0.0,128.0,0.153,16.79,4.349,12.59,0.074,2.798,3.66,39.38,45.27,84.9,2.286,1.542,17.7,0.3,2.2,,62.4,0.75,3.01,24.0,3.971,,2.516,19.93,5.564,4.34,1951.9,0.83,,42.02,1.722,5.06,74.96,1.071,393.1,,29.7,0
63.0,1.0,14.0,1.0,53.0,33.0,28.0,8.0,25.0,132.4,185.2,89.9,48.0,35.0,75.0,69.6,22.761,97.0,175.0,99.0,24.7,36.9,6.9,2.9,12.7,14.1,11.0,12.8,32.7,34.7,1.1,1.3,4.9,4.6,,4.1,24.3,16.7,42.3,41.0,8390.0,27.4,30.9,75.2,45.4,741.0,367.0,347.0,179.0,214.0,2.358933,2.264576,-0.846,114.987222,,,2.0,,,332.0,,,126.0,,3.0,6.0,3.0,1.0,4.0,5.0,0.0,6.0,1.0,3.0,0.0,0.0,0.0,9.0,3.0,2.0,3.0,2.0,2.0,0.0,1.0,0.0,3.0,,0.0,14.0,7.0,1.0,2.0,0.0,0.0,4.0,6.0,2.0,5.0,2.0,2.0,0.0,5.0,1.0,2.0,2.0,1.0,0.0,0.0,1.0,3.0,2.0,2.0,22.0,5.0,11.0,8.0,2.0,0.0,6.0,7.0,2.0,1.0,0.0,2.0,1.0,3.0,0.0,30.0,31.0,0.0,1.0,0.0,1.0,88.0,93.0,,,,1.0,0.08,1.63,,12.25,53.24,11.47,0.024,0.788,,2.12,42.15,21.34,23.08,99.02,10.55,108.72,90.99,0.27,5.29,1.95,38.7,0.0,0.0,230.9,0.244,17.85,5.377,12.48,0.123,0.841,5.03,18.9,45.7,,1.279,0.986,52.6,0.76,2.49,4.721,102.4,1.177,3.6,154.1,,55.1,0.936,25.878,3.72,81.02,,1.095,,15.33,12.509,5.5,81.35,4.501,299.2,8.1,44.9,0
62.0,0.0,6.0,2.0,59.0,,57.0,6.0,14.0,63.3,116.7,62.7,16.0,10.0,119.0,81.4,25.6154,99.0,178.0,78.0,26.1,42.1,7.4,8.1,6.4,9.8,8.5,6.2,26.0,53.7,1.1,0.9,2.2,1.9,2.2,2.5,40.8,7.6,23.5,26.5,9537.0,21.5,45.3,48.3,28.0,478.0,411.0,293.0,299.0,272.0,1.890551,1.814929,,213.365595,3.04,,,4.0,,32.0,3.0,,29.0,27.0,,,1.0,6.0,,6.0,4.0,1.0,7.0,3.0,1.0,,0.0,9.0,3.0,2.0,1.0,2.0,1.0,0.0,0.0,1.0,3.0,,1.0,14.0,1.0,0.0,1.0,3.0,0.0,18.0,4.0,5.0,7.0,8.0,3.0,2.0,4.0,2.0,2.0,1.0,0.0,4.0,3.0,1.0,5.0,2.0,6.0,1.0,1.0,19.0,0.0,,1.0,6.0,2.0,,2.0,12.0,4.0,1.0,5.0,9.0,29.0,15.0,1.0,0.0,0.0,,,55.0,63.0,56.0,,1.0,0.2,2.0,1.67,16.98,41.02,11.98,0.026,0.697,0.224,2.9,29.47,28.43,29.2,97.36,11.34,123.01,92.92,0.17,,4.9,49.8,0.0,0.0,342.9,0.389,16.08,,22.54,0.066,1.958,9.83,26.43,46.88,56.6,2.103,0.553,24.5,0.59,2.316,2.508,90.2,0.766,3.88,16.8,,61.1,1.319,16.191,1.767,,,1.151,,36.64,0.986,4.47,,1.385,226.7,6.21,31.2,0
62.0,1.0,27.0,5.0,,,20.0,3.0,15.0,71.9,145.1,65.1,50.0,48.0,102.0,83.8,25.9384,103.0,180.0,94.0,33.1,49.0,5.2,7.8,13.1,14.1,10.7,12.8,32.7,24.8,0.9,2.7,3.0,4.2,2.9,3.4,20.6,14.2,38.2,41.4,9408.0,47.6,20.6,70.3,44.4,569.0,313.0,233.0,223.0,236.0,4.89926,3.868938,2.773,699.707688,,,,,4.0,164.0,3.0,3.0,175.0,11.0,2.0,2.0,3.0,7.0,0.0,7.0,2.0,0.0,6.0,2.0,0.0,0.0,1.0,4.0,3.0,3.0,2.0,3.0,2.0,2.0,0.0,0.0,2.0,26.686,2.0,11.0,3.0,2.0,1.0,6.0,0.0,0.0,5.0,10.0,0.0,10.0,2.0,2.0,2.0,0.0,2.0,0.0,1.0,4.0,3.0,1.0,5.0,0.0,4.0,24.0,,,0.0,3.0,,8.0,,2.0,2.0,0.0,4.0,1.0,1.0,0.0,,9.0,,0.0,1.0,0.0,,47.0,91.0,95.0,0.0,0.0,0.06,,0.21,2.49,38.92,14.83,0.015,0.816,0.256,2.42,29.27,34.07,38.1,89.41,8.43,101.08,74.93,0.29,3.45,5.3,64.0,0.0,0.0,380.3,0.321,16.72,4.353,12.81,0.061,1.523,8.28,19.43,,47.0,,0.67,17.5,1.04,2.273,3.399,48.8,,1.92,17.1,3.669,32.2,1.823,,2.557,,,0.997,,77.63,,4.2,72.43,0.674,199.8,4.35,39.3,0
54.0,0.0,7.0,5.0,92.0,3.0,,5.0,,66.3,118.2,52.9,12.0,11.0,97.0,60.6,25.7137,112.0,154.0,80.0,45.9,25.5,2.9,2.5,6.7,7.4,5.8,7.5,28.2,31.1,0.9,1.1,1.8,1.8,1.8,1.7,32.6,12.6,28.0,36.2,3990.0,21.5,11.1,36.5,36.3,531.0,444.0,421.0,246.0,286.0,1.727035,1.332755,-0.69,308.568493,1.85,,,,,39.0,4.0,,13.0,226.0,4.0,,3.0,3.0,1.0,1.0,0.0,0.0,4.0,1.0,0.0,1.0,2.0,5.0,4.0,3.0,1.0,1.0,2.0,0.0,0.0,2.0,3.0,,0.0,5.0,0.0,4.0,0.0,2.0,7.0,22.0,7.0,4.0,1.0,9.0,1.0,2.0,3.0,1.0,2.0,1.0,3.0,1.0,5.0,2.0,5.0,2.0,1.0,0.0,,14.0,0.0,,1.0,11.0,5.0,1.0,,11.0,1.0,1.0,2.0,0.0,24.0,39.0,0.0,0.0,0.0,1.0,83.0,89.0,,54.0,0.0,0.0,0.15,5.33,0.1,3.57,39.32,11.87,0.011,0.325,0.217,1.91,68.97,29.68,30.18,98.37,10.18,97.43,89.8,0.22,7.86,0.39,14.3,0.0,0.0,310.0,0.316,15.77,3.998,14.66,0.045,0.122,2.76,8.15,48.85,62.9,1.92,1.518,29.5,0.1,2.386,8.302,75.7,0.844,1.77,56.8,9.493,44.0,,30.468,5.719,7.36,,0.852,,122.24,,4.81,,1.193,164.1,,48.2,0
41.0,0.0,12.0,1.0,1.0,,,10.0,14.0,87.1,163.8,91.3,13.0,13.0,89.0,47.6,20.6466,88.0,152.0,79.0,22.2,31.9,3.5,1.8,11.2,4.8,6.9,9.9,16.4,19.4,0.5,1.0,1.9,2.6,2.5,3.2,20.5,2.6,23.3,20.5,5084.0,16.1,29.8,40.3,31.9,459.0,255.0,228.0,253.0,187.0,1.939942,,0.039,150.33059,,,,3.0,,,3.0,6.0,,19.0,3.0,3.0,0.0,6.0,5.0,5.0,0.0,0.0,5.0,2.0,0.0,0.0,0.0,10.0,3.0,,1.0,3.0,2.0,0.0,0.0,1.0,3.0,21.074,1.0,6.0,0.0,6.0,2.0,2.0,0.0,13.0,3.0,1.0,1.0,1.0,1.0,2.0,2.0,2.0,1.0,0.0,0.0,3.0,2.0,3.0,3.0,2.0,2.0,23.0,1.0,20.0,19.0,3.0,,2.0,8.0,4.0,1.0,15.0,5.0,1.0,4.0,3.0,20.0,2.0,0.0,1.0,0.0,0.0,,,63.0,80.0,1.0,0.0,0.17,,0.35,3.64,51.44,16.39,0.046,0.523,0.401,1.0,10.48,30.15,31.87,94.61,10.78,103.14,86.83,0.3,3.12,7.73,80.9,0.0,0.0,323.4,0.349,16.08,5.436,16.64,0.125,2.051,9.55,55.96,,87.3,1.04,0.779,23.3,0.46,,4.62,81.6,1.02,1.49,148.2,4.378,28.6,0.816,9.887,3.937,161.79,1524.5,1.37,,13.97,0.824,22.68,63.98,1.145,188.2,3.11,68.7,0
69.0,1.0,20.0,4.0,,,,8.0,14.0,104.1,174.9,68.1,48.0,46.0,155.0,146.6,41.9854,150.0,187.0,105.0,53.9,46.6,9.9,15.5,10.8,7.8,7.7,9.9,65.3,57.8,3.6,8.5,3.0,2.9,3.5,3.6,60.3,47.3,38.3,28.9,7778.0,56.3,81.1,79.4,36.7,528.0,232.0,155.0,189.0,190.0,2.375277,1.238661,-0.42,173.182676,1.42,3.0,1.0,,,19.0,,,,16.0,5.0,5.0,3.0,,4.0,6.0,4.0,1.0,7.0,3.0,1.0,0.0,1.0,7.0,1.0,,2.0,2.0,2.0,0.0,1.0,0.0,1.0,2.357,0.0,3.0,2.0,2.0,8.0,10.0,7.0,4.0,8.0,8.0,5.0,7.0,2.0,1.0,0.0,5.0,1.0,3.0,1.0,2.0,3.0,1.0,5.0,1.0,3.0,,0.0,19.0,14.0,2.0,1.0,6.0,1.0,2.0,3.0,3.0,5.0,1.0,3.0,0.0,26.0,1.0,1.0,0.0,0.0,,,39.0,,50.0,,0.0,0.01,0.18,0.12,1.68,34.13,15.02,0.027,0.819,0.249,2.58,36.93,37.45,44.0,85.11,9.84,94.63,82.41,,3.25,4.04,58.0,0.0,0.0,134.1,0.132,18.01,4.01,12.03,0.1,1.566,6.97,14.69,39.42,,1.788,,15.8,2.67,2.223,5.496,66.1,,4.4,15.0,4.496,,1.709,15.543,3.624,,,1.513,,47.57,11.637,4.72,67.8,0.53,291.1,4.05,56.6,0
63.0,1.0,31.0,2.0,84.0,37.0,8.0,1.0,,64.8,125.8,91.1,42.0,51.0,72.0,85.0,24.4403,111.0,187.0,88.0,19.0,35.5,3.3,4.5,9.2,10.9,12.7,6.8,41.4,13.2,1.2,0.6,3.3,3.7,4.1,4.2,13.0,11.8,29.6,37.1,9686.0,23.0,25.6,44.1,53.6,457.0,286.0,145.0,174.0,231.0,6.019042,2.445649,-0.04,597.116489,1.93,,,3.0,,357.0,3.0,3.0,,1247.0,5.0,5.0,2.0,6.0,6.0,6.0,2.0,4.0,7.0,3.0,4.0,1.0,0.0,9.0,4.0,2.0,2.0,1.0,1.0,0.0,1.0,0.0,3.0,30.058,1.0,1.0,8.0,1.0,6.0,2.0,5.0,14.0,9.0,11.0,5.0,3.0,1.0,3.0,1.0,1.0,1.0,1.0,3.0,1.0,5.0,2.0,4.0,2.0,1.0,,,1.0,,,,9.0,,1.0,2.0,4.0,3.0,2.0,2.0,0.0,23.0,14.0,0.0,1.0,0.0,0.0,74.0,55.0,,35.0,,0.0,0.12,2.02,0.09,1.46,31.19,11.69,0.009,0.312,0.32,1.91,30.99,32.46,37.47,86.63,10.41,96.65,73.17,0.39,,3.65,59.1,0.0,0.0,181.2,0.189,17.63,3.6,15.72,0.089,0.913,6.17,10.38,41.59,65.3,1.769,,22.2,1.28,2.49,5.878,,0.473,,13.4,3.619,26.4,,27.869,3.216,,199.6,1.178,,38.75,,3.89,74.71,2.17,267.2,2.86,32.1,0
67.0,1.0,26.0,2.0,14.0,22.0,40.0,,16.0,103.9,181.4,,28.0,32.0,78.0,70.2,25.0163,102.0,167.0,83.0,29.9,,3.1,5.0,,7.8,5.5,7.9,45.2,23.3,1.5,1.2,2.6,2.7,,,34.3,12.3,27.2,26.8,7545.0,36.3,19.7,47.8,36.9,753.0,411.0,388.0,309.0,296.0,2.320913,2.228076,1.139,137.57102,3.88,,,1.0,3.0,,,,,369.0,1.0,,1.0,5.0,6.0,6.0,0.0,0.0,4.0,2.0,1.0,1.0,0.0,6.0,3.0,2.0,1.0,1.0,2.0,0.0,0.0,0.0,3.0,,1.0,7.0,0.0,3.0,1.0,5.0,5.0,6.0,0.0,8.0,8.0,8.0,3.0,1.0,4.0,2.0,1.0,3.0,0.0,1.0,2.0,2.0,5.0,2.0,3.0,0.0,1.0,0.0,0.0,0.0,,3.0,0.0,1.0,3.0,,4.0,1.0,4.0,0.0,31.0,,0.0,1.0,0.0,,,91.0,93.0,,,1.0,0.0,0.03,0.19,4.83,,14.49,0.006,0.13,0.43,1.57,,28.01,31.31,89.44,8.28,104.7,87.11,0.31,8.12,1.79,46.4,0.0,0.0,194.6,0.161,17.91,5.174,12.81,0.055,1.297,,15.98,46.8,96.0,1.977,0.649,54.3,0.5,2.341,5.834,,1.204,1.12,21.9,10.361,62.9,2.31,11.785,2.743,12.26,,1.046,,43.4,13.384,3.88,67.84,1.181,432.4,,21.1,0
58.0,1.0,24.0,2.0,,3.0,,,24.0,68.2,103.9,51.9,52.0,57.0,116.0,107.8,30.7839,123.0,187.0,99.0,45.4,46.0,3.7,7.5,13.9,12.9,12.0,13.1,36.9,30.8,1.2,2.6,5.0,5.2,4.4,4.2,30.7,7.4,43.2,37.3,9657.0,43.6,30.6,56.4,50.4,431.0,273.0,235.0,217.0,172.0,5.799432,2.396844,,,3.81,2.0,3.0,,,109.0,,5.0,10.0,13.0,3.0,2.0,1.0,5.0,1.0,7.0,0.0,1.0,7.0,3.0,1.0,0.0,0.0,7.0,3.0,3.0,3.0,2.0,2.0,0.0,2.0,1.0,3.0,,0.0,,0.0,7.0,10.0,3.0,0.0,5.0,2.0,3.0,6.0,0.0,2.0,0.0,2.0,2.0,5.0,3.0,3.0,0.0,1.0,2.0,4.0,1.0,2.0,,1.0,,22.0,,0.0,2.0,4.0,5.0,2.0,0.0,4.0,1.0,4.0,8.0,14.0,6.0,0.0,0.0,0.0,,,57.0,62.0,79.0,,1.0,0.01,0.24,0.14,2.57,50.0,5.99,,0.268,0.151,2.69,50.78,18.65,23.08,100.02,10.54,110.15,92.61,0.4,7.62,,38.8,0.0,0.0,134.2,0.141,15.58,4.999,12.23,0.025,0.797,5.3,,45.06,116.4,2.161,1.065,39.1,2.38,2.389,3.814,83.4,1.001,,111.5,5.84,31.8,1.985,15.604,2.153,99.04,,1.153,,132.97,15.467,8.14,77.18,1.769,402.9,5.23,68.8,0
53.0,1.0,13.0,2.0,,,58.0,17.0,15.0,70.3,170.2,47.1,55.0,62.0,117.0,143.4,36.5918,106.0,198.0,98.0,31.0,23.9,8.3,2.7,14.0,10.3,18.4,12.9,15.4,35.3,2.2,2.4,4.7,6.4,4.6,4.5,45.3,22.5,29.8,41.2,8511.0,46.8,43.1,80.8,59.5,505.0,,245.0,170.0,177.0,,2.059517,0.778,603.131287,0.9,,1.0,2.0,,21.0,,2.0,,,3.0,3.0,3.0,1.0,,3.0,2.0,0.0,1.0,1.0,,0.0,0.0,10.0,1.0,2.0,3.0,2.0,2.0,0.0,0.0,0.0,2.0,,0.0,,0.0,1.0,1.0,2.0,0.0,,3.0,3.0,7.0,0.0,2.0,2.0,2.0,3.0,3.0,2.0,2.0,2.0,2.0,1.0,4.0,1.0,3.0,,13.0,1.0,,,1.0,8.0,7.0,3.0,2.0,,3.0,1.0,3.0,0.0,24.0,1.0,0.0,1.0,1.0,1.0,83.0,,74.0,,1.0,0.0,0.07,1.47,,2.0,,12.68,0.019,0.813,0.395,1.0,19.52,33.06,33.07,99.97,9.01,110.13,80.16,,6.56,3.6,70.4,0.0,0.0,401.6,,17.74,3.836,12.66,0.037,1.425,5.1,12.21,48.04,78.8,1.327,,21.4,0.79,2.526,4.927,,1.099,1.45,94.9,9.777,52.8,1.334,20.797,2.672,100.77,,1.485,,98.32,,24.96,76.38,3.198,473.9,6.14,70.9,0
62.0,0.0,2.0,,2.0,,,4.0,,101.3,180.9,79.2,57.0,47.0,118.0,136.9,38.4899,165.0,189.0,92.0,50.3,47.2,5.1,,10.5,7.6,11.1,13.0,53.2,56.3,3.6,3.6,3.4,2.3,4.2,2.6,60.5,27.1,24.4,20.1,8024.0,48.7,,75.4,41.6,432.0,280.0,258.0,171.0,199.0,1.986818,1.255231,-0.318,206.142396,1.66,,,,4.0,295.0,3.0,,197.0,293.0,3.0,2.0,1.0,5.0,7.0,6.0,0.0,3.0,4.0,2.0,0.0,1.0,2.0,8.0,3.0,1.0,1.0,2.0,1.0,0.0,0.0,1.0,4.0,84.182,0.0,13.0,1.0,1.0,4.0,1.0,4.0,5.0,9.0,3.0,1.0,1.0,2.0,4.0,0.0,2.0,2.0,0.0,1.0,2.0,2.0,2.0,2.0,1.0,4.0,27.0,16.0,24.0,24.0,1.0,,1.0,,5.0,2.0,0.0,3.0,3.0,4.0,0.0,15.0,39.0,0.0,,0.0,0.0,77.0,35.0,,,0.0,1.0,0.14,0.75,0.49,2.65,39.14,14.7,0.009,0.183,0.18,12.52,,33.9,37.55,90.28,7.65,96.12,,0.37,2.03,4.93,26.7,0.0,0.0,246.1,0.188,,4.336,12.25,0.022,1.497,18.46,9.09,43.18,60.2,,0.918,,1.06,,4.555,54.9,0.733,1.06,15.4,8.975,58.8,0.94,25.867,3.472,179.35,,1.152,,29.59,,6.14,70.91,4.879,141.7,2.31,36.5,0
60.0,0.0,12.0,4.0,,5.0,58.0,,20.0,63.2,133.8,86.5,21.0,13.0,116.0,69.1,35.0651,132.0,140.0,83.0,49.3,32.2,8.6,4.3,8.1,6.4,5.7,6.4,52.1,47.1,2.4,1.1,1.5,1.9,1.7,1.6,37.5,21.6,20.9,15.8,7227.0,45.5,37.8,36.0,26.5,546.0,367.0,314.0,247.0,216.0,2.079074,1.510584,-0.979,141.931045,2.22,,,,2.0,,,5.0,28.0,43.0,2.0,3.0,3.0,0.0,0.0,2.0,0.0,1.0,4.0,1.0,3.0,,0.0,4.0,3.0,1.0,1.0,1.0,2.0,0.0,0.0,0.0,1.0,,1.0,8.0,0.0,4.0,6.0,2.0,0.0,13.0,8.0,3.0,1.0,1.0,3.0,4.0,2.0,2.0,2.0,1.0,2.0,0.0,3.0,1.0,,0.0,3.0,2.0,,,,0.0,0.0,2.0,2.0,4.0,1.0,,4.0,3.0,2.0,,,26.0,0.0,1.0,1.0,,,52.0,,88.0,,0.0,0.01,0.07,0.1,0.85,46.53,16.94,0.027,0.952,,2.85,24.14,35.0,36.41,96.14,9.95,89.53,92.79,0.89,7.49,7.98,67.4,0.0,0.0,303.9,0.302,16.94,,12.38,0.101,1.24,11.83,10.57,44.27,138.3,2.177,0.673,23.9,21.25,,3.535,74.4,2.241,1.25,120.4,3.594,31.5,2.15,16.702,2.038,,,1.004,,,1.464,6.39,70.81,0.73,261.5,5.19,13.2,0
60.0,1.0,2.0,2.0,106.0,,40.0,6.0,24.0,67.9,,83.2,32.0,26.0,118.0,136.3,40.6596,130.0,183.0,87.0,41.7,47.0,7.3,5.5,13.7,10.8,11.1,8.7,33.7,53.0,2.1,2.8,4.7,1.9,3.8,4.5,35.3,27.2,38.3,40.1,9831.0,47.9,34.1,68.2,57.8,749.0,,448.0,223.0,294.0,3.435566,,0.298,403.654546,,4.0,,,2.0,250.0,1.0,,,17.0,3.0,,2.0,4.0,1.0,6.0,0.0,2.0,5.0,2.0,0.0,2.0,0.0,5.0,3.0,1.0,1.0,2.0,1.0,1.0,1.0,0.0,,46.626,0.0,10.0,,2.0,4.0,1.0,0.0,14.0,5.0,3.0,0.0,2.0,2.0,1.0,2.0,2.0,4.0,0.0,1.0,1.0,4.0,1.0,5.0,1.0,4.0,0.0,,,,0.0,,5.0,6.0,4.0,,2.0,3.0,3.0,3.0,9.0,19.0,9.0,0.0,1.0,0.0,1.0,,33.0,79.0,,1.0,0.0,0.05,0.43,0.24,2.14,53.3,14.39,0.042,0.327,0.308,2.87,26.12,26.13,26.99,96.81,9.72,119.3,75.33,0.48,4.34,7.35,67.0,0.0,0.0,216.6,,16.28,5.506,16.84,0.087,0.678,10.97,27.79,50.96,151.6,1.053,1.305,52.8,4.6,2.416,7.774,104.5,0.936,4.63,22.6,6.147,32.9,1.393,13.122,5.028,,,1.63,,18.93,14.32,11.28,72.63,2.868,507.8,9.01,64.9,0
42.0,1.0,42.0,4.0,107.0,18.0,,,,74.1,170.3,98.1,36.0,58.0,85.0,94.0,27.0392,93.0,186.0,93.0,36.0,45.2,3.3,4.7,21.4,7.9,7.7,12.4,45.1,47.3,2.5,2.2,4.9,4.2,3.0,3.9,22.9,9.1,24.3,40.8,8528.0,19.0,10.6,59.3,58.4,345.0,178.0,122.0,172.0,116.0,,4.599398,2.373,962.631264,3.83,,2.0,4.0,,,,,,26.0,3.0,3.0,1.0,6.0,6.0,6.0,0.0,5.0,1.0,3.0,1.0,0.0,1.0,5.0,4.0,1.0,1.0,2.0,1.0,2.0,1.0,0.0,1.0,,1.0,0.0,,1.0,6.0,5.0,4.0,3.0,10.0,0.0,0.0,5.0,3.0,3.0,2.0,2.0,1.0,1.0,2.0,5.0,4.0,2.0,5.0,2.0,3.0,,1.0,1.0,0.0,0.0,1.0,2.0,,5.0,3.0,6.0,2.0,2.0,3.0,8.0,31.0,2.0,0.0,0.0,1.0,,,65.0,,,0.0,1.0,0.17,1.55,0.03,0.29,35.09,14.84,0.008,0.673,0.295,2.69,23.91,39.13,42.29,92.53,8.36,100.7,,0.22,2.0,8.12,72.3,0.0,0.0,205.2,0.171,15.37,3.792,12.76,0.056,0.622,11.23,56.19,,69.9,1.28,0.897,48.7,17.9,2.298,7.794,101.4,1.346,1.26,26.3,8.423,,1.093,32.947,5.277,106.1,,1.087,,30.98,15.092,16.64,69.84,2.376,438.1,8.46,57.4,0
64.0,0.0,1.0,5.0,84.0,,,,,105.5,174.9,50.5,19.0,35.0,120.0,76.1,31.4429,131.0,156.0,84.0,44.8,47.8,7.6,7.2,6.3,7.8,6.3,7.2,48.3,24.9,2.2,3.1,2.4,3.6,3.2,2.4,39.9,19.0,31.0,25.9,,41.0,36.9,39.8,27.4,676.0,390.0,431.0,254.0,312.0,3.258053,1.536943,-0.377,,3.46,5.0,,,,22.0,,,3.0,6.0,3.0,5.0,5.0,2.0,3.0,0.0,0.0,0.0,7.0,1.0,2.0,0.0,1.0,4.0,1.0,1.0,1.0,2.0,2.0,0.0,0.0,,4.0,59.542,0.0,0.0,0.0,1.0,6.0,7.0,0.0,38.0,3.0,1.0,0.0,0.0,3.0,5.0,1.0,5.0,1.0,3.0,1.0,1.0,2.0,3.0,5.0,1.0,1.0,8.0,10.0,22.0,0.0,,,5.0,6.0,2.0,2.0,15.0,2.0,1.0,4.0,0.0,22.0,,0.0,1.0,1.0,1.0,,82.0,,65.0,,0.0,0.06,0.99,0.07,1.19,38.08,15.11,0.008,0.516,0.395,1.42,23.97,32.64,39.67,82.27,10.4,89.58,76.92,0.22,3.67,4.15,70.2,0.0,0.0,25.0,0.026,17.05,4.628,12.76,0.03,0.753,5.92,17.77,44.42,51.9,1.262,0.79,50.4,1.67,2.594,3.683,90.0,0.75,,116.9,4.556,36.1,0.857,31.706,4.409,,,1.165,,130.2,1.224,,65.47,3.814,279.4,8.73,81.9,0
65.0,0.0,44.0,2.0,,23.0,26.0,3.0,18.0,79.1,125.4,62.0,24.0,23.0,74.0,70.8,26.6211,113.0,163.0,94.0,17.3,47.6,,3.9,8.4,7.4,9.4,6.2,19.4,23.2,0.9,0.4,1.9,2.2,2.5,2.2,18.1,5.7,26.2,26.6,5972.0,27.8,25.2,68.0,32.6,535.0,425.0,382.0,201.0,175.0,1.797169,1.656783,-1.364,226.576589,,5.0,2.0,,,113.0,3.0,3.0,,101.0,,6.0,3.0,5.0,0.0,6.0,0.0,1.0,4.0,3.0,1.0,,0.0,5.0,3.0,1.0,1.0,2.0,2.0,0.0,0.0,1.0,4.0,,,1.0,0.0,7.0,10.0,7.0,7.0,30.0,3.0,13.0,8.0,8.0,2.0,1.0,1.0,3.0,3.0,1.0,1.0,0.0,1.0,1.0,4.0,0.0,2.0,,,1.0,0.0,0.0,,4.0,7.0,2.0,2.0,6.0,3.0,2.0,3.0,7.0,27.0,2.0,0.0,,0.0,,67.0,38.0,,76.0,,0.0,0.01,0.26,0.19,3.54,36.71,15.49,0.012,0.129,0.257,2.42,46.26,35.63,42.2,84.44,12.03,85.96,79.15,0.37,7.13,2.24,42.8,0.0,0.0,261.6,0.315,16.14,4.348,13.39,0.035,0.507,5.23,19.87,42.99,92.2,1.056,0.983,19.7,3.96,2.364,3.941,115.2,,,,4.543,29.4,,19.404,2.919,94.89,,0.813,,17.95,,4.68,70.95,2.257,489.4,6.54,65.4,0
63.0,0.0,15.0,3.0,,,,,,85.7,108.9,95.6,44.0,23.0,123.0,80.0,25.6575,96.0,177.0,91.0,28.7,33.7,6.9,3.5,13.4,12.7,6.7,12.2,24.0,35.3,2.0,0.8,3.2,3.2,2.4,3.4,27.1,16.5,26.1,24.7,8636.0,19.7,18.6,50.1,43.4,446.0,250.0,262.0,211.0,193.0,3.85829,2.392722,-0.39,274.63906,,3.0,,,,,2.0,4.0,,,3.0,3.0,2.0,6.0,6.0,7.0,2.0,3.0,5.0,2.0,1.0,0.0,0.0,5.0,2.0,2.0,1.0,1.0,2.0,2.0,1.0,0.0,3.0,21.842,0.0,0.0,7.0,0.0,1.0,0.0,6.0,23.0,6.0,0.0,0.0,3.0,1.0,3.0,1.0,4.0,1.0,1.0,1.0,1.0,3.0,2.0,4.0,2.0,1.0,,11.0,,,0.0,,4.0,,1.0,3.0,,2.0,2.0,3.0,0.0,,3.0,1.0,1.0,0.0,1.0,,81.0,92.0,,,0.0,0.01,0.06,0.08,0.81,39.69,13.74,0.007,0.694,0.416,3.2,32.92,31.37,34.62,90.61,11.58,117.06,82.22,0.82,8.42,5.63,57.8,0.0,0.0,516.9,0.579,15.89,,16.43,0.032,1.701,,9.09,49.19,69.7,1.813,1.165,40.9,0.28,2.248,4.344,88.3,0.769,2.83,869.9,3.759,30.5,1.149,30.765,,9.49,1447.7,1.481,,154.44,1.316,6.32,66.27,1.268,284.6,3.85,38.3,0
65.0,0.0,49.0,3.0,5.0,6.0,86.0,4.0,15.0,88.9,114.4,59.2,13.0,15.0,63.0,47.4,16.2133,86.0,171.0,80.0,23.5,13.4,2.6,1.3,5.9,6.4,7.3,5.9,15.9,13.3,0.5,0.4,1.9,1.4,1.3,1.9,5.5,6.8,16.6,20.3,5104.0,17.7,9.8,36.9,34.2,595.0,451.0,290.0,283.0,239.0,1.555059,1.357862,-1.302,73.288536,,,,,,321.0,,,,404.0,,3.0,1.0,6.0,7.0,6.0,1.0,6.0,3.0,2.0,1.0,2.0,0.0,9.0,3.0,2.0,2.0,1.0,1.0,2.0,0.0,0.0,2.0,15.188,0.0,0.0,0.0,9.0,10.0,3.0,4.0,4.0,10.0,2.0,2.0,2.0,3.0,5.0,1.0,1.0,0.0,0.0,0.0,0.0,1.0,2.0,5.0,2.0,3.0,,0.0,,,0.0,1.0,9.0,0.0,5.0,1.0,0.0,1.0,1.0,4.0,11.0,17.0,2.0,0.0,1.0,0.0,1.0,71.0,77.0,60.0,90.0,,1.0,0.02,0.17,0.0,0.0,51.42,16.79,0.004,0.006,0.167,1.2,12.53,30.59,32.65,93.68,8.51,119.99,82.12,,8.39,7.58,78.9,0.0,0.0,,0.211,15.15,5.489,12.35,,0.514,9.61,,45.69,138.4,,1.26,42.8,15.16,2.32,4.268,93.9,1.006,4.6,51.8,,,2.541,20.689,3.133,7.24,,0.95,,123.82,1.674,,69.56,0.721,185.5,4.05,77.3,0
45.0,1.0,39.0,2.0,,3.0,,10.0,24.0,98.9,166.5,57.2,44.0,36.0,95.0,58.8,23.8116,97.0,157.0,90.0,25.4,22.5,2.5,1.5,10.9,6.9,7.4,7.2,29.3,15.2,2.4,2.7,2.2,1.9,3.9,2.6,37.1,16.3,26.6,38.6,6971.0,24.3,37.5,,46.6,,328.0,438.0,306.0,279.0,2.740829,2.631196,0.025,639.757668,4.14,,2.0,,3.0,,,,14.0,156.0,2.0,,1.0,3.0,3.0,6.0,0.0,3.0,7.0,3.0,4.0,2.0,1.0,8.0,4.0,1.0,3.0,3.0,2.0,0.0,2.0,1.0,3.0,,2.0,0.0,0.0,1.0,8.0,5.0,2.0,9.0,7.0,9.0,32.0,0.0,3.0,2.0,3.0,2.0,2.0,4.0,2.0,1.0,5.0,2.0,1.0,1.0,2.0,1.0,,12.0,,3.0,1.0,4.0,3.0,2.0,3.0,9.0,3.0,2.0,2.0,0.0,16.0,20.0,0.0,0.0,0.0,,,109.0,,66.0,1.0,1.0,0.01,0.09,0.36,3.58,32.84,13.31,0.012,,0.195,2.13,,35.78,40.54,88.26,9.59,109.96,73.9,0.72,7.21,,67.9,0.0,0.0,352.4,,16.78,3.721,12.67,0.092,1.199,10.05,11.85,,111.0,1.26,0.848,39.6,,2.629,5.05,49.0,0.984,1.58,,3.577,26.4,2.04,28.475,4.523,4.79,,0.886,,132.7,15.943,,70.18,3.951,215.9,5.16,15.4,0
57.0,1.0,13.0,3.0,,,,1.0,,99.5,128.7,90.4,57.0,36.0,124.0,97.5,27.408,94.0,189.0,92.0,30.3,35.9,5.6,3.9,6.7,13.3,12.4,13.1,41.0,43.3,1.1,1.5,4.8,4.0,4.7,4.7,33.1,,42.7,46.5,10143.0,45.8,27.0,82.8,52.1,434.0,229.0,277.0,180.0,175.0,,4.241999,4.828,701.370898,2.67,,2.0,,,36.0,,4.0,,283.0,,3.0,1.0,5.0,1.0,4.0,7.0,2.0,2.0,2.0,,1.0,1.0,9.0,1.0,2.0,2.0,1.0,2.0,0.0,0.0,1.0,3.0,,2.0,0.0,0.0,9.0,2.0,5.0,0.0,3.0,4.0,2.0,8.0,8.0,2.0,4.0,1.0,2.0,2.0,2.0,0.0,4.0,2.0,1.0,5.0,2.0,3.0,,0.0,,0.0,,,5.0,9.0,3.0,4.0,5.0,3.0,1.0,5.0,126.0,16.0,1.0,0.0,1.0,0.0,0.0,63.0,,,74.0,1.0,1.0,0.01,0.24,,6.89,38.78,16.4,0.035,0.69,0.403,1.68,27.9,35.65,42.29,84.3,10.62,107.92,77.83,0.19,3.12,3.71,61.9,0.0,0.0,235.4,0.25,17.41,4.6,12.5,0.029,1.765,6.01,50.4,40.82,63.6,1.936,1.213,,8.86,,5.082,51.8,0.922,4.71,110.9,4.361,33.9,1.738,20.115,4.24,10.2,,1.057,,27.0,,17.42,67.85,1.882,299.2,,52.1,0
66.0,1.0,46.0,3.0,56.0,21.0,20.0,,16.0,,169.2,86.1,21.0,20.0,77.0,70.9,26.5015,88.0,164.0,95.0,17.0,19.5,2.3,3.8,13.3,7.3,6.8,10.0,42.4,27.8,0.6,0.5,3.2,2.1,2.3,4.1,26.9,22.1,,23.5,5464.0,22.1,12.4,58.1,54.6,784.0,397.0,436.0,312.0,325.0,4.479758,2.896796,0.798,216.28219,1.85,2.0,2.0,7.0,2.0,,1.0,6.0,,206.0,3.0,4.0,5.0,6.0,2.0,3.0,0.0,6.0,3.0,3.0,,,0.0,5.0,2.0,2.0,1.0,1.0,,0.0,2.0,2.0,4.0,,2.0,2.0,0.0,8.0,9.0,4.0,0.0,4.0,4.0,0.0,2.0,1.0,2.0,2.0,1.0,5.0,1.0,0.0,2.0,0.0,4.0,2.0,5.0,1.0,5.0,,,6.0,7.0,39.0,,2.0,1.0,2.0,4.0,,3.0,1.0,4.0,0.0,19.0,2.0,0.0,0.0,0.0,1.0,,75.0,,,,1.0,0.18,2.04,0.35,3.99,39.03,14.72,0.03,0.208,0.27,0.83,,36.88,,97.83,8.04,114.07,92.23,0.33,3.8,6.99,80.6,0.0,0.0,218.0,0.175,16.57,3.99,12.53,0.053,,8.66,14.0,44.04,47.7,1.942,1.026,24.9,,,4.911,80.7,0.696,1.09,,10.14,47.4,1.989,11.327,2.777,8.93,183.0,1.378,,38.52,19.104,4.36,81.21,0.6,379.8,3.79,,0
54.0,0.0,38.0,4.0,,,,6.0,24.0,62.4,106.9,75.2,11.0,12.0,103.0,55.7,22.5634,100.0,157.0,87.0,35.5,33.6,2.6,7.4,6.9,7.2,7.8,6.5,42.0,24.8,1.6,1.7,2.3,3.2,2.1,2.3,46.3,7.4,31.0,30.0,9285.0,28.1,13.7,51.2,38.3,430.0,300.0,272.0,236.0,,2.655868,2.549634,-0.196,495.163964,,,,,3.0,,,4.0,,14.0,4.0,2.0,2.0,2.0,1.0,4.0,0.0,,2.0,1.0,2.0,0.0,0.0,5.0,2.0,3.0,1.0,2.0,1.0,2.0,1.0,2.0,,,2.0,,0.0,,3.0,2.0,4.0,30.0,2.0,3.0,5.0,7.0,2.0,5.0,5.0,1.0,3.0,1.0,3.0,1.0,3.0,2.0,5.0,1.0,2.0,14.0,3.0,1.0,23.0,0.0,,9.0,5.0,,2.0,10.0,4.0,2.0,1.0,0.0,21.0,,1.0,1.0,0.0,0.0,,51.0,,53.0,0.0,0.0,0.18,3.32,0.11,,36.3,11.97,0.042,0.555,0.175,1.05,19.82,32.96,32.96,99.98,9.02,117.56,86.0,0.55,10.42,3.39,64.3,0.0,0.0,355.4,0.321,17.39,3.631,12.37,0.12,2.288,5.28,47.33,48.69,57.8,1.523,1.349,49.0,0.29,,5.215,98.4,1.119,3.82,85.2,4.069,29.9,1.163,13.126,2.55,135.45,,0.921,,20.6,1.806,6.94,70.29,0.585,378.1,8.03,88.4,0
67.0,0.0,28.0,2.0,76.0,,,,16.0,77.8,136.9,78.8,19.0,21.0,113.0,69.2,25.6465,91.0,164.0,81.0,39.7,28.7,5.2,3.0,10.4,6.8,6.2,5.7,26.6,20.4,0.4,0.6,2.3,2.5,1.9,1.7,19.5,11.4,25.0,20.8,4658.0,26.6,12.4,42.0,27.3,741.0,452.0,457.0,255.0,329.0,3.834463,3.681085,,372.140194,1.72,,1.0,,3.0,37.0,2.0,,189.0,27.0,,5.0,2.0,0.0,0.0,6.0,1.0,2.0,1.0,1.0,0.0,1.0,0.0,9.0,2.0,4.0,1.0,3.0,2.0,2.0,2.0,2.0,3.0,,2.0,0.0,0.0,0.0,6.0,5.0,0.0,34.0,0.0,3.0,0.0,7.0,1.0,3.0,2.0,2.0,5.0,1.0,1.0,0.0,2.0,1.0,4.0,2.0,3.0,,11.0,20.0,7.0,,,9.0,0.0,1.0,1.0,0.0,3.0,1.0,3.0,6.0,,25.0,1.0,1.0,0.0,,,,70.0,,,0.0,0.01,0.12,0.38,3.56,43.56,16.9,0.031,0.633,0.187,3.7,35.0,37.0,38.8,95.37,9.37,120.1,90.08,0.41,3.87,6.07,57.5,0.0,0.0,129.1,,16.29,4.568,13.28,,1.785,10.57,12.78,47.97,104.2,,0.721,16.9,6.73,2.23,,51.1,0.641,1.42,25.0,4.465,31.0,0.878,15.379,1.991,4.2,,1.419,,35.54,1.623,8.01,63.8,4.686,187.6,3.91,83.9,0
59.0,1.0,39.0,2.0,14.0,42.0,8.0,,,75.8,133.1,65.7,49.0,44.0,101.0,130.2,39.2314,113.0,182.0,93.0,40.6,36.2,8.4,3.8,8.1,7.6,7.9,7.7,25.8,46.8,1.8,1.6,4.0,1.7,2.1,2.5,41.2,12.1,40.0,28.9,6269.0,40.6,23.4,46.1,45.9,479.0,266.0,331.0,205.0,189.0,1.979024,1.401441,,116.092114,3.53,,,,,,3.0,4.0,13.0,,3.0,,0.0,2.0,0.0,3.0,2.0,1.0,6.0,2.0,1.0,,1.0,8.0,3.0,2.0,1.0,1.0,1.0,0.0,0.0,1.0,2.0,68.816,0.0,0.0,84.0,43.0,0.0,6.0,0.0,4.0,3.0,3.0,1.0,6.0,1.0,1.0,4.0,5.0,1.0,2.0,0.0,1.0,4.0,1.0,1.0,1.0,1.0,1.0,,,,4.0,1.0,4.0,7.0,2.0,1.0,3.0,3.0,1.0,3.0,11.0,16.0,,0.0,0.0,1.0,1.0,75.0,,,,0.0,0.0,0.18,2.44,0.1,1.28,54.58,12.8,0.007,0.38,0.208,2.7,35.58,23.41,23.46,99.82,12.2,116.01,78.07,0.81,10.63,3.8,50.1,0.0,0.0,207.8,0.254,15.92,5.468,12.11,0.052,1.815,7.58,52.21,,55.1,0.82,1.411,22.4,0.74,2.523,5.757,114.2,,1.21,50.2,10.219,60.5,,17.857,3.484,19.94,,0.907,,40.4,13.416,7.63,75.68,0.995,,7.03,15.8,0
59.0,0.0,17.0,2.0,,49.0,6.0,,14.0,64.0,130.2,,20.0,26.0,82.0,92.7,36.523,120.0,159.0,81.0,41.2,28.8,6.6,3.2,7.3,,7.0,7.4,52.9,,3.4,2.9,1.9,2.6,1.6,2.3,27.6,24.5,27.4,19.6,5963.0,47.9,48.9,53.2,27.5,592.0,368.0,332.0,299.0,256.0,4.690507,3.693953,2.821,662.226313,,5.0,2.0,3.0,2.0,7.0,,,7.0,9.0,,3.0,2.0,3.0,0.0,0.0,9.0,0.0,4.0,1.0,1.0,2.0,1.0,6.0,2.0,2.0,2.0,3.0,1.0,1.0,1.0,0.0,4.0,,0.0,0.0,6.0,2.0,0.0,3.0,0.0,10.0,10.0,10.0,0.0,2.0,1.0,1.0,1.0,2.0,2.0,5.0,2.0,1.0,,1.0,2.0,2.0,4.0,12.0,,12.0,,4.0,,2.0,0.0,1.0,4.0,,4.0,1.0,5.0,7.0,16.0,2.0,1.0,0.0,0.0,0.0,,86.0,,,,1.0,0.01,0.04,0.07,0.29,38.67,15.27,0.025,0.906,0.356,16.45,64.41,,,91.5,10.81,94.64,91.32,0.79,3.09,8.22,32.2,0.0,0.0,,0.444,16.96,4.226,14.96,0.11,0.855,23.15,13.98,48.23,62.5,1.877,1.439,20.2,1.04,2.504,5.119,49.0,0.66,2.76,31.9,4.295,34.7,0.971,25.415,4.558,18.07,,1.393,,100.23,1.373,9.08,82.05,1.257,324.5,3.57,22.1,0
45.0,0.0,45.0,3.0,4.0,,46.0,6.0,14.0,105.5,158.9,73.8,18.0,21.0,84.0,70.9,23.7314,116.0,173.0,86.0,37.1,43.5,4.0,2.1,6.2,6.6,6.6,5.8,23.5,34.0,0.8,0.6,2.0,1.8,2.1,2.3,38.5,13.1,24.7,27.9,5402.0,18.6,26.0,41.1,39.2,476.0,252.0,300.0,234.0,185.0,6.077842,4.692719,1.921,628.767951,,,,,,27.0,3.0,4.0,19.0,107.0,2.0,2.0,2.0,1.0,0.0,5.0,4.0,3.0,7.0,2.0,1.0,,0.0,8.0,3.0,1.0,1.0,3.0,,0.0,1.0,0.0,2.0,35.698,0.0,,,3.0,5.0,1.0,4.0,2.0,17.0,8.0,9.0,3.0,1.0,3.0,2.0,1.0,2.0,2.0,4.0,4.0,5.0,1.0,4.0,2.0,4.0,0.0,,24.0,,2.0,0.0,8.0,0.0,2.0,2.0,0.0,2.0,1.0,2.0,0.0,15.0,1.0,0.0,1.0,0.0,,,74.0,,,0.0,0.0,0.08,0.74,0.52,4.87,48.8,15.98,0.037,0.181,0.387,3.01,28.05,32.38,32.75,98.87,9.2,109.47,81.81,0.23,2.17,6.89,,0.0,0.0,360.2,0.331,16.53,4.936,13.16,0.04,1.255,10.74,55.8,40.48,69.5,2.014,0.922,23.8,0.95,2.194,5.971,90.7,0.993,2.96,38.2,4.656,26.5,1.686,22.584,2.356,,,1.369,,42.29,1.69,,,1.343,185.1,5.13,40.5,0
58.0,1.0,32.0,4.0,58.0,12.0,23.0,9.0,,63.0,161.4,41.5,29.0,25.0,82.0,67.7,22.2909,91.0,174.0,100.0,22.2,38.0,6.8,,13.7,13.9,11.6,10.3,25.8,39.7,1.1,1.0,4.0,4.0,3.8,2.4,45.9,11.1,42.5,42.1,5938.0,42.5,22.6,54.9,45.8,743.0,281.0,281.0,327.0,234.0,5.976931,3.116999,0.752,669.37791,4.57,,,,,40.0,,,,,2.0,,0.0,2.0,0.0,7.0,0.0,5.0,6.0,1.0,0.0,0.0,1.0,10.0,1.0,3.0,1.0,2.0,,2.0,2.0,2.0,1.0,81.376,1.0,0.0,3.0,1.0,6.0,1.0,0.0,3.0,3.0,9.0,1.0,1.0,2.0,1.0,1.0,2.0,1.0,1.0,1.0,1.0,3.0,2.0,5.0,2.0,3.0,2.0,,,0.0,5.0,,3.0,,2.0,3.0,7.0,1.0,1.0,3.0,10.0,16.0,3.0,,1.0,0.0,,,72.0,91.0,60.0,,0.0,0.02,0.38,0.08,1.67,38.63,14.45,0.005,0.185,0.156,1.03,22.45,31.88,37.4,85.24,7.84,102.28,78.44,0.26,5.66,3.19,69.8,0.0,0.0,188.9,0.148,16.89,4.532,,0.02,0.887,4.57,11.86,43.43,74.1,1.731,0.78,22.4,21.02,,3.287,75.2,0.746,4.07,21.8,4.071,26.4,1.084,17.108,2.505,8.48,,1.068,,22.64,12.329,24.87,68.26,3.114,262.1,4.57,46.7,0
44.0,0.0,11.0,2.0,,34.0,13.0,3.0,18.0,73.8,113.2,64.3,50.0,20.0,118.0,92.4,27.1498,93.0,184.0,92.0,38.5,42.5,6.6,3.7,13.9,14.0,13.0,13.5,35.8,44.5,1.5,1.7,3.9,4.1,4.5,4.6,46.5,21.7,36.8,30.3,6716.0,41.3,48.2,41.0,47.8,752.0,348.0,305.0,200.0,189.0,,1.450183,,,,,2.0,,1.0,30.0,,4.0,187.0,198.0,2.0,,3.0,6.0,,3.0,0.0,0.0,5.0,2.0,,0.0,0.0,6.0,3.0,1.0,1.0,2.0,2.0,0.0,0.0,2.0,4.0,,,14.0,0.0,6.0,4.0,0.0,4.0,27.0,8.0,10.0,6.0,2.0,1.0,3.0,3.0,1.0,2.0,1.0,0.0,4.0,3.0,1.0,5.0,1.0,1.0,,,5.0,9.0,0.0,0.0,2.0,0.0,2.0,1.0,4.0,2.0,1.0,3.0,0.0,24.0,1.0,0.0,0.0,1.0,0.0,,45.0,74.0,76.0,,1.0,0.11,2.64,0.03,0.77,37.94,12.81,0.015,0.131,,0.8,20.05,32.72,,96.89,7.63,114.83,81.39,0.44,,2.63,65.6,0.0,0.0,135.1,0.103,16.68,3.916,16.99,0.036,0.651,4.01,227.61,40.13,64.9,1.07,0.692,57.6,0.51,2.424,,69.9,0.712,,190.3,7.149,59.3,0.887,28.906,2.791,21.05,,1.525,15.5,25.97,,37.08,80.56,1.189,477.6,,68.6,0
55.0,0.0,17.0,2.0,2.0,35.0,14.0,,22.0,68.1,143.8,100.3,45.0,10.0,77.0,50.9,19.4331,103.0,162.0,81.0,29.5,20.3,3.1,2.1,9.5,6.0,6.6,6.4,18.0,21.1,0.9,0.6,1.7,1.8,1.7,1.7,15.2,10.2,20.3,19.4,4727.0,16.8,8.9,45.4,26.6,711.0,283.0,398.0,282.0,182.0,3.568664,,,,,2.0,,,,303.0,,,,,,3.0,2.0,6.0,,7.0,1.0,6.0,1.0,2.0,,0.0,0.0,5.0,2.0,1.0,1.0,3.0,1.0,0.0,2.0,1.0,3.0,,0.0,,,2.0,2.0,3.0,0.0,0.0,1.0,6.0,7.0,0.0,2.0,2.0,1.0,1.0,3.0,2.0,1.0,0.0,3.0,2.0,5.0,1.0,3.0,,,,18.0,2.0,1.0,3.0,4.0,3.0,2.0,12.0,2.0,2.0,3.0,7.0,,37.0,1.0,1.0,0.0,,,48.0,68.0,81.0,0.0,0.0,0.1,1.64,0.16,2.58,40.69,14.98,0.023,0.341,0.218,2.62,41.49,31.91,36.81,86.68,9.99,92.65,73.5,0.43,6.8,3.0,47.5,0.0,0.0,345.3,0.345,15.7,4.694,15.95,0.042,0.676,6.32,17.29,,44.5,0.889,0.957,18.6,1.25,,8.18,76.6,1.32,1.53,16.8,4.386,35.2,0.998,20.71,5.735,20.42,1606.1,1.093,76.2,,2.23,7.02,72.15,2.071,508.3,,75.1,0
48.0,1.0,34.0,4.0,29.0,0.0,58.0,,,64.0,107.6,93.6,43.0,46.0,83.0,81.5,23.4783,108.0,186.0,99.0,31.9,41.3,2.5,2.8,12.8,12.9,11.6,11.2,37.2,,0.6,1.2,3.4,4.8,3.9,4.6,21.1,8.7,39.4,40.3,9483.0,28.8,22.8,68.4,,628.0,454.0,430.0,274.0,250.0,5.207123,,-0.041,431.634154,,,,,,,,,27.0,7.0,,6.0,3.0,1.0,2.0,2.0,3.0,,1.0,2.0,1.0,0.0,0.0,9.0,3.0,1.0,1.0,1.0,2.0,2.0,1.0,0.0,,,1.0,4.0,0.0,2.0,2.0,0.0,4.0,6.0,9.0,1.0,5.0,2.0,2.0,3.0,1.0,0.0,2.0,3.0,2.0,2.0,5.0,1.0,5.0,2.0,2.0,,15.0,24.0,,0.0,1.0,2.0,1.0,,4.0,0.0,5.0,2.0,4.0,12.0,16.0,12.0,0.0,,1.0,1.0,,85.0,,,0.0,0.0,0.01,0.09,0.38,4.2,43.18,12.05,0.007,0.456,0.282,0.47,5.19,22.14,27.9,79.35,10.23,87.24,65.07,0.77,8.56,7.39,82.0,0.0,0.0,163.2,0.167,,5.442,14.36,0.099,0.67,9.02,19.87,41.27,70.8,1.656,1.533,21.9,17.34,2.383,,77.7,1.367,1.39,109.8,4.136,27.7,1.791,,2.87,185.35,,1.051,,113.85,13.477,24.09,70.74,4.509,353.4,4.73,97.5,0
41.0,0.0,29.0,5.0,,31.0,45.0,,,84.9,124.3,100.0,18.0,13.0,86.0,48.7,19.9639,91.0,156.0,89.0,19.3,14.1,2.0,3.0,7.9,8.6,12.8,7.3,24.5,20.3,0.9,0.5,2.1,2.5,2.3,2.0,22.7,5.5,33.2,33.4,6265.0,14.8,22.0,68.7,,429.0,240.0,231.0,170.0,191.0,2.747937,1.529621,-0.818,268.101939,,3.0,6.0,,3.0,253.0,3.0,4.0,,148.0,,5.0,3.0,7.0,3.0,6.0,4.0,3.0,4.0,2.0,2.0,2.0,2.0,5.0,3.0,,3.0,3.0,1.0,2.0,1.0,1.0,3.0,,0.0,0.0,0.0,2.0,1.0,0.0,0.0,4.0,8.0,2.0,8.0,2.0,3.0,3.0,5.0,3.0,,1.0,3.0,5.0,3.0,4.0,4.0,2.0,3.0,,11.0,,12.0,0.0,1.0,7.0,,3.0,3.0,0.0,2.0,,5.0,0.0,30.0,2.0,0.0,1.0,0.0,0.0,,81.0,91.0,,,0.0,0.02,0.25,0.22,3.67,29.33,13.98,0.005,0.408,0.377,2.28,37.2,38.67,47.67,81.12,7.39,90.57,71.95,0.45,7.31,3.16,51.6,0.0,0.0,286.1,0.211,16.96,3.616,15.79,0.021,1.229,6.12,48.58,,93.3,1.66,1.334,48.8,16.48,2.269,5.282,82.0,0.971,,152.5,4.259,31.7,1.324,29.623,3.712,111.89,,1.129,,,1.491,5.41,68.16,5.357,444.3,5.79,98.7,0
60.0,1.0,33.0,2.0,,,29.0,4.0,18.0,79.3,,80.8,13.0,21.0,73.0,58.7,23.7861,90.0,157.0,86.0,46.0,26.1,2.1,6.0,7.4,9.4,7.9,6.7,25.0,48.1,0.6,0.8,1.7,1.8,1.7,3.9,22.9,22.6,26.1,30.4,6601.0,20.3,14.9,72.1,31.7,803.0,454.0,415.0,269.0,323.0,3.433404,2.116599,1.232,562.415877,1.68,,5.0,1.0,,,,,,17.0,3.0,2.0,2.0,7.0,,6.0,0.0,6.0,3.0,3.0,,3.0,1.0,6.0,4.0,4.0,1.0,,2.0,1.0,0.0,0.0,3.0,,1.0,9.0,0.0,2.0,1.0,5.0,5.0,27.0,5.0,0.0,0.0,5.0,1.0,4.0,3.0,2.0,5.0,1.0,0.0,1.0,3.0,2.0,3.0,1.0,2.0,11.0,10.0,24.0,0.0,3.0,0.0,1.0,1.0,2.0,2.0,0.0,3.0,,4.0,0.0,23.0,19.0,0.0,,1.0,1.0,79.0,74.0,64.0,,,0.0,0.16,,0.03,0.55,34.02,14.91,0.014,0.488,0.26,2.78,48.79,40.29,43.84,91.91,8.8,103.63,72.06,0.32,5.63,2.41,42.3,0.0,0.0,238.2,0.21,17.13,3.702,13.29,,2.472,5.7,65.68,,65.2,1.166,0.99,28.8,,,3.685,84.1,1.341,1.34,148.1,4.875,27.8,0.797,32.396,3.007,19.79,508.8,1.168,,17.31,16.299,22.31,65.36,1.167,293.7,8.97,78.5,0
45.0,0.0,14.0,6.0,3.0,23.0,37.0,2.0,,84.7,146.5,77.9,41.0,22.0,108.0,78.8,34.6295,111.0,151.0,91.0,43.5,51.3,7.4,3.9,6.8,7.2,11.6,7.8,42.5,37.4,1.5,0.8,2.8,2.9,2.0,2.0,31.8,24.4,36.9,25.0,7180.0,45.4,45.1,55.9,37.0,808.0,458.0,964.0,333.0,372.0,5.027101,1.394354,-1.411,110.213366,1.93,,2.0,,3.0,,,1.0,,,1.0,2.0,3.0,2.0,1.0,4.0,4.0,0.0,0.0,2.0,,0.0,1.0,4.0,3.0,,1.0,2.0,2.0,3.0,2.0,2.0,1.0,20.558,0.0,0.0,0.0,1.0,1.0,1.0,0.0,10.0,9.0,2.0,1.0,1.0,1.0,2.0,0.0,3.0,3.0,0.0,3.0,1.0,3.0,1.0,3.0,2.0,2.0,2.0,6.0,1.0,5.0,0.0,,1.0,1.0,2.0,3.0,0.0,3.0,2.0,4.0,6.0,17.0,2.0,1.0,1.0,0.0,1.0,,84.0,,73.0,1.0,0.0,0.0,0.04,0.45,3.77,32.98,14.05,0.043,0.156,0.169,2.22,18.44,37.79,42.59,88.73,8.12,94.7,77.48,0.98,8.16,8.37,69.6,0.0,0.0,359.8,0.292,17.26,3.717,12.88,0.034,2.274,12.03,10.68,,69.9,1.654,0.965,33.4,7.38,2.312,6.112,97.0,0.952,1.63,182.5,5.293,33.7,1.095,23.566,,15.58,,0.898,,,,5.32,79.44,0.386,507.2,3.91,14.9,0
66.0,1.0,2.0,3.0,,1.0,,,,95.8,171.1,67.5,30.0,56.0,102.0,104.0,30.3736,112.0,185.0,98.0,49.5,48.9,7.6,4.0,10.8,9.7,7.0,11.5,24.1,30.7,2.4,1.5,4.0,4.7,3.7,2.0,40.2,16.6,41.1,36.6,8993.0,37.2,44.6,56.6,36.5,385.0,257.0,226.0,173.0,203.0,3.218439,3.089702,1.49,,,,,,,12.0,3.0,,3.0,8.0,4.0,4.0,3.0,0.0,5.0,1.0,0.0,3.0,8.0,1.0,3.0,0.0,0.0,8.0,3.0,,1.0,2.0,1.0,0.0,0.0,0.0,4.0,,0.0,16.0,0.0,1.0,1.0,6.0,1.0,,3.0,0.0,1.0,1.0,3.0,2.0,1.0,2.0,3.0,2.0,2.0,1.0,4.0,1.0,5.0,0.0,3.0,2.0,,1.0,0.0,0.0,1.0,9.0,2.0,2.0,1.0,0.0,4.0,,3.0,0.0,16.0,15.0,0.0,0.0,0.0,0.0,,92.0,79.0,65.0,,1.0,0.01,0.15,0.26,3.07,,14.03,0.009,0.118,0.308,2.93,34.6,35.98,40.87,88.03,8.68,109.79,86.12,0.85,,4.41,52.2,0.0,0.0,165.6,0.144,17.96,,16.19,0.01,0.643,8.46,33.4,39.39,105.6,,0.792,40.8,23.33,2.538,4.07,95.8,1.174,,154.6,4.108,28.4,2.239,26.709,2.968,166.47,,1.301,,35.22,7.891,8.05,69.18,0.581,569.7,8.6,64.8,0
60.0,0.0,21.0,2.0,5.0,,,6.0,14.0,80.1,131.2,77.8,15.0,35.0,76.0,68.6,26.9154,122.0,160.0,82.0,44.7,31.7,3.5,5.1,6.9,6.7,7.7,6.9,20.9,28.6,0.9,,2.3,2.1,2.0,2.3,14.2,19.5,30.4,23.3,,29.3,15.8,54.4,31.3,600.0,455.0,415.0,305.0,279.0,2.167418,2.062047,-1.009,134.680422,3.58,,,6.0,2.0,286.0,,,219.0,,2.0,2.0,2.0,6.0,3.0,6.0,2.0,4.0,3.0,2.0,0.0,2.0,0.0,10.0,3.0,2.0,3.0,3.0,,1.0,1.0,2.0,3.0,,0.0,15.0,0.0,2.0,10.0,7.0,5.0,40.0,9.0,11.0,0.0,1.0,2.0,2.0,0.0,2.0,2.0,1.0,3.0,3.0,4.0,1.0,5.0,2.0,1.0,,10.0,1.0,12.0,1.0,,5.0,8.0,2.0,3.0,0.0,1.0,1.0,4.0,0.0,15.0,2.0,1.0,0.0,0.0,0.0,,87.0,72.0,,1.0,0.0,0.15,3.44,0.06,1.44,46.33,17.0,0.012,0.093,0.195,1.26,28.96,32.97,36.69,89.86,7.8,119.21,87.96,0.41,9.35,2.47,56.8,0.0,0.0,265.0,0.207,16.82,5.156,13.34,0.028,1.784,4.35,44.25,45.73,84.7,1.507,0.624,32.2,1.15,2.381,3.5,56.0,1.065,4.49,180.3,3.63,26.0,1.201,35.727,2.249,,330.7,1.244,,,,15.19,71.88,4.355,181.0,3.4,85.2,0
66.0,0.0,9.0,4.0,,,47.0,9.0,,105.8,138.8,81.1,10.0,14.0,72.0,83.1,33.94,98.0,156.0,78.0,35.7,39.2,1.7,4.0,6.0,6.1,4.3,4.1,22.1,19.3,1.9,3.3,1.8,1.7,1.2,1.6,22.9,6.4,20.5,15.8,4115.0,19.8,20.2,36.7,27.4,709.0,432.0,372.0,264.0,299.0,1.735825,0.666914,-1.423,15.865961,,,,,1.0,18.0,1.0,4.0,,274.0,4.0,3.0,2.0,3.0,1.0,6.0,0.0,0.0,3.0,2.0,2.0,1.0,0.0,8.0,3.0,1.0,3.0,2.0,2.0,1.0,0.0,2.0,3.0,,0.0,4.0,0.0,3.0,6.0,0.0,0.0,30.0,6.0,1.0,1.0,1.0,3.0,2.0,0.0,4.0,3.0,0.0,1.0,1.0,0.0,2.0,5.0,1.0,1.0,21.0,0.0,,,1.0,0.0,8.0,1.0,3.0,3.0,0.0,3.0,2.0,3.0,1.0,14.0,2.0,0.0,0.0,1.0,1.0,81.0,75.0,,,,0.0,0.01,,0.54,5.5,29.74,2.41,0.015,0.749,0.383,1.41,14.28,18.65,23.08,82.61,9.23,87.45,55.85,0.64,6.52,7.26,73.6,0.0,0.0,363.9,0.336,15.85,3.6,12.02,0.109,0.789,,,48.52,79.0,1.17,0.771,34.7,0.81,,4.059,95.4,1.068,1.55,191.9,3.873,32.4,0.998,10.068,3.639,18.53,,1.436,,127.79,,7.52,70.42,0.631,207.3,4.85,15.7,0
54.0,1.0,1.0,2.0,,18.0,,4.0,,,138.7,96.3,30.0,45.0,81.0,54.7,16.6264,86.0,181.0,100.0,12.8,13.3,1.8,1.4,8.0,12.7,10.9,10.9,14.4,12.8,0.5,0.4,3.1,2.8,4.2,4.2,17.7,4.4,35.2,39.9,6122.0,13.2,9.3,78.2,34.9,652.0,334.0,436.0,306.0,287.0,5.767882,4.568656,,681.835487,4.23,1.0,,,,33.0,4.0,,,,6.0,2.0,3.0,3.0,6.0,5.0,0.0,3.0,0.0,2.0,1.0,3.0,1.0,10.0,3.0,2.0,1.0,1.0,2.0,2.0,1.0,2.0,3.0,6.289,2.0,0.0,0.0,1.0,2.0,5.0,7.0,8.0,6.0,0.0,2.0,1.0,3.0,3.0,2.0,2.0,3.0,1.0,1.0,2.0,,4.0,5.0,2.0,3.0,20.0,15.0,1.0,,0.0,0.0,1.0,1.0,3.0,2.0,92.0,3.0,1.0,4.0,10.0,14.0,,0.0,1.0,1.0,0.0,,,,,,1.0,0.01,0.25,0.09,1.91,35.63,13.01,,0.541,0.234,1.11,22.57,33.27,36.51,91.14,9.12,92.5,,,7.64,3.33,67.6,0.0,0.0,369.3,0.337,17.56,3.91,13.25,0.129,1.376,4.93,17.52,50.18,108.9,1.885,1.603,33.9,2.42,2.617,6.63,71.2,0.878,1.25,157.1,3.968,,,23.177,,96.99,,1.244,,,13.555,25.53,,1.358,342.8,,,0
43.0,0.0,1.0,5.0,108.0,,,9.0,,68.0,121.3,59.5,22.0,41.0,96.0,81.1,23.702,128.0,185.0,86.0,35.0,36.9,4.7,3.6,13.0,11.7,9.9,12.7,51.2,39.6,2.0,1.0,2.1,3.7,2.4,3.8,39.9,13.5,28.4,25.1,7867.0,26.8,46.8,41.5,35.4,,300.0,280.0,197.0,274.0,5.347008,2.931432,,596.286081,4.53,,,,,13.0,4.0,5.0,,9.0,,3.0,1.0,1.0,1.0,3.0,0.0,1.0,3.0,1.0,1.0,0.0,0.0,5.0,4.0,2.0,1.0,1.0,2.0,0.0,0.0,0.0,3.0,12.917,2.0,0.0,,4.0,,2.0,6.0,6.0,1.0,6.0,0.0,2.0,2.0,3.0,2.0,1.0,0.0,0.0,2.0,2.0,1.0,2.0,5.0,1.0,3.0,1.0,0.0,,10.0,2.0,1.0,8.0,,4.0,,0.0,6.0,1.0,4.0,0.0,13.0,31.0,1.0,1.0,0.0,1.0,,83.0,,91.0,,1.0,0.18,1.99,0.45,4.87,39.02,13.18,0.025,0.321,0.432,2.82,30.42,33.2,33.76,98.33,12.29,145.11,94.06,0.68,7.35,5.14,55.4,0.0,0.0,402.1,,16.15,,12.51,0.068,2.291,9.28,65.71,26.05,96.0,2.432,0.723,52.7,6.62,2.267,5.531,,0.94,1.29,113.0,7.513,47.1,2.456,29.234,3.502,18.41,,1.332,,63.12,2.306,4.69,66.92,2.852,387.5,4.24,18.7,0
65.0,0.0,24.0,3.0,5.0,30.0,55.0,7.0,20.0,80.4,123.4,55.4,7.0,21.0,123.0,68.7,24.472,99.0,167.0,81.0,27.1,27.1,1.4,1.9,6.5,6.0,4.9,5.0,29.9,13.7,0.5,0.8,2.1,1.3,1.8,1.6,40.5,6.0,22.8,21.3,4864.0,26.5,15.3,36.2,26.3,454.0,383.0,333.0,214.0,247.0,2.214082,1.067622,,,,1.0,,3.0,,33.0,,,100.0,171.0,3.0,4.0,4.0,0.0,3.0,6.0,0.0,7.0,2.0,2.0,4.0,1.0,0.0,8.0,3.0,1.0,1.0,2.0,2.0,,0.0,1.0,2.0,,,14.0,7.0,3.0,9.0,1.0,0.0,4.0,10.0,7.0,5.0,0.0,3.0,3.0,,2.0,1.0,,4.0,0.0,4.0,3.0,2.0,1.0,3.0,1.0,1.0,,,0.0,1.0,1.0,0.0,1.0,1.0,0.0,3.0,,3.0,7.0,15.0,3.0,0.0,0.0,0.0,0.0,,60.0,,,,0.0,0.05,0.43,0.27,2.33,36.01,12.15,0.008,0.181,0.247,3.4,29.94,28.04,33.74,83.1,8.25,106.47,78.66,0.49,4.3,7.16,63.0,0.0,0.0,210.5,0.174,16.5,4.333,15.37,0.04,1.294,11.36,34.56,44.96,74.4,,0.857,55.2,0.34,2.622,3.372,67.8,0.731,,14.5,4.569,28.3,0.835,31.654,1.874,41.23,1852.2,1.181,13.9,151.12,0.686,4.87,82.23,3.108,281.5,4.39,52.0,0
65.0,0.0,20.0,5.0,1.0,20.0,32.0,,20.0,78.8,120.4,51.4,34.0,50.0,124.0,104.6,36.7733,115.0,169.0,87.0,40.1,45.7,8.6,8.7,7.6,13.6,,8.4,47.6,53.9,3.8,2.2,1.9,4.3,3.9,4.3,31.1,27.9,41.9,24.8,,48.3,51.9,77.3,47.6,459.0,275.0,243.0,239.0,207.0,3.118209,2.99348,,579.217821,2.98,,2.0,,3.0,309.0,,,158.0,,,2.0,0.0,4.0,2.0,7.0,5.0,0.0,2.0,1.0,,2.0,0.0,6.0,2.0,1.0,1.0,3.0,1.0,1.0,2.0,1.0,4.0,8.075,0.0,0.0,4.0,,3.0,3.0,0.0,,3.0,12.0,5.0,9.0,3.0,5.0,0.0,1.0,4.0,0.0,3.0,3.0,3.0,2.0,5.0,2.0,2.0,20.0,,28.0,73.0,5.0,1.0,6.0,9.0,2.0,4.0,,2.0,1.0,2.0,6.0,26.0,2.0,1.0,,0.0,0.0,,42.0,,67.0,,1.0,0.06,0.7,0.35,3.94,38.08,12.78,0.011,0.15,,1.65,18.73,29.61,33.56,88.23,10.02,112.76,,0.21,,6.53,74.3,0.0,0.0,304.7,0.305,17.83,4.316,,0.043,0.684,8.8,68.57,41.8,134.4,2.161,0.982,41.6,1.28,,3.832,46.3,0.762,,14.8,5.271,,2.077,30.975,,13.01,,0.857,96.0,81.36,0.838,7.86,64.87,4.401,288.3,4.2,,0
56.0,0.0,11.0,5.0,,7.0,,3.0,23.0,83.7,112.7,59.3,48.0,30.0,117.0,81.8,23.3943,95.0,187.0,81.0,39.0,43.6,8.6,7.1,8.4,11.4,7.7,9.7,29.5,40.0,3.4,1.2,4.2,4.6,2.6,2.5,23.6,17.8,30.7,23.4,5887.0,17.0,32.3,50.1,46.3,509.0,272.0,242.0,225.0,233.0,2.88904,2.773478,1.85,248.11543,3.58,7.0,3.0,,3.0,,1.0,3.0,154.0,91.0,5.0,3.0,2.0,2.0,1.0,4.0,0.0,1.0,4.0,2.0,1.0,3.0,0.0,9.0,3.0,2.0,1.0,2.0,2.0,0.0,2.0,0.0,,4.529,0.0,13.0,0.0,1.0,0.0,1.0,0.0,13.0,4.0,5.0,7.0,2.0,2.0,2.0,1.0,2.0,1.0,1.0,1.0,1.0,2.0,4.0,5.0,1.0,3.0,18.0,1.0,,,,1.0,1.0,1.0,2.0,1.0,11.0,1.0,3.0,2.0,0.0,17.0,2.0,0.0,1.0,0.0,0.0,,,,,,0.0,0.01,0.14,0.02,0.39,40.53,15.71,0.011,0.108,0.017,3.4,55.86,34.3,38.75,88.52,7.63,103.14,78.96,0.43,7.02,2.23,36.6,0.0,,304.5,0.232,17.21,4.579,13.02,0.042,0.507,6.09,15.41,43.42,78.2,1.43,0.698,42.1,3.79,2.389,4.933,52.1,1.247,2.48,176.0,,59.1,1.281,18.272,2.557,,,1.191,,124.69,1.011,11.59,67.79,1.289,426.4,3.63,65.7,0
45.0,1.0,7.0,1.0,,,,7.0,20.0,73.9,100.8,60.6,31.0,12.0,65.0,49.9,22.8321,86.0,148.0,82.0,23.3,34.5,1.4,1.8,8.0,6.0,5.8,7.0,13.2,14.6,1.1,0.4,2.0,1.8,1.8,3.4,11.8,4.4,21.4,23.5,5155.0,24.7,9.4,36.4,40.9,642.0,431.0,444.0,308.0,223.0,4.537323,2.786811,-0.751,244.096192,2.3,4.0,,5.0,,,4.0,,153.0,13.0,4.0,,3.0,1.0,4.0,7.0,0.0,4.0,7.0,1.0,2.0,,1.0,4.0,1.0,2.0,2.0,3.0,2.0,1.0,2.0,0.0,4.0,60.204,0.0,3.0,5.0,4.0,2.0,4.0,7.0,4.0,3.0,11.0,1.0,2.0,2.0,4.0,1.0,2.0,2.0,3.0,1.0,2.0,4.0,3.0,5.0,2.0,2.0,1.0,0.0,0.0,,1.0,,2.0,1.0,3.0,4.0,0.0,2.0,2.0,4.0,6.0,16.0,2.0,1.0,1.0,,0.0,,50.0,,81.0,,1.0,0.18,3.74,0.14,2.88,46.26,11.71,0.038,0.748,0.394,1.19,,25.19,25.3,99.54,8.97,120.65,94.25,0.73,15.47,2.49,52.8,0.0,0.0,415.1,0.372,16.11,4.648,16.52,0.099,0.721,4.72,42.15,41.45,67.1,,1.676,,6.92,2.204,8.515,48.3,0.809,2.85,122.0,7.751,54.8,0.99,35.086,4.944,5.85,,1.166,,27.13,13.097,,66.0,0.557,185.4,5.81,29.4,0
47.0,1.0,38.0,2.0,5.0,,58.0,7.0,15.0,,156.7,59.0,30.0,47.0,71.0,40.6,17.2591,83.0,153.0,84.0,12.0,12.9,1.7,2.0,6.2,7.3,10.8,8.2,8.0,13.8,0.4,0.4,2.2,2.3,2.7,3.0,18.8,5.8,33.6,25.3,5411.0,14.2,8.7,57.2,47.1,500.0,319.0,,189.0,191.0,3.420165,1.357947,-0.059,350.755815,1.78,,,,1.0,275.0,3.0,4.0,,,4.0,1.0,3.0,2.0,3.0,3.0,6.0,1.0,1.0,3.0,2.0,1.0,0.0,8.0,3.0,,2.0,2.0,1.0,1.0,2.0,1.0,4.0,,0.0,15.0,1.0,1.0,1.0,1.0,0.0,28.0,2.0,2.0,7.0,9.0,3.0,3.0,2.0,1.0,3.0,1.0,3.0,2.0,3.0,1.0,4.0,2.0,3.0,0.0,9.0,0.0,4.0,,1.0,6.0,0.0,1.0,2.0,7.0,2.0,3.0,2.0,0.0,30.0,,1.0,1.0,1.0,0.0,91.0,92.0,,48.0,1.0,0.0,0.16,2.42,0.06,0.9,45.53,14.85,0.037,0.675,0.245,2.7,40.11,29.44,32.62,90.25,11.2,90.95,76.93,,5.6,3.43,51.0,0.0,0.0,202.3,0.227,15.54,5.045,13.25,0.102,1.253,6.73,9.47,,121.3,2.189,0.899,29.3,19.59,,3.474,96.2,1.143,,45.8,4.646,51.2,1.636,17.538,,,,1.112,14.6,21.36,16.159,9.51,80.39,1.306,408.0,8.63,19.0,0
43.0,0.0,22.0,4.0,2.0,36.0,54.0,,15.0,79.4,145.3,86.9,33.0,36.0,94.0,92.7,33.7562,100.0,166.0,91.0,32.1,50.6,2.9,3.6,11.8,12.7,12.6,13.2,39.8,32.7,1.5,1.8,4.9,5.0,3.5,3.9,48.4,22.2,26.0,23.9,8722.0,40.2,49.0,78.3,39.1,496.0,433.0,356.0,306.0,302.0,3.483891,2.319886,0.215,,2.19,4.0,,5.0,6.0,,,1.0,,,3.0,3.0,1.0,2.0,1.0,6.0,0.0,5.0,4.0,3.0,0.0,2.0,0.0,9.0,4.0,2.0,1.0,2.0,2.0,0.0,0.0,0.0,3.0,11.493,1.0,3.0,0.0,1.0,1.0,3.0,0.0,39.0,5.0,1.0,0.0,1.0,2.0,2.0,2.0,2.0,2.0,1.0,5.0,1.0,4.0,2.0,5.0,2.0,3.0,1.0,,0.0,0.0,,1.0,5.0,1.0,4.0,2.0,0.0,3.0,1.0,3.0,3.0,13.0,,0.0,0.0,0.0,0.0,,60.0,,60.0,1.0,1.0,,0.16,0.3,5.18,38.6,7.37,0.014,0.252,0.271,1.06,18.27,18.65,23.08,90.37,9.24,105.15,92.88,0.39,6.82,4.03,69.6,0.0,0.0,283.8,0.262,15.73,4.271,12.95,0.033,0.747,5.79,,39.25,80.8,2.129,0.98,41.3,1.14,2.377,7.828,94.9,1.221,1.33,92.3,8.33,45.0,2.51,35.714,,15.68,1696.8,1.518,,28.2,1.717,6.58,,0.575,479.1,4.78,36.5,0
47.0,1.0,42.0,3.0,,15.0,38.0,6.0,15.0,74.5,138.6,52.8,51.0,26.0,86.0,,29.6312,93.0,180.0,99.0,29.1,34.7,3.5,1.8,14.0,10.3,9.2,10.6,21.0,27.2,2.0,0.8,3.8,2.0,3.1,4.2,21.3,14.9,37.3,35.6,8510.0,30.5,41.0,56.0,50.0,509.0,,262.0,290.0,182.0,3.279327,2.609738,-1.375,34.511636,,,,3.0,6.0,108.0,,3.0,101.0,24.0,3.0,,2.0,6.0,4.0,1.0,5.0,4.0,7.0,2.0,0.0,,1.0,6.0,3.0,3.0,2.0,3.0,1.0,3.0,0.0,1.0,,,1.0,0.0,2.0,1.0,2.0,4.0,0.0,13.0,3.0,5.0,2.0,6.0,3.0,2.0,2.0,3.0,1.0,3.0,1.0,5.0,,3.0,1.0,2.0,4.0,17.0,42.0,,,3.0,1.0,9.0,9.0,4.0,2.0,0.0,3.0,1.0,3.0,3.0,17.0,2.0,0.0,,0.0,0.0,,43.0,68.0,92.0,,1.0,0.01,,0.59,8.39,52.44,14.25,0.022,0.828,0.186,1.47,20.71,26.92,27.17,99.06,12.34,,90.09,0.58,8.14,4.43,62.6,0.0,0.0,170.7,0.211,16.27,5.293,12.72,,1.144,7.07,17.37,50.67,52.5,,0.74,26.6,0.94,2.562,4.579,53.3,1.267,1.01,155.1,8.664,49.6,,22.306,1.285,83.43,,1.191,,114.16,,6.7,76.31,1.675,269.5,2.91,101.0,0
44.0,1.0,9.0,8.0,5.0,,58.0,1.0,25.0,83.2,172.6,47.6,17.0,17.0,78.0,54.0,23.1998,92.0,153.0,86.0,16.7,19.8,1.8,1.6,6.6,12.5,6.0,7.5,15.6,20.4,0.7,0.7,2.0,1.8,3.9,2.6,15.8,5.2,22.0,37.3,5123.0,27.1,30.1,47.6,33.0,527.0,352.0,417.0,324.0,252.0,3.033724,0.241952,,108.601676,,4.0,,,,152.0,4.0,1.0,163.0,29.0,4.0,,1.0,5.0,1.0,4.0,0.0,1.0,0.0,2.0,5.0,1.0,2.0,9.0,3.0,3.0,2.0,1.0,2.0,0.0,0.0,2.0,2.0,19.202,2.0,0.0,0.0,8.0,1.0,2.0,0.0,14.0,1.0,0.0,1.0,6.0,2.0,4.0,1.0,2.0,4.0,1.0,1.0,1.0,1.0,1.0,5.0,0.0,3.0,,10.0,1.0,13.0,,1.0,,1.0,3.0,3.0,0.0,1.0,1.0,2.0,3.0,17.0,3.0,0.0,,0.0,1.0,,92.0,60.0,,,1.0,0.0,0.01,0.42,4.96,47.41,15.7,0.044,0.338,0.274,1.29,15.38,30.89,33.11,93.3,11.14,119.17,,0.75,8.89,5.94,70.8,0.0,0.0,394.3,0.439,15.89,5.081,12.83,0.119,2.431,8.39,9.37,50.19,81.6,1.836,1.37,42.3,15.27,,,53.1,0.954,3.61,116.5,4.108,27.7,1.936,30.908,4.696,59.79,,1.251,15.9,43.19,15.506,5.89,76.75,3.017,307.6,7.94,96.6,0
50.0,0.0,48.0,1.0,43.0,,10.0,,31.0,70.1,144.6,50.4,23.0,23.0,121.0,61.1,23.7515,133.0,160.0,81.0,50.2,50.9,4.1,3.1,6.1,4.9,5.9,5.8,30.7,36.5,1.3,1.8,2.0,2.0,1.8,2.0,39.1,21.2,,18.3,4739.0,42.8,41.2,41.6,26.4,522.0,285.0,265.0,247.0,207.0,2.264603,1.168652,-1.919,285.891688,4.53,3.0,1.0,,2.0,22.0,,,,400.0,4.0,2.0,2.0,0.0,,7.0,0.0,6.0,0.0,2.0,,0.0,0.0,5.0,2.0,2.0,3.0,2.0,2.0,3.0,1.0,0.0,3.0,,1.0,8.0,6.0,2.0,1.0,2.0,4.0,3.0,8.0,9.0,1.0,1.0,2.0,1.0,2.0,3.0,1.0,5.0,5.0,1.0,3.0,2.0,5.0,1.0,3.0,,19.0,17.0,0.0,4.0,1.0,7.0,5.0,2.0,3.0,0.0,2.0,1.0,2.0,0.0,16.0,17.0,1.0,,0.0,0.0,,,,90.0,,0.0,0.01,0.15,0.31,7.56,42.3,11.92,0.008,0.3,0.24,1.38,33.43,27.44,28.18,97.36,11.07,105.56,88.38,0.47,11.35,1.95,47.5,0.0,0.0,394.5,,16.41,4.345,,0.086,1.034,4.11,25.49,45.73,113.9,2.18,0.913,43.8,,2.121,3.601,65.4,0.798,1.92,15.2,3.919,39.1,2.222,33.245,2.83,,,1.185,,55.02,1.12,6.57,72.43,0.587,233.7,3.61,36.5,0
67.0,1.0,25.0,1.0,,,46.0,,,76.8,117.9,61.4,48.0,54.0,65.0,64.4,20.0644,95.0,179.0,93.0,18.6,12.2,0.6,1.2,12.8,13.6,12.5,9.4,16.2,14.1,0.5,1.1,4.9,4.6,4.5,4.5,17.2,4.0,43.4,41.1,10067.0,20.2,7.6,62.4,49.3,599.0,353.0,295.0,225.0,,6.111523,2.158954,2.721,703.058873,,2.0,,,1.0,,2.0,4.0,,,3.0,2.0,4.0,2.0,0.0,6.0,4.0,0.0,2.0,1.0,2.0,0.0,0.0,10.0,3.0,2.0,1.0,1.0,2.0,2.0,2.0,1.0,4.0,,1.0,7.0,0.0,3.0,5.0,5.0,0.0,6.0,8.0,3.0,7.0,1.0,1.0,3.0,3.0,5.0,3.0,1.0,1.0,1.0,3.0,2.0,5.0,2.0,5.0,26.0,20.0,,20.0,,0.0,6.0,0.0,2.0,2.0,0.0,,1.0,2.0,0.0,15.0,2.0,1.0,1.0,0.0,0.0,,80.0,,31.0,1.0,0.0,0.0,0.0,0.5,6.4,45.01,14.13,0.006,0.225,0.276,2.92,37.69,29.37,31.4,93.54,7.81,105.45,,0.98,12.57,3.36,43.3,0.0,0.0,204.1,0.159,16.59,,16.17,0.045,1.798,7.76,,,74.1,2.143,0.751,15.5,6.53,,6.324,50.4,0.803,2.25,21.2,4.363,27.4,2.344,24.056,2.095,,305.3,1.24,,215.31,,15.21,64.35,1.964,340.7,6.32,10.4,0
69.0,0.0,24.0,6.0,,,29.0,1.0,,79.4,136.6,77.3,8.0,10.0,66.0,49.8,21.7463,93.0,151.0,64.0,23.8,19.4,1.7,1.4,6.1,7.1,5.8,5.6,18.7,18.4,0.9,1.8,1.7,1.8,1.2,1.6,14.6,10.2,21.4,19.5,4565.0,15.8,32.7,33.8,28.2,797.0,453.0,446.0,308.0,319.0,1.846925,0.619426,-1.442,163.792556,2.55,,,,,179.0,2.0,,148.0,230.0,3.0,4.0,3.0,2.0,3.0,6.0,0.0,1.0,3.0,3.0,2.0,,0.0,6.0,3.0,4.0,2.0,3.0,2.0,0.0,0.0,1.0,4.0,,0.0,0.0,2.0,1.0,3.0,3.0,3.0,10.0,2.0,2.0,5.0,9.0,2.0,3.0,2.0,3.0,2.0,3.0,1.0,1.0,3.0,3.0,5.0,2.0,5.0,15.0,1.0,,,0.0,1.0,8.0,8.0,2.0,2.0,1.0,3.0,1.0,1.0,,17.0,2.0,0.0,0.0,0.0,0.0,,38.0,,,,1.0,0.02,0.18,0.64,7.51,32.55,12.72,0.01,0.265,0.365,3.4,40.13,32.06,,82.03,10.19,104.35,93.51,0.69,8.18,3.72,44.0,0.0,0.0,414.7,0.422,17.13,3.968,12.73,0.074,0.561,8.47,29.43,40.76,71.9,1.11,0.914,20.2,,,4.149,111.6,1.391,1.37,164.1,,60.9,1.068,30.705,3.019,40.17,,1.46,,43.33,2.315,4.78,,5.174,402.6,7.34,34.7,0
65.0,0.0,27.0,2.0,,,5.0,8.0,24.0,95.8,157.1,55.6,17.0,11.0,85.0,103.6,35.2756,97.0,171.0,78.0,18.7,46.7,7.3,6.3,6.1,7.0,7.3,5.9,23.5,25.7,0.9,2.6,2.0,2.7,1.8,2.1,46.2,11.7,22.5,22.9,4997.0,45.7,40.2,58.0,27.7,769.0,381.0,377.0,255.0,311.0,,0.356069,-1.082,130.877797,1.63,,3.0,,,,,,,336.0,,2.0,1.0,0.0,4.0,6.0,2.0,1.0,4.0,2.0,1.0,0.0,1.0,,3.0,1.0,1.0,2.0,2.0,0.0,2.0,1.0,4.0,,0.0,0.0,2.0,1.0,2.0,1.0,4.0,46.0,6.0,14.0,7.0,0.0,2.0,1.0,2.0,0.0,0.0,1.0,5.0,3.0,2.0,2.0,4.0,2.0,4.0,,0.0,1.0,11.0,,,2.0,5.0,3.0,4.0,,3.0,2.0,5.0,2.0,24.0,,0.0,1.0,0.0,1.0,,90.0,,74.0,,1.0,0.01,0.26,0.05,0.84,39.48,14.5,0.046,0.921,0.432,2.58,46.13,34.09,,92.81,7.91,95.6,93.59,0.41,7.24,2.55,45.5,0.0,0.0,338.0,0.267,17.1,4.254,12.5,0.068,1.883,5.6,58.32,50.19,117.5,,0.789,57.3,0.26,2.316,4.446,54.7,1.25,3.52,,,45.6,1.275,21.115,2.769,176.3,270.0,1.454,,151.59,1.917,7.83,81.14,1.03,395.3,4.29,92.4,0
41.0,1.0,4.0,5.0,,,38.0,,15.0,72.1,180.6,85.3,54.0,58.0,,81.8,23.4292,91.0,187.0,103.0,13.4,27.0,5.6,2.5,13.6,13.7,,17.7,23.8,13.6,0.9,2.0,6.3,4.9,4.2,5.9,14.4,13.2,51.8,41.9,13584.0,15.4,12.8,88.1,59.1,435.0,232.0,228.0,171.0,173.0,6.138928,4.377617,2.725,,,,1.0,3.0,3.0,,2.0,3.0,,30.0,,4.0,4.0,3.0,0.0,7.0,6.0,3.0,7.0,2.0,0.0,1.0,0.0,7.0,3.0,1.0,1.0,1.0,2.0,0.0,2.0,0.0,3.0,,2.0,0.0,1.0,0.0,1.0,3.0,1.0,31.0,4.0,1.0,6.0,1.0,3.0,1.0,2.0,2.0,2.0,2.0,4.0,1.0,2.0,1.0,5.0,2.0,3.0,15.0,,0.0,0.0,,1.0,8.0,1.0,2.0,4.0,0.0,6.0,1.0,4.0,0.0,31.0,2.0,,1.0,0.0,0.0,,89.0,80.0,39.0,0.0,0.0,0.14,3.13,0.02,0.34,43.19,12.16,0.023,0.346,0.291,2.1,45.9,27.92,,99.19,10.48,105.65,89.94,0.05,1.2,2.27,49.4,0.0,0.0,210.3,0.22,15.99,4.355,12.96,0.032,1.02,4.58,58.04,51.29,74.0,1.48,1.229,56.8,0.96,2.262,,77.0,1.297,2.29,116.2,9.752,86.7,,33.94,4.999,,,1.206,,144.7,10.614,8.07,67.72,0.995,487.7,8.05,13.5,0
54.0,1.0,37.0,1.0,,1.0,,4.0,,89.0,119.1,79.3,51.0,47.0,67.0,70.4,23.3369,114.0,174.0,84.0,22.2,26.6,2.4,,11.8,11.5,7.9,13.4,30.5,18.3,,0.7,2.5,3.5,4.3,4.5,16.7,17.7,,32.9,6559.0,21.9,17.8,64.5,57.6,461.0,239.0,243.0,226.0,187.0,2.368384,2.273649,-0.833,251.037514,1.45,3.0,,4.0,4.0,31.0,,4.0,,10.0,3.0,5.0,1.0,0.0,0.0,2.0,7.0,5.0,6.0,1.0,0.0,1.0,1.0,6.0,4.0,2.0,2.0,2.0,2.0,0.0,0.0,0.0,2.0,,1.0,25.0,,1.0,9.0,1.0,6.0,1.0,1.0,4.0,3.0,10.0,3.0,2.0,4.0,2.0,3.0,1.0,4.0,2.0,3.0,1.0,4.0,1.0,3.0,,,0.0,,,1.0,8.0,3.0,,2.0,0.0,3.0,2.0,3.0,10.0,17.0,,0.0,1.0,0.0,0.0,84.0,,,46.0,,0.0,0.19,3.94,0.07,1.49,37.19,14.25,0.011,0.219,0.282,2.07,43.64,33.61,38.31,87.73,,90.02,80.94,0.33,6.93,2.09,44.0,0.0,0.0,337.3,0.351,18.23,4.239,13.01,0.066,2.223,4.75,71.21,40.79,,,,20.9,0.64,2.334,4.318,,0.923,2.32,21.1,8.512,31.7,1.211,26.324,3.242,114.89,,,,120.36,17.982,5.3,74.96,,300.3,3.43,47.2,0
44.0,1.0,13.0,1.0,,39.0,1.0,,,101.4,167.3,67.1,52.0,37.0,124.0,148.8,40.2161,133.0,192.0,97.0,50.9,51.3,8.9,,12.6,13.1,10.3,13.3,55.4,54.0,3.9,4.8,4.1,4.6,4.4,4.3,48.8,,43.4,34.7,9061.0,46.3,44.7,67.2,44.1,588.0,344.0,247.0,270.0,320.0,,3.751213,3.057,263.59246,,,5.0,,,49.0,4.0,3.0,2.0,26.0,,3.0,1.0,4.0,0.0,6.0,4.0,0.0,8.0,1.0,2.0,2.0,2.0,4.0,2.0,2.0,1.0,2.0,2.0,0.0,0.0,1.0,2.0,,1.0,16.0,7.0,2.0,1.0,6.0,0.0,33.0,8.0,11.0,1.0,1.0,3.0,5.0,0.0,2.0,0.0,1.0,2.0,4.0,4.0,2.0,5.0,1.0,5.0,,,1.0,,0.0,,6.0,1.0,3.0,2.0,,6.0,1.0,2.0,12.0,22.0,2.0,0.0,1.0,1.0,,,,90.0,,,0.0,0.01,0.08,,4.0,,16.12,0.004,0.284,0.157,3.24,35.61,,37.03,99.07,9.83,110.04,74.08,0.55,6.01,4.94,54.3,,0.0,380.8,0.374,15.55,4.394,16.88,,0.859,9.11,11.3,45.11,118.4,2.324,1.426,35.2,4.42,2.34,7.253,,1.086,4.53,,,,2.281,12.071,4.312,51.19,,1.001,,140.43,,25.0,70.09,3.375,299.8,3.76,59.5,0
64.0,0.0,7.0,1.0,,51.0,19.0,,24.0,79.3,140.0,62.3,14.0,42.0,80.0,55.3,22.9076,127.0,155.0,93.0,29.9,35.2,8.4,4.0,8.9,6.7,7.9,6.3,17.8,20.2,0.8,1.5,2.2,2.4,2.1,1.8,36.3,10.8,32.3,25.5,4574.0,17.4,36.2,42.0,43.3,762.0,427.0,398.0,284.0,262.0,2.558765,2.456414,-0.995,267.248511,1.83,,,3.0,,670.0,,3.0,118.0,144.0,,2.0,4.0,1.0,7.0,7.0,6.0,0.0,2.0,2.0,0.0,,0.0,4.0,4.0,3.0,1.0,3.0,1.0,1.0,0.0,0.0,2.0,,0.0,1.0,3.0,0.0,5.0,2.0,7.0,2.0,0.0,5.0,0.0,7.0,1.0,0.0,2.0,1.0,4.0,3.0,0.0,2.0,3.0,1.0,2.0,0.0,2.0,,7.0,,,0.0,,4.0,6.0,2.0,3.0,,2.0,2.0,2.0,10.0,29.0,47.0,0.0,1.0,1.0,0.0,,57.0,93.0,38.0,0.0,0.0,0.0,0.05,0.45,7.56,43.4,15.38,0.005,0.436,0.183,1.12,18.97,34.43,35.43,97.18,8.11,109.57,93.89,0.43,7.21,3.9,66.2,0.0,0.0,229.5,0.186,16.83,4.466,12.15,,0.797,5.89,39.8,39.35,78.5,1.368,1.54,23.8,19.53,2.483,7.202,67.4,1.368,3.02,,4.251,45.8,,25.582,3.243,,,1.271,,83.13,1.34,19.68,69.91,0.72,444.6,4.78,32.0,0
56.0,0.0,35.0,5.0,,,40.0,2.0,,79.8,140.1,55.7,19.0,14.0,101.0,103.5,38.8853,130.0,163.0,85.0,42.8,46.7,9.0,9.8,7.1,8.4,7.0,9.6,52.2,51.5,2.8,3.3,2.2,1.7,1.8,1.7,38.4,17.9,22.4,19.7,4805.0,47.3,44.7,41.4,29.9,758.0,460.0,353.0,325.0,256.0,5.389331,,0.226,675.232655,1.69,2.0,,,,12.0,3.0,,227.0,44.0,1.0,5.0,1.0,2.0,0.0,1.0,0.0,0.0,6.0,1.0,2.0,1.0,0.0,6.0,3.0,1.0,2.0,2.0,2.0,0.0,0.0,2.0,3.0,,0.0,0.0,0.0,4.0,10.0,7.0,0.0,32.0,4.0,4.0,3.0,7.0,2.0,1.0,1.0,0.0,2.0,3.0,2.0,1.0,4.0,1.0,4.0,1.0,1.0,2.0,0.0,0.0,,0.0,1.0,2.0,1.0,2.0,2.0,0.0,3.0,2.0,5.0,2.0,,,1.0,,0.0,1.0,,92.0,62.0,,,0.0,0.0,0.02,0.44,7.12,36.02,12.65,0.015,0.497,0.219,2.25,36.25,29.79,35.13,84.8,10.38,88.44,74.48,,14.22,2.63,42.4,0.0,0.0,338.4,,17.22,4.248,12.4,0.042,1.136,6.22,11.56,48.78,,1.424,1.183,44.2,1.31,,7.178,54.1,0.942,,186.2,,28.5,0.881,35.192,3.571,4.06,,1.006,,98.69,0.698,4.06,74.87,4.559,234.7,6.31,36.4,0
59.0,1.0,0.0,1.0,37.0,25.0,35.0,4.0,,106.7,172.0,65.9,31.0,27.0,111.0,69.2,24.8341,92.0,167.0,96.0,34.3,29.7,3.5,1.7,12.5,13.2,8.8,8.5,24.2,24.5,2.5,1.4,1.9,4.1,2.8,3.0,22.0,25.8,38.7,29.5,8454.0,46.0,41.8,45.0,53.4,681.0,294.0,377.0,268.0,281.0,2.259355,2.168981,1.286,293.471561,3.79,6.0,,,,7.0,7.0,4.0,30.0,25.0,2.0,4.0,2.0,,2.0,2.0,3.0,3.0,1.0,2.0,0.0,0.0,1.0,9.0,1.0,,2.0,2.0,,0.0,1.0,0.0,4.0,14.994,0.0,0.0,5.0,,1.0,5.0,0.0,28.0,3.0,1.0,4.0,1.0,3.0,3.0,1.0,3.0,2.0,2.0,2.0,5.0,4.0,2.0,5.0,2.0,3.0,,6.0,21.0,24.0,,1.0,6.0,9.0,3.0,3.0,4.0,5.0,1.0,2.0,0.0,57.0,2.0,0.0,,1.0,0.0,,,94.0,,,1.0,0.02,,0.13,4.03,41.49,12.69,0.009,0.846,0.402,0.92,28.38,25.1,30.57,82.09,8.31,88.79,74.1,0.23,7.23,1.94,59.8,0.0,0.0,404.9,0.337,17.88,5.055,15.94,,1.06,3.25,38.94,46.59,141.7,1.352,1.654,19.1,0.37,2.207,8.494,72.2,0.789,2.35,59.9,,26.2,,11.54,5.634,,,1.069,,99.21,,6.15,,0.966,513.3,7.42,55.1,0
46.0,1.0,42.0,4.0,,,,0.0,,64.3,112.1,93.3,14.0,34.0,89.0,69.6,24.0196,99.0,170.0,79.0,45.4,42.0,3.9,7.9,6.6,5.0,11.3,6.3,22.1,33.2,1.8,2.3,2.5,2.2,1.8,2.9,27.2,16.5,26.3,21.1,4713.0,18.6,15.5,45.7,31.5,735.0,424.0,454.0,305.0,323.0,5.523876,2.335764,0.394,567.232454,4.09,,,,3.0,38.0,3.0,,20.0,282.0,3.0,5.0,2.0,7.0,7.0,5.0,2.0,7.0,4.0,2.0,2.0,1.0,1.0,5.0,3.0,2.0,1.0,1.0,2.0,0.0,0.0,0.0,2.0,73.614,0.0,13.0,2.0,1.0,1.0,6.0,6.0,5.0,9.0,9.0,3.0,2.0,2.0,5.0,0.0,3.0,3.0,1.0,0.0,4.0,5.0,1.0,2.0,2.0,1.0,21.0,17.0,9.0,,5.0,,3.0,5.0,1.0,1.0,14.0,5.0,1.0,3.0,0.0,22.0,2.0,1.0,1.0,0.0,0.0,,84.0,,91.0,,1.0,0.01,0.11,0.4,6.0,42.29,14.16,0.044,0.296,0.322,1.05,15.86,29.4,33.48,87.83,9.47,92.15,75.71,0.56,8.47,4.62,69.6,0.0,0.0,147.3,0.139,17.75,4.814,15.95,0.023,2.2,6.64,64.16,47.87,215.0,2.101,1.341,22.0,17.88,2.545,6.491,88.5,0.846,3.02,23.9,4.488,43.4,2.212,15.315,,,,1.059,,,12.584,5.77,65.34,3.672,369.4,4.01,39.3,0
65.0,0.0,18.0,1.0,,8.0,43.0,,19.0,81.9,112.7,49.9,8.0,12.0,120.0,72.2,30.3623,128.0,154.0,88.0,39.2,44.5,2.5,9.7,7.8,8.9,6.2,7.8,51.8,52.1,2.8,2.9,1.0,2.0,2.4,1.8,46.3,24.8,20.9,25.8,5882.0,49.3,52.5,35.9,29.6,720.0,411.0,414.0,287.0,324.0,2.155856,2.069621,-1.024,116.791949,2.55,2.0,,,5.0,,2.0,,214.0,390.0,6.0,2.0,4.0,7.0,7.0,3.0,5.0,1.0,1.0,3.0,1.0,,0.0,8.0,2.0,2.0,1.0,1.0,1.0,0.0,2.0,1.0,3.0,,1.0,5.0,0.0,5.0,3.0,1.0,5.0,29.0,0.0,13.0,0.0,4.0,2.0,2.0,1.0,4.0,5.0,0.0,0.0,2.0,3.0,3.0,4.0,1.0,1.0,11.0,10.0,0.0,3.0,0.0,,2.0,7.0,1.0,2.0,14.0,2.0,3.0,,11.0,20.0,2.0,1.0,1.0,0.0,0.0,,80.0,66.0,,,1.0,0.06,1.09,0.6,10.21,38.44,14.71,0.03,0.979,0.3,2.7,45.65,31.42,38.27,82.1,7.65,99.64,86.94,0.17,,2.37,40.1,0.0,0.0,148.4,0.114,15.93,,12.78,0.089,1.986,5.91,38.21,,116.0,1.096,1.206,23.9,0.79,2.393,6.96,103.0,1.382,4.55,162.6,8.86,61.8,,32.886,3.458,142.68,,1.433,,29.19,1.252,22.64,74.7,,347.2,24.54,15.6,0
57.0,1.0,14.0,1.0,5.0,,41.0,,,68.3,117.3,56.2,57.0,48.0,85.0,,27.1349,106.0,159.0,89.0,48.6,43.1,3.2,5.6,7.3,10.0,7.0,6.3,39.7,32.6,0.8,1.4,2.1,2.9,3.4,2.6,44.6,8.7,37.1,32.0,7105.0,44.4,21.3,52.1,31.3,564.0,308.0,285.0,,247.0,5.753255,5.338901,2.613,647.101762,3.98,3.0,,2.0,1.0,39.0,4.0,,3.0,14.0,3.0,3.0,0.0,3.0,1.0,1.0,6.0,4.0,6.0,2.0,0.0,,2.0,8.0,3.0,1.0,2.0,3.0,2.0,0.0,2.0,1.0,3.0,,1.0,7.0,0.0,1.0,7.0,0.0,1.0,5.0,9.0,1.0,3.0,8.0,1.0,5.0,1.0,2.0,0.0,1.0,2.0,1.0,3.0,2.0,5.0,1.0,4.0,7.0,,0.0,14.0,4.0,1.0,8.0,,1.0,4.0,12.0,6.0,3.0,1.0,0.0,,19.0,0.0,1.0,,0.0,,44.0,85.0,85.0,,0.0,0.09,1.96,0.36,7.95,36.85,13.29,0.018,,0.15,1.77,38.99,31.23,36.06,86.62,11.38,102.34,76.26,,6.74,,44.4,0.0,0.0,270.7,0.308,15.99,,12.31,0.041,1.19,4.54,45.88,45.83,116.0,,1.137,28.0,0.36,2.238,5.754,86.8,0.941,1.14,,4.157,52.9,1.392,24.725,3.157,37.23,,0.957,,,13.66,7.47,77.4,4.578,428.8,7.69,29.5,0
55.0,1.0,26.0,1.0,5.0,,,,15.0,50.2,122.5,67.3,54.0,39.0,83.0,87.5,24.7424,87.0,188.0,97.0,21.3,18.7,1.3,4.6,7.6,9.0,7.0,11.2,16.9,14.7,0.5,0.4,,3.5,3.0,3.6,15.0,3.9,37.8,33.4,9911.0,24.4,12.5,68.1,57.3,685.0,366.0,262.0,244.0,196.0,4.108892,2.500047,-0.366,220.247809,,,2.0,4.0,4.0,131.0,,,100.0,347.0,,6.0,3.0,7.0,6.0,7.0,0.0,0.0,2.0,2.0,,2.0,0.0,9.0,2.0,,3.0,3.0,2.0,0.0,1.0,2.0,1.0,49.94,0.0,0.0,1.0,1.0,1.0,1.0,0.0,9.0,9.0,1.0,6.0,1.0,2.0,3.0,2.0,2.0,2.0,4.0,1.0,1.0,5.0,1.0,4.0,2.0,4.0,1.0,,0.0,0.0,,,6.0,1.0,1.0,4.0,0.0,4.0,2.0,3.0,0.0,18.0,12.0,1.0,1.0,0.0,1.0,,,67.0,,,0.0,0.04,0.44,0.58,5.74,42.44,15.35,0.024,0.219,0.402,1.8,17.9,34.06,36.17,94.15,12.26,98.87,78.7,0.21,2.11,7.41,73.8,0.0,0.0,207.3,0.254,15.98,,12.46,0.105,0.999,10.04,14.6,45.18,127.6,1.499,0.983,17.7,16.31,2.371,4.978,103.6,4.038,1.09,58.3,4.115,42.7,1.298,17.724,,161.78,,0.778,,40.35,11.74,12.29,78.58,2.462,,4.5,66.5,0
65.0,1.0,22.0,3.0,,,53.0,8.0,,101.3,132.6,59.2,20.0,34.0,81.0,73.7,21.9763,87.0,183.0,96.0,16.4,21.8,2.4,3.3,12.9,12.8,11.5,7.7,14.0,12.8,0.8,0.5,3.3,,3.3,4.0,12.9,6.1,24.7,30.8,7068.0,15.1,15.3,71.2,44.6,,285.0,244.0,179.0,198.0,4.882095,3.980094,1.51,435.95614,,3.0,3.0,3.0,,186.0,4.0,4.0,4.0,14.0,2.0,,2.0,2.0,1.0,,0.0,,0.0,1.0,2.0,0.0,0.0,8.0,2.0,2.0,2.0,2.0,2.0,0.0,0.0,1.0,1.0,,,0.0,8.0,6.0,2.0,0.0,1.0,2.0,3.0,10.0,0.0,5.0,3.0,2.0,,1.0,5.0,2.0,2.0,0.0,2.0,1.0,5.0,2.0,3.0,7.0,2.0,,0.0,,1.0,0.0,1.0,1.0,4.0,0.0,5.0,1.0,2.0,0.0,17.0,1.0,0.0,1.0,,,,91.0,,,0.0,0.0,0.01,0.06,0.38,3.33,36.0,12.14,,0.271,,2.54,22.26,33.09,33.73,98.1,7.76,117.21,85.32,0.68,5.94,7.81,68.4,0.0,0.0,189.3,0.147,16.25,3.67,14.67,0.093,0.684,11.41,69.92,,,1.47,1.463,55.3,0.94,2.512,7.769,70.9,1.356,4.89,155.8,8.769,57.3,,12.375,4.942,44.66,,,,43.43,12.653,23.96,73.99,4.19,312.6,8.17,102.0,0
43.0,0.0,6.0,3.0,,10.0,25.0,,,76.2,138.8,64.9,49.0,28.0,74.0,60.4,21.9124,107.0,166.0,97.0,29.7,35.4,1.6,3.3,10.7,13.7,8.0,13.5,30.6,17.4,0.7,1.0,4.4,4.8,3.5,4.0,17.4,8.7,39.5,36.2,8931.0,37.7,25.6,55.7,51.1,632.0,353.0,354.0,256.0,218.0,4.743906,1.823135,0.382,654.062882,,,,,3.0,,3.0,,,408.0,3.0,,1.0,5.0,7.0,7.0,0.0,0.0,2.0,2.0,2.0,1.0,1.0,6.0,2.0,3.0,1.0,1.0,1.0,2.0,1.0,1.0,4.0,,0.0,12.0,1.0,0.0,9.0,6.0,0.0,17.0,3.0,6.0,5.0,6.0,2.0,0.0,4.0,2.0,2.0,2.0,3.0,4.0,2.0,2.0,4.0,2.0,4.0,1.0,,1.0,,,1.0,2.0,0.0,3.0,2.0,7.0,1.0,1.0,1.0,0.0,32.0,,0.0,,0.0,,,35.0,,,,0.0,0.13,1.11,0.56,4.86,,11.89,0.027,0.95,0.349,2.56,22.42,24.68,26.39,93.49,10.57,99.7,91.37,1.0,8.71,7.19,62.9,,0.0,334.9,0.354,17.16,4.82,12.39,0.094,2.543,,14.89,51.17,96.1,1.164,0.676,37.0,15.36,,4.646,,0.757,1.32,58.0,4.591,33.4,,34.267,2.864,128.32,,1.291,,40.88,0.876,18.32,82.78,0.946,216.4,7.48,30.7,0
66.0,1.0,0.0,2.0,,,54.0,,21.0,125.1,140.3,60.0,20.0,35.0,98.0,82.1,26.5907,101.0,176.0,95.0,47.9,23.8,6.7,9.6,7.6,8.8,9.1,10.2,32.7,45.9,2.3,2.4,2.6,4.0,4.6,1.6,41.7,27.6,22.7,25.1,7007.0,41.9,19.4,80.6,36.1,460.0,259.0,230.0,186.0,236.0,2.790631,1.470519,-0.929,242.636494,,,2.0,3.0,1.0,,,4.0,,17.0,4.0,3.0,4.0,7.0,4.0,7.0,0.0,4.0,1.0,3.0,1.0,,2.0,7.0,2.0,2.0,1.0,1.0,1.0,2.0,1.0,1.0,3.0,,,0.0,1.0,4.0,6.0,6.0,7.0,38.0,3.0,12.0,8.0,1.0,2.0,3.0,2.0,2.0,2.0,1.0,2.0,1.0,0.0,1.0,4.0,2.0,4.0,,,10.0,0.0,0.0,,9.0,9.0,2.0,2.0,15.0,5.0,,3.0,4.0,23.0,2.0,0.0,0.0,0.0,1.0,,80.0,,,,0.0,0.18,3.0,0.63,10.51,33.9,11.72,0.007,0.268,0.34,0.95,15.74,28.16,34.58,81.43,,95.22,78.0,0.76,12.56,3.5,58.2,0.0,0.0,577.5,0.488,17.45,4.163,13.69,0.023,,6.01,14.6,39.81,20.6,1.436,1.036,20.5,4.59,2.608,6.708,90.1,1.295,1.56,16.0,7.714,58.8,1.827,33.348,5.45,,,1.408,15.4,26.48,,6.53,66.49,3.996,336.9,9.14,81.4,0
61.0,1.0,42.0,3.0,,23.0,,9.0,15.0,61.6,103.4,92.5,47.0,47.0,83.0,87.9,26.3489,98.0,183.0,94.0,13.8,26.2,1.8,3.5,8.7,11.5,12.2,13.4,47.8,32.7,0.9,0.6,3.6,4.4,3.8,4.6,13.3,13.9,41.3,39.5,7590.0,44.6,35.9,58.2,58.8,677.0,459.0,445.0,335.0,323.0,1.759771,1.407174,-0.6,589.916101,4.13,,,4.0,4.0,,,,,5.0,2.0,,,4.0,0.0,0.0,0.0,0.0,4.0,1.0,1.0,1.0,0.0,7.0,1.0,2.0,1.0,2.0,2.0,0.0,1.0,2.0,2.0,,1.0,0.0,5.0,3.0,4.0,0.0,0.0,33.0,4.0,3.0,1.0,2.0,2.0,2.0,4.0,0.0,0.0,1.0,1.0,1.0,2.0,1.0,5.0,2.0,2.0,8.0,,23.0,,4.0,1.0,4.0,0.0,2.0,4.0,0.0,4.0,1.0,5.0,0.0,23.0,,1.0,1.0,1.0,,,57.0,71.0,45.0,0.0,1.0,,0.42,0.12,2.22,37.73,13.64,0.004,0.508,0.18,,31.52,33.41,36.15,92.43,8.25,99.93,82.63,0.96,17.08,2.73,48.8,0.0,0.0,368.6,0.304,16.74,4.082,16.06,0.035,1.002,5.61,36.72,49.8,132.3,1.15,1.035,22.7,21.62,2.429,7.233,97.7,0.818,,145.0,4.432,37.6,,33.465,3.147,7.31,,1.19,,33.9,12.543,6.55,69.31,5.399,294.3,4.56,20.9,0
50.0,0.0,42.0,2.0,,21.0,40.0,1.0,,90.8,144.5,58.9,6.0,11.0,96.0,83.8,35.6857,108.0,153.0,79.0,26.5,41.3,8.4,5.6,5.9,6.1,4.6,5.6,14.5,24.0,1.1,0.5,2.1,1.8,1.9,2.5,12.9,9.5,20.6,17.9,4577.0,22.4,15.7,41.9,27.6,800.0,356.0,416.0,331.0,289.0,1.637317,0.497227,-1.317,,,,1.0,1.0,3.0,,5.0,,,,2.0,3.0,4.0,0.0,1.0,6.0,6.0,2.0,2.0,2.0,0.0,,1.0,6.0,2.0,2.0,1.0,3.0,1.0,0.0,0.0,0.0,3.0,15.522,1.0,2.0,2.0,0.0,1.0,4.0,4.0,2.0,0.0,0.0,1.0,,2.0,4.0,1.0,3.0,4.0,1.0,0.0,1.0,,2.0,5.0,1.0,3.0,1.0,0.0,,,0.0,,2.0,1.0,2.0,1.0,0.0,3.0,,3.0,0.0,21.0,1.0,0.0,1.0,0.0,,,87.0,,,,0.0,0.0,0.1,0.64,13.11,40.53,14.03,0.025,0.14,0.215,1.82,37.21,27.99,34.62,80.86,7.53,,64.12,0.44,,1.98,,0.0,0.0,304.7,0.229,18.1,5.012,14.02,0.053,0.573,4.89,,40.08,65.1,1.05,1.331,22.8,10.63,2.42,3.905,,0.896,3.89,53.2,4.479,37.5,0.833,20.868,2.064,14.74,,0.972,,144.56,1.153,18.79,75.67,4.834,164.9,4.07,,0
62.0,0.0,6.0,3.0,,10.0,42.0,,,68.5,116.9,79.0,27.0,20.0,97.0,66.4,24.3283,98.0,165.0,80.0,46.6,47.8,5.5,7.4,11.3,,11.5,6.7,47.3,54.0,2.1,1.1,2.4,2.1,2.4,2.2,46.0,18.4,31.0,23.2,5550.0,26.7,49.9,56.3,,687.0,386.0,423.0,281.0,333.0,1.890088,1.232527,,165.844154,3.4,,,3.0,,291.0,2.0,,3.0,,4.0,,1.0,6.0,3.0,7.0,0.0,1.0,2.0,1.0,4.0,0.0,1.0,6.0,2.0,1.0,2.0,2.0,2.0,1.0,0.0,0.0,3.0,5.414,2.0,15.0,5.0,1.0,9.0,7.0,0.0,6.0,8.0,11.0,0.0,3.0,2.0,3.0,4.0,2.0,2.0,1.0,1.0,0.0,3.0,2.0,4.0,1.0,3.0,25.0,,23.0,,0.0,0.0,1.0,1.0,4.0,1.0,13.0,5.0,2.0,1.0,0.0,15.0,23.0,,,1.0,1.0,,75.0,,93.0,,1.0,0.18,3.35,0.03,0.63,37.69,13.32,0.014,0.351,0.278,0.85,15.85,34.97,35.34,98.95,11.02,97.96,84.75,0.43,8.0,3.88,72.2,0.0,0.0,388.7,0.428,17.75,3.809,14.25,0.045,0.801,5.37,8.2,46.28,50.9,,0.868,15.7,,2.366,5.542,63.6,0.775,,111.6,6.243,38.4,1.567,31.384,3.551,128.41,,0.99,,73.88,1.086,7.86,68.26,1.158,283.5,6.35,71.4,0
66.0,0.0,45.0,4.0,,12.0,,,18.0,71.6,113.3,64.4,14.0,29.0,86.0,65.6,26.1527,114.0,158.0,95.0,30.6,25.9,6.3,7.6,8.5,11.2,6.3,10.0,54.8,30.2,2.5,0.8,2.1,,2.8,3.8,45.6,10.0,21.3,,6281.0,23.5,30.3,,47.9,475.0,321.0,375.0,258.0,173.0,2.418838,1.393845,-1.097,122.394669,,,,,3.0,170.0,3.0,,128.0,22.0,4.0,3.0,1.0,1.0,0.0,3.0,0.0,5.0,3.0,1.0,1.0,0.0,0.0,4.0,3.0,2.0,1.0,2.0,2.0,2.0,0.0,1.0,3.0,,0.0,,,1.0,9.0,,0.0,7.0,6.0,0.0,0.0,2.0,2.0,4.0,3.0,3.0,2.0,2.0,2.0,1.0,0.0,1.0,3.0,0.0,4.0,,0.0,0.0,0.0,,1.0,1.0,0.0,3.0,2.0,0.0,4.0,2.0,4.0,4.0,27.0,1.0,0.0,,0.0,0.0,,49.0,,40.0,,0.0,0.02,0.2,,8.01,30.68,13.17,0.046,0.941,0.432,1.35,17.11,36.03,42.94,83.92,8.97,90.68,72.86,0.87,11.02,5.03,63.7,0.0,0.0,362.2,0.325,17.8,3.656,15.25,0.131,2.13,7.9,36.64,44.69,98.2,1.198,,16.6,8.88,2.549,5.761,48.3,0.726,1.12,15.2,,32.0,0.989,12.453,2.165,4.54,216.3,1.401,,27.22,1.959,5.15,66.09,0.94,,4.82,26.3,0
60.0,1.0,1.0,2.0,23.0,,12.0,8.0,14.0,74.7,169.8,71.8,10.0,1.0,71.0,49.5,19.4507,87.0,160.0,78.0,13.4,12.8,3.0,2.8,5.9,5.1,5.7,5.7,16.5,20.9,0.5,0.7,1.8,1.9,1.8,1.6,13.9,4.9,20.8,20.2,4477.0,26.1,16.0,43.7,26.6,653.0,369.0,424.0,287.0,275.0,2.224221,,0.953,199.425025,,4.0,,,,350.0,2.0,,,416.0,6.0,,2.0,3.0,1.0,7.0,4.0,1.0,4.0,3.0,1.0,4.0,0.0,6.0,4.0,4.0,1.0,3.0,2.0,0.0,0.0,2.0,,,0.0,0.0,2.0,2.0,8.0,1.0,0.0,33.0,0.0,14.0,4.0,,3.0,2.0,2.0,3.0,2.0,1.0,1.0,0.0,3.0,3.0,5.0,1.0,1.0,8.0,,1.0,9.0,0.0,,10.0,0.0,2.0,1.0,1.0,2.0,1.0,3.0,0.0,30.0,2.0,0.0,,0.0,0.0,91.0,82.0,77.0,89.0,,1.0,0.13,1.96,0.42,6.33,37.45,11.96,0.029,0.148,0.207,2.31,34.87,29.46,31.95,92.2,9.32,,75.4,0.26,3.93,3.51,52.9,0.0,0.0,342.6,0.319,17.31,4.062,12.38,,1.078,6.63,16.08,40.0,43.2,1.172,1.032,51.0,0.3,2.307,6.169,107.2,1.239,,188.0,3.818,26.1,0.954,24.505,4.44,,,1.117,,46.2,6.823,26.24,76.5,2.003,404.8,8.96,79.3,0
52.0,1.0,36.0,1.0,,10.0,8.0,,15.0,92.9,128.7,75.2,38.0,46.0,101.0,123.5,40.2411,119.0,175.0,82.0,44.3,40.2,7.1,3.2,7.9,10.6,8.0,8.4,49.2,41.3,2.2,3.3,2.2,4.7,3.1,3.3,46.1,26.2,26.6,22.9,7781.0,32.5,20.6,48.0,56.2,745.0,459.0,413.0,328.0,298.0,3.145631,1.830286,-1.073,206.725933,,,2.0,3.0,4.0,36.0,,,,,1.0,,3.0,6.0,0.0,6.0,6.0,1.0,2.0,2.0,1.0,0.0,0.0,5.0,4.0,2.0,2.0,2.0,2.0,1.0,1.0,0.0,4.0,,,,6.0,4.0,10.0,5.0,7.0,16.0,2.0,0.0,6.0,0.0,1.0,2.0,1.0,3.0,2.0,1.0,2.0,3.0,3.0,1.0,5.0,0.0,3.0,,,0.0,,0.0,0.0,2.0,5.0,1.0,2.0,,2.0,1.0,3.0,9.0,21.0,30.0,0.0,0.0,0.0,0.0,81.0,62.0,,41.0,0.0,0.0,0.08,1.6,0.07,1.34,50.22,16.78,0.016,0.122,0.331,1.2,23.74,30.45,33.41,91.14,10.54,,79.35,0.45,9.0,3.25,64.3,0.0,0.0,180.5,0.19,16.62,5.51,15.91,0.069,1.88,5.05,31.52,,110.7,1.419,1.445,54.9,16.49,2.307,5.345,109.2,0.672,1.57,19.0,4.032,51.8,1.205,13.597,3.796,17.21,,,,,19.165,5.45,72.62,3.583,177.4,4.81,19.3,0
54.0,1.0,11.0,2.0,,40.0,41.0,,,123.9,162.2,68.6,22.0,30.0,103.0,56.4,20.0737,97.0,168.0,97.0,42.4,34.1,7.8,,8.5,7.5,11.3,9.6,35.8,42.2,1.6,0.8,4.9,3.3,3.5,2.3,38.3,25.5,21.8,21.8,10018.0,19.2,34.9,46.9,35.5,664.0,346.0,389.0,203.0,253.0,1.663813,1.59726,0.98,506.508202,3.83,,,6.0,,351.0,,,114.0,161.0,4.0,3.0,2.0,1.0,1.0,6.0,0.0,3.0,4.0,2.0,1.0,0.0,0.0,4.0,3.0,3.0,1.0,1.0,2.0,0.0,0.0,0.0,3.0,18.077,0.0,0.0,3.0,44.0,10.0,1.0,4.0,22.0,5.0,1.0,1.0,8.0,1.0,2.0,2.0,0.0,2.0,1.0,1.0,1.0,3.0,1.0,5.0,1.0,2.0,3.0,,,3.0,0.0,0.0,10.0,,2.0,2.0,,3.0,2.0,3.0,4.0,18.0,39.0,1.0,,0.0,0.0,63.0,,87.0,81.0,,1.0,0.0,0.07,0.58,10.11,40.97,13.43,0.046,2.295,0.553,1.16,20.01,31.28,32.78,95.42,10.06,117.45,73.57,0.6,10.42,3.43,59.4,0.0,0.0,405.0,0.407,16.0,4.294,12.09,0.128,2.195,5.77,67.04,40.86,82.7,1.578,,44.4,14.49,2.634,6.742,46.1,1.266,,106.2,,47.6,0.993,9.823,4.431,5.1,,0.967,,,3.057,,80.01,0.552,201.0,4.02,63.3,0
65.0,1.0,17.0,4.0,,,22.0,,18.0,106.3,176.1,55.1,51.0,51.0,90.0,101.2,29.051,105.0,187.0,95.0,13.5,12.8,5.3,3.3,9.3,13.0,11.5,12.8,17.7,43.2,1.6,1.0,4.1,4.9,2.2,2.9,27.3,10.8,22.3,40.2,8419.0,16.1,21.5,50.2,46.9,788.0,438.0,364.0,326.0,306.0,5.700914,3.470219,,557.11062,1.88,,,,,,,5.0,76.0,369.0,,4.0,3.0,2.0,6.0,7.0,1.0,1.0,7.0,2.0,1.0,2.0,1.0,9.0,3.0,4.0,3.0,2.0,2.0,3.0,0.0,0.0,2.0,,0.0,7.0,5.0,8.0,7.0,1.0,0.0,2.0,5.0,1.0,7.0,5.0,1.0,1.0,0.0,4.0,2.0,1.0,1.0,1.0,4.0,1.0,4.0,2.0,1.0,22.0,9.0,8.0,16.0,0.0,,6.0,3.0,2.0,2.0,7.0,4.0,1.0,2.0,10.0,17.0,2.0,1.0,1.0,1.0,0.0,86.0,,81.0,59.0,,0.0,0.02,0.22,0.01,0.13,34.96,13.94,,0.231,0.231,1.4,19.81,38.73,39.88,97.11,7.55,123.8,96.37,0.56,7.98,5.08,71.9,0.0,0.0,333.3,0.252,15.62,3.6,13.0,0.017,0.69,7.07,12.65,45.62,46.4,1.585,,22.0,17.1,2.262,4.677,114.5,1.036,1.08,30.5,9.118,52.6,1.737,27.475,2.33,132.52,1922.7,1.171,,30.87,,,,,449.7,8.83,96.1,0
62.0,0.0,16.0,1.0,57.0,25.0,61.0,1.0,23.0,92.6,153.1,64.6,19.0,53.0,107.0,136.0,38.3727,113.0,188.0,81.0,41.0,36.8,7.2,3.0,10.7,7.1,8.4,7.4,49.8,45.1,2.9,1.0,2.1,2.3,2.9,1.9,28.2,23.6,30.3,25.2,8536.0,32.9,48.4,48.5,36.6,526.0,442.0,274.0,191.0,224.0,5.938427,4.430022,0.078,683.196128,,,1.0,,1.0,,5.0,,24.0,,,3.0,0.0,1.0,1.0,7.0,3.0,0.0,8.0,2.0,1.0,2.0,2.0,7.0,4.0,1.0,3.0,3.0,1.0,0.0,2.0,0.0,3.0,,,12.0,0.0,2.0,3.0,4.0,0.0,24.0,8.0,2.0,1.0,1.0,3.0,1.0,3.0,3.0,1.0,,5.0,3.0,4.0,1.0,3.0,2.0,4.0,,,,0.0,4.0,,0.0,6.0,4.0,1.0,,1.0,1.0,2.0,0.0,29.0,2.0,1.0,,0.0,0.0,,40.0,,82.0,,0.0,0.0,0.02,0.58,6.94,41.43,14.7,0.014,0.236,0.41,2.82,33.84,34.77,35.47,98.01,8.74,97.23,81.63,,4.55,4.55,54.6,0.0,,371.3,0.324,15.54,4.227,14.64,0.023,2.104,8.33,56.61,43.71,131.1,,1.628,26.0,11.22,2.253,7.415,78.5,1.049,1.74,10.6,,34.1,2.544,11.432,3.507,11.72,,1.158,,147.78,,4.06,64.62,1.861,191.4,,48.0,0
67.0,0.0,19.0,5.0,,26.0,37.0,,16.0,74.2,130.7,71.6,14.0,14.0,90.0,73.8,27.1591,97.0,165.0,80.0,38.8,40.4,3.4,2.9,7.9,6.0,8.6,5.8,21.1,52.9,1.8,0.8,1.8,2.7,1.7,3.1,25.8,25.1,,20.3,5042.0,33.4,38.5,46.1,28.4,485.0,280.0,317.0,178.0,235.0,2.613586,,-0.796,147.35602,1.57,,,2.0,3.0,39.0,,,156.0,149.0,,1.0,0.0,7.0,3.0,5.0,5.0,1.0,4.0,2.0,2.0,4.0,0.0,6.0,3.0,2.0,2.0,3.0,1.0,1.0,1.0,2.0,,,0.0,4.0,2.0,28.0,2.0,1.0,0.0,1.0,4.0,2.0,1.0,0.0,2.0,0.0,2.0,2.0,1.0,0.0,1.0,4.0,1.0,3.0,5.0,2.0,5.0,0.0,1.0,1.0,0.0,0.0,1.0,1.0,,3.0,1.0,,2.0,1.0,2.0,0.0,17.0,30.0,0.0,1.0,1.0,1.0,,90.0,,45.0,,0.0,0.03,0.74,0.05,1.39,47.11,16.19,,0.854,0.283,1.01,28.8,31.48,34.37,91.59,12.17,100.21,78.28,0.61,17.41,1.81,51.7,0.0,0.0,380.2,0.463,17.32,5.143,12.74,,0.917,3.5,19.41,46.19,105.7,2.261,0.688,21.2,,2.462,3.565,84.3,0.73,1.13,72.9,7.997,39.7,2.445,16.768,1.91,107.32,,,,42.08,0.921,7.81,82.41,1.06,349.4,6.22,60.2,0
69.0,0.0,21.0,2.0,4.0,32.0,48.0,3.0,,69.8,,94.7,31.0,38.0,125.0,112.5,46.6122,115.0,155.0,84.0,51.0,37.2,11.3,6.8,10.8,6.7,6.8,7.5,54.7,53.1,3.9,3.3,1.8,2.5,2.0,2.4,47.9,26.9,29.4,22.2,5262.0,49.8,51.7,60.1,28.7,780.0,404.0,326.0,294.0,324.0,5.521755,4.528948,,563.303856,3.59,4.0,,,,,,4.0,,274.0,5.0,,,5.0,3.0,5.0,0.0,1.0,4.0,2.0,0.0,1.0,1.0,6.0,4.0,2.0,2.0,1.0,1.0,0.0,1.0,1.0,3.0,,0.0,0.0,1.0,8.0,8.0,2.0,7.0,5.0,1.0,2.0,0.0,2.0,1.0,1.0,0.0,4.0,2.0,0.0,0.0,0.0,2.0,1.0,4.0,2.0,3.0,,0.0,6.0,0.0,0.0,,1.0,0.0,2.0,2.0,3.0,5.0,2.0,3.0,5.0,13.0,50.0,0.0,0.0,0.0,0.0,,74.0,77.0,62.0,0.0,0.0,0.05,0.7,0.61,8.45,40.77,11.58,0.017,0.343,0.196,2.91,,24.43,28.39,86.05,,95.31,79.98,0.5,6.95,3.14,43.5,0.0,0.0,,0.307,15.64,4.738,12.41,0.105,1.56,7.21,70.51,,60.5,1.992,1.498,38.6,1.04,2.274,7.9,77.4,,,65.9,8.045,52.2,2.366,19.051,4.687,61.51,,,,23.37,1.937,7.8,70.04,1.292,273.8,6.76,46.4,0
68.0,1.0,13.0,2.0,3.0,10.0,45.0,,,65.5,109.5,56.8,36.0,45.0,102.0,111.3,30.9579,125.0,190.0,96.0,45.6,36.2,5.2,5.7,9.6,12.8,12.1,12.5,52.0,27.0,3.0,0.9,2.9,4.8,4.2,3.0,39.7,11.7,26.2,35.3,7840.0,38.3,35.3,78.7,58.1,531.0,289.0,304.0,232.0,255.0,2.8773,1.690323,-1.158,156.475645,4.57,3.0,,,5.0,305.0,4.0,,27.0,265.0,,3.0,4.0,6.0,4.0,1.0,6.0,0.0,1.0,2.0,1.0,1.0,1.0,8.0,3.0,4.0,1.0,3.0,2.0,1.0,1.0,0.0,4.0,4.576,0.0,0.0,5.0,0.0,3.0,5.0,0.0,6.0,1.0,2.0,2.0,0.0,2.0,4.0,3.0,1.0,3.0,1.0,1.0,,3.0,2.0,3.0,2.0,2.0,,2.0,14.0,0.0,3.0,,3.0,0.0,5.0,2.0,,5.0,3.0,4.0,0.0,13.0,888.0,0.0,,0.0,1.0,82.0,73.0,92.0,94.0,0.0,1.0,0.01,0.18,0.13,2.85,39.39,13.68,0.014,0.239,,2.6,55.0,32.66,34.72,94.05,11.52,101.35,82.86,0.32,6.87,1.66,35.1,,0.0,389.5,0.449,15.63,4.188,14.28,0.086,,4.73,,40.95,73.8,1.55,0.723,32.7,10.48,2.212,4.474,52.9,0.727,,36.3,4.129,31.1,0.942,17.133,3.777,14.77,,1.344,,27.51,,6.91,,4.601,241.8,5.07,34.2,0
53.0,1.0,28.0,2.0,,,,9.0,19.0,98.0,,60.2,53.0,48.0,87.0,,27.186,91.0,177.0,100.0,47.1,32.0,2.5,4.8,15.9,14.1,10.8,,30.0,15.6,0.7,,5.1,4.4,4.4,4.5,24.1,9.8,41.1,41.2,10118.0,17.3,42.2,80.3,52.4,796.0,461.0,424.0,330.0,368.0,5.808245,3.551675,1.924,672.704962,0.55,5.0,,,,282.0,3.0,,5.0,232.0,,5.0,0.0,3.0,1.0,4.0,4.0,4.0,1.0,2.0,2.0,1.0,0.0,9.0,3.0,3.0,2.0,2.0,1.0,0.0,0.0,1.0,3.0,,0.0,0.0,2.0,6.0,2.0,1.0,0.0,7.0,6.0,9.0,3.0,2.0,3.0,4.0,2.0,4.0,2.0,2.0,3.0,0.0,3.0,1.0,4.0,1.0,3.0,,17.0,,0.0,0.0,0.0,10.0,1.0,2.0,2.0,0.0,3.0,1.0,3.0,10.0,16.0,,0.0,0.0,0.0,,,33.0,75.0,,,1.0,0.0,0.08,0.09,2.55,36.02,6.22,0.005,0.106,,1.0,27.15,18.65,23.08,81.02,8.89,90.81,,0.24,6.46,2.35,,0.0,0.0,,0.323,17.54,,12.42,0.037,0.693,3.69,15.69,47.75,71.0,1.329,1.181,19.7,0.18,2.179,4.666,45.7,1.023,4.37,18.3,,,1.598,21.077,3.359,152.04,,,,,17.346,9.98,65.46,0.941,226.8,3.64,61.4,0
41.0,0.0,14.0,2.0,3.0,36.0,,,15.0,,146.4,,52.0,54.0,98.0,126.3,36.5138,107.0,186.0,94.0,21.3,39.1,3.6,5.7,14.0,12.5,10.2,8.7,49.0,23.8,2.2,,2.9,4.0,2.4,4.1,48.3,21.7,31.9,38.6,7830.0,19.5,47.7,71.4,53.8,735.0,380.0,425.0,288.0,333.0,5.649897,,1.024,1131.530733,,,2.0,3.0,3.0,24.0,,3.0,,14.0,3.0,,1.0,6.0,5.0,6.0,0.0,4.0,7.0,3.0,4.0,2.0,1.0,4.0,1.0,4.0,2.0,2.0,1.0,0.0,1.0,0.0,3.0,12.977,0.0,,0.0,9.0,2.0,4.0,4.0,2.0,8.0,6.0,6.0,2.0,2.0,1.0,5.0,1.0,2.0,0.0,2.0,1.0,3.0,3.0,2.0,2.0,3.0,,9.0,9.0,22.0,3.0,,6.0,0.0,5.0,3.0,2.0,4.0,1.0,3.0,8.0,19.0,,1.0,,1.0,1.0,,57.0,,,,1.0,0.15,2.5,0.08,1.35,43.58,13.41,,0.332,0.342,1.68,27.57,28.93,30.78,93.98,11.44,101.19,74.0,0.46,7.56,3.72,61.0,0.0,0.0,288.3,0.33,16.37,4.637,16.84,0.05,2.275,6.1,23.13,,70.5,,0.588,20.0,3.4,2.301,3.376,91.3,1.262,,14.9,9.529,53.9,1.0,25.466,1.805,178.68,,,,29.7,,8.93,68.39,4.262,427.4,6.12,23.0,0
41.0,0.0,4.0,3.0,6.0,3.0,,,16.0,75.1,134.7,67.5,40.0,35.0,89.0,61.7,21.6933,100.0,169.0,94.0,22.7,20.8,9.4,2.0,9.1,12.4,7.9,11.3,18.5,27.5,1.1,1.3,2.2,2.3,4.3,4.2,14.9,5.9,39.9,24.3,9315.0,22.2,16.5,79.2,55.7,511.0,262.0,264.0,258.0,178.0,2.060991,,,293.229843,4.19,,,1.0,,182.0,4.0,5.0,,50.0,6.0,,2.0,4.0,5.0,7.0,0.0,5.0,0.0,2.0,1.0,0.0,1.0,5.0,2.0,4.0,2.0,2.0,2.0,0.0,0.0,1.0,2.0,,0.0,,0.0,1.0,1.0,1.0,4.0,8.0,10.0,5.0,6.0,6.0,1.0,1.0,0.0,2.0,1.0,1.0,1.0,1.0,3.0,3.0,2.0,1.0,4.0,1.0,3.0,,0.0,3.0,,1.0,1.0,2.0,3.0,0.0,5.0,,4.0,12.0,18.0,2.0,1.0,,1.0,0.0,78.0,87.0,,45.0,,0.0,0.03,0.47,,2.35,42.21,15.53,0.02,0.063,0.195,,36.78,,36.78,92.89,8.56,110.36,90.02,,4.34,4.17,56.1,0.0,0.0,367.6,0.315,16.24,4.544,12.97,0.069,0.469,7.44,12.1,47.79,47.5,1.977,0.579,,0.96,2.261,4.277,89.0,1.162,4.16,79.7,4.746,30.9,1.909,20.941,2.601,,,1.076,12.0,42.24,0.773,23.03,75.64,0.743,277.6,5.23,84.3,0
64.0,1.0,34.0,1.0,,,,9.0,14.0,,184.5,57.6,36.0,29.0,95.0,150.2,41.7261,96.0,190.0,98.0,48.6,37.4,6.9,8.7,11.2,12.2,12.4,9.0,49.7,53.5,3.4,2.6,4.0,2.8,3.7,2.9,38.1,38.6,40.3,37.9,8415.0,48.7,45.3,55.3,42.4,658.0,343.0,266.0,262.0,245.0,,3.586062,1.695,505.442132,,,,,2.0,31.0,,,,317.0,3.0,,3.0,3.0,1.0,7.0,0.0,1.0,6.0,3.0,5.0,0.0,0.0,6.0,2.0,4.0,1.0,2.0,2.0,1.0,2.0,1.0,,,0.0,0.0,0.0,0.0,2.0,1.0,0.0,8.0,6.0,8.0,4.0,6.0,2.0,1.0,1.0,2.0,3.0,0.0,0.0,4.0,5.0,3.0,4.0,2.0,1.0,,1.0,,,0.0,,1.0,0.0,2.0,3.0,0.0,5.0,1.0,3.0,0.0,,3.0,0.0,1.0,1.0,1.0,,33.0,,84.0,,1.0,0.15,1.54,0.01,0.08,35.69,12.38,0.044,0.267,0.31,1.85,19.47,28.63,34.68,82.57,7.42,98.49,79.71,0.44,4.62,7.05,74.3,0.0,0.0,170.3,0.126,16.07,4.323,13.06,0.08,1.607,9.48,40.1,43.44,84.6,1.086,1.127,,13.39,2.252,5.55,96.8,1.228,2.88,17.5,8.306,31.1,0.952,28.53,3.649,116.22,,0.863,,73.4,16.752,24.16,73.56,3.623,499.5,5.39,36.5,0
42.0,0.0,33.0,2.0,4.0,,48.0,5.0,15.0,70.1,133.1,51.3,18.0,41.0,87.0,77.1,24.0918,125.0,179.0,80.0,34.1,32.9,3.2,5.4,6.0,6.8,7.0,10.9,25.9,15.8,0.6,1.4,3.2,2.1,2.2,4.3,33.5,8.5,27.7,23.0,8081.0,26.2,20.3,68.2,32.8,436.0,259.0,228.0,168.0,177.0,1.646992,1.106511,,176.976595,,,3.0,,,18.0,5.0,,,21.0,3.0,2.0,0.0,2.0,3.0,5.0,0.0,5.0,3.0,2.0,1.0,1.0,1.0,8.0,3.0,1.0,2.0,1.0,2.0,2.0,0.0,0.0,3.0,35.908,1.0,14.0,0.0,3.0,4.0,1.0,6.0,36.0,6.0,8.0,1.0,2.0,2.0,3.0,4.0,3.0,2.0,2.0,1.0,0.0,2.0,2.0,5.0,2.0,3.0,1.0,,0.0,10.0,0.0,0.0,8.0,1.0,2.0,2.0,13.0,6.0,1.0,3.0,0.0,21.0,32.0,0.0,1.0,0.0,1.0,,67.0,,47.0,,0.0,0.0,0.07,0.52,9.62,41.92,14.59,,0.093,0.16,0.57,10.65,32.92,34.81,,10.67,105.4,,0.47,8.8,3.8,70.9,0.0,0.0,274.6,,16.39,4.433,12.83,0.04,0.797,5.36,18.51,50.95,95.0,,0.617,,0.21,2.59,,51.9,0.721,1.59,64.3,3.67,29.0,0.786,16.177,3.036,21.13,1013.2,1.252,,,2.21,4.08,,1.126,192.3,3.07,,0
62.0,1.0,2.0,5.0,,9.0,,8.0,15.0,65.6,176.0,66.3,35.0,47.0,67.0,107.8,36.7287,88.0,171.0,99.0,16.1,23.0,6.0,1.4,6.8,12.2,6.7,11.7,24.0,15.3,0.6,0.4,4.2,4.9,4.3,3.6,20.4,17.4,36.2,36.8,6834.0,18.6,20.8,,49.9,632.0,289.0,359.0,235.0,222.0,,3.254939,,664.301802,3.49,4.0,2.0,,,7.0,,,,17.0,3.0,6.0,3.0,5.0,1.0,3.0,2.0,1.0,8.0,2.0,2.0,0.0,1.0,9.0,3.0,2.0,2.0,2.0,2.0,3.0,0.0,0.0,4.0,,2.0,0.0,0.0,8.0,2.0,2.0,0.0,23.0,8.0,4.0,1.0,0.0,2.0,1.0,2.0,2.0,2.0,2.0,2.0,1.0,2.0,2.0,2.0,1.0,1.0,22.0,13.0,5.0,,,,2.0,0.0,2.0,2.0,2.0,5.0,2.0,3.0,8.0,16.0,29.0,0.0,1.0,1.0,0.0,,,,83.0,,0.0,0.01,0.19,0.14,1.85,43.5,11.77,0.027,0.952,0.39,3.08,,25.26,27.06,93.35,12.15,99.28,81.45,0.68,9.16,3.47,47.0,0.0,0.0,323.2,0.393,15.94,4.66,16.6,0.121,1.377,7.37,45.16,,138.8,,1.042,,11.07,2.453,7.442,47.2,0.805,4.0,21.2,3.682,26.9,2.447,28.855,4.623,82.47,,1.366,,,,9.6,74.29,2.261,176.0,3.25,61.6,0
67.0,0.0,2.0,1.0,,45.0,,9.0,19.0,91.4,121.4,96.6,19.0,13.0,85.0,85.4,35.7157,101.0,155.0,81.0,15.6,14.9,4.2,2.0,7.0,6.5,6.1,5.9,30.3,33.9,0.6,0.9,1.9,2.1,1.9,1.8,41.3,10.6,33.2,27.3,6810.0,29.9,14.9,37.9,,609.0,465.0,459.0,335.0,326.0,,1.099877,-0.391,151.68792,,,4.0,,4.0,,7.0,6.0,4.0,8.0,2.0,,3.0,5.0,1.0,2.0,0.0,0.0,7.0,2.0,1.0,3.0,0.0,8.0,3.0,,3.0,2.0,2.0,1.0,0.0,0.0,3.0,,0.0,0.0,6.0,2.0,1.0,5.0,0.0,10.0,6.0,2.0,1.0,9.0,2.0,4.0,1.0,5.0,2.0,1.0,2.0,2.0,4.0,2.0,4.0,1.0,5.0,6.0,1.0,,0.0,0.0,,6.0,1.0,1.0,2.0,11.0,4.0,1.0,4.0,3.0,18.0,,0.0,,0.0,0.0,,,,,1.0,1.0,0.19,2.02,0.14,1.49,45.4,13.02,0.031,0.166,0.276,2.38,25.84,27.48,28.67,95.82,8.84,114.92,72.37,0.7,7.63,5.81,63.0,0.0,0.0,351.0,0.31,16.54,4.738,14.65,0.028,1.838,9.22,19.32,42.79,64.9,1.341,0.612,35.7,1.28,2.193,4.62,91.1,0.848,1.54,12.7,5.349,44.0,2.167,20.559,3.013,20.01,1112.9,1.318,,124.21,2.06,19.76,71.46,5.053,287.8,7.29,52.2,0
55.0,0.0,45.0,2.0,77.0,1.0,31.0,,25.0,81.1,169.7,70.2,9.0,3.0,83.0,56.7,20.6584,98.0,166.0,82.0,31.7,22.3,1.5,5.7,7.8,6.8,6.8,6.5,14.7,19.7,0.9,0.7,3.0,2.0,1.7,2.5,15.5,6.9,21.8,27.7,4886.0,21.1,13.8,38.7,31.4,743.0,380.0,328.0,297.0,266.0,4.856494,3.265987,1.816,318.5242,,2.0,,3.0,,38.0,3.0,,29.0,20.0,,4.0,3.0,2.0,2.0,5.0,6.0,0.0,8.0,2.0,2.0,3.0,2.0,8.0,2.0,1.0,1.0,3.0,1.0,0.0,1.0,1.0,3.0,,2.0,0.0,4.0,2.0,0.0,1.0,8.0,1.0,5.0,12.0,3.0,1.0,3.0,3.0,1.0,4.0,0.0,0.0,1.0,1.0,5.0,1.0,2.0,2.0,3.0,,1.0,,,0.0,1.0,0.0,7.0,1.0,1.0,0.0,5.0,2.0,2.0,10.0,26.0,1.0,0.0,1.0,0.0,1.0,,46.0,,71.0,,0.0,0.0,0.03,0.63,8.79,37.71,12.14,,0.246,0.319,1.06,14.69,32.08,32.2,99.61,9.17,110.53,86.93,0.46,6.42,5.06,70.1,0.0,0.0,151.9,0.139,15.53,3.785,13.08,,,7.22,17.7,43.06,,1.106,,30.5,0.67,2.365,4.941,59.5,0.791,1.7,115.0,5.938,58.8,0.959,64.228,2.625,183.06,,1.266,10.5,101.63,1.636,13.5,76.79,1.476,289.2,4.28,21.3,0
55.0,0.0,19.0,4.0,6.0,,12.0,0.0,21.0,66.3,106.7,110.1,19.0,27.0,124.0,74.3,32.3663,133.0,152.0,90.0,46.1,50.5,8.4,8.7,6.2,6.3,6.1,6.0,55.8,54.9,3.7,2.6,1.8,2.1,2.0,1.7,47.7,17.2,20.4,20.6,4757.0,46.7,22.7,36.3,22.2,755.0,425.0,450.0,319.0,308.0,3.766224,1.706854,-1.178,205.773748,2.51,4.0,,,,324.0,,6.0,,29.0,1.0,1.0,2.0,2.0,,6.0,5.0,1.0,4.0,2.0,1.0,1.0,2.0,6.0,3.0,3.0,2.0,3.0,2.0,2.0,0.0,1.0,3.0,,0.0,0.0,0.0,0.0,1.0,6.0,7.0,7.0,7.0,6.0,2.0,9.0,2.0,1.0,2.0,0.0,1.0,1.0,0.0,2.0,3.0,3.0,4.0,2.0,1.0,1.0,,,,0.0,,9.0,0.0,3.0,4.0,4.0,3.0,2.0,4.0,0.0,,,0.0,,1.0,0.0,72.0,75.0,71.0,87.0,,1.0,0.02,0.18,0.0,0.0,40.81,12.97,0.044,0.341,0.202,2.43,24.25,28.19,31.77,88.74,10.83,91.56,76.56,0.64,,6.94,69.2,0.0,0.0,175.1,0.19,19.11,4.599,12.04,0.053,0.848,10.03,71.32,41.62,126.7,1.915,1.291,20.3,0.92,2.562,3.626,102.9,1.366,,24.9,,54.0,,,2.36,121.15,,1.4,,54.49,1.514,11.14,,0.731,401.7,8.75,77.7,0
68.0,1.0,25.0,5.0,,,59.0,9.0,25.0,99.6,177.7,126.7,40.0,17.0,82.0,69.6,23.5998,99.0,172.0,92.0,28.0,42.5,1.9,7.6,8.5,11.4,7.2,8.3,23.0,36.3,2.4,2.1,3.6,2.9,3.1,3.3,17.3,13.0,,25.5,,31.7,,46.4,47.8,514.0,297.0,316.0,198.0,218.0,3.53249,3.167076,0.313,334.633313,,,1.0,1.0,3.0,18.0,,6.0,60.0,16.0,5.0,3.0,4.0,0.0,0.0,4.0,5.0,2.0,1.0,1.0,1.0,,0.0,5.0,3.0,1.0,1.0,2.0,1.0,0.0,0.0,2.0,4.0,,1.0,19.0,0.0,0.0,8.0,3.0,0.0,5.0,6.0,13.0,8.0,9.0,1.0,0.0,2.0,4.0,2.0,1.0,1.0,3.0,1.0,2.0,5.0,2.0,4.0,1.0,,,15.0,0.0,0.0,1.0,7.0,4.0,2.0,,5.0,1.0,2.0,11.0,19.0,2.0,1.0,1.0,0.0,,,92.0,74.0,,,1.0,0.12,1.18,0.67,6.33,51.29,14.98,0.023,0.589,0.326,0.94,8.95,27.38,29.2,93.79,8.79,114.8,80.47,0.22,2.11,8.59,81.4,0.0,0.0,377.4,0.332,16.21,5.469,12.18,0.126,2.739,10.55,8.68,48.35,148.9,2.07,1.651,16.8,15.3,,5.184,96.5,0.787,1.57,81.9,4.19,33.3,1.989,28.38,5.526,11.98,,1.307,,29.98,13.444,7.28,70.62,,198.2,5.86,27.6,0
59.0,1.0,30.0,4.0,,,,6.0,14.0,104.7,185.5,83.8,49.0,29.0,70.0,74.5,20.9284,86.0,189.0,95.0,15.2,17.1,1.6,2.2,12.9,12.9,12.6,10.7,,17.8,0.3,0.5,4.6,3.3,4.5,4.4,12.2,3.8,33.7,42.1,,28.1,9.7,75.8,56.9,538.0,299.0,266.0,233.0,220.0,2.785464,2.674046,,573.811363,,,,,2.0,358.0,,,89.0,211.0,2.0,6.0,2.0,5.0,3.0,6.0,6.0,0.0,4.0,2.0,4.0,1.0,1.0,6.0,3.0,2.0,1.0,3.0,,2.0,0.0,0.0,2.0,,1.0,0.0,7.0,8.0,2.0,4.0,0.0,26.0,7.0,4.0,6.0,8.0,1.0,0.0,2.0,1.0,3.0,1.0,3.0,3.0,4.0,4.0,5.0,2.0,5.0,1.0,0.0,1.0,0.0,,,3.0,,1.0,4.0,0.0,4.0,1.0,3.0,2.0,8.0,2.0,1.0,1.0,0.0,1.0,,60.0,,81.0,,0.0,0.01,0.17,0.18,3.22,47.92,,0.011,0.166,0.116,2.93,51.77,29.56,32.81,90.11,8.22,108.4,90.62,0.49,8.69,2.04,36.1,0.0,0.0,157.2,0.129,17.26,5.319,13.52,0.026,,5.65,,47.72,52.7,,0.901,52.0,0.61,2.279,5.816,79.5,0.757,,29.9,6.788,28.9,1.766,20.793,3.899,7.75,,0.794,14.7,,,25.82,81.76,0.933,,3.15,24.0,0
60.0,0.0,2.0,3.0,,,31.0,3.0,,75.8,174.5,87.1,19.0,21.0,97.0,89.5,36.1182,88.0,157.0,84.0,35.6,39.3,3.3,3.8,9.2,8.0,7.4,6.8,41.2,54.4,0.7,0.9,2.3,3.2,2.2,2.5,20.3,8.4,35.9,23.1,5390.0,38.7,31.1,45.5,33.9,736.0,334.0,316.0,240.0,192.0,1.871432,1.072016,-1.156,325.156973,1.64,3.0,,5.0,4.0,,4.0,3.0,,120.0,,3.0,1.0,3.0,6.0,6.0,0.0,3.0,1.0,2.0,5.0,2.0,0.0,6.0,2.0,1.0,1.0,1.0,2.0,2.0,,0.0,3.0,67.098,0.0,4.0,7.0,7.0,6.0,1.0,3.0,11.0,4.0,1.0,3.0,5.0,2.0,3.0,1.0,3.0,0.0,1.0,3.0,2.0,3.0,1.0,4.0,2.0,3.0,,10.0,4.0,,5.0,1.0,9.0,,1.0,,,3.0,2.0,2.0,12.0,14.0,25.0,1.0,,0.0,0.0,,,84.0,,,1.0,0.01,0.12,0.06,0.51,47.42,14.55,,,0.4,1.59,14.42,28.58,30.68,,11.41,88.61,74.52,,7.33,,77.6,0.0,0.0,277.4,0.317,16.9,5.09,13.28,,1.106,11.05,56.89,45.78,137.9,,1.068,23.2,11.51,2.609,4.379,84.2,1.045,1.16,24.3,4.128,28.9,,33.079,3.342,90.2,,1.4,,52.98,1.875,,78.56,3.359,460.2,7.08,19.3,0
55.0,0.0,2.0,2.0,24.0,,25.0,,18.0,85.8,123.4,70.3,14.0,20.0,119.0,112.8,35.474,99.0,178.0,97.0,31.2,47.8,3.9,1.5,11.2,10.8,9.6,10.4,33.5,30.9,2.9,0.9,2.8,4.1,3.5,2.4,24.1,11.9,36.2,37.3,5562.0,38.3,28.7,37.5,51.8,473.0,230.0,262.0,175.0,230.0,3.015585,2.894962,-0.556,269.645442,4.52,,2.0,,,25.0,3.0,4.0,,39.0,1.0,3.0,1.0,6.0,0.0,2.0,1.0,1.0,2.0,1.0,0.0,1.0,1.0,7.0,3.0,3.0,2.0,2.0,1.0,0.0,0.0,1.0,4.0,,1.0,0.0,3.0,1.0,4.0,1.0,0.0,1.0,6.0,1.0,8.0,2.0,3.0,0.0,3.0,1.0,0.0,1.0,2.0,1.0,2.0,1.0,2.0,0.0,3.0,2.0,0.0,0.0,0.0,,1.0,2.0,,6.0,,7.0,4.0,2.0,4.0,9.0,17.0,,0.0,0.0,0.0,,,61.0,,,,1.0,0.02,0.31,0.42,7.48,36.11,13.43,,0.13,,,22.16,36.64,37.2,98.5,11.45,,90.75,,1.57,3.89,68.5,0.0,0.0,206.3,0.236,17.4,3.666,15.69,0.073,0.513,5.67,,40.88,70.2,1.801,,29.4,0.95,2.184,4.9,47.0,0.72,1.59,113.1,6.024,59.8,3.799,,2.247,,4087.7,0.84,,41.87,0.901,13.54,,1.235,250.2,5.22,23.2,0
59.0,0.0,5.0,4.0,41.0,4.0,20.0,,23.0,93.8,136.2,65.9,22.0,36.0,66.0,70.7,24.2071,97.0,171.0,81.0,18.7,15.6,1.5,3.9,6.6,7.0,7.9,7.0,8.1,16.1,0.2,2.2,2.3,2.7,2.5,3.2,21.3,7.4,25.8,20.6,4862.0,44.3,9.7,47.5,46.7,665.0,265.0,417.0,233.0,230.0,5.288529,2.687999,-1.036,293.860294,4.0,,,3.0,,283.0,,,,29.0,4.0,2.0,2.0,7.0,7.0,6.0,6.0,7.0,0.0,2.0,1.0,,1.0,10.0,4.0,,2.0,1.0,2.0,2.0,,1.0,3.0,,0.0,0.0,,3.0,6.0,2.0,5.0,4.0,6.0,2.0,1.0,4.0,2.0,4.0,2.0,0.0,5.0,2.0,1.0,0.0,4.0,2.0,2.0,1.0,4.0,,0.0,7.0,0.0,,,3.0,5.0,2.0,2.0,,2.0,1.0,2.0,0.0,26.0,,0.0,1.0,1.0,1.0,,92.0,,72.0,,0.0,0.06,0.81,0.66,9.25,38.71,12.04,0.014,0.201,0.247,2.74,38.44,29.24,31.11,94.0,11.15,107.06,77.51,0.67,9.46,3.0,42.0,0.0,0.0,228.8,0.255,15.78,4.118,14.49,0.021,1.572,7.13,14.26,47.97,116.8,1.209,0.653,58.1,1.53,2.21,3.32,53.4,0.734,3.74,46.5,4.283,33.2,1.123,12.731,1.296,,,1.234,,104.32,0.995,18.47,,4.783,199.3,3.45,61.6,0
57.0,1.0,31.0,1.0,1.0,0.0,11.0,8.0,18.0,107.0,,57.3,22.0,53.0,66.0,63.4,19.8493,88.0,179.0,84.0,23.1,14.9,1.6,2.3,9.3,6.7,10.0,7.7,19.6,29.2,0.6,0.8,3.0,2.1,2.9,1.8,31.4,3.8,41.9,25.6,6162.0,37.5,9.0,44.2,38.8,804.0,341.0,402.0,275.0,206.0,2.933297,2.815965,,264.893894,,,,,3.0,199.0,,,,23.0,4.0,2.0,0.0,2.0,0.0,6.0,5.0,4.0,1.0,2.0,1.0,0.0,0.0,4.0,2.0,2.0,2.0,2.0,,0.0,1.0,0.0,,54.089,,1.0,0.0,2.0,2.0,4.0,0.0,33.0,1.0,0.0,5.0,7.0,2.0,1.0,2.0,2.0,3.0,0.0,1.0,1.0,3.0,3.0,4.0,2.0,3.0,0.0,1.0,,7.0,0.0,,8.0,0.0,5.0,4.0,,2.0,1.0,5.0,0.0,16.0,1.0,0.0,1.0,0.0,1.0,,38.0,65.0,,0.0,0.0,0.15,3.71,0.0,0.05,33.97,12.64,0.012,,0.235,1.42,34.61,32.16,37.22,,10.94,,77.35,0.28,6.81,2.25,54.8,0.0,,243.7,0.267,16.55,3.932,12.39,0.114,2.297,4.1,13.43,48.93,112.1,1.594,0.758,37.8,13.71,,3.666,57.0,0.839,1.33,181.6,3.875,31.1,,34.638,1.91,112.43,,,,131.81,14.585,18.08,68.92,5.154,278.2,6.13,15.2,0
43.0,1.0,0.0,3.0,,10.0,,7.0,16.0,87.9,139.1,88.4,11.0,19.0,72.0,68.7,19.9696,100.0,185.0,91.0,32.9,17.2,0.9,1.3,6.4,6.8,11.4,7.8,13.3,26.6,1.6,0.5,2.1,4.0,3.9,3.7,20.1,14.0,,21.0,6317.0,24.1,13.5,50.8,35.2,481.0,258.0,243.0,196.0,180.0,2.590807,,-0.392,233.882042,4.72,,,3.0,,,3.0,,128.0,282.0,3.0,3.0,2.0,3.0,1.0,3.0,1.0,4.0,2.0,3.0,0.0,1.0,0.0,8.0,2.0,2.0,1.0,3.0,2.0,1.0,2.0,0.0,4.0,,2.0,0.0,3.0,8.0,6.0,5.0,7.0,7.0,2.0,3.0,0.0,3.0,1.0,2.0,2.0,2.0,1.0,1.0,1.0,1.0,4.0,2.0,5.0,2.0,2.0,9.0,1.0,0.0,0.0,1.0,,2.0,5.0,1.0,3.0,,4.0,3.0,2.0,0.0,16.0,3.0,0.0,1.0,1.0,0.0,,,94.0,78.0,0.0,0.0,0.01,0.22,0.63,9.5,,12.64,0.015,0.405,0.412,2.38,35.89,24.12,,86.51,11.86,119.07,86.74,0.31,4.64,3.3,49.8,0.0,0.0,276.4,0.328,17.03,5.24,13.72,1.201,0.766,6.62,15.34,,60.7,1.51,0.649,20.2,0.66,2.452,3.312,53.4,0.987,2.15,17.8,8.313,47.5,,17.289,2.453,106.47,,1.037,,116.55,14.579,13.9,68.84,1.217,196.6,4.66,,0
67.0,0.0,30.0,2.0,,1.0,,5.0,24.0,62.3,120.7,51.1,22.0,42.0,70.0,60.0,23.3612,87.0,160.0,91.0,22.7,36.1,3.2,3.6,6.9,7.6,9.9,6.1,43.7,18.9,2.3,1.0,2.3,3.1,2.3,2.8,30.6,14.9,32.8,25.7,6231.0,15.8,25.0,38.7,28.4,520.0,276.0,274.0,236.0,202.0,1.591919,1.528242,0.365,131.062471,3.45,3.0,,,,8.0,4.0,,7.0,327.0,4.0,3.0,1.0,2.0,0.0,4.0,3.0,3.0,3.0,1.0,2.0,0.0,2.0,7.0,2.0,2.0,1.0,3.0,2.0,2.0,1.0,1.0,,,0.0,0.0,2.0,1.0,1.0,3.0,0.0,35.0,6.0,14.0,0.0,1.0,3.0,1.0,2.0,0.0,4.0,1.0,2.0,1.0,3.0,4.0,5.0,2.0,2.0,,,6.0,5.0,,,7.0,7.0,6.0,1.0,0.0,2.0,1.0,5.0,0.0,24.0,,0.0,1.0,,,,46.0,,35.0,,0.0,0.15,1.49,0.08,0.82,41.83,11.94,0.007,0.265,0.238,2.43,,26.12,28.55,91.48,8.74,110.78,88.47,0.37,3.6,7.23,70.4,0.0,0.0,370.8,0.324,16.42,4.572,15.92,0.107,1.259,10.27,24.23,41.97,155.3,2.298,1.097,47.2,0.21,2.241,4.312,25.6,0.723,,16.2,6.27,43.2,2.312,21.202,2.739,14.43,,0.976,,95.79,2.598,16.64,,0.674,173.2,5.25,41.1,0
63.0,0.0,33.0,4.0,47.0,28.0,,8.0,16.0,105.9,187.5,89.3,14.0,29.0,89.0,76.3,33.6697,99.0,151.0,81.0,38.8,47.7,9.4,7.1,8.3,8.1,7.8,7.5,24.5,50.6,2.9,2.3,3.7,1.7,1.8,2.0,28.4,16.6,20.4,22.2,4580.0,47.9,46.8,38.7,30.1,705.0,411.0,442.0,298.0,303.0,2.444378,2.036582,-1.003,402.423812,4.69,4.0,1.0,7.0,,,7.0,5.0,,367.0,,2.0,3.0,2.0,0.0,2.0,3.0,0.0,1.0,2.0,1.0,2.0,2.0,6.0,2.0,4.0,2.0,2.0,2.0,0.0,0.0,0.0,4.0,,1.0,0.0,0.0,2.0,2.0,2.0,1.0,5.0,1.0,4.0,0.0,1.0,1.0,2.0,2.0,2.0,3.0,1.0,1.0,2.0,3.0,2.0,5.0,1.0,3.0,27.0,1.0,1.0,0.0,3.0,0.0,,0.0,2.0,2.0,0.0,3.0,2.0,4.0,0.0,17.0,,0.0,1.0,0.0,1.0,,,85.0,,0.0,0.0,0.12,3.07,0.49,11.96,31.29,,0.045,0.277,0.177,1.39,34.07,33.48,43.96,76.17,11.21,107.29,74.55,0.36,8.96,,42.0,0.0,0.0,213.6,0.24,16.33,4.108,12.86,,0.96,4.07,18.36,50.46,124.7,1.968,,15.6,0.4,,7.351,71.8,1.272,1.25,108.6,5.824,41.2,1.491,18.959,4.736,,,1.401,,50.31,2.31,6.3,70.68,5.369,420.3,8.56,33.2,0
66.0,1.0,2.0,4.0,,,37.0,,,67.9,,51.6,21.0,37.0,77.0,54.8,21.3008,93.0,160.0,91.0,36.8,13.8,1.9,3.8,13.0,8.9,5.9,10.6,23.7,29.2,0.8,0.5,2.1,2.3,2.1,2.1,12.8,10.9,26.8,23.0,5377.0,20.6,18.1,47.3,34.8,456.0,302.0,231.0,207.0,222.0,2.585605,2.482181,-0.078,506.889221,3.67,,,,,191.0,1.0,5.0,54.0,,,3.0,0.0,4.0,1.0,6.0,0.0,3.0,3.0,3.0,,4.0,1.0,6.0,,4.0,2.0,1.0,2.0,1.0,0.0,1.0,3.0,,2.0,,0.0,2.0,8.0,6.0,0.0,32.0,9.0,2.0,2.0,7.0,2.0,2.0,2.0,3.0,1.0,1.0,0.0,4.0,2.0,2.0,4.0,2.0,6.0,,,0.0,13.0,,0.0,6.0,1.0,2.0,3.0,0.0,4.0,3.0,2.0,0.0,28.0,16.0,,,0.0,0.0,95.0,75.0,75.0,37.0,,1.0,0.12,1.92,0.58,9.5,21.23,11.51,0.004,0.351,0.266,1.22,20.1,48.61,54.2,89.68,11.32,103.0,92.9,0.25,4.18,3.9,64.3,0.0,0.0,332.3,0.376,15.65,2.368,12.9,0.039,0.473,6.07,,45.08,115.0,1.077,0.414,27.0,0.61,2.416,2.33,64.1,1.302,4.3,20.3,7.406,48.3,0.799,28.141,1.457,74.33,,1.166,,25.03,12.787,7.92,69.7,9.932,189.7,3.43,37.9,0
55.0,1.0,33.0,5.0,,6.0,,,19.0,83.0,115.1,50.2,38.0,52.0,74.0,121.0,34.6084,103.0,187.0,93.0,35.5,42.6,5.1,9.9,19.0,13.9,12.5,8.0,25.6,37.9,1.0,0.8,4.9,4.6,4.3,4.6,30.8,20.7,42.3,34.9,10663.0,45.4,46.5,59.8,55.6,426.0,241.0,136.0,174.0,143.0,,2.784079,1.997,,3.32,3.0,,,,19.0,,,18.0,,2.0,,2.0,0.0,0.0,5.0,4.0,3.0,2.0,1.0,0.0,1.0,1.0,9.0,4.0,,2.0,3.0,2.0,0.0,0.0,1.0,2.0,0.148,0.0,12.0,0.0,6.0,5.0,5.0,0.0,8.0,6.0,13.0,0.0,2.0,,2.0,3.0,0.0,0.0,1.0,3.0,1.0,2.0,2.0,5.0,2.0,3.0,,6.0,,0.0,,1.0,6.0,1.0,3.0,1.0,,6.0,3.0,2.0,9.0,21.0,1.0,0.0,,0.0,0.0,,,,,,0.0,0.01,0.2,0.11,2.54,39.34,11.96,0.008,0.209,0.318,0.98,22.42,28.37,30.4,93.31,7.76,93.09,83.81,0.18,4.12,3.09,70.7,0.0,0.0,209.6,0.163,17.39,4.216,16.46,0.025,1.271,4.37,30.61,50.0,111.6,1.063,1.44,24.6,0.7,2.459,8.322,78.4,0.64,3.98,150.0,4.347,26.6,1.278,15.668,4.253,,,0.951,,,11.848,17.37,72.28,0.881,459.0,3.46,86.8,0
66.0,0.0,41.0,2.0,,4.0,47.0,9.0,22.0,106.0,166.9,66.9,41.0,39.0,118.0,117.3,40.7972,105.0,170.0,90.0,47.8,42.4,7.6,7.8,10.7,10.3,11.6,7.9,53.9,47.5,3.7,3.2,2.4,3.0,3.4,3.3,32.3,22.6,22.8,20.9,5552.0,35.5,44.3,40.9,32.0,530.0,309.0,303.0,320.0,263.0,3.607018,3.039388,-0.678,225.708901,,,,3.0,,147.0,3.0,3.0,89.0,368.0,4.0,,3.0,6.0,0.0,5.0,,0.0,2.0,2.0,0.0,0.0,0.0,6.0,3.0,2.0,1.0,1.0,2.0,1.0,0.0,0.0,3.0,14.961,1.0,,0.0,7.0,3.0,0.0,4.0,31.0,2.0,2.0,1.0,1.0,3.0,1.0,4.0,2.0,2.0,2.0,3.0,5.0,3.0,4.0,4.0,2.0,3.0,8.0,5.0,0.0,0.0,2.0,0.0,9.0,2.0,4.0,1.0,1.0,3.0,2.0,3.0,0.0,,2.0,0.0,0.0,1.0,0.0,,79.0,94.0,,,0.0,0.18,2.25,0.42,5.17,38.14,12.08,0.027,1.002,0.27,1.38,16.88,31.03,31.67,97.96,9.38,95.28,89.69,0.5,6.13,,69.6,0.0,0.0,202.2,0.19,16.31,3.893,15.84,0.073,0.982,8.19,46.71,45.47,134.9,1.165,1.544,32.4,0.24,2.24,8.155,50.7,0.781,,24.9,4.903,,0.95,16.404,5.373,,288.2,0.954,,37.91,,6.56,,5.442,188.7,5.99,78.9,0
64.0,0.0,5.0,1.0,98.0,,51.0,2.0,15.0,92.4,129.6,89.2,40.0,14.0,83.0,94.7,33.6606,96.0,168.0,84.0,44.7,43.8,5.3,2.5,6.4,7.7,9.4,,45.7,31.2,3.3,1.3,2.5,2.1,1.6,2.4,31.9,26.4,25.9,36.6,6470.0,,24.2,47.8,45.4,502.0,336.0,362.0,179.0,237.0,2.527497,2.396045,1.692,366.116776,,,,,,,,,,26.0,4.0,1.0,3.0,1.0,0.0,4.0,0.0,1.0,4.0,2.0,0.0,1.0,0.0,7.0,2.0,2.0,1.0,2.0,2.0,0.0,0.0,1.0,3.0,,0.0,0.0,,1.0,8.0,3.0,0.0,31.0,1.0,0.0,1.0,2.0,2.0,1.0,1.0,2.0,2.0,3.0,2.0,1.0,3.0,1.0,5.0,2.0,1.0,1.0,1.0,0.0,0.0,0.0,0.0,4.0,0.0,2.0,2.0,,1.0,1.0,3.0,10.0,17.0,2.0,0.0,1.0,0.0,0.0,68.0,85.0,,73.0,,1.0,0.0,0.01,0.45,4.25,39.32,12.54,0.014,0.202,0.316,1.42,13.37,26.84,31.89,84.19,7.71,,70.21,0.62,5.85,8.14,,0.0,,354.3,0.273,16.74,4.67,12.96,0.073,0.607,10.63,4.71,51.39,83.3,1.133,1.291,17.1,11.63,,7.515,64.9,1.093,,86.7,4.641,41.5,0.872,,4.804,9.44,,0.864,,21.77,0.989,4.43,76.92,2.714,224.8,,41.9,0
53.0,0.0,30.0,4.0,3.0,6.0,54.0,2.0,15.0,101.4,171.5,72.6,10.0,12.0,122.0,101.0,42.0464,127.0,155.0,82.0,40.5,56.5,9.1,9.2,5.9,6.2,7.0,6.0,52.9,33.7,3.8,2.8,1.8,1.9,2.0,1.8,46.8,27.3,20.9,16.1,4591.0,54.7,50.9,57.9,26.3,677.0,293.0,319.0,256.0,225.0,2.89877,2.782819,-0.663,213.082795,,,,2.0,,185.0,2.0,,,224.0,1.0,,0.0,2.0,,7.0,3.0,1.0,3.0,3.0,4.0,0.0,2.0,5.0,3.0,2.0,3.0,2.0,1.0,3.0,2.0,1.0,4.0,19.844,0.0,0.0,0.0,10.0,0.0,1.0,0.0,35.0,9.0,11.0,8.0,5.0,2.0,2.0,3.0,2.0,4.0,5.0,3.0,2.0,2.0,1.0,5.0,0.0,4.0,,1.0,5.0,0.0,0.0,,2.0,0.0,3.0,,,2.0,1.0,4.0,10.0,30.0,16.0,,0.0,1.0,0.0,,47.0,,,,1.0,0.01,0.18,0.1,1.81,37.02,15.46,0.011,0.216,0.306,0.91,16.52,40.84,41.77,97.77,,114.04,84.95,0.72,13.16,3.75,68.3,0.0,,314.3,0.361,16.89,3.786,14.93,0.073,,,38.81,39.95,77.7,2.283,1.263,27.7,11.02,2.603,5.976,60.9,1.135,3.35,146.5,7.759,58.6,1.922,22.151,,8.85,,1.067,,,,6.35,72.66,0.703,459.7,6.25,85.8,0
41.0,1.0,14.0,4.0,,7.0,6.0,8.0,15.0,75.1,111.7,80.7,52.0,46.0,68.0,54.3,20.3708,112.0,163.0,95.0,32.9,29.1,1.9,1.5,9.8,8.4,7.9,11.8,17.8,18.3,0.7,1.0,3.3,3.5,3.2,3.5,22.5,12.3,42.5,22.4,5747.0,29.8,16.4,51.1,,434.0,232.0,239.0,179.0,185.0,4.822757,1.408635,2.145,552.839136,4.79,2.0,,3.0,,114.0,,,,44.0,,,2.0,2.0,7.0,7.0,4.0,1.0,3.0,3.0,4.0,0.0,1.0,5.0,1.0,1.0,1.0,1.0,,1.0,1.0,1.0,1.0,,0.0,0.0,1.0,1.0,5.0,3.0,0.0,37.0,9.0,2.0,7.0,1.0,2.0,3.0,3.0,0.0,3.0,2.0,1.0,1.0,3.0,2.0,4.0,2.0,2.0,24.0,12.0,16.0,3.0,2.0,,5.0,7.0,2.0,1.0,,2.0,1.0,5.0,0.0,,2.0,1.0,1.0,0.0,1.0,65.0,,,71.0,0.0,1.0,0.02,0.31,0.03,0.59,47.76,15.73,0.01,0.623,0.367,1.39,27.26,30.41,32.92,92.37,8.65,110.05,79.14,0.19,3.76,3.47,68.1,0.0,0.0,159.4,,17.52,5.171,12.94,0.046,2.117,5.1,8.49,,79.5,1.397,1.412,19.2,5.36,2.197,5.969,99.2,1.229,1.28,11.9,5.306,,0.946,,2.983,12.15,,1.507,,71.77,12.583,6.64,67.3,0.612,294.2,,16.2,0
61.0,0.0,44.0,6.0,0.0,,36.0,,22.0,66.1,153.7,69.4,11.0,,100.0,98.0,41.9793,115.0,153.0,74.0,23.9,43.2,3.9,8.6,10.2,6.1,5.9,7.0,39.0,54.3,1.1,2.1,1.8,2.3,2.3,1.8,39.6,20.0,22.2,26.1,4214.0,27.4,19.7,35.8,27.1,506.0,284.0,264.0,307.0,230.0,1.599982,0.193442,-3.532,24.286064,,,,,4.0,26.0,,3.0,14.0,26.0,5.0,3.0,3.0,4.0,0.0,4.0,0.0,7.0,4.0,3.0,0.0,3.0,0.0,7.0,3.0,2.0,1.0,2.0,1.0,0.0,0.0,2.0,4.0,65.372,1.0,0.0,4.0,3.0,7.0,1.0,0.0,17.0,8.0,6.0,0.0,0.0,2.0,2.0,2.0,3.0,1.0,3.0,1.0,2.0,2.0,3.0,5.0,2.0,3.0,1.0,1.0,,,0.0,1.0,9.0,8.0,6.0,3.0,1.0,3.0,2.0,2.0,0.0,13.0,19.0,1.0,0.0,0.0,0.0,,75.0,69.0,,,0.0,0.14,1.85,0.59,7.7,45.47,15.47,0.009,0.181,0.167,3.42,44.77,32.57,34.03,95.73,13.08,,,0.25,,3.24,42.4,0.0,0.0,,0.493,15.7,4.75,15.13,0.056,0.585,7.65,39.19,41.5,77.5,1.376,0.617,23.1,0.21,,2.952,93.2,1.194,2.65,20.7,4.626,41.9,1.02,14.488,1.827,5.37,,1.168,,40.26,2.117,,67.93,4.265,480.6,4.46,75.1,0
58.0,1.0,3.0,6.0,,35.0,9.0,2.0,18.0,73.6,106.3,90.1,12.0,26.0,68.0,47.3,19.8166,89.0,154.0,79.0,19.9,12.2,1.5,2.7,8.2,6.4,9.6,7.6,16.4,17.2,0.4,0.8,1.8,1.8,2.2,1.7,29.3,4.1,27.0,25.1,5081.0,17.3,17.1,32.4,29.6,610.0,391.0,429.0,264.0,265.0,3.72931,1.612257,0.51,169.872801,2.8,,2.0,,3.0,,3.0,,163.0,,3.0,2.0,1.0,6.0,6.0,1.0,7.0,0.0,0.0,3.0,0.0,1.0,0.0,7.0,3.0,2.0,2.0,3.0,2.0,1.0,0.0,2.0,2.0,,1.0,,,7.0,1.0,3.0,0.0,32.0,3.0,0.0,1.0,0.0,3.0,1.0,2.0,1.0,2.0,0.0,1.0,0.0,4.0,1.0,5.0,1.0,4.0,,,1.0,,,,7.0,0.0,3.0,2.0,0.0,3.0,1.0,3.0,0.0,26.0,20.0,1.0,0.0,0.0,0.0,,,66.0,,,0.0,0.01,0.19,,3.81,45.62,15.53,0.008,,0.108,2.09,32.24,32.69,34.03,96.07,7.98,121.3,105.15,0.85,13.05,3.29,,0.0,0.0,261.7,0.209,17.16,4.749,,0.034,1.154,6.49,13.45,,138.0,1.919,0.893,56.2,0.3,2.46,4.715,77.1,0.971,1.51,187.3,6.617,48.0,2.374,26.901,1.887,,,1.309,,102.74,15.618,22.47,75.47,1.319,287.5,,87.6,0
65.0,1.0,27.0,1.0,,22.0,,4.0,15.0,107.0,178.7,50.6,37.0,12.0,69.0,72.3,29.1869,112.0,157.0,86.0,14.6,41.5,3.7,3.9,7.7,6.6,10.4,11.5,28.3,19.4,0.8,0.6,4.4,3.0,2.0,4.5,25.9,16.5,40.6,21.3,8580.0,27.9,51.4,46.4,35.1,786.0,407.0,349.0,293.0,268.0,,1.731233,1.035,623.021668,4.81,2.0,,,,21.0,3.0,4.0,,374.0,3.0,,1.0,1.0,1.0,3.0,5.0,2.0,5.0,3.0,3.0,,1.0,7.0,1.0,1.0,3.0,2.0,2.0,2.0,1.0,0.0,,53.802,0.0,0.0,0.0,2.0,2.0,0.0,5.0,6.0,7.0,10.0,1.0,1.0,2.0,3.0,0.0,2.0,2.0,1.0,2.0,0.0,3.0,3.0,5.0,2.0,1.0,2.0,0.0,0.0,0.0,0.0,,7.0,0.0,1.0,2.0,12.0,6.0,2.0,4.0,2.0,16.0,3.0,0.0,1.0,1.0,1.0,,81.0,,58.0,,0.0,0.01,0.11,0.04,0.31,43.37,15.77,0.037,0.855,0.432,2.92,24.91,33.96,36.36,93.41,9.32,111.73,,0.64,5.45,8.11,69.2,0.0,0.0,310.3,0.289,16.28,4.643,12.63,0.092,2.235,,13.46,41.98,70.0,1.453,1.268,22.9,,2.447,4.918,104.2,0.905,1.52,123.6,4.001,29.9,0.857,24.024,3.304,,,1.494,13.4,94.23,13.858,4.03,81.7,,378.8,4.72,43.0,0
58.0,0.0,27.0,1.0,40.0,2.0,,,15.0,63.1,147.5,81.3,17.0,15.0,152.0,102.8,42.0285,168.0,156.0,81.0,51.0,50.9,9.5,12.9,8.8,6.5,6.3,5.7,54.9,65.1,3.4,5.9,1.2,2.0,1.7,2.4,,28.0,23.9,22.1,5666.0,55.3,85.5,60.0,27.6,581.0,299.0,261.0,183.0,248.0,5.13623,3.356082,3.131,,2.91,,,1.0,3.0,352.0,4.0,3.0,149.0,,,5.0,3.0,0.0,1.0,1.0,0.0,6.0,7.0,,1.0,2.0,0.0,6.0,4.0,3.0,1.0,1.0,1.0,1.0,1.0,0.0,2.0,,2.0,0.0,0.0,1.0,7.0,1.0,0.0,6.0,8.0,2.0,1.0,1.0,3.0,2.0,2.0,2.0,5.0,0.0,,0.0,2.0,2.0,3.0,2.0,3.0,25.0,8.0,5.0,8.0,4.0,,2.0,0.0,3.0,1.0,,3.0,1.0,3.0,0.0,16.0,16.0,,1.0,1.0,1.0,,84.0,90.0,81.0,,0.0,0.01,,0.16,2.24,54.52,12.54,0.012,0.645,0.352,1.37,18.67,23.16,23.08,100.63,10.5,109.83,79.49,0.2,2.72,5.59,76.2,0.0,0.0,372.7,0.391,17.46,5.418,12.25,0.096,0.811,7.34,18.08,,135.9,1.397,,16.0,1.1,2.261,5.034,90.2,,1.01,15.6,7.238,31.1,1.241,25.868,4.632,11.1,1503.6,1.517,,97.63,0.817,4.43,77.08,1.263,298.5,3.65,12.3,0
65.0,0.0,33.0,2.0,,1.0,,0.0,16.0,92.0,165.6,,38.0,54.0,86.0,147.0,42.0266,105.0,187.0,89.0,47.6,39.4,3.5,3.2,7.5,7.4,10.3,8.0,45.1,49.6,1.0,0.9,3.9,2.7,3.8,3.2,32.7,25.6,23.5,22.3,5723.0,,18.5,50.5,57.4,531.0,415.0,332.0,238.0,285.0,2.61731,,-0.062,106.764389,,,,,3.0,9.0,2.0,4.0,166.0,23.0,2.0,4.0,,,0.0,1.0,4.0,6.0,3.0,2.0,3.0,,0.0,5.0,4.0,1.0,1.0,1.0,2.0,0.0,1.0,1.0,4.0,,1.0,9.0,3.0,7.0,1.0,6.0,3.0,2.0,5.0,5.0,4.0,1.0,3.0,3.0,2.0,3.0,3.0,0.0,1.0,0.0,3.0,1.0,1.0,2.0,1.0,1.0,1.0,,0.0,0.0,,2.0,1.0,3.0,2.0,0.0,6.0,1.0,4.0,1.0,17.0,2.0,0.0,1.0,0.0,1.0,,88.0,65.0,60.0,1.0,0.0,0.06,0.89,0.36,5.78,49.65,16.02,,,0.355,2.71,43.31,,32.26,96.81,8.97,96.51,88.5,0.5,7.98,2.63,42.0,0.0,0.0,410.1,0.368,17.09,5.128,13.25,,,6.25,17.95,49.79,65.9,1.899,1.032,42.9,0.89,,6.023,49.4,0.735,1.31,46.2,6.412,35.3,,27.892,4.799,,,1.005,,77.55,,6.05,69.26,,211.6,6.73,102.7,0
47.0,1.0,8.0,2.0,108.0,,,,,71.7,164.2,74.3,54.0,59.0,66.0,72.0,20.3957,86.0,188.0,99.0,7.4,8.9,1.4,,17.5,13.1,12.3,8.3,3.7,14.3,0.4,0.6,4.1,2.6,4.6,3.6,18.2,11.6,51.1,35.9,9324.0,13.6,17.3,65.3,57.8,459.0,369.0,248.0,186.0,215.0,4.912527,4.621904,,623.569769,3.3,,,,,20.0,,,9.0,33.0,2.0,6.0,2.0,5.0,0.0,6.0,3.0,1.0,2.0,2.0,,0.0,0.0,7.0,1.0,1.0,1.0,2.0,1.0,0.0,2.0,0.0,3.0,,0.0,0.0,1.0,48.0,9.0,0.0,0.0,6.0,5.0,2.0,8.0,1.0,1.0,3.0,3.0,2.0,3.0,2.0,1.0,1.0,3.0,1.0,3.0,2.0,2.0,2.0,14.0,,17.0,,1.0,2.0,4.0,2.0,2.0,,4.0,2.0,3.0,0.0,14.0,12.0,0.0,1.0,0.0,0.0,,44.0,69.0,75.0,1.0,0.0,0.1,1.38,0.37,5.16,44.15,15.63,0.012,0.345,0.224,1.84,25.34,28.38,35.4,80.18,9.25,105.52,72.84,0.64,8.9,,59.2,0.0,0.0,232.9,0.215,,5.506,14.9,0.025,1.923,7.25,37.82,49.09,128.7,,,22.9,9.85,2.181,8.538,113.0,1.328,3.38,136.0,3.612,31.6,1.054,16.704,5.848,72.41,,,,,9.596,6.73,69.65,3.092,420.6,5.21,38.0,0
66.0,1.0,0.0,2.0,5.0,6.0,8.0,,14.0,82.2,134.7,90.1,48.0,48.0,101.0,101.8,41.2435,110.0,157.0,93.0,47.0,48.1,9.0,9.0,7.4,13.9,6.6,10.8,48.6,54.3,3.4,1.7,3.9,1.8,2.1,2.2,31.8,23.8,28.2,30.0,5782.0,41.2,54.1,61.8,40.3,571.0,392.0,308.0,254.0,245.0,2.50897,1.284632,,428.681827,3.43,,6.0,,3.0,14.0,,,,419.0,,,1.0,6.0,6.0,6.0,0.0,1.0,7.0,3.0,5.0,0.0,1.0,4.0,3.0,3.0,1.0,1.0,1.0,0.0,0.0,0.0,1.0,,0.0,7.0,2.0,4.0,1.0,1.0,7.0,5.0,3.0,18.0,2.0,5.0,1.0,2.0,1.0,0.0,0.0,3.0,1.0,4.0,5.0,1.0,5.0,2.0,3.0,2.0,,,,3.0,0.0,1.0,,2.0,3.0,0.0,3.0,3.0,3.0,1.0,18.0,23.0,0.0,1.0,0.0,0.0,,60.0,,86.0,1.0,,0.2,3.06,0.32,4.99,31.06,,0.038,0.265,0.383,1.97,30.71,35.21,41.09,85.69,12.37,99.56,77.9,0.64,9.97,3.28,51.3,0.0,0.0,203.9,0.252,16.2,3.625,12.3,0.106,2.668,6.4,231.94,40.4,105.2,2.276,1.603,57.3,18.45,2.62,7.556,70.9,0.873,16.91,25.6,,48.2,,31.917,5.226,103.15,,1.513,,17.29,18.979,,69.48,0.675,475.3,3.76,,0
42.0,0.0,1.0,2.0,,,43.0,7.0,16.0,82.5,160.4,56.4,39.0,43.0,103.0,99.9,33.5251,107.0,173.0,96.0,50.4,43.1,5.5,6.9,8.3,13.7,9.4,7.7,50.7,52.2,3.7,2.5,4.8,4.9,4.3,3.7,38.8,27.4,30.4,32.8,9694.0,49.5,46.7,63.1,56.2,458.0,276.0,288.0,220.0,214.0,1.811055,1.738613,-0.92,,3.95,,,,,40.0,,,12.0,55.0,3.0,1.0,2.0,0.0,0.0,2.0,0.0,3.0,6.0,1.0,2.0,0.0,0.0,4.0,2.0,1.0,1.0,2.0,1.0,0.0,0.0,0.0,4.0,,0.0,0.0,1.0,10.0,10.0,1.0,0.0,23.0,7.0,2.0,6.0,1.0,2.0,2.0,1.0,1.0,4.0,1.0,1.0,2.0,1.0,1.0,2.0,2.0,2.0,0.0,,,0.0,0.0,1.0,2.0,1.0,2.0,2.0,0.0,3.0,1.0,4.0,0.0,18.0,1.0,1.0,,0.0,0.0,,76.0,,39.0,,0.0,0.03,0.5,0.13,2.45,43.8,15.24,0.027,0.654,0.385,1.0,19.1,34.18,34.8,98.22,9.12,102.73,92.19,0.33,6.26,3.75,71.7,0.0,0.0,151.2,0.138,16.55,4.459,13.68,0.071,1.0,5.23,19.76,39.41,141.4,1.509,1.407,29.0,3.87,2.23,7.967,106.4,1.21,1.17,21.4,,27.2,,27.373,4.271,3.82,,1.008,12.8,138.71,2.161,10.54,69.21,2.078,453.9,7.24,55.1,0
62.0,1.0,36.0,2.0,2.0,7.0,8.0,6.0,14.0,72.0,,,18.0,19.0,67.0,61.9,25.0227,114.0,157.0,93.0,37.5,24.4,2.9,1.5,8.2,13.4,9.2,7.9,29.5,17.1,0.8,0.8,4.3,2.7,3.0,2.0,12.4,9.5,28.1,26.1,6481.0,24.3,17.3,58.5,53.0,430.0,287.0,273.0,226.0,184.0,3.597738,1.344237,1.034,388.138056,,,2.0,2.0,1.0,23.0,,,,,,,2.0,1.0,5.0,3.0,6.0,1.0,2.0,2.0,4.0,0.0,0.0,5.0,2.0,1.0,1.0,3.0,,3.0,0.0,0.0,2.0,,0.0,11.0,0.0,4.0,7.0,2.0,5.0,20.0,3.0,0.0,0.0,9.0,3.0,2.0,3.0,1.0,0.0,3.0,1.0,1.0,4.0,1.0,5.0,2.0,2.0,,,,,3.0,1.0,1.0,7.0,2.0,3.0,0.0,2.0,1.0,3.0,0.0,14.0,2.0,0.0,1.0,0.0,0.0,,66.0,90.0,39.0,,0.0,0.03,0.67,0.06,1.17,52.4,15.96,,0.208,0.227,1.19,24.91,29.21,30.46,95.91,7.96,121.35,95.22,0.24,4.93,3.28,68.3,0.0,0.0,221.3,0.176,16.05,5.463,12.02,0.025,2.666,4.79,32.55,39.92,52.3,1.271,1.155,48.6,0.69,2.466,6.728,50.9,1.023,2.64,179.6,4.644,28.5,1.028,34.401,4.182,5.9,,0.914,,,7.866,18.87,69.45,0.783,469.6,4.08,,0
47.0,0.0,8.0,2.0,,7.0,,,,96.8,170.0,47.9,10.0,30.0,111.0,82.6,35.1538,121.0,153.0,83.0,30.1,27.4,3.3,8.9,12.6,6.3,10.8,7.2,41.3,38.0,2.5,2.1,2.8,2.4,3.7,2.4,43.1,12.7,30.9,21.2,6185.0,47.0,17.0,36.4,27.3,783.0,426.0,307.0,334.0,314.0,1.786194,1.714746,-0.756,106.685744,,,,,3.0,10.0,,,196.0,245.0,3.0,3.0,1.0,3.0,1.0,6.0,1.0,4.0,5.0,3.0,,0.0,1.0,10.0,3.0,1.0,2.0,2.0,1.0,0.0,1.0,0.0,2.0,,2.0,16.0,8.0,2.0,1.0,1.0,8.0,15.0,5.0,7.0,7.0,4.0,3.0,2.0,1.0,2.0,0.0,2.0,2.0,1.0,3.0,2.0,4.0,0.0,2.0,1.0,1.0,1.0,0.0,0.0,0.0,1.0,6.0,3.0,1.0,0.0,4.0,2.0,2.0,4.0,22.0,9.0,0.0,,0.0,0.0,,,,,,0.0,0.01,0.18,0.08,1.95,46.33,14.82,0.042,0.121,0.152,1.54,36.31,28.17,31.99,88.08,10.77,105.4,75.5,0.21,4.88,2.4,56.7,0.0,0.0,204.5,0.22,16.79,5.261,15.53,0.041,1.299,4.23,68.52,48.49,43.2,2.055,0.733,52.1,18.95,2.298,5.252,57.1,0.988,,17.9,9.038,36.8,1.743,33.232,2.025,,,1.087,,68.89,,19.9,69.45,1.024,252.4,5.19,36.9,0
61.0,1.0,20.0,4.0,,5.0,42.0,,16.0,94.2,143.3,49.5,17.0,38.0,74.0,63.1,23.5726,99.0,164.0,92.0,24.0,19.4,4.4,2.2,11.2,10.0,9.5,12.0,41.7,24.3,0.5,1.6,4.6,3.4,2.3,2.2,30.5,11.7,27.1,28.0,8596.0,27.5,10.5,71.6,48.9,589.0,243.0,316.0,244.0,260.0,3.318543,,,616.54097,,,4.0,4.0,,25.0,,,235.0,25.0,4.0,3.0,3.0,4.0,7.0,6.0,0.0,1.0,0.0,3.0,1.0,0.0,1.0,6.0,2.0,2.0,2.0,2.0,2.0,0.0,0.0,1.0,4.0,35.681,0.0,12.0,50.0,1.0,2.0,2.0,6.0,24.0,8.0,5.0,1.0,2.0,1.0,4.0,3.0,2.0,1.0,1.0,3.0,1.0,3.0,1.0,4.0,1.0,1.0,1.0,13.0,13.0,0.0,4.0,,3.0,7.0,4.0,2.0,,5.0,2.0,4.0,0.0,14.0,10.0,0.0,,1.0,,,,61.0,41.0,1.0,0.0,0.01,0.09,0.53,5.05,42.16,15.18,0.009,0.779,0.257,1.85,17.66,30.95,36.0,85.97,11.33,90.83,82.16,0.88,8.41,7.21,68.8,,0.0,343.3,0.389,17.33,4.904,14.17,0.104,0.859,10.48,43.14,50.34,55.1,1.124,0.812,41.2,16.25,2.563,4.017,52.6,0.832,1.55,14.3,6.763,49.2,1.146,13.021,2.725,130.95,,,,34.53,6.467,8.82,69.62,1.358,239.6,5.03,70.0,0
42.0,1.0,31.0,4.0,,,49.0,,,85.2,175.9,36.5,39.0,53.0,117.0,139.3,38.7584,111.0,190.0,94.0,42.7,38.9,8.4,3.3,13.4,14.2,12.0,10.8,48.0,49.3,3.5,2.8,4.2,4.2,4.4,4.5,54.8,26.3,43.6,41.9,10130.0,52.9,24.8,,58.0,726.0,413.0,348.0,293.0,285.0,6.129578,3.772147,,660.267742,,2.0,1.0,,,133.0,2.0,6.0,21.0,585.0,,,0.0,1.0,,7.0,0.0,3.0,0.0,3.0,,1.0,2.0,9.0,3.0,1.0,1.0,3.0,2.0,1.0,1.0,1.0,4.0,,,0.0,0.0,1.0,2.0,6.0,2.0,4.0,1.0,8.0,7.0,7.0,1.0,2.0,3.0,4.0,0.0,1.0,2.0,2.0,2.0,1.0,4.0,0.0,4.0,62.0,21.0,27.0,16.0,1.0,1.0,1.0,5.0,2.0,2.0,,2.0,3.0,1.0,0.0,16.0,2.0,0.0,1.0,1.0,0.0,,,,42.0,,0.0,0.04,0.42,0.4,4.75,44.2,12.53,0.023,0.708,0.285,3.13,36.88,28.13,28.35,99.23,7.48,110.91,84.44,0.33,3.94,4.58,54.0,0.0,0.0,210.2,0.157,17.86,4.454,13.55,0.042,0.755,8.49,35.34,42.65,115.2,1.442,0.829,22.2,5.4,2.631,4.725,56.1,0.69,,,5.946,51.6,0.842,17.204,4.067,137.5,,1.359,,24.79,3.334,6.22,75.72,,181.2,4.08,85.5,0
46.0,0.0,35.0,2.0,7.0,37.0,36.0,,,103.4,126.9,48.5,51.0,22.0,124.0,76.4,25.3214,97.0,174.0,86.0,36.0,18.2,3.1,5.3,8.1,6.1,11.0,11.8,32.9,24.4,1.7,1.2,2.4,2.8,,4.1,31.1,11.9,34.8,24.2,9562.0,40.9,18.0,59.0,35.6,691.0,340.0,364.0,195.0,221.0,4.275063,,0.653,531.585435,4.58,,,,,30.0,,,13.0,7.0,,,2.0,5.0,5.0,4.0,0.0,1.0,3.0,1.0,,0.0,0.0,13.0,2.0,2.0,1.0,2.0,2.0,0.0,0.0,2.0,4.0,86.903,2.0,0.0,,1.0,1.0,2.0,2.0,2.0,5.0,3.0,1.0,10.0,2.0,3.0,3.0,4.0,2.0,2.0,5.0,1.0,3.0,1.0,4.0,2.0,3.0,1.0,1.0,,0.0,,,2.0,16.0,2.0,4.0,,2.0,3.0,2.0,8.0,15.0,,0.0,1.0,1.0,0.0,,,,76.0,,0.0,0.02,0.23,0.12,1.91,40.8,15.79,0.02,0.098,0.311,1.69,26.06,31.51,38.69,81.45,8.14,86.78,73.89,0.69,10.62,3.98,61.2,0.0,0.0,159.0,,17.71,5.009,13.25,0.044,0.588,6.5,54.81,41.44,84.5,2.017,0.678,42.2,1.11,2.63,,100.7,0.868,2.89,13.1,3.628,27.0,,11.882,2.92,21.69,,,,17.47,1.055,23.62,73.95,0.675,412.0,7.35,26.9,0
56.0,0.0,30.0,2.0,2.0,,52.0,,23.0,105.1,155.3,73.2,49.0,32.0,87.0,128.2,35.9894,112.0,189.0,95.0,38.3,34.9,,7.7,11.5,12.2,10.4,7.1,23.8,50.0,,3.0,3.4,4.9,3.2,4.6,46.2,20.2,40.2,38.1,,33.7,20.0,77.6,54.7,521.0,331.0,344.0,203.0,239.0,5.110818,3.890279,0.451,639.649686,2.16,3.0,,3.0,4.0,10.0,3.0,4.0,126.0,54.0,5.0,3.0,2.0,3.0,0.0,5.0,0.0,0.0,6.0,3.0,,0.0,0.0,6.0,4.0,,2.0,1.0,2.0,0.0,0.0,0.0,4.0,,0.0,0.0,0.0,4.0,10.0,4.0,2.0,2.0,4.0,1.0,6.0,1.0,3.0,5.0,2.0,1.0,4.0,2.0,2.0,1.0,5.0,2.0,5.0,2.0,6.0,23.0,12.0,,,4.0,,2.0,,1.0,2.0,12.0,3.0,1.0,1.0,4.0,24.0,33.0,1.0,1.0,0.0,1.0,,61.0,86.0,,,0.0,0.19,4.26,0.51,11.6,41.66,14.07,0.045,0.968,0.321,1.01,23.0,29.99,33.77,88.81,7.34,92.34,,0.85,19.39,1.84,41.7,0.0,0.0,329.6,0.242,16.64,4.691,13.06,0.124,2.139,4.4,13.05,42.06,82.0,1.92,1.591,44.0,0.16,2.436,7.994,,0.769,1.26,27.1,4.417,31.4,,12.349,5.218,80.51,,0.844,,143.93,,,78.8,2.366,264.2,7.81,16.2,0
59.0,1.0,18.0,5.0,,,8.0,,24.0,65.5,117.6,77.0,49.0,19.0,105.0,82.6,23.245,96.0,189.0,96.0,18.4,25.2,8.4,3.7,8.5,12.8,12.8,9.9,23.7,22.5,0.5,1.0,3.2,4.9,4.5,3.9,24.6,13.2,38.8,31.4,8334.0,33.4,14.7,72.8,55.9,437.0,247.0,237.0,160.0,168.0,2.695608,2.553791,-1.274,,,,,,,,,,7.0,288.0,,,3.0,6.0,5.0,6.0,0.0,6.0,6.0,2.0,1.0,,1.0,9.0,3.0,2.0,1.0,2.0,1.0,0.0,0.0,0.0,3.0,,1.0,0.0,1.0,0.0,2.0,0.0,0.0,8.0,9.0,3.0,1.0,5.0,3.0,1.0,2.0,2.0,1.0,2.0,1.0,1.0,3.0,1.0,2.0,1.0,3.0,0.0,0.0,,0.0,0.0,,5.0,7.0,2.0,,5.0,4.0,1.0,2.0,0.0,31.0,12.0,0.0,0.0,0.0,1.0,,88.0,,86.0,0.0,0.0,0.03,,0.06,0.91,43.22,15.71,0.035,0.332,,3.05,46.76,33.92,36.34,93.34,8.73,118.21,79.07,0.55,8.5,2.83,43.4,0.0,,164.3,0.143,16.89,4.631,15.1,0.085,2.316,6.52,10.2,44.49,118.8,1.972,1.054,15.7,2.85,2.613,7.825,65.9,0.861,2.81,16.4,3.913,26.6,1.084,34.229,4.367,22.51,,0.911,,,15.622,,81.53,1.813,391.4,7.56,68.0,0
45.0,0.0,36.0,3.0,,37.0,46.0,,19.0,74.7,166.5,57.9,12.0,15.0,117.0,115.7,41.5384,131.0,167.0,86.0,34.4,37.7,8.1,9.9,7.4,6.5,6.0,6.7,40.3,23.6,3.5,3.2,2.3,2.5,,2.1,39.6,23.4,21.2,20.2,4742.0,43.5,26.1,38.1,28.0,797.0,437.0,361.0,299.0,309.0,3.821225,3.668376,2.06,381.620274,,5.0,1.0,,2.0,,3.0,,230.0,278.0,4.0,3.0,3.0,7.0,3.0,7.0,2.0,3.0,2.0,3.0,4.0,3.0,1.0,10.0,3.0,2.0,1.0,2.0,2.0,1.0,1.0,1.0,3.0,,2.0,0.0,5.0,9.0,2.0,1.0,2.0,10.0,8.0,1.0,0.0,1.0,2.0,0.0,2.0,1.0,4.0,2.0,4.0,3.0,4.0,1.0,5.0,0.0,3.0,,14.0,27.0,,,0.0,2.0,1.0,2.0,,0.0,3.0,3.0,4.0,293.0,20.0,1.0,1.0,0.0,0.0,1.0,,93.0,,,,0.0,0.2,2.63,0.05,0.61,56.11,16.69,0.021,0.4,0.334,2.65,35.65,23.78,26.44,89.94,9.14,111.32,86.18,0.49,6.61,4.05,54.5,0.0,0.0,188.0,0.172,16.23,7.017,15.17,0.089,1.062,7.44,,47.12,99.0,1.976,1.447,44.4,2.2,2.476,5.077,58.7,0.836,,124.7,,53.8,2.075,25.997,4.873,,,1.393,,31.58,0.81,26.97,68.44,1.063,,5.31,102.5,0
60.0,0.0,7.0,2.0,34.0,,48.0,8.0,,74.6,130.0,48.8,18.0,11.0,119.0,112.6,41.4283,149.0,165.0,81.0,46.1,38.0,9.6,11.7,7.2,6.8,6.3,5.6,53.4,52.6,8.3,3.3,2.2,1.6,1.8,2.0,46.5,21.7,17.1,20.1,5003.0,55.6,46.9,53.0,31.0,538.0,366.0,277.0,235.0,255.0,3.361641,1.260592,,240.783273,,,,2.0,,38.0,,6.0,,8.0,,,2.0,6.0,0.0,2.0,3.0,2.0,6.0,1.0,1.0,3.0,2.0,7.0,4.0,1.0,3.0,3.0,1.0,3.0,1.0,0.0,3.0,,1.0,7.0,1.0,9.0,1.0,3.0,,29.0,2.0,2.0,7.0,0.0,2.0,5.0,2.0,3.0,2.0,2.0,2.0,2.0,3.0,2.0,2.0,2.0,5.0,0.0,1.0,,9.0,0.0,0.0,20.0,1.0,3.0,3.0,1.0,3.0,1.0,4.0,0.0,,3.0,,0.0,0.0,1.0,,85.0,,,,0.0,0.15,1.43,0.28,2.58,39.94,11.89,0.034,0.108,0.254,2.57,23.88,24.39,,81.96,12.51,95.98,78.25,,3.64,7.35,68.5,0.0,0.0,228.7,0.286,16.92,4.874,12.43,0.047,0.73,10.74,10.1,43.55,145.5,1.077,1.464,16.6,0.62,2.291,8.228,114.7,0.818,1.02,13.6,4.525,27.8,1.108,26.595,5.178,,,1.272,,29.63,1.253,4.1,,0.839,,4.78,,0
61.0,0.0,2.0,2.0,52.0,,,,15.0,102.7,121.5,,10.0,13.0,123.0,88.8,38.9659,123.0,151.0,79.0,49.0,42.7,9.4,,7.6,8.4,7.8,7.0,46.9,53.1,3.8,3.0,2.0,1.7,1.8,2.5,46.4,24.4,26.9,19.5,5066.0,47.9,,42.4,26.9,761.0,304.0,267.0,225.0,195.0,,2.400781,-0.635,,3.49,,,3.0,,12.0,3.0,,,335.0,,3.0,1.0,4.0,0.0,7.0,0.0,0.0,1.0,2.0,4.0,0.0,0.0,8.0,3.0,2.0,1.0,1.0,2.0,0.0,1.0,1.0,3.0,,1.0,,,7.0,1.0,0.0,0.0,30.0,9.0,3.0,0.0,2.0,2.0,3.0,3.0,1.0,2.0,1.0,1.0,1.0,3.0,1.0,5.0,1.0,3.0,4.0,6.0,23.0,21.0,3.0,,2.0,3.0,4.0,2.0,14.0,3.0,2.0,3.0,11.0,25.0,,0.0,0.0,0.0,1.0,,76.0,,,,0.0,0.01,0.17,0.02,0.37,42.74,15.82,0.003,0.358,0.172,1.9,33.34,35.14,37.01,94.94,10.55,114.14,84.63,0.22,3.79,3.55,62.3,0.0,0.0,280.9,0.296,15.96,4.502,12.81,0.046,0.481,5.7,11.11,50.57,56.4,1.327,0.59,23.2,2.42,2.529,,45.8,0.67,,14.5,8.61,51.2,1.729,12.856,2.701,,,1.248,,,,14.05,75.5,,161.7,4.01,63.1,0
69.0,1.0,42.0,2.0,,,,,,102.8,127.3,96.6,54.0,56.0,81.0,68.3,21.514,102.0,178.0,114.0,22.6,22.4,1.9,2.3,13.2,13.2,10.7,12.9,30.4,25.4,0.5,0.7,4.8,4.6,2.5,3.9,17.9,7.6,40.1,26.3,9555.0,43.3,43.0,69.7,49.5,681.0,393.0,288.0,283.0,305.0,2.68133,2.484824,-1.043,271.644821,4.57,5.0,2.0,5.0,,36.0,,,,242.0,5.0,,3.0,6.0,1.0,4.0,2.0,3.0,7.0,3.0,,0.0,0.0,5.0,4.0,2.0,2.0,2.0,2.0,2.0,1.0,1.0,4.0,,0.0,0.0,4.0,8.0,2.0,7.0,0.0,29.0,11.0,0.0,1.0,4.0,2.0,1.0,2.0,2.0,3.0,2.0,4.0,2.0,1.0,2.0,3.0,2.0,3.0,1.0,19.0,6.0,0.0,3.0,1.0,9.0,,1.0,2.0,0.0,3.0,2.0,4.0,0.0,15.0,,,0.0,0.0,1.0,,53.0,69.0,93.0,,1.0,0.01,0.21,0.06,0.84,37.44,15.0,0.008,0.156,0.158,2.47,36.65,32.08,40.07,80.06,10.51,89.84,67.22,0.87,12.86,,49.4,0.0,0.0,242.4,0.255,15.79,4.676,13.12,0.021,1.717,6.75,12.16,48.33,55.5,1.317,1.038,16.5,16.94,2.477,6.717,57.6,0.922,1.3,33.3,4.462,29.1,0.884,25.929,3.27,150.54,563.5,1.161,,21.61,10.448,8.27,69.05,1.487,169.1,8.08,,0
64.0,1.0,37.0,2.0,2.0,,11.0,,15.0,90.9,146.7,92.2,24.0,28.0,90.0,58.1,20.0177,97.0,170.0,93.0,18.7,22.9,2.7,2.5,9.8,13.7,12.7,8.2,13.6,16.9,1.0,0.6,1.8,4.5,3.0,4.0,27.9,5.5,39.0,40.8,8587.0,28.6,11.0,48.3,36.5,432.0,262.0,244.0,198.0,206.0,5.875272,5.640261,2.118,656.504578,3.4,,,,1.0,37.0,,,203.0,33.0,3.0,2.0,3.0,,3.0,7.0,0.0,6.0,2.0,1.0,2.0,0.0,1.0,8.0,3.0,3.0,2.0,2.0,1.0,2.0,0.0,0.0,,,0.0,12.0,4.0,7.0,6.0,3.0,0.0,27.0,6.0,2.0,7.0,1.0,2.0,1.0,2.0,2.0,1.0,5.0,0.0,0.0,2.0,4.0,5.0,1.0,3.0,,0.0,0.0,0.0,0.0,,1.0,1.0,2.0,3.0,0.0,3.0,1.0,5.0,0.0,15.0,30.0,1.0,1.0,0.0,1.0,,84.0,,91.0,,1.0,0.01,0.16,0.3,6.14,42.85,,0.008,0.139,0.203,1.69,34.14,28.17,34.89,80.75,,88.67,61.23,0.33,6.61,,53.0,0.0,0.0,343.4,,17.93,5.306,13.53,0.026,0.851,4.94,,49.42,79.6,1.205,1.583,34.3,16.96,2.619,6.879,61.4,0.735,1.45,152.0,8.322,37.9,0.953,16.373,3.475,180.42,,1.528,,140.35,19.272,17.56,68.01,1.09,270.2,9.09,88.8,0
52.0,0.0,10.0,6.0,98.0,20.0,17.0,,14.0,81.6,,89.9,31.0,31.0,66.0,69.3,19.5651,95.0,188.0,84.0,23.1,22.3,1.6,2.8,7.3,11.1,7.7,8.1,13.6,19.0,0.6,0.4,2.3,1.9,2.8,2.4,12.0,7.4,39.0,36.1,10057.0,17.7,9.6,77.7,50.1,528.0,388.0,267.0,179.0,202.0,4.562521,2.309872,1.653,307.7866,4.79,,2.0,4.0,,,,,63.0,,3.0,,2.0,0.0,,4.0,0.0,2.0,3.0,2.0,1.0,2.0,0.0,6.0,3.0,2.0,2.0,3.0,2.0,2.0,0.0,0.0,3.0,,1.0,2.0,2.0,5.0,7.0,2.0,0.0,4.0,9.0,5.0,0.0,7.0,3.0,2.0,0.0,3.0,1.0,1.0,1.0,2.0,5.0,1.0,3.0,2.0,2.0,3.0,,26.0,22.0,,1.0,1.0,0.0,6.0,2.0,0.0,4.0,1.0,3.0,3.0,14.0,2.0,1.0,0.0,0.0,0.0,62.0,74.0,91.0,,,1.0,0.15,,0.04,0.76,35.47,12.27,0.008,0.32,0.174,1.25,22.55,30.23,34.6,87.38,9.72,119.05,82.09,0.37,6.73,3.73,67.2,0.0,0.0,347.0,0.337,18.0,4.06,15.3,0.051,0.499,5.56,17.09,49.53,178.7,2.418,1.01,43.6,0.13,,4.867,82.8,3.255,4.55,23.3,4.077,31.4,3.417,12.202,2.876,4.31,,1.428,,,2.318,5.62,81.89,3.073,500.8,7.84,53.0,0
47.0,0.0,20.0,3.0,20.0,,6.0,2.0,,89.4,171.0,71.6,37.0,62.0,81.0,87.6,22.0701,121.0,199.0,99.0,29.9,,3.3,3.9,13.4,14.2,7.4,10.5,27.7,14.3,1.1,0.9,4.7,2.6,3.0,3.6,29.2,18.9,36.2,39.8,8954.0,43.8,36.1,72.8,45.1,928.0,443.0,455.0,326.0,322.0,5.673092,4.020209,2.579,,4.28,,,,5.0,11.0,3.0,4.0,14.0,20.0,1.0,3.0,5.0,0.0,0.0,5.0,0.0,2.0,8.0,1.0,,0.0,0.0,7.0,3.0,3.0,3.0,3.0,2.0,2.0,0.0,0.0,3.0,,2.0,0.0,0.0,1.0,1.0,2.0,0.0,0.0,2.0,2.0,0.0,0.0,3.0,3.0,5.0,2.0,2.0,1.0,1.0,4.0,1.0,2.0,3.0,2.0,6.0,4.0,10.0,1.0,25.0,4.0,,1.0,2.0,2.0,2.0,12.0,5.0,2.0,4.0,0.0,13.0,3.0,0.0,1.0,0.0,0.0,,92.0,,71.0,,0.0,0.02,0.12,0.33,2.18,49.52,16.3,0.011,0.561,0.152,1.76,11.75,31.2,32.93,94.76,8.6,135.57,89.26,0.43,2.89,12.42,83.1,0.0,0.0,212.2,0.182,16.24,5.226,16.85,0.035,1.95,14.95,19.96,48.28,296.5,2.216,0.718,31.3,12.36,2.333,3.292,76.3,,4.68,22.0,,27.7,2.414,26.082,2.151,19.45,1993.3,1.157,,110.11,,27.26,72.71,3.768,318.7,4.59,84.6,0
57.0,0.0,38.0,2.0,5.0,,,9.0,16.0,83.4,126.3,54.1,50.0,58.0,73.0,57.2,22.2128,91.0,160.0,98.0,17.2,43.6,1.4,2.8,7.8,9.0,10.1,11.9,19.4,16.4,0.6,0.9,4.9,4.2,3.5,3.0,18.2,,39.9,35.7,9044.0,17.4,10.1,79.7,56.9,647.0,366.0,322.0,299.0,284.0,2.753728,1.487088,0.128,201.728712,4.53,,3.0,4.0,3.0,,5.0,,129.0,94.0,,3.0,4.0,2.0,5.0,7.0,0.0,3.0,0.0,3.0,1.0,0.0,1.0,7.0,3.0,2.0,2.0,1.0,2.0,0.0,0.0,2.0,3.0,,0.0,0.0,0.0,2.0,1.0,0.0,0.0,4.0,5.0,1.0,3.0,2.0,2.0,1.0,5.0,3.0,2.0,1.0,1.0,1.0,4.0,1.0,4.0,2.0,4.0,,13.0,22.0,8.0,4.0,1.0,0.0,0.0,1.0,1.0,0.0,3.0,2.0,2.0,11.0,18.0,,1.0,1.0,0.0,1.0,67.0,87.0,,89.0,,0.0,0.02,0.3,0.21,3.3,32.9,15.91,0.036,0.261,0.239,1.02,16.33,40.1,48.34,82.96,7.38,114.52,89.94,,6.9,4.59,73.2,0.0,0.0,145.6,0.107,17.81,3.966,13.45,0.056,1.792,6.27,48.17,45.32,100.2,1.885,0.957,,0.24,2.501,4.567,104.5,0.91,2.26,98.7,4.452,27.1,,34.593,4.719,20.44,,1.45,,,1.91,6.33,68.8,0.602,337.3,7.4,39.0,0
61.0,1.0,46.0,3.0,6.0,,,5.0,24.0,85.5,172.0,67.1,51.0,30.0,69.0,80.9,29.9197,96.0,164.0,99.0,15.8,12.7,3.5,1.4,10.1,13.1,12.9,7.7,25.6,22.4,0.9,0.5,4.1,4.8,2.9,3.3,33.9,15.3,37.1,45.2,12727.0,15.2,23.4,77.7,54.6,569.0,294.0,,278.0,280.0,3.111935,,1.465,238.551658,,1.0,3.0,,,12.0,,6.0,2.0,11.0,3.0,6.0,2.0,0.0,0.0,5.0,0.0,3.0,0.0,2.0,,1.0,0.0,10.0,4.0,1.0,1.0,2.0,2.0,0.0,1.0,2.0,1.0,,0.0,,0.0,1.0,1.0,2.0,5.0,30.0,,5.0,6.0,0.0,2.0,2.0,1.0,4.0,1.0,1.0,4.0,0.0,3.0,1.0,5.0,2.0,4.0,1.0,1.0,0.0,0.0,,,8.0,1.0,2.0,2.0,13.0,3.0,1.0,3.0,1.0,19.0,6.0,0.0,1.0,0.0,0.0,,35.0,81.0,41.0,,0.0,0.01,0.13,0.13,2.95,40.96,14.6,0.015,0.048,0.162,1.03,23.93,33.16,35.64,93.05,9.87,115.8,74.65,0.45,10.53,2.7,62.5,0.0,0.0,327.7,0.323,18.02,4.402,14.85,0.022,1.173,4.32,10.19,51.53,42.6,,0.839,19.4,0.78,2.195,6.94,110.2,1.22,1.02,,4.203,34.2,1.187,14.868,4.752,19.58,937.0,1.241,,23.28,14.654,4.76,,2.993,707.4,7.1,43.4,0
60.0,0.0,29.0,2.0,,,40.0,,21.0,83.5,151.3,55.2,30.0,14.0,150.0,129.2,41.1036,131.0,177.0,99.0,47.3,50.4,8.6,15.0,8.2,9.8,10.3,8.2,54.1,67.0,10.0,3.5,2.3,3.2,2.4,2.4,47.1,26.5,37.3,37.0,9258.0,48.5,46.1,,36.2,656.0,462.0,444.0,270.0,282.0,,2.501225,,444.456785,1.88,6.0,,,,161.0,,,233.0,309.0,4.0,3.0,2.0,7.0,6.0,4.0,0.0,5.0,1.0,2.0,,1.0,0.0,4.0,3.0,4.0,3.0,3.0,,3.0,0.0,1.0,1.0,,0.0,2.0,4.0,9.0,8.0,0.0,0.0,33.0,3.0,8.0,0.0,,3.0,0.0,3.0,4.0,2.0,1.0,1.0,2.0,3.0,2.0,5.0,1.0,3.0,,7.0,3.0,,3.0,1.0,7.0,1.0,1.0,1.0,,1.0,2.0,3.0,,13.0,47.0,,0.0,0.0,0.0,82.0,58.0,61.0,,,0.0,0.18,2.39,0.04,0.46,50.9,16.81,0.023,0.136,0.374,1.73,22.5,30.46,33.03,92.22,10.57,,89.18,0.61,7.96,5.12,66.7,0.0,0.0,231.6,0.245,16.66,5.52,16.43,0.034,1.865,7.67,12.73,45.17,76.6,1.926,0.924,35.8,0.84,2.567,5.983,86.2,1.286,4.66,22.4,10.347,60.0,1.383,34.755,3.128,14.37,,,,113.77,1.554,5.95,64.81,,296.4,8.16,13.2,0
60.0,1.0,2.0,4.0,,0.0,10.0,,16.0,,171.5,94.3,71.0,39.0,87.0,74.3,24.9927,97.0,172.0,116.0,12.8,,2.0,4.7,,13.1,12.1,9.5,17.0,12.8,0.6,0.6,3.4,3.4,4.3,4.5,23.6,5.3,47.2,32.7,6293.0,28.2,12.3,60.5,58.5,491.0,242.0,394.0,273.0,208.0,,2.923678,0.102,231.872918,,4.0,4.0,4.0,,,2.0,3.0,,255.0,,3.0,5.0,2.0,1.0,1.0,0.0,7.0,3.0,1.0,0.0,0.0,0.0,7.0,,2.0,2.0,2.0,2.0,2.0,1.0,1.0,2.0,,0.0,15.0,,8.0,1.0,2.0,0.0,14.0,2.0,5.0,1.0,0.0,2.0,2.0,2.0,2.0,2.0,0.0,3.0,1.0,3.0,1.0,4.0,2.0,5.0,0.0,0.0,0.0,0.0,0.0,1.0,9.0,0.0,4.0,3.0,116.0,6.0,3.0,3.0,10.0,22.0,45.0,0.0,,1.0,,,38.0,,78.0,,1.0,0.04,0.36,0.06,0.56,45.34,15.09,0.037,0.773,0.402,2.08,18.11,28.84,33.29,86.64,8.17,114.61,85.54,,7.86,8.4,73.1,0.0,0.0,352.6,0.288,16.23,5.234,12.84,0.061,1.184,11.5,11.97,44.61,72.8,1.729,1.173,19.2,18.03,2.277,4.779,71.2,1.002,1.15,27.8,4.152,30.0,1.11,24.402,2.25,142.38,,0.901,,124.66,,20.19,75.95,1.392,311.1,5.29,16.5,0
56.0,0.0,23.0,2.0,41.0,,10.0,7.0,25.0,103.1,183.6,,10.0,13.0,121.0,89.8,39.3747,109.0,151.0,84.0,46.0,49.9,6.7,9.0,6.4,7.7,5.8,7.0,42.4,43.3,3.8,1.8,2.1,,1.9,1.6,28.1,19.7,32.0,29.8,5062.0,48.1,53.2,36.0,32.8,797.0,428.0,417.0,309.0,298.0,2.256372,2.166117,-0.065,141.778257,3.08,,,,,12.0,,3.0,79.0,206.0,6.0,4.0,2.0,1.0,1.0,1.0,0.0,4.0,4.0,2.0,4.0,3.0,2.0,6.0,2.0,2.0,2.0,3.0,2.0,1.0,0.0,0.0,,17.414,0.0,0.0,8.0,2.0,1.0,1.0,1.0,10.0,10.0,2.0,0.0,1.0,2.0,4.0,2.0,2.0,2.0,1.0,0.0,3.0,2.0,1.0,5.0,2.0,4.0,20.0,,26.0,3.0,0.0,0.0,0.0,0.0,5.0,2.0,0.0,3.0,,2.0,0.0,14.0,6.0,,1.0,0.0,0.0,70.0,90.0,,34.0,,1.0,0.07,0.44,0.44,2.69,44.78,16.41,,0.622,0.422,15.05,76.9,31.85,36.64,86.92,9.32,102.74,81.45,0.29,1.81,0.41,2.5,0.0,0.0,173.7,0.162,17.77,5.152,16.01,0.037,1.885,16.26,9.56,,120.9,1.361,0.907,20.3,18.09,2.241,4.634,83.0,0.663,,22.2,25.374,56.9,0.841,20.689,3.203,82.74,,1.289,,150.87,0.721,16.32,83.14,1.416,211.5,3.62,,0
49.0,0.0,3.0,5.0,2.0,33.0,,,15.0,84.4,132.0,83.9,12.0,38.0,73.0,66.6,21.5257,87.0,176.0,96.0,33.0,30.0,2.9,1.9,7.4,7.4,10.4,6.1,18.6,23.6,1.0,0.9,2.4,3.2,2.1,2.3,17.1,5.8,29.8,20.2,7327.0,26.2,14.3,46.6,35.2,510.0,415.0,285.0,201.0,192.0,3.87875,3.645318,,273.74981,2.29,,,6.0,2.0,210.0,3.0,,,57.0,1.0,4.0,0.0,5.0,0.0,6.0,0.0,6.0,0.0,2.0,0.0,0.0,2.0,4.0,4.0,,2.0,2.0,1.0,3.0,0.0,0.0,3.0,3.569,1.0,7.0,,6.0,8.0,2.0,5.0,,6.0,3.0,0.0,10.0,2.0,5.0,2.0,3.0,2.0,1.0,2.0,1.0,3.0,1.0,5.0,2.0,2.0,16.0,1.0,0.0,0.0,0.0,1.0,1.0,0.0,1.0,1.0,5.0,2.0,1.0,1.0,9.0,28.0,,0.0,0.0,0.0,0.0,,51.0,,76.0,,1.0,0.07,1.27,0.18,3.23,35.63,14.17,0.092,0.709,0.413,1.16,21.01,32.35,39.76,81.37,8.94,,75.78,0.62,,3.48,63.2,0.0,0.0,190.4,0.17,15.88,4.378,14.82,0.113,2.589,5.5,58.52,40.99,147.0,,0.962,20.3,17.81,2.346,4.282,70.0,0.792,1.43,111.6,7.504,50.1,2.02,23.444,3.466,9.25,,,,42.84,,25.85,73.55,4.037,302.6,2.95,64.5,0
64.0,0.0,12.0,2.0,0.0,6.0,,,,97.1,121.0,75.5,14.0,13.0,94.0,85.9,25.9838,97.0,182.0,79.0,30.9,30.4,3.2,1.4,6.2,6.9,9.2,7.6,20.8,23.7,0.6,1.0,2.1,1.9,1.9,1.7,32.1,13.9,,21.0,5157.0,16.5,10.3,37.3,28.4,722.0,319.0,367.0,232.0,321.0,2.143481,2.049131,,231.376892,,3.0,,,6.0,,,,,16.0,2.0,6.0,4.0,7.0,6.0,7.0,5.0,1.0,6.0,3.0,3.0,0.0,0.0,7.0,4.0,3.0,1.0,2.0,2.0,1.0,0.0,0.0,3.0,,0.0,5.0,0.0,1.0,0.0,0.0,1.0,1.0,0.0,1.0,6.0,2.0,1.0,3.0,2.0,3.0,1.0,2.0,0.0,3.0,2.0,1.0,4.0,1.0,4.0,1.0,,0.0,,,,2.0,0.0,3.0,2.0,3.0,2.0,2.0,3.0,10.0,,,1.0,,0.0,1.0,,,,,,1.0,0.01,0.08,0.05,0.54,37.03,11.39,0.023,0.138,0.353,1.43,16.49,30.86,30.75,100.35,8.42,121.58,95.73,0.95,11.02,6.22,71.9,0.0,0.0,400.0,0.337,15.55,3.691,12.88,0.032,0.602,,58.64,39.41,98.3,1.852,1.592,21.0,2.75,2.634,,98.6,0.96,2.94,180.4,,34.9,1.804,22.534,5.145,,,,21.6,,2.506,6.85,71.48,0.621,415.0,8.36,45.7,0
62.0,1.0,25.0,3.0,,,28.0,,17.0,73.2,106.3,54.4,46.0,37.0,68.0,70.3,24.1199,87.0,171.0,90.0,21.7,9.4,2.7,3.5,7.9,7.9,9.0,9.6,13.7,9.7,0.6,0.5,1.7,2.6,2.0,3.8,13.6,6.5,32.2,30.3,5412.0,14.1,19.8,40.8,38.8,518.0,347.0,392.0,240.0,260.0,5.850045,1.85181,2.283,611.564011,1.41,,2.0,2.0,,,,,,12.0,3.0,1.0,3.0,0.0,1.0,7.0,0.0,1.0,2.0,1.0,1.0,0.0,0.0,7.0,3.0,4.0,1.0,2.0,,1.0,1.0,0.0,4.0,,0.0,0.0,,5.0,4.0,28.0,1.0,8.0,2.0,10.0,8.0,2.0,2.0,2.0,2.0,2.0,4.0,1.0,0.0,4.0,3.0,1.0,3.0,1.0,3.0,,,9.0,8.0,3.0,0.0,2.0,,2.0,2.0,,4.0,2.0,3.0,0.0,24.0,,1.0,1.0,1.0,,79.0,81.0,72.0,,,1.0,0.01,0.09,0.42,6.08,52.34,15.26,0.011,0.703,0.157,2.81,40.5,28.53,29.17,97.82,8.98,121.17,94.65,0.89,12.89,2.8,,0.0,0.0,202.4,0.182,16.92,5.35,12.36,0.04,0.54,6.93,48.77,46.59,72.9,,1.203,18.4,21.31,2.217,4.532,78.5,0.876,1.13,53.2,6.228,,,16.492,2.045,93.82,242.8,,,79.37,,13.64,,1.066,336.0,5.93,88.5,0
41.0,1.0,33.0,3.0,,,49.0,8.0,15.0,71.1,124.1,59.8,57.0,62.0,65.0,75.4,21.3362,89.0,188.0,96.0,18.4,18.7,1.7,1.8,10.5,14.0,11.8,12.0,11.0,15.3,0.7,0.5,4.9,4.0,4.2,4.4,21.7,7.9,49.2,32.9,10088.0,26.3,16.2,80.7,44.8,436.0,232.0,195.0,170.0,139.0,6.064642,4.690032,,697.519593,3.11,,,,,164.0,,6.0,153.0,19.0,3.0,3.0,2.0,7.0,5.0,2.0,0.0,4.0,2.0,3.0,0.0,0.0,0.0,7.0,2.0,2.0,2.0,2.0,2.0,1.0,0.0,0.0,4.0,,1.0,3.0,,1.0,1.0,1.0,0.0,10.0,9.0,1.0,7.0,5.0,,0.0,4.0,2.0,3.0,2.0,0.0,0.0,1.0,2.0,5.0,1.0,3.0,,,8.0,,,0.0,2.0,2.0,4.0,2.0,0.0,4.0,3.0,2.0,6.0,30.0,1.0,1.0,0.0,1.0,1.0,86.0,70.0,,,,0.0,0.01,0.06,0.59,3.49,44.77,12.48,0.011,0.093,0.279,1.64,9.8,23.45,27.88,84.09,7.63,87.41,80.19,6.54,38.98,8.0,47.7,0.0,0.0,351.1,0.268,15.78,5.324,16.4,0.025,0.748,16.78,49.41,44.67,148.9,1.506,0.872,20.9,10.25,2.295,6.313,87.2,0.905,1.58,14.8,3.861,28.5,2.147,31.133,4.976,19.7,,1.792,,51.73,14.267,7.19,73.96,1.118,302.5,7.46,32.0,0
65.0,1.0,10.0,2.0,73.0,,,6.0,19.0,86.4,213.2,,11.0,13.0,121.0,101.1,36.3883,158.0,167.0,85.0,48.2,43.5,8.1,8.0,6.2,6.8,5.9,5.9,45.8,41.4,3.0,2.8,2.1,,1.7,1.7,44.8,27.8,22.1,25.2,5790.0,40.1,39.6,30.8,35.4,541.0,350.0,396.0,259.0,210.0,3.1441,3.018336,,,3.81,7.0,,1.0,,339.0,3.0,,95.0,410.0,6.0,2.0,1.0,7.0,2.0,6.0,6.0,12.0,3.0,2.0,,0.0,0.0,4.0,4.0,2.0,1.0,2.0,2.0,0.0,1.0,0.0,4.0,,2.0,0.0,0.0,4.0,9.0,5.0,1.0,4.0,6.0,11.0,2.0,2.0,2.0,3.0,2.0,2.0,1.0,1.0,4.0,0.0,3.0,1.0,5.0,1.0,3.0,0.0,0.0,0.0,1.0,0.0,,8.0,0.0,2.0,1.0,3.0,3.0,1.0,4.0,0.0,16.0,35.0,,,1.0,0.0,,,92.0,44.0,,1.0,0.17,2.3,0.26,3.52,43.03,16.73,0.047,0.669,0.329,1.39,18.85,31.92,38.88,82.09,7.97,95.51,74.2,0.96,13.12,4.57,62.2,0.0,0.0,160.9,0.128,15.63,5.242,15.38,0.124,1.705,7.35,17.96,45.35,76.3,,1.161,38.1,1.04,2.303,4.765,56.9,0.799,1.85,186.3,7.914,42.5,1.107,18.836,5.624,19.86,1427.3,0.942,85.5,23.06,19.378,14.35,75.69,1.176,292.0,7.08,,0
58.0,0.0,19.0,2.0,,9.0,,8.0,15.0,75.2,128.4,54.8,45.0,53.0,76.0,79.0,22.0335,87.0,189.0,94.0,20.9,26.3,3.8,2.7,10.7,12.6,7.1,9.3,26.7,14.7,0.5,0.5,3.2,3.1,2.5,2.5,18.8,4.2,32.3,36.6,5824.0,14.0,14.9,77.8,47.4,541.0,236.0,279.0,176.0,172.0,,3.455543,,544.722258,,,,,2.0,39.0,3.0,,234.0,,2.0,1.0,1.0,2.0,4.0,6.0,0.0,1.0,4.0,2.0,,1.0,0.0,5.0,3.0,3.0,3.0,1.0,1.0,1.0,2.0,1.0,3.0,,,0.0,4.0,8.0,4.0,3.0,0.0,5.0,6.0,3.0,0.0,2.0,1.0,1.0,5.0,2.0,4.0,0.0,2.0,0.0,3.0,2.0,3.0,1.0,6.0,1.0,4.0,,,4.0,1.0,3.0,4.0,4.0,1.0,0.0,2.0,2.0,2.0,0.0,31.0,2.0,,1.0,0.0,1.0,,68.0,91.0,,,0.0,0.01,0.06,0.57,5.83,51.47,14.61,0.044,0.631,0.437,2.16,22.2,27.23,28.38,95.96,10.48,120.61,82.79,0.97,10.0,6.03,61.9,0.0,0.0,,0.19,16.57,5.364,16.11,0.098,2.705,9.74,19.44,40.2,58.9,,1.041,21.6,10.3,2.568,8.329,80.9,0.723,4.58,18.9,8.368,,0.841,30.372,4.015,,,,,208.56,3.038,10.43,67.74,3.081,310.7,3.0,30.7,0
49.0,1.0,7.0,6.0,63.0,30.0,49.0,3.0,15.0,96.6,175.0,77.4,22.0,48.0,82.0,106.3,30.5582,93.0,187.0,91.0,17.9,,2.0,5.3,7.6,6.5,10.5,8.0,18.8,15.3,0.9,0.8,3.8,3.9,4.4,4.4,29.1,7.3,40.5,30.6,7633.0,27.1,19.8,41.7,38.2,695.0,317.0,331.0,256.0,230.0,5.460307,2.549498,0.994,220.054702,,,,,,225.0,,,,,3.0,,1.0,0.0,0.0,3.0,6.0,6.0,6.0,1.0,0.0,3.0,0.0,7.0,3.0,1.0,2.0,3.0,2.0,1.0,0.0,0.0,3.0,,0.0,0.0,0.0,7.0,3.0,6.0,0.0,38.0,6.0,11.0,8.0,5.0,3.0,5.0,5.0,5.0,2.0,0.0,4.0,2.0,2.0,1.0,5.0,2.0,3.0,1.0,0.0,0.0,0.0,0.0,1.0,1.0,,2.0,3.0,14.0,6.0,2.0,2.0,0.0,,17.0,1.0,0.0,1.0,1.0,,74.0,,95.0,,0.0,0.02,0.24,0.02,0.23,37.77,15.99,0.046,0.441,0.303,2.17,27.68,37.74,42.33,89.15,9.98,97.91,87.89,0.4,5.1,5.23,66.7,0.0,0.0,233.8,0.233,16.01,4.237,13.16,0.116,28.803,7.83,59.06,45.67,47.1,2.013,0.952,40.6,0.19,,5.098,47.5,0.683,1.27,16.7,3.042,27.2,1.509,32.868,2.241,10.24,2046.9,0.899,,42.74,13.135,4.44,72.72,3.758,,4.57,,0
61.0,1.0,1.0,6.0,3.0,7.0,,3.0,18.0,103.6,174.2,57.4,48.0,58.0,70.0,115.5,32.5964,88.0,188.0,100.0,20.9,36.8,2.2,3.1,12.9,10.8,12.1,17.7,14.0,15.9,,0.9,4.8,4.2,4.0,3.8,29.2,6.8,45.1,40.0,7465.0,23.2,9.7,72.8,60.1,443.0,229.0,270.0,181.0,169.0,5.338925,4.499515,2.119,699.159076,3.74,2.0,2.0,,2.0,30.0,,5.0,,,3.0,3.0,0.0,0.0,1.0,6.0,0.0,0.0,7.0,2.0,2.0,0.0,0.0,9.0,2.0,3.0,1.0,1.0,2.0,0.0,0.0,1.0,4.0,,0.0,0.0,1.0,7.0,1.0,5.0,3.0,15.0,8.0,2.0,6.0,4.0,1.0,1.0,1.0,4.0,0.0,3.0,1.0,1.0,3.0,1.0,3.0,2.0,5.0,1.0,1.0,14.0,,0.0,1.0,8.0,6.0,1.0,3.0,13.0,3.0,2.0,4.0,0.0,25.0,3.0,0.0,0.0,0.0,0.0,92.0,34.0,,,0.0,0.0,0.05,0.98,0.44,8.82,32.03,16.19,0.015,0.277,0.309,2.0,40.13,32.14,50.56,63.57,8.3,92.28,73.73,0.22,4.4,2.27,45.7,0.0,0.0,382.9,0.318,17.47,5.038,12.55,0.121,2.187,4.98,18.06,40.48,73.7,1.506,0.862,18.8,,2.363,4.694,114.7,1.186,,118.3,4.117,,2.04,21.313,2.545,,206.3,0.79,,109.73,11.966,20.55,64.79,0.859,306.6,6.36,,0
52.0,0.0,16.0,2.0,,6.0,,,,68.8,145.6,49.8,15.0,28.0,70.0,52.4,20.968,93.0,158.0,80.0,23.4,20.9,7.4,2.3,8.3,7.1,7.0,10.8,23.7,30.1,0.9,1.1,2.9,2.0,3.0,1.9,41.8,6.1,26.5,24.5,6345.0,23.8,8.7,38.5,40.7,665.0,337.0,406.0,276.0,294.0,3.598469,3.45453,3.042,624.196153,,1.0,3.0,,4.0,,6.0,,,75.0,,,3.0,5.0,3.0,5.0,3.0,0.0,3.0,2.0,2.0,2.0,1.0,4.0,3.0,2.0,1.0,1.0,1.0,1.0,2.0,0.0,2.0,,1.0,0.0,0.0,7.0,1.0,3.0,2.0,2.0,8.0,2.0,2.0,9.0,2.0,0.0,0.0,2.0,3.0,2.0,1.0,0.0,3.0,1.0,2.0,0.0,4.0,,1.0,5.0,12.0,,,1.0,4.0,2.0,3.0,,3.0,2.0,2.0,0.0,13.0,23.0,0.0,1.0,0.0,,,62.0,,85.0,1.0,0.0,0.02,0.19,0.24,2.44,36.0,12.51,0.024,1.015,0.328,1.2,,31.92,34.76,91.83,11.45,109.41,88.24,0.81,8.33,,76.7,0.0,0.0,164.5,0.188,16.03,3.921,16.38,0.097,,9.69,13.01,,155.5,1.705,1.228,26.5,0.63,2.233,6.805,71.2,0.786,2.62,85.4,3.686,23.5,1.59,14.242,4.673,8.16,1661.2,1.45,,70.11,0.797,7.44,68.08,4.183,322.4,,,0
66.0,1.0,16.0,1.0,27.0,23.0,29.0,,,106.6,178.3,48.4,18.0,58.0,77.0,74.3,21.4932,101.0,186.0,89.0,22.6,20.9,5.1,1.9,10.6,9.1,9.7,7.7,17.3,21.6,1.0,0.6,5.0,3.5,2.3,3.0,25.4,10.1,30.7,23.9,6249.0,17.5,13.5,72.1,36.1,431.0,275.0,306.0,228.0,298.0,5.427498,1.768672,-0.362,218.497711,,5.0,3.0,2.0,5.0,307.0,,3.0,29.0,81.0,,5.0,2.0,5.0,,7.0,0.0,3.0,3.0,2.0,3.0,0.0,1.0,5.0,3.0,4.0,3.0,3.0,2.0,,0.0,0.0,4.0,8.9,0.0,14.0,,1.0,1.0,5.0,23.0,20.0,2.0,10.0,1.0,2.0,2.0,0.0,2.0,0.0,0.0,3.0,1.0,0.0,5.0,1.0,5.0,1.0,1.0,,4.0,6.0,,0.0,1.0,1.0,1.0,4.0,4.0,,2.0,3.0,3.0,0.0,16.0,43.0,0.0,0.0,0.0,0.0,79.0,,71.0,78.0,0.0,0.0,0.02,0.23,0.36,4.55,46.31,13.8,0.007,,0.166,1.59,19.83,30.75,29.79,103.21,10.84,120.82,93.49,0.21,2.59,5.82,72.8,0.0,0.0,311.6,0.338,16.43,4.487,14.35,,0.771,8.0,10.13,40.52,57.2,1.004,1.428,17.6,0.24,2.491,8.405,88.0,1.323,4.3,55.5,4.824,34.9,0.79,35.668,4.098,4.51,,1.185,,19.71,10.4,19.11,79.09,0.708,498.0,9.04,46.5,0
46.0,0.0,3.0,5.0,2.0,34.0,,9.0,20.0,67.2,103.7,48.3,27.0,31.0,109.0,91.1,32.7251,104.0,167.0,93.0,45.7,33.5,2.1,2.3,13.2,10.8,10.0,12.2,39.5,29.8,2.4,0.8,3.4,3.1,3.6,3.2,23.3,12.1,36.7,33.1,8976.0,42.1,49.4,48.9,44.8,618.0,315.0,309.0,275.0,245.0,,1.710868,-0.828,321.456511,,,,,2.0,32.0,,5.0,,172.0,,2.0,2.0,5.0,,6.0,0.0,0.0,,2.0,1.0,2.0,0.0,9.0,1.0,,1.0,3.0,2.0,2.0,1.0,0.0,2.0,,1.0,15.0,7.0,0.0,9.0,1.0,0.0,7.0,8.0,6.0,0.0,4.0,3.0,0.0,4.0,0.0,2.0,3.0,1.0,1.0,2.0,1.0,5.0,1.0,2.0,11.0,,,23.0,3.0,1.0,4.0,,2.0,2.0,0.0,5.0,2.0,4.0,5.0,17.0,2.0,1.0,,0.0,1.0,,72.0,86.0,95.0,1.0,0.0,0.0,0.07,,6.23,54.32,16.85,0.023,0.807,0.183,1.12,20.62,30.57,31.03,98.54,9.01,95.46,82.46,,9.03,3.47,64.1,0.0,0.0,406.8,0.367,16.13,5.512,14.54,0.06,1.96,,59.2,40.34,115.7,2.031,,22.0,0.16,2.359,5.524,70.1,0.763,3.94,103.4,3.783,37.4,1.217,14.064,2.386,15.87,,0.968,,83.87,0.925,,71.37,3.524,213.8,2.83,63.7,0
60.0,0.0,33.0,1.0,5.0,31.0,,10.0,,79.2,167.5,52.1,22.0,21.0,77.0,54.3,20.4409,102.0,163.0,89.0,20.1,25.5,7.8,,8.5,10.5,8.3,7.8,47.4,39.9,1.5,0.8,1.9,2.6,1.8,1.6,38.3,7.4,30.6,21.1,4808.0,43.1,28.5,69.3,33.2,544.0,342.0,274.0,254.0,258.0,2.507095,1.660201,-1.004,575.625946,,,2.0,,,246.0,1.0,,,18.0,2.0,4.0,1.0,2.0,4.0,6.0,1.0,0.0,7.0,2.0,3.0,1.0,0.0,8.0,3.0,4.0,1.0,2.0,2.0,0.0,0.0,0.0,2.0,7.428,0.0,5.0,6.0,8.0,1.0,1.0,0.0,1.0,5.0,8.0,1.0,0.0,3.0,0.0,5.0,3.0,3.0,1.0,1.0,4.0,1.0,2.0,2.0,2.0,3.0,11.0,0.0,,,0.0,1.0,5.0,0.0,2.0,1.0,0.0,1.0,1.0,3.0,0.0,,,0.0,,0.0,1.0,,91.0,,,,0.0,0.02,0.32,0.2,3.17,37.47,15.1,0.041,0.51,0.314,3.03,48.35,32.88,40.3,81.58,8.11,102.31,92.48,0.26,4.19,2.75,44.0,0.0,0.0,231.6,0.188,16.01,4.594,12.99,0.069,1.982,6.26,9.04,44.69,118.1,1.086,0.736,134.6,9.53,2.426,3.759,54.6,0.647,1.06,149.7,4.531,52.1,1.307,20.192,2.025,174.51,,1.408,,41.3,2.504,23.95,67.25,0.718,240.2,4.07,69.4,0
67.0,0.0,9.0,5.0,36.0,,61.0,5.0,15.0,79.0,135.3,54.3,32.0,57.0,89.0,106.7,37.1312,99.0,169.0,91.0,45.8,20.3,4.0,8.5,10.4,11.2,10.2,9.1,52.0,27.4,2.7,3.0,3.4,3.4,2.6,4.2,44.5,18.0,34.6,25.3,,41.5,34.8,66.4,55.5,712.0,418.0,355.0,273.0,310.0,5.828283,4.085968,2.738,686.876738,,,1.0,,3.0,16.0,,,12.0,16.0,,,2.0,3.0,3.0,6.0,6.0,5.0,3.0,1.0,1.0,0.0,0.0,4.0,3.0,4.0,3.0,3.0,1.0,3.0,0.0,0.0,3.0,,1.0,2.0,6.0,1.0,1.0,2.0,4.0,1.0,4.0,10.0,5.0,1.0,3.0,3.0,0.0,2.0,0.0,3.0,0.0,1.0,4.0,1.0,5.0,2.0,3.0,2.0,9.0,1.0,0.0,,,9.0,2.0,3.0,2.0,2.0,2.0,1.0,3.0,0.0,17.0,2.0,0.0,1.0,0.0,0.0,,,61.0,,0.0,1.0,0.01,0.14,0.64,5.9,33.76,12.65,0.035,0.655,,1.32,12.23,33.94,37.48,90.54,10.73,92.34,89.7,0.59,5.45,8.25,76.3,0.0,0.0,135.8,0.146,15.63,3.729,15.68,0.051,0.62,10.81,36.78,40.53,84.4,1.745,0.575,21.5,1.0,2.374,3.43,97.8,1.142,1.54,59.3,6.462,33.8,0.897,11.253,1.851,12.68,,1.24,,,,24.93,70.8,4.123,188.9,3.13,59.9,0
64.0,0.0,0.0,1.0,,,,6.0,,72.3,162.6,57.4,12.0,18.0,155.0,96.3,41.5357,133.0,152.0,80.0,44.5,36.1,6.5,13.3,6.6,6.3,6.3,7.4,47.4,52.5,2.4,3.2,2.2,2.3,1.9,2.2,47.8,30.5,18.4,19.8,8561.0,47.8,49.3,37.7,28.4,716.0,371.0,,217.0,323.0,2.552414,1.391991,,273.223976,,,,,,32.0,,3.0,7.0,17.0,6.0,2.0,2.0,4.0,4.0,7.0,4.0,2.0,4.0,3.0,1.0,0.0,2.0,5.0,4.0,2.0,3.0,2.0,,0.0,0.0,1.0,2.0,6.611,0.0,0.0,1.0,8.0,2.0,2.0,0.0,31.0,1.0,2.0,1.0,7.0,2.0,1.0,2.0,2.0,0.0,5.0,1.0,2.0,2.0,2.0,5.0,0.0,5.0,,1.0,,0.0,,,0.0,1.0,2.0,1.0,0.0,1.0,2.0,3.0,5.0,31.0,2.0,0.0,1.0,0.0,0.0,,54.0,,65.0,0.0,0.0,0.01,0.09,0.08,1.16,41.34,14.84,0.016,0.337,0.283,1.33,19.85,36.36,35.89,101.31,7.7,111.45,91.75,0.2,2.97,5.09,75.9,0.0,0.0,292.7,,15.73,4.081,12.13,0.027,1.759,6.71,63.81,40.49,65.5,1.418,1.523,18.3,9.1,2.211,5.842,,0.778,4.49,27.7,,28.1,1.864,17.059,5.183,,,1.055,,92.28,1.498,22.48,71.76,2.29,367.2,4.96,43.2,1
66.0,0.0,4.0,1.0,,,9.0,,15.0,76.3,137.2,,8.0,10.0,72.0,,24.6794,90.0,147.0,79.0,41.2,31.4,1.7,1.4,7.4,5.9,5.7,6.1,24.6,17.3,0.9,0.6,1.9,1.8,2.0,2.1,25.0,11.8,26.3,21.2,3751.0,16.7,14.9,38.5,30.6,823.0,639.0,454.0,294.0,332.0,1.670321,1.083767,-1.297,95.621941,3.84,,2.0,5.0,4.0,,,2.0,134.0,362.0,4.0,,2.0,1.0,5.0,6.0,2.0,2.0,4.0,1.0,,0.0,1.0,6.0,4.0,2.0,2.0,2.0,1.0,3.0,1.0,1.0,3.0,75.462,0.0,0.0,7.0,7.0,0.0,5.0,4.0,38.0,25.0,6.0,0.0,4.0,1.0,2.0,2.0,4.0,0.0,3.0,0.0,2.0,5.0,1.0,4.0,2.0,1.0,2.0,0.0,0.0,,0.0,,1.0,1.0,3.0,1.0,11.0,4.0,1.0,2.0,9.0,15.0,2.0,0.0,1.0,0.0,0.0,81.0,,64.0,37.0,,0.0,0.0,0.02,0.08,1.35,33.25,14.84,0.031,0.878,0.458,1.35,22.35,36.37,44.63,81.49,9.99,103.11,72.64,0.42,6.98,4.18,69.3,0.0,0.0,188.5,0.188,16.59,4.08,12.1,0.095,2.481,6.03,66.7,41.87,83.1,1.146,0.952,15.2,20.9,2.472,4.704,,1.047,1.32,76.3,3.848,27.3,0.933,18.912,2.966,117.61,,1.295,,100.69,1.374,7.11,68.11,5.094,218.2,5.02,17.5,0
55.0,1.0,2.0,2.0,5.0,,,8.0,15.0,60.6,115.6,80.6,77.0,51.0,76.0,70.3,19.8231,92.0,188.0,99.0,29.5,12.6,1.4,2.9,14.0,12.2,17.5,18.4,13.3,13.1,0.7,1.7,4.6,4.9,5.6,5.1,12.5,9.5,41.6,40.5,9975.0,17.9,,81.1,46.8,597.0,244.0,242.0,181.0,172.0,6.123221,4.609794,3.194,664.511645,,,4.0,5.0,,24.0,3.0,6.0,,17.0,3.0,3.0,1.0,2.0,4.0,4.0,0.0,2.0,8.0,3.0,,0.0,1.0,8.0,4.0,,1.0,2.0,1.0,0.0,1.0,1.0,3.0,,1.0,9.0,6.0,7.0,0.0,0.0,5.0,8.0,6.0,2.0,6.0,6.0,2.0,3.0,3.0,2.0,0.0,4.0,1.0,0.0,2.0,1.0,1.0,2.0,3.0,2.0,1.0,,8.0,2.0,,2.0,5.0,2.0,4.0,0.0,3.0,1.0,3.0,8.0,16.0,,0.0,0.0,0.0,0.0,,69.0,,84.0,,1.0,0.02,0.32,0.07,1.27,35.85,14.98,0.033,0.337,0.42,0.92,17.75,,41.8,90.64,8.39,116.18,78.52,0.71,13.79,3.46,66.9,0.0,0.0,397.3,0.333,16.81,3.955,13.04,0.044,1.069,5.17,17.99,40.36,143.9,1.293,1.046,29.1,1.21,2.406,3.53,508.9,0.814,4.45,115.1,5.254,29.9,1.144,28.777,3.315,,,1.471,,23.72,13.155,,74.86,1.043,,6.43,,0
52.0,0.0,13.0,4.0,61.0,6.0,,1.0,,70.7,154.5,65.4,19.0,11.0,93.0,60.0,21.5593,125.0,167.0,85.0,43.1,26.9,2.5,4.6,9.1,8.1,,8.1,29.7,47.4,1.1,0.9,2.0,5.0,2.7,3.6,38.3,20.0,27.6,28.1,6068.0,26.8,19.4,50.4,50.9,668.0,275.0,296.0,311.0,248.0,3.400513,2.669063,0.106,304.454226,2.1,3.0,,4.0,5.0,32.0,,4.0,,,3.0,6.0,1.0,7.0,0.0,1.0,1.0,2.0,5.0,2.0,1.0,0.0,0.0,9.0,3.0,1.0,1.0,2.0,2.0,2.0,0.0,0.0,4.0,,0.0,0.0,3.0,3.0,9.0,0.0,5.0,8.0,8.0,0.0,7.0,0.0,1.0,0.0,2.0,2.0,2.0,0.0,1.0,3.0,5.0,1.0,5.0,2.0,5.0,,18.0,1.0,16.0,0.0,1.0,4.0,6.0,2.0,3.0,0.0,3.0,,2.0,0.0,19.0,3.0,0.0,1.0,0.0,1.0,78.0,59.0,80.0,35.0,,1.0,0.17,1.74,0.22,2.32,50.53,15.15,0.006,0.219,0.213,1.28,13.34,29.06,29.98,96.92,8.56,119.5,94.69,0.56,5.84,7.37,76.8,0.0,0.0,258.9,0.222,15.58,5.214,12.63,0.031,1.047,,13.39,47.8,82.7,1.399,0.747,34.9,0.8,2.403,5.031,,1.123,1.48,,,35.0,1.33,9.89,2.991,,,1.521,,82.72,1.875,22.07,68.29,1.551,225.0,4.86,15.1,0
61.0,1.0,13.0,4.0,2.0,,,8.0,,107.4,222.8,73.4,31.0,14.0,122.0,101.9,41.1095,131.0,157.0,89.0,43.4,45.0,7.2,7.9,11.5,7.6,6.8,6.7,52.6,47.9,3.3,3.5,2.2,,1.8,2.1,40.2,26.3,42.4,21.8,5719.0,49.7,70.6,47.5,29.9,789.0,402.0,458.0,302.0,430.0,5.244578,1.646844,,491.17318,,,3.0,,,15.0,,3.0,,11.0,1.0,4.0,3.0,7.0,1.0,6.0,5.0,5.0,8.0,1.0,3.0,1.0,0.0,8.0,3.0,3.0,2.0,1.0,1.0,3.0,1.0,0.0,3.0,63.916,0.0,0.0,6.0,5.0,5.0,1.0,0.0,1.0,4.0,2.0,5.0,1.0,2.0,2.0,3.0,3.0,1.0,1.0,3.0,1.0,3.0,2.0,4.0,1.0,4.0,,,,,,1.0,0.0,0.0,2.0,1.0,147.0,4.0,1.0,2.0,2.0,19.0,31.0,0.0,1.0,1.0,0.0,,87.0,64.0,,0.0,0.0,0.17,2.82,0.37,6.04,31.29,12.11,0.021,,0.41,1.49,24.08,,38.69,85.9,8.86,107.68,75.03,0.61,9.89,,57.2,0.0,0.0,146.6,0.13,16.81,3.643,14.38,0.056,0.954,6.19,66.55,50.46,44.7,1.86,,17.5,1.54,2.346,7.891,62.9,0.641,1.3,26.3,4.957,48.7,2.082,17.933,4.125,19.1,,0.903,,33.35,16.545,16.8,71.83,2.776,264.1,7.16,78.1,0
61.0,0.0,6.0,34.0,,,,,,94.8,117.7,84.6,39.0,48.0,85.0,104.9,37.2248,94.0,168.0,96.0,48.2,30.7,5.4,7.3,11.0,12.8,6.4,7.0,19.8,28.8,1.0,2.0,4.3,2.6,3.0,2.4,27.5,11.4,27.9,29.8,4779.0,29.6,40.3,49.9,54.9,646.0,405.0,388.0,306.0,311.0,,3.926981,0.857,862.45945,,,2.0,2.0,,37.0,,3.0,,16.0,,2.0,2.0,6.0,1.0,6.0,0.0,4.0,0.0,2.0,,,0.0,8.0,2.0,2.0,2.0,2.0,2.0,0.0,0.0,0.0,3.0,,0.0,3.0,0.0,7.0,1.0,4.0,0.0,10.0,7.0,1.0,2.0,1.0,3.0,1.0,2.0,2.0,2.0,2.0,1.0,1.0,3.0,2.0,5.0,2.0,2.0,,0.0,0.0,0.0,0.0,1.0,2.0,5.0,2.0,2.0,0.0,2.0,3.0,2.0,10.0,14.0,8.0,0.0,,0.0,1.0,67.0,,93.0,,1.0,0.0,0.03,0.45,0.58,8.42,30.84,15.53,0.028,0.165,0.334,1.39,20.29,41.68,50.37,82.75,11.09,86.62,,0.92,13.39,3.94,57.4,0.0,0.0,361.2,,16.76,3.726,12.28,0.126,1.751,6.86,6.56,,48.4,1.987,1.381,32.5,13.55,,7.664,90.7,0.781,1.1,146.5,4.401,58.1,1.211,20.13,5.658,,,1.026,,42.92,1.316,8.4,82.88,2.518,237.7,6.27,55.3,0
49.0,0.0,43.0,5.0,3.0,16.0,61.0,,25.0,83.5,134.6,57.4,39.0,24.0,90.0,69.8,25.7153,94.0,165.0,79.0,32.9,21.5,2.1,7.1,9.5,9.6,8.2,5.7,21.2,28.4,3.2,2.5,1.8,2.6,1.9,2.5,43.7,6.5,21.8,20.1,5994.0,20.8,32.6,58.5,29.5,763.0,464.0,430.0,322.0,303.0,2.264559,0.998168,,136.015491,1.84,2.0,,,1.0,189.0,,4.0,107.0,187.0,3.0,1.0,2.0,4.0,7.0,7.0,6.0,4.0,0.0,2.0,2.0,4.0,1.0,9.0,3.0,2.0,1.0,2.0,2.0,0.0,0.0,2.0,3.0,,1.0,,4.0,0.0,4.0,2.0,0.0,18.0,7.0,1.0,0.0,1.0,2.0,0.0,2.0,3.0,2.0,0.0,1.0,0.0,3.0,1.0,3.0,2.0,6.0,1.0,1.0,,0.0,0.0,1.0,1.0,9.0,2.0,,0.0,3.0,1.0,3.0,0.0,15.0,48.0,0.0,1.0,0.0,0.0,,73.0,74.0,,,0.0,0.12,1.32,0.3,3.4,40.13,14.79,0.034,0.124,0.311,2.41,27.31,31.89,36.85,86.54,9.92,98.22,90.4,0.24,2.67,5.76,65.3,0.0,0.0,377.9,0.375,16.89,4.637,13.14,0.036,1.943,8.82,70.48,45.41,147.3,1.109,0.667,,8.5,,5.275,54.2,0.719,,115.2,3.662,,1.353,31.098,4.409,,,0.795,33.5,27.54,1.307,25.18,74.87,0.641,433.3,4.58,91.0,0
61.0,0.0,43.0,1.0,57.0,30.0,59.0,0.0,15.0,69.8,107.9,87.5,46.0,15.0,108.0,74.5,27.6811,137.0,164.0,83.0,48.8,37.0,6.2,9.5,7.2,9.8,8.5,7.6,54.4,53.6,3.4,2.3,4.8,2.4,1.8,2.0,44.9,25.6,36.2,35.4,6271.0,32.6,24.3,44.8,26.2,716.0,337.0,407.0,286.0,288.0,4.433796,3.663274,-0.536,461.968966,6.69,,,,,,,4.0,7.0,5.0,,,3.0,0.0,1.0,0.0,0.0,7.0,1.0,1.0,,0.0,1.0,9.0,3.0,4.0,1.0,2.0,2.0,0.0,1.0,0.0,4.0,30.521,2.0,0.0,2.0,0.0,4.0,1.0,2.0,31.0,7.0,1.0,0.0,8.0,1.0,2.0,0.0,0.0,5.0,1.0,2.0,1.0,4.0,1.0,4.0,1.0,4.0,13.0,0.0,,0.0,0.0,1.0,1.0,0.0,3.0,3.0,,3.0,1.0,3.0,1.0,29.0,,0.0,0.0,0.0,,,,92.0,,0.0,0.0,0.03,0.62,0.14,3.38,36.89,11.39,0.027,0.916,0.336,0.91,22.33,31.28,30.87,101.34,7.96,116.45,95.94,0.03,0.65,2.99,73.0,0.0,0.0,230.1,0.183,18.0,3.64,16.48,0.067,1.042,4.1,30.76,43.94,102.0,1.524,1.469,82.5,0.89,2.593,7.816,88.1,0.881,,193.0,4.315,37.7,1.182,23.756,4.477,51.08,,,,27.83,1.69,,65.62,2.292,429.9,8.36,13.7,0
46.0,1.0,12.0,2.0,,4.0,62.0,5.0,18.0,70.2,130.1,68.8,49.0,42.0,113.0,72.6,30.3657,122.0,155.0,96.0,39.1,39.7,3.0,7.4,9.9,13.0,7.7,7.4,16.9,32.2,1.3,0.7,2.9,2.9,2.8,4.4,40.3,14.1,25.4,22.5,6065.0,29.9,26.1,50.7,40.6,596.0,256.0,274.0,169.0,176.0,5.044087,1.188237,,216.092111,4.4,,,,3.0,,3.0,,22.0,363.0,1.0,3.0,2.0,2.0,1.0,6.0,4.0,1.0,0.0,1.0,1.0,0.0,0.0,5.0,3.0,4.0,1.0,1.0,2.0,0.0,1.0,0.0,3.0,,0.0,10.0,6.0,1.0,2.0,2.0,0.0,20.0,1.0,5.0,7.0,1.0,2.0,5.0,4.0,2.0,1.0,0.0,1.0,1.0,3.0,3.0,5.0,2.0,3.0,0.0,0.0,0.0,0.0,0.0,,3.0,3.0,2.0,2.0,11.0,4.0,2.0,3.0,5.0,17.0,2.0,0.0,1.0,0.0,0.0,,45.0,,93.0,0.0,0.0,0.02,0.13,0.2,1.64,37.75,11.8,0.03,0.194,0.159,3.17,,26.59,31.25,85.07,10.64,,79.96,0.44,3.57,8.49,68.9,0.0,0.0,256.4,0.273,16.71,4.437,15.21,,0.699,12.32,35.97,47.7,92.4,1.364,,19.1,8.23,2.566,8.371,48.5,0.696,2.94,,4.62,29.3,1.346,34.376,4.038,16.66,217.1,0.941,,102.2,,4.09,80.6,0.806,188.8,3.77,101.0,0
56.0,0.0,23.0,2.0,,,5.0,0.0,16.0,69.1,110.8,55.7,26.0,26.0,84.0,54.5,20.5898,97.0,163.0,84.0,33.2,37.5,3.4,4.9,11.0,8.9,6.2,6.1,17.4,26.6,0.6,0.7,3.5,2.8,1.9,1.9,33.9,16.1,21.5,21.8,5315.0,34.3,29.0,37.2,30.7,579.0,368.0,249.0,225.0,263.0,3.468349,2.388441,1.395,425.634148,,2.0,,2.0,6.0,126.0,6.0,,12.0,11.0,3.0,3.0,2.0,5.0,4.0,0.0,7.0,2.0,1.0,2.0,2.0,0.0,1.0,5.0,3.0,2.0,3.0,2.0,1.0,0.0,1.0,0.0,4.0,,1.0,0.0,,1.0,1.0,1.0,0.0,10.0,9.0,2.0,3.0,7.0,2.0,,0.0,3.0,2.0,1.0,0.0,1.0,2.0,2.0,5.0,0.0,3.0,20.0,,0.0,7.0,,0.0,8.0,2.0,1.0,2.0,3.0,4.0,1.0,2.0,9.0,16.0,19.0,1.0,0.0,0.0,1.0,,73.0,87.0,74.0,0.0,0.0,0.01,0.2,0.33,6.03,35.7,11.4,0.006,0.276,0.292,1.24,22.88,30.89,31.92,,8.15,116.88,,0.56,10.32,3.29,60.6,0.0,0.0,249.9,,18.07,3.689,16.2,0.03,1.161,5.43,40.16,43.09,117.7,,1.471,23.5,0.64,2.215,7.028,115.7,1.322,3.52,175.6,8.154,35.2,1.493,22.294,4.884,,,0.903,,,2.903,24.84,66.94,4.89,512.8,8.34,27.0,0
44.0,0.0,16.0,3.0,,,,7.0,,107.2,163.2,96.6,24.0,43.0,81.0,86.2,25.6613,102.0,183.0,99.0,17.8,18.8,2.5,2.8,8.3,,10.8,10.9,26.4,33.0,1.7,,4.5,4.4,2.5,1.9,28.9,6.7,42.3,41.3,9056.0,41.0,26.4,52.6,45.6,585.0,369.0,321.0,172.0,194.0,5.126091,3.972164,2.032,540.112743,,,,,4.0,110.0,,,85.0,118.0,1.0,1.0,2.0,4.0,6.0,4.0,7.0,0.0,0.0,3.0,1.0,0.0,1.0,9.0,3.0,4.0,1.0,2.0,2.0,2.0,0.0,0.0,3.0,15.165,0.0,5.0,,0.0,7.0,4.0,3.0,22.0,7.0,4.0,1.0,1.0,2.0,2.0,2.0,3.0,2.0,0.0,2.0,1.0,3.0,4.0,4.0,,4.0,,,1.0,0.0,0.0,,5.0,1.0,2.0,2.0,2.0,4.0,1.0,2.0,8.0,14.0,1.0,,1.0,0.0,,,,79.0,76.0,1.0,0.0,0.0,0.04,0.37,3.35,37.56,15.49,0.027,0.486,0.259,2.57,23.39,33.9,41.24,82.2,11.09,92.84,72.61,0.62,5.63,7.42,67.6,0.0,0.0,53.2,0.059,15.98,4.569,,0.07,2.029,10.98,46.15,50.75,64.8,1.293,0.681,15.1,10.59,,3.373,53.4,0.733,,57.1,3.922,36.8,1.282,24.527,4.971,51.72,,,,85.74,1.547,5.08,77.25,1.056,191.9,3.57,56.6,0
55.0,0.0,9.0,1.0,,,9.0,,,101.1,166.1,61.2,23.0,46.0,80.0,79.2,28.3,87.0,167.0,83.0,16.0,31.6,5.5,6.1,10.9,13.7,7.2,9.8,31.8,44.5,0.5,2.5,4.3,2.5,4.5,2.4,25.1,19.3,24.9,30.0,7037.0,24.0,48.7,73.2,43.6,727.0,430.0,412.0,266.0,315.0,,3.652163,1.938,640.872417,4.12,,,,1.0,185.0,2.0,,,,3.0,2.0,,3.0,1.0,3.0,0.0,0.0,8.0,2.0,3.0,,2.0,5.0,2.0,1.0,1.0,3.0,2.0,3.0,2.0,1.0,3.0,,1.0,0.0,0.0,1.0,8.0,0.0,0.0,11.0,6.0,6.0,5.0,7.0,1.0,1.0,2.0,2.0,5.0,0.0,0.0,1.0,0.0,4.0,5.0,0.0,2.0,,20.0,0.0,,,,6.0,0.0,4.0,2.0,5.0,1.0,2.0,3.0,0.0,25.0,,0.0,1.0,0.0,0.0,,64.0,,,0.0,1.0,0.0,0.02,0.11,1.01,27.57,11.86,0.014,0.12,0.179,1.96,18.63,42.04,43.04,97.68,9.36,110.85,95.23,0.72,6.87,7.74,73.5,0.0,0.0,197.4,0.185,16.59,2.822,13.11,0.061,1.087,10.53,63.99,44.76,53.7,1.833,1.095,31.8,20.86,2.29,6.587,61.5,0.668,3.8,139.2,4.317,29.2,,17.255,5.238,6.12,,1.065,,29.34,,6.42,68.4,4.578,159.6,4.04,46.8,0
66.0,0.0,34.0,2.0,,,,5.0,24.0,62.0,133.0,92.7,13.0,17.0,78.0,53.2,23.0789,107.0,152.0,85.0,19.4,18.0,2.4,3.0,5.3,6.4,5.6,7.4,20.5,37.0,0.9,0.7,,1.8,2.3,2.4,21.9,18.3,27.8,19.4,4564.0,14.0,19.8,41.1,31.3,766.0,372.0,453.0,248.0,272.0,5.995571,2.777466,1.09,518.684526,4.55,,,,,,,,9.0,,1.0,3.0,2.0,4.0,5.0,1.0,3.0,1.0,2.0,1.0,1.0,2.0,0.0,10.0,,,1.0,2.0,1.0,1.0,0.0,0.0,1.0,,1.0,0.0,7.0,5.0,6.0,0.0,0.0,9.0,9.0,13.0,1.0,2.0,2.0,5.0,0.0,1.0,1.0,1.0,1.0,2.0,1.0,2.0,5.0,2.0,6.0,10.0,15.0,1.0,1.0,3.0,,9.0,2.0,1.0,1.0,,1.0,3.0,2.0,0.0,26.0,18.0,,0.0,0.0,1.0,85.0,94.0,,48.0,1.0,0.0,0.18,1.36,0.91,6.78,37.35,12.61,0.024,0.128,0.407,3.47,25.82,33.12,33.78,98.06,7.61,117.5,82.33,0.57,4.25,8.3,61.8,0.0,0.0,174.3,0.133,16.31,3.808,13.22,0.1,1.334,13.43,67.98,,60.8,1.593,,16.5,38.14,2.357,,96.5,1.086,2.34,48.5,6.823,30.0,1.395,12.637,4.062,19.24,,1.489,,,1.527,5.35,80.81,4.879,,6.35,17.2,0
66.0,1.0,36.0,1.0,3.0,6.0,,2.0,22.0,101.6,181.3,48.9,26.0,36.0,90.0,90.9,36.1664,119.0,159.0,98.0,38.1,18.6,1.7,3.1,8.7,11.4,7.7,11.3,29.4,23.2,1.2,2.7,2.6,2.5,2.2,2.1,36.2,9.3,31.6,42.1,6176.0,22.4,38.8,41.2,32.9,446.0,322.0,372.0,288.0,218.0,2.063829,1.981276,1.792,168.540071,1.89,,,6.0,3.0,40.0,,4.0,,343.0,,,0.0,3.0,4.0,7.0,0.0,1.0,2.0,3.0,,2.0,1.0,7.0,4.0,3.0,3.0,2.0,1.0,2.0,2.0,0.0,2.0,57.452,0.0,0.0,0.0,3.0,10.0,0.0,0.0,1.0,5.0,11.0,8.0,2.0,3.0,2.0,1.0,3.0,1.0,2.0,1.0,1.0,3.0,1.0,2.0,1.0,6.0,,,1.0,24.0,2.0,1.0,1.0,8.0,2.0,2.0,,3.0,,5.0,0.0,21.0,16.0,0.0,1.0,0.0,0.0,,69.0,,,,1.0,0.1,0.86,0.31,2.65,39.37,,0.031,0.398,0.209,2.48,20.96,35.73,39.98,89.36,9.89,98.8,85.1,0.98,8.26,7.95,67.3,,0.0,193.5,0.191,15.56,4.406,13.02,,1.654,11.82,16.2,,73.6,1.291,0.639,49.7,16.75,2.313,,49.2,1.12,1.55,15.2,6.057,30.1,1.506,24.084,2.349,15.19,,1.377,,31.06,10.692,5.39,82.76,2.292,371.7,8.2,17.6,0
59.0,1.0,4.0,5.0,2.0,41.0,,5.0,,60.9,102.9,65.4,15.0,15.0,97.0,62.0,24.0644,102.0,161.0,83.0,23.2,34.6,1.8,4.0,10.3,8.8,7.1,7.0,17.7,21.2,1.1,0.7,2.5,,1.8,2.7,21.2,6.0,36.9,24.9,8321.0,29.6,18.7,50.3,36.4,530.0,251.0,385.0,196.0,274.0,4.000934,3.840897,0.555,,,,,,1.0,38.0,3.0,6.0,20.0,22.0,6.0,1.0,4.0,4.0,1.0,3.0,3.0,1.0,2.0,2.0,,0.0,0.0,5.0,3.0,1.0,1.0,2.0,2.0,0.0,2.0,0.0,1.0,,1.0,12.0,0.0,6.0,1.0,1.0,1.0,2.0,1.0,10.0,0.0,1.0,3.0,1.0,2.0,1.0,5.0,3.0,0.0,3.0,3.0,1.0,4.0,2.0,1.0,12.0,12.0,,,0.0,,2.0,1.0,5.0,2.0,0.0,4.0,1.0,3.0,6.0,,32.0,1.0,,0.0,1.0,,78.0,,89.0,,0.0,0.02,0.23,0.46,5.85,38.93,14.65,0.016,0.387,0.35,2.44,31.25,31.6,37.63,83.98,7.76,117.28,94.13,0.97,12.42,3.92,50.2,0.0,0.0,,0.099,16.31,4.635,13.19,0.057,2.599,7.8,9.04,45.23,127.1,1.167,0.855,32.5,1.32,2.24,3.981,57.9,0.767,1.33,52.5,4.631,,1.434,12.215,4.503,12.57,,0.908,,,,6.48,75.97,1.203,330.1,3.13,64.6,0
64.0,0.0,31.0,4.0,,6.0,,10.0,21.0,68.2,178.9,,10.0,20.0,69.0,53.2,22.5138,96.0,154.0,74.0,21.7,,3.4,1.5,8.0,6.0,5.7,6.6,19.4,22.5,1.2,0.9,2.0,2.1,2.2,1.7,21.6,5.0,23.5,21.6,5148.0,17.8,24.5,38.7,26.2,505.0,233.0,242.0,196.0,172.0,,2.392175,,188.271241,3.41,3.0,,,4.0,,3.0,,,30.0,,3.0,1.0,7.0,3.0,6.0,6.0,7.0,4.0,2.0,0.0,3.0,0.0,5.0,2.0,3.0,1.0,2.0,1.0,1.0,1.0,1.0,3.0,,,0.0,4.0,5.0,4.0,2.0,1.0,32.0,8.0,3.0,7.0,0.0,2.0,3.0,2.0,2.0,1.0,1.0,2.0,0.0,5.0,3.0,3.0,2.0,3.0,1.0,8.0,1.0,11.0,0.0,,6.0,0.0,2.0,2.0,3.0,3.0,1.0,3.0,5.0,18.0,2.0,1.0,1.0,1.0,1.0,,,,,,0.0,0.01,0.07,0.41,4.89,35.7,12.53,0.016,0.851,0.258,3.69,44.45,32.01,35.11,91.18,7.41,86.06,84.85,0.74,8.91,3.46,41.7,0.0,0.0,,0.223,17.51,3.915,13.32,0.049,1.871,8.31,14.83,,83.5,1.407,0.728,18.1,0.96,2.294,3.486,88.0,1.198,3.83,69.5,,43.8,2.114,30.916,3.381,86.8,,0.683,,76.78,0.654,23.2,69.79,3.459,,8.95,32.0,0
61.0,0.0,22.0,5.0,55.0,,60.0,5.0,,77.7,130.0,52.2,46.0,26.0,101.0,121.5,39.2694,121.0,176.0,97.0,29.6,33.8,4.2,8.4,13.5,7.4,7.9,12.3,19.3,24.5,1.6,1.1,3.9,5.0,3.1,4.3,27.6,18.4,24.5,29.8,5989.0,22.0,26.7,67.7,58.4,601.0,429.0,337.0,175.0,229.0,6.087326,,2.025,1098.039161,5.69,,,,,87.0,5.0,,,26.0,3.0,3.0,1.0,2.0,4.0,7.0,0.0,2.0,4.0,2.0,,1.0,1.0,5.0,3.0,2.0,1.0,2.0,1.0,0.0,1.0,0.0,3.0,30.443,0.0,4.0,0.0,6.0,0.0,5.0,0.0,38.0,8.0,4.0,2.0,5.0,2.0,5.0,2.0,0.0,3.0,1.0,2.0,2.0,1.0,3.0,5.0,1.0,3.0,7.0,1.0,,,1.0,1.0,3.0,7.0,4.0,1.0,0.0,2.0,2.0,5.0,6.0,16.0,1.0,,0.0,0.0,1.0,,54.0,,37.0,1.0,0.0,0.06,1.32,0.16,3.4,53.86,16.88,0.046,0.137,0.416,2.26,46.69,31.14,31.34,99.34,8.49,95.8,87.08,0.2,4.08,2.15,44.5,0.0,0.0,163.7,0.139,17.03,5.422,12.26,0.038,2.093,4.83,18.81,45.92,,,1.5,36.0,1.19,2.505,5.9,97.5,0.853,,142.3,9.988,40.2,0.886,14.821,2.983,116.49,,1.516,,28.79,0.947,8.69,69.0,3.84,325.3,4.89,61.5,0
48.0,1.0,38.0,2.0,,24.0,,5.0,15.0,75.0,123.4,48.4,42.0,14.0,105.0,61.3,23.804,125.0,160.0,92.0,46.1,50.4,4.6,4.5,7.8,11.6,12.7,9.5,41.2,47.4,1.5,2.4,2.6,2.0,2.1,2.4,33.0,12.7,24.5,32.8,6106.0,30.9,26.9,60.3,50.9,475.0,233.0,311.0,180.0,208.0,,2.022698,2.061,228.993353,4.19,2.0,,2.0,,293.0,2.0,4.0,,25.0,3.0,,1.0,3.0,1.0,7.0,4.0,6.0,1.0,3.0,4.0,0.0,0.0,11.0,3.0,2.0,3.0,2.0,2.0,0.0,1.0,1.0,1.0,,2.0,0.0,2.0,1.0,1.0,4.0,5.0,28.0,4.0,0.0,0.0,7.0,1.0,4.0,1.0,0.0,0.0,2.0,0.0,1.0,3.0,3.0,4.0,2.0,4.0,0.0,20.0,1.0,13.0,,,1.0,8.0,1.0,4.0,11.0,5.0,2.0,2.0,0.0,17.0,18.0,1.0,0.0,0.0,,69.0,81.0,69.0,49.0,,0.0,0.17,4.04,0.04,0.85,52.64,16.83,0.021,0.287,0.288,1.78,42.78,31.23,31.98,97.67,8.31,121.38,91.02,0.24,5.69,1.94,46.7,0.0,,155.5,0.129,18.03,5.39,11.54,0.077,1.299,4.15,14.44,51.44,87.2,,1.026,18.2,17.24,2.208,8.342,93.4,1.261,1.4,112.0,4.987,32.0,,28.927,4.646,58.95,,1.201,95.2,,17.349,11.97,72.02,1.275,505.6,3.07,65.6,0
53.0,0.0,25.0,4.0,3.0,,,1.0,20.0,,107.4,64.7,32.0,15.0,66.0,59.9,20.8223,87.0,170.0,83.0,22.6,15.3,3.3,3.7,6.6,6.6,7.8,7.0,29.1,19.4,0.5,0.9,1.9,4.3,1.9,3.1,18.2,9.4,28.2,21.4,5146.0,11.7,28.6,37.2,28.4,763.0,313.0,345.0,300.0,310.0,2.370815,2.275983,1.81,322.194484,3.48,2.0,3.0,,,,2.0,,95.0,385.0,,6.0,2.0,1.0,0.0,6.0,0.0,1.0,7.0,3.0,1.0,1.0,2.0,15.0,3.0,4.0,2.0,2.0,2.0,1.0,0.0,1.0,4.0,,0.0,0.0,0.0,1.0,2.0,6.0,0.0,0.0,3.0,3.0,1.0,2.0,2.0,2.0,0.0,4.0,1.0,2.0,2.0,2.0,3.0,3.0,4.0,2.0,3.0,23.0,19.0,19.0,24.0,0.0,,5.0,2.0,1.0,2.0,12.0,3.0,1.0,3.0,2.0,19.0,25.0,,1.0,0.0,1.0,,,,,,0.0,0.01,0.26,0.1,1.79,42.98,12.84,0.013,0.323,0.276,0.97,17.72,29.28,29.87,98.04,9.02,119.31,79.89,0.25,4.53,4.15,75.7,0.0,0.0,382.8,0.345,16.25,4.384,12.02,0.098,2.548,5.49,46.76,49.08,98.0,0.885,0.872,27.6,18.25,2.337,,,1.17,4.41,116.3,5.356,38.8,0.783,25.984,2.249,,,1.523,,24.31,,18.25,,0.977,424.7,4.76,70.8,0
56.0,1.0,1.0,1.0,34.0,2.0,22.0,,,71.9,133.3,91.7,54.0,52.0,87.0,140.7,40.2235,101.0,187.0,97.0,50.2,49.2,7.2,6.9,10.7,12.9,13.2,12.8,26.1,39.6,1.7,2.0,4.9,4.6,5.9,3.0,25.4,16.4,38.6,37.2,9959.0,45.5,33.1,68.2,58.6,468.0,274.0,287.0,282.0,216.0,2.744317,2.634545,-1.249,238.412107,3.44,3.0,,,,28.0,4.0,,36.0,19.0,3.0,2.0,1.0,1.0,2.0,6.0,3.0,13.0,4.0,2.0,2.0,0.0,1.0,9.0,4.0,1.0,2.0,1.0,1.0,0.0,1.0,1.0,2.0,,1.0,0.0,1.0,4.0,9.0,2.0,0.0,2.0,0.0,1.0,4.0,1.0,2.0,2.0,1.0,1.0,3.0,2.0,0.0,0.0,0.0,1.0,5.0,1.0,5.0,4.0,0.0,,0.0,,0.0,2.0,1.0,1.0,1.0,,4.0,1.0,4.0,1.0,21.0,3.0,1.0,1.0,1.0,0.0,,,,,,1.0,0.0,0.05,0.06,1.05,50.15,17.37,0.029,0.296,0.383,1.49,26.05,31.91,34.63,92.15,11.32,93.41,74.44,0.17,3.01,3.98,69.8,0.0,0.0,394.8,0.447,17.55,5.442,13.86,0.043,1.037,5.7,15.19,50.49,53.1,1.097,1.585,15.7,2.13,2.212,8.061,66.4,1.359,2.82,,4.915,,0.85,30.989,5.384,72.78,1898.0,0.904,16.4,117.99,,5.51,77.57,0.999,353.2,4.07,13.9,0
59.0,0.0,34.0,2.0,5.0,28.0,,8.0,,65.9,152.5,54.6,10.0,18.0,65.0,40.0,17.3043,76.0,152.0,80.0,9.3,7.2,0.7,0.7,6.5,7.7,5.5,5.7,12.7,2.4,0.3,0.2,3.0,2.6,1.8,2.0,11.8,4.0,21.5,26.4,5066.0,5.6,6.2,38.2,31.7,441.0,328.0,241.0,,203.0,2.796165,1.361434,-0.311,,,,1.0,2.0,2.0,25.0,,4.0,27.0,173.0,4.0,3.0,4.0,1.0,4.0,1.0,6.0,2.0,4.0,2.0,3.0,1.0,2.0,8.0,4.0,2.0,1.0,1.0,,0.0,0.0,0.0,1.0,11.671,2.0,0.0,8.0,8.0,2.0,1.0,3.0,2.0,5.0,0.0,1.0,1.0,2.0,4.0,5.0,0.0,3.0,0.0,2.0,3.0,2.0,1.0,3.0,2.0,6.0,22.0,9.0,24.0,,4.0,1.0,1.0,1.0,2.0,,,3.0,1.0,3.0,11.0,15.0,1.0,1.0,,0.0,0.0,,92.0,,85.0,,0.0,0.08,0.86,0.02,0.23,,16.88,0.045,0.326,0.359,3.4,35.98,33.38,38.22,87.34,12.03,98.53,80.42,,2.6,5.7,60.3,0.0,0.0,380.5,0.458,15.93,5.057,12.49,0.124,2.787,9.44,55.14,45.07,70.0,1.483,,23.0,0.35,,4.198,99.3,1.298,,148.5,3.985,26.8,1.02,7.367,2.672,,,0.806,71.3,28.32,,24.15,82.29,1.372,427.6,4.63,,0
61.0,1.0,11.0,2.0,,,54.0,,23.0,83.2,187.7,,25.0,37.0,97.0,131.9,40.6108,126.0,180.0,90.0,45.9,32.5,,9.4,8.0,11.9,10.8,11.2,43.3,34.6,3.5,2.7,4.8,4.4,2.5,3.0,45.1,,31.7,27.5,6787.0,45.7,32.4,59.0,55.6,569.0,282.0,277.0,283.0,192.0,2.565803,,-0.875,412.272895,,3.0,,,,123.0,,,18.0,140.0,3.0,3.0,0.0,2.0,4.0,7.0,1.0,0.0,7.0,3.0,2.0,2.0,2.0,8.0,2.0,,1.0,3.0,2.0,1.0,0.0,2.0,3.0,,1.0,,0.0,0.0,6.0,3.0,5.0,13.0,7.0,10.0,4.0,7.0,3.0,1.0,3.0,1.0,5.0,0.0,1.0,1.0,2.0,3.0,5.0,2.0,6.0,0.0,,,9.0,0.0,1.0,4.0,4.0,6.0,2.0,0.0,4.0,3.0,3.0,2.0,15.0,35.0,0.0,1.0,1.0,0.0,83.0,57.0,,51.0,1.0,1.0,0.02,0.22,0.06,0.78,30.81,11.21,0.005,,0.163,3.14,40.6,29.81,36.38,81.96,9.73,88.47,75.59,0.44,,4.07,52.7,0.0,0.0,299.7,0.292,,3.759,15.88,0.046,0.808,7.73,48.82,42.93,61.4,1.816,0.614,44.5,3.18,2.475,4.091,,,1.56,178.2,3.875,26.9,1.957,31.559,2.323,56.2,,1.185,,69.89,12.552,25.7,55.2,0.574,432.6,3.51,37.7,0
66.0,1.0,0.0,1.0,,,50.0,6.0,,75.2,146.6,66.3,32.0,45.0,101.0,73.7,24.277,91.0,174.0,92.0,23.3,30.9,6.7,3.9,11.1,8.1,12.1,11.6,37.5,45.7,0.9,0.6,4.4,2.1,2.6,3.8,43.3,12.9,32.6,27.5,7315.0,43.5,17.7,75.0,42.3,677.0,444.0,458.0,322.0,306.0,3.338189,2.719012,,554.749369,,3.0,,2.0,4.0,,4.0,4.0,,16.0,,3.0,1.0,4.0,6.0,1.0,0.0,2.0,2.0,3.0,0.0,,2.0,9.0,4.0,3.0,1.0,1.0,,0.0,0.0,2.0,4.0,,2.0,,0.0,1.0,1.0,1.0,0.0,8.0,9.0,8.0,0.0,0.0,2.0,3.0,2.0,3.0,3.0,1.0,2.0,3.0,5.0,3.0,5.0,1.0,3.0,20.0,,11.0,,3.0,1.0,7.0,8.0,1.0,1.0,,3.0,1.0,2.0,0.0,13.0,47.0,0.0,1.0,0.0,1.0,,55.0,,85.0,,1.0,0.01,0.08,0.06,0.68,41.82,12.53,0.012,0.554,0.162,1.19,13.3,27.72,29.95,92.53,7.56,113.56,81.99,0.82,9.16,6.84,76.8,0.0,0.0,166.4,0.126,16.04,,16.42,0.034,0.914,8.91,60.97,,123.7,1.087,1.502,54.8,19.51,2.468,7.797,64.0,1.303,3.3,14.3,4.263,40.6,1.906,28.505,5.212,7.66,5468.2,0.862,,5.88,14.875,20.48,78.47,1.225,360.9,4.43,72.6,0
40.0,0.0,14.0,1.0,,,6.0,9.0,20.0,75.0,159.0,48.9,44.0,59.0,73.0,51.0,20.8107,89.0,157.0,93.0,13.7,42.0,2.1,1.3,12.0,8.4,12.4,9.3,13.5,19.0,0.7,0.5,2.8,3.3,4.4,4.6,15.4,7.3,41.2,30.1,10001.0,22.7,19.8,78.4,33.0,518.0,263.0,284.0,241.0,215.0,5.186811,2.827043,0.076,583.874659,4.33,3.0,,,4.0,,,,231.0,243.0,2.0,,2.0,1.0,2.0,4.0,0.0,4.0,1.0,2.0,,0.0,0.0,8.0,4.0,1.0,1.0,2.0,1.0,,2.0,1.0,1.0,2.452,1.0,0.0,0.0,1.0,2.0,3.0,0.0,9.0,1.0,3.0,2.0,4.0,2.0,2.0,2.0,2.0,2.0,1.0,1.0,0.0,3.0,2.0,4.0,1.0,1.0,,0.0,1.0,0.0,0.0,,5.0,6.0,1.0,2.0,,5.0,1.0,5.0,0.0,,,1.0,0.0,1.0,,,80.0,,61.0,,0.0,0.01,0.09,0.05,0.7,43.56,15.8,0.005,0.109,,1.42,,36.46,36.27,100.53,7.74,121.09,89.37,0.23,3.18,,76.1,0.0,,359.5,0.278,16.87,4.333,12.86,0.042,1.746,7.13,,,63.7,2.233,0.761,38.3,1.12,2.599,,116.9,1.345,2.31,15.8,4.147,29.6,2.381,11.084,2.377,,1639.6,,,38.47,,24.27,74.3,4.308,350.2,,73.8,0
63.0,0.0,20.0,2.0,2.0,25.0,52.0,9.0,16.0,92.3,154.2,,19.0,18.0,91.0,105.9,37.5328,126.0,168.0,82.0,35.9,47.6,,4.0,7.4,10.6,7.3,9.3,39.8,26.6,0.7,1.7,2.7,4.1,2.6,2.5,18.9,25.0,34.4,37.0,5954.0,31.3,23.1,48.9,32.2,477.0,279.0,262.0,209.0,188.0,5.03478,1.850902,-0.326,437.946827,5.71,2.0,,,4.0,71.0,,,12.0,361.0,,,4.0,6.0,,7.0,0.0,5.0,5.0,3.0,0.0,0.0,0.0,9.0,3.0,,2.0,1.0,2.0,0.0,2.0,2.0,3.0,7.937,1.0,0.0,7.0,0.0,1.0,1.0,0.0,2.0,2.0,13.0,7.0,10.0,2.0,2.0,2.0,1.0,2.0,1.0,0.0,3.0,3.0,1.0,5.0,1.0,3.0,1.0,1.0,,,,,5.0,4.0,3.0,2.0,,6.0,1.0,4.0,4.0,16.0,,0.0,,1.0,1.0,,80.0,85.0,81.0,1.0,1.0,0.01,0.08,0.14,1.59,40.73,15.1,0.016,1.011,0.344,0.92,10.47,30.48,,82.19,11.06,98.04,74.66,0.47,5.31,7.26,82.5,0.0,0.0,239.4,0.265,16.06,,15.13,0.045,1.727,8.8,54.26,45.82,69.9,1.585,0.907,23.2,0.73,2.36,6.88,114.3,1.38,1.51,76.6,,42.1,2.065,34.93,4.227,167.33,,1.219,,,1.117,7.9,,1.026,514.7,8.15,27.3,0
47.0,0.0,10.0,6.0,,,,,,105.0,130.1,83.8,22.0,13.0,87.0,79.2,28.0241,101.0,168.0,78.0,28.4,33.7,5.9,,8.8,6.7,8.5,6.6,17.4,23.5,1.0,1.1,1.9,1.9,1.9,2.6,38.1,7.9,24.7,26.7,5752.0,32.8,15.2,36.0,26.3,752.0,399.0,359.0,305.0,316.0,5.038929,3.600804,2.162,672.008931,3.85,,,7.0,,31.0,3.0,5.0,,390.0,,3.0,3.0,4.0,6.0,7.0,1.0,7.0,2.0,1.0,1.0,1.0,1.0,8.0,3.0,2.0,2.0,3.0,2.0,0.0,1.0,2.0,3.0,,,3.0,0.0,6.0,5.0,4.0,5.0,27.0,6.0,2.0,0.0,1.0,2.0,3.0,3.0,1.0,4.0,0.0,1.0,5.0,1.0,1.0,5.0,2.0,2.0,2.0,15.0,8.0,,3.0,,2.0,2.0,2.0,2.0,9.0,4.0,1.0,2.0,0.0,30.0,2.0,0.0,0.0,0.0,0.0,,,68.0,70.0,0.0,,1.2,13.49,0.13,,39.69,,0.017,0.341,0.171,1.71,28.07,31.07,31.91,97.35,,123.61,89.06,0.43,,,43.0,0.0,0.0,,0.18,17.49,4.077,,0.023,0.981,6.09,46.02,48.48,94.9,0.807,1.174,20.9,0.49,2.231,6.104,65.4,1.301,,129.0,9.215,59.5,,,4.151,11.73,,1.318,49.2,105.28,1.526,5.65,74.98,1.715,397.4,8.72,26.9,0
59.0,1.0,45.0,1.0,,23.0,9.0,,,101.2,177.2,99.6,43.0,58.0,110.0,77.9,22.099,97.0,188.0,92.0,13.3,25.0,1.5,1.5,14.1,13.5,12.7,16.5,19.9,13.8,0.4,0.4,4.4,5.5,4.2,5.0,15.1,4.0,37.3,40.7,9095.0,15.5,15.9,77.6,56.5,471.0,237.0,316.0,216.0,207.0,5.961932,4.353468,1.82,574.415265,3.0,2.0,,,,24.0,5.0,,,15.0,,3.0,2.0,3.0,4.0,0.0,0.0,2.0,5.0,1.0,1.0,0.0,0.0,8.0,4.0,,2.0,3.0,1.0,2.0,0.0,0.0,1.0,,1.0,0.0,0.0,0.0,5.0,1.0,0.0,5.0,8.0,0.0,7.0,6.0,1.0,4.0,3.0,5.0,0.0,0.0,0.0,2.0,2.0,2.0,4.0,2.0,4.0,,0.0,,11.0,0.0,,2.0,3.0,3.0,,,1.0,2.0,3.0,6.0,16.0,19.0,1.0,,0.0,,,,,44.0,0.0,0.0,0.02,0.34,0.63,11.55,36.52,14.39,0.031,0.349,0.424,2.04,37.33,34.75,39.4,88.2,10.54,107.65,78.65,0.5,9.2,2.27,41.6,0.0,0.0,234.2,0.247,15.82,4.14,12.94,0.051,0.845,5.47,12.07,44.25,,1.804,1.537,19.4,1.9,2.35,4.885,87.7,0.978,1.12,159.7,4.604,45.7,,20.568,2.77,15.03,,1.299,16.4,32.19,10.947,7.36,64.69,1.069,331.2,6.56,44.8,0
56.0,0.0,38.0,3.0,4.0,21.0,,,16.0,61.1,115.7,84.9,9.0,11.0,118.0,94.8,40.5745,118.0,153.0,65.0,50.0,41.9,8.1,9.2,6.9,5.9,5.8,5.7,47.1,54.0,3.6,2.0,1.5,1.9,1.2,1.6,42.6,27.4,20.5,19.8,4171.0,48.5,35.3,37.7,26.3,806.0,460.0,893.0,323.0,333.0,2.066324,1.362406,-0.527,229.777149,2.68,4.0,,3.0,3.0,,3.0,6.0,22.0,7.0,,4.0,2.0,0.0,6.0,0.0,3.0,0.0,3.0,2.0,,1.0,0.0,9.0,4.0,2.0,1.0,3.0,1.0,0.0,2.0,0.0,3.0,,0.0,1.0,0.0,0.0,4.0,0.0,0.0,8.0,7.0,1.0,3.0,3.0,3.0,1.0,1.0,3.0,0.0,1.0,0.0,4.0,3.0,1.0,1.0,1.0,,,,0.0,0.0,0.0,1.0,1.0,5.0,3.0,2.0,13.0,2.0,2.0,3.0,0.0,22.0,45.0,1.0,,0.0,1.0,,48.0,,91.0,,0.0,0.01,0.2,0.04,0.6,39.69,15.84,0.019,0.401,0.422,3.11,46.74,33.36,39.9,83.62,8.01,88.92,71.25,0.88,13.22,2.61,39.2,0.0,0.0,331.0,0.265,17.89,4.746,12.85,0.113,2.031,6.66,21.25,43.19,65.5,1.991,1.476,16.9,1.01,2.435,7.936,53.7,0.696,1.08,16.3,4.34,37.2,1.085,11.8,7.026,69.52,,,,100.21,1.557,12.54,82.77,1.341,195.8,3.23,29.3,0
60.0,0.0,38.0,6.0,,,6.0,3.0,15.0,98.9,169.2,116.9,19.0,48.0,112.0,86.9,28.7604,113.0,174.0,86.0,31.9,25.0,6.5,3.8,10.9,6.5,7.7,6.3,31.2,37.4,1.7,1.0,4.0,1.9,1.9,1.8,43.8,7.6,25.8,26.4,5443.0,41.7,13.8,51.5,35.6,840.0,555.0,453.0,312.0,,,4.621335,2.825,578.021622,1.68,,,5.0,,887.0,3.0,6.0,101.0,,3.0,,1.0,7.0,2.0,7.0,0.0,2.0,1.0,2.0,3.0,1.0,1.0,6.0,2.0,2.0,2.0,2.0,2.0,0.0,0.0,1.0,3.0,,1.0,0.0,3.0,7.0,0.0,1.0,6.0,3.0,6.0,5.0,1.0,4.0,1.0,2.0,1.0,1.0,2.0,1.0,3.0,2.0,1.0,1.0,4.0,1.0,4.0,,1.0,,0.0,0.0,,3.0,9.0,2.0,4.0,2.0,3.0,1.0,3.0,0.0,20.0,,,,0.0,1.0,65.0,62.0,,,,0.0,0.12,2.19,0.34,6.38,30.14,16.41,0.039,0.353,0.327,0.94,17.76,43.66,54.44,80.19,,,78.14,0.27,5.08,3.63,68.6,0.0,0.0,325.9,0.354,16.41,3.759,14.27,0.077,2.054,5.29,9.1,56.9,75.5,1.066,1.203,43.1,1.01,2.506,5.859,70.6,0.907,4.17,137.2,,29.6,1.279,,,,,1.284,91.9,87.73,1.453,12.1,80.58,3.925,371.2,,20.5,0
53.0,1.0,3.0,5.0,90.0,,,2.0,15.0,61.5,115.7,51.6,38.0,27.0,111.0,136.2,40.4562,116.0,183.0,99.0,49.4,45.7,6.4,8.9,10.3,11.6,9.0,8.7,64.3,43.9,3.9,3.2,4.5,2.5,3.9,4.1,48.9,27.0,28.0,40.6,6134.0,46.3,53.2,77.6,39.5,640.0,337.0,292.0,235.0,318.0,,3.846288,1.837,566.073478,,,,4.0,5.0,,,,22.0,78.0,7.0,6.0,1.0,5.0,1.0,6.0,0.0,2.0,0.0,2.0,1.0,,1.0,8.0,4.0,2.0,2.0,3.0,2.0,1.0,0.0,1.0,3.0,2.422,2.0,10.0,6.0,2.0,1.0,1.0,0.0,9.0,1.0,1.0,0.0,2.0,2.0,3.0,0.0,5.0,4.0,2.0,1.0,3.0,3.0,2.0,3.0,0.0,4.0,0.0,8.0,23.0,0.0,3.0,1.0,,1.0,4.0,4.0,0.0,2.0,2.0,3.0,0.0,20.0,2.0,0.0,1.0,0.0,1.0,,,91.0,49.0,1.0,0.0,0.15,8.11,0.11,5.9,42.99,12.63,0.007,0.819,0.209,0.83,45.88,25.56,29.37,87.03,10.63,87.95,79.14,0.19,10.57,0.53,29.5,0.0,0.0,394.3,0.419,16.13,4.94,12.82,,2.497,1.81,72.46,38.41,120.0,1.803,1.446,18.1,0.87,2.18,7.842,60.3,0.908,1.39,872.6,4.067,38.1,,25.304,4.597,8.81,,1.343,,,16.429,13.88,62.72,1.349,350.1,4.97,83.1,0
48.0,0.0,19.0,4.0,,5.0,39.0,6.0,,77.7,103.7,88.1,17.0,23.0,85.0,89.2,25.5561,110.0,187.0,98.0,24.3,27.5,6.5,1.9,,9.1,11.6,9.8,18.1,16.9,2.6,0.9,3.8,3.3,4.2,3.5,15.9,9.4,26.0,23.9,5868.0,16.2,,,38.8,652.0,340.0,375.0,289.0,277.0,,1.688634,-1.339,281.212528,,1.0,,2.0,4.0,146.0,,,33.0,28.0,2.0,2.0,0.0,4.0,1.0,7.0,0.0,3.0,7.0,2.0,,4.0,0.0,4.0,3.0,1.0,1.0,2.0,2.0,0.0,0.0,0.0,2.0,,0.0,15.0,5.0,6.0,1.0,13.0,0.0,10.0,6.0,2.0,3.0,8.0,3.0,2.0,2.0,0.0,2.0,1.0,1.0,4.0,3.0,1.0,3.0,2.0,3.0,27.0,,25.0,12.0,2.0,0.0,1.0,,1.0,3.0,11.0,3.0,2.0,3.0,4.0,15.0,1.0,0.0,0.0,0.0,0.0,,41.0,,,,1.0,0.01,0.14,0.45,5.13,48.98,12.81,0.009,0.669,,1.1,12.48,29.97,26.16,114.59,11.16,142.61,,0.33,,6.9,78.5,0.0,0.0,241.9,,17.66,4.275,15.4,0.052,2.311,8.79,53.34,44.07,96.4,,0.678,39.2,4.03,2.307,3.304,108.1,0.805,1.81,15.9,6.298,59.2,1.455,11.703,1.738,36.0,,1.294,,68.85,1.061,22.92,69.85,,269.2,8.04,47.8,0
42.0,1.0,33.0,2.0,,21.0,39.0,8.0,22.0,106.7,187.7,81.5,42.0,21.0,76.0,84.0,24.7365,99.0,184.0,95.0,36.7,18.3,3.0,,12.6,12.0,13.0,10.7,25.7,32.2,0.7,0.4,3.8,3.8,2.0,3.5,29.9,11.0,34.1,34.9,5246.0,31.0,33.7,51.8,65.8,716.0,313.0,359.0,287.0,,4.987881,2.895256,,562.547387,,,3.0,4.0,3.0,222.0,4.0,4.0,17.0,14.0,3.0,,3.0,1.0,1.0,6.0,4.0,7.0,5.0,1.0,1.0,0.0,0.0,10.0,3.0,3.0,1.0,2.0,1.0,1.0,0.0,0.0,1.0,,0.0,0.0,3.0,1.0,0.0,1.0,0.0,8.0,6.0,0.0,1.0,0.0,2.0,3.0,1.0,3.0,1.0,3.0,3.0,2.0,4.0,1.0,3.0,2.0,3.0,,38.0,16.0,6.0,0.0,,,1.0,2.0,2.0,0.0,3.0,2.0,4.0,3.0,23.0,,1.0,1.0,1.0,0.0,86.0,41.0,,51.0,0.0,0.0,0.15,3.02,0.3,,45.35,12.69,0.039,0.215,0.269,2.5,49.12,25.7,,91.84,8.83,,82.19,0.34,6.68,1.8,35.3,0.0,0.0,245.6,0.217,16.24,4.938,12.09,0.071,1.852,5.09,58.82,40.86,121.9,1.875,0.709,16.7,1.15,2.278,3.903,65.8,1.115,3.42,10.6,4.086,28.8,2.219,27.695,,14.2,,0.963,,37.69,15.807,25.74,64.88,5.527,196.5,3.21,38.8,0
68.0,0.0,44.0,2.0,,6.0,,4.0,16.0,,106.0,59.6,8.0,4.0,86.0,60.6,26.9262,94.0,150.0,69.0,40.4,28.2,3.7,5.5,6.0,5.9,5.6,5.6,37.7,41.2,1.8,1.2,2.0,1.7,1.8,1.7,37.6,15.9,20.4,20.6,4839.0,38.4,27.9,38.0,40.8,662.0,408.0,379.0,204.0,285.0,1.70916,1.137823,-1.151,346.850371,2.22,3.0,2.0,,2.0,260.0,6.0,4.0,,,,3.0,1.0,2.0,1.0,6.0,3.0,1.0,2.0,2.0,,0.0,1.0,8.0,2.0,4.0,1.0,2.0,1.0,0.0,0.0,1.0,2.0,,0.0,6.0,8.0,4.0,0.0,2.0,4.0,34.0,1.0,10.0,5.0,5.0,1.0,5.0,3.0,2.0,5.0,5.0,0.0,1.0,3.0,4.0,2.0,1.0,2.0,,,0.0,0.0,0.0,1.0,4.0,4.0,3.0,2.0,,3.0,1.0,3.0,0.0,4.0,,,0.0,0.0,0.0,,80.0,,42.0,,0.0,0.01,0.23,0.08,1.75,49.15,15.11,0.027,0.144,0.193,,39.17,31.07,30.75,101.03,8.79,117.85,96.29,0.52,10.88,2.3,48.0,0.0,0.0,268.1,0.236,15.96,4.865,13.89,0.072,1.875,4.8,,46.6,90.8,1.611,1.311,21.2,20.17,2.346,4.904,53.0,0.72,1.22,20.8,8.207,57.7,,18.609,4.89,,,1.104,,61.63,1.976,4.2,68.77,0.682,272.5,3.15,31.8,0
55.0,0.0,14.0,2.0,,,,,17.0,86.6,146.4,62.2,53.0,20.0,78.0,81.7,30.829,129.0,163.0,91.0,24.7,43.1,4.7,9.5,8.3,14.2,9.0,7.4,48.1,33.5,2.1,2.2,3.6,2.5,3.4,2.0,,11.7,30.8,38.7,6855.0,48.5,36.1,73.6,36.3,496.0,298.0,336.0,221.0,300.0,3.70706,3.223443,1.336,336.226704,4.4,3.0,,4.0,2.0,,,5.0,159.0,,,,4.0,1.0,0.0,0.0,5.0,5.0,6.0,1.0,0.0,0.0,1.0,5.0,3.0,,1.0,2.0,,3.0,0.0,0.0,4.0,,1.0,11.0,0.0,2.0,1.0,0.0,0.0,9.0,8.0,10.0,8.0,4.0,1.0,0.0,3.0,,0.0,1.0,1.0,1.0,4.0,2.0,3.0,2.0,3.0,10.0,,,,0.0,1.0,2.0,7.0,5.0,,0.0,5.0,1.0,2.0,3.0,18.0,,0.0,1.0,0.0,0.0,,,,,,1.0,0.0,0.05,0.14,1.37,49.82,,0.015,0.829,,1.89,18.87,25.63,,94.61,9.01,117.86,81.42,0.39,3.93,7.6,75.8,0.0,0.0,224.6,0.202,17.37,5.266,12.92,0.023,0.882,10.02,,42.92,366.4,1.738,1.242,25.3,,2.483,7.299,51.1,0.753,1.35,11.2,4.682,58.3,2.227,13.332,5.091,11.84,1898.0,1.416,,44.71,1.545,21.07,75.01,3.731,243.1,2.9,32.4,0
68.0,1.0,10.0,6.0,40.0,12.0,,8.0,14.0,72.1,117.2,49.0,35.0,35.0,100.0,92.4,30.2576,92.0,175.0,87.0,38.9,17.0,1.9,2.3,,8.9,6.6,6.8,,,2.6,0.6,3.3,2.6,1.9,2.3,28.8,23.3,22.8,26.4,5171.0,20.6,23.4,48.6,39.0,748.0,256.0,315.0,269.0,190.0,3.033244,1.640949,0.708,154.907241,4.03,3.0,3.0,,,148.0,4.0,,,12.0,,,1.0,6.0,2.0,5.0,3.0,3.0,1.0,1.0,,,0.0,7.0,4.0,4.0,1.0,3.0,1.0,1.0,2.0,0.0,3.0,,0.0,5.0,2.0,5.0,10.0,5.0,6.0,42.0,8.0,12.0,6.0,6.0,2.0,2.0,2.0,1.0,2.0,1.0,1.0,2.0,2.0,1.0,5.0,1.0,5.0,18.0,1.0,19.0,18.0,,0.0,6.0,0.0,2.0,2.0,5.0,2.0,1.0,3.0,5.0,,,0.0,1.0,0.0,0.0,,,,63.0,0.0,0.0,0.06,0.98,0.27,4.25,34.75,6.87,0.013,0.244,0.247,2.29,36.36,19.17,23.08,96.94,9.15,99.27,79.68,,12.44,2.9,46.0,0.0,0.0,335.6,0.307,17.47,3.585,14.71,0.046,0.774,6.3,16.79,45.59,149.6,1.148,0.827,44.7,11.53,2.403,4.189,46.2,0.645,,348.2,8.102,48.2,1.647,10.641,2.616,43.3,,1.441,,19.05,12.437,,72.01,3.014,160.9,2.67,,0
54.0,1.0,40.0,1.0,102.0,47.0,35.0,,,102.8,159.4,92.0,17.0,32.0,68.0,59.7,20.0608,90.0,173.0,80.0,19.7,25.7,,2.6,7.4,9.0,9.6,6.6,18.7,9.7,0.6,1.0,2.5,4.1,1.6,2.0,26.1,6.4,33.7,30.5,6428.0,32.5,13.0,48.5,35.5,766.0,359.0,,,319.0,3.78565,3.634224,2.217,522.807612,2.49,,,,,7.0,3.0,,,,3.0,3.0,1.0,2.0,5.0,0.0,0.0,0.0,7.0,1.0,0.0,1.0,0.0,9.0,3.0,2.0,2.0,2.0,2.0,3.0,0.0,0.0,2.0,,,0.0,5.0,5.0,1.0,0.0,0.0,37.0,8.0,2.0,2.0,0.0,1.0,2.0,2.0,3.0,2.0,1.0,4.0,0.0,5.0,3.0,4.0,2.0,5.0,,0.0,1.0,0.0,0.0,,2.0,0.0,4.0,2.0,0.0,2.0,3.0,3.0,3.0,23.0,36.0,1.0,1.0,0.0,0.0,,47.0,,,0.0,0.0,0.16,1.65,0.2,2.07,33.64,13.34,0.084,0.294,0.419,1.95,19.96,34.1,,86.0,8.71,119.03,,0.3,3.07,7.17,73.2,0.0,0.0,214.7,0.187,17.7,3.911,16.78,0.078,2.188,9.79,32.26,36.32,46.7,,0.974,41.3,0.93,2.227,,68.0,0.728,1.56,14.2,7.568,38.6,1.535,28.886,,11.35,,1.184,,82.39,7.558,6.15,72.78,1.65,406.3,5.29,39.4,0
46.0,1.0,21.0,6.0,5.0,8.0,,3.0,,93.6,,51.8,52.0,50.0,68.0,62.4,19.3302,89.0,180.0,92.0,7.9,12.2,1.7,2.7,13.9,11.4,10.8,12.2,13.1,13.4,0.4,0.5,4.4,3.8,1.7,2.3,18.5,4.1,43.3,36.2,8982.0,16.5,9.2,57.7,38.4,,269.0,270.0,218.0,178.0,2.887855,2.772341,,341.753943,1.65,,2.0,6.0,3.0,,,4.0,,28.0,1.0,4.0,3.0,2.0,2.0,7.0,0.0,0.0,2.0,3.0,1.0,0.0,0.0,3.0,3.0,1.0,2.0,2.0,1.0,2.0,0.0,2.0,3.0,8.056,1.0,,,1.0,10.0,5.0,0.0,7.0,9.0,2.0,7.0,1.0,3.0,4.0,2.0,2.0,2.0,2.0,1.0,1.0,3.0,1.0,5.0,1.0,4.0,,8.0,1.0,0.0,,1.0,10.0,0.0,3.0,4.0,1.0,3.0,1.0,1.0,5.0,16.0,3.0,0.0,1.0,1.0,0.0,,44.0,,71.0,,0.0,0.08,0.78,0.31,3.1,40.66,12.81,0.027,0.169,0.345,0.92,9.19,26.21,31.51,83.19,7.63,91.03,74.25,0.43,4.33,8.3,82.6,0.0,0.0,,0.228,16.37,4.887,12.79,,1.354,10.04,17.54,48.6,53.7,2.314,0.894,17.3,1.24,2.52,3.527,97.8,0.865,3.53,,4.142,26.0,2.418,16.565,2.827,,,1.385,,,14.745,10.14,68.39,5.528,337.7,6.97,28.0,0
62.0,0.0,7.0,6.0,,,,,,88.4,118.2,67.9,11.0,11.0,114.0,81.0,34.1966,119.0,154.0,84.0,28.1,45.5,6.4,9.8,7.5,5.0,6.6,6.8,53.6,46.8,2.7,3.0,2.5,1.7,2.0,1.8,41.4,16.7,21.1,22.4,5242.0,47.2,44.3,37.9,46.5,671.0,392.0,429.0,259.0,330.0,3.773025,3.453509,,651.688184,2.08,,,3.0,,78.0,,,30.0,306.0,3.0,1.0,3.0,0.0,1.0,4.0,6.0,1.0,0.0,3.0,1.0,1.0,0.0,5.0,3.0,2.0,2.0,3.0,1.0,0.0,1.0,0.0,3.0,78.932,,0.0,0.0,1.0,7.0,4.0,8.0,27.0,5.0,2.0,1.0,2.0,3.0,0.0,1.0,1.0,1.0,1.0,2.0,1.0,4.0,2.0,3.0,2.0,3.0,18.0,3.0,21.0,19.0,0.0,,0.0,5.0,2.0,2.0,0.0,2.0,1.0,3.0,0.0,,2.0,0.0,1.0,0.0,0.0,,,71.0,,0.0,0.0,0.12,2.4,0.18,3.47,30.2,12.8,0.015,0.167,0.268,1.25,,34.94,42.38,82.44,,95.52,82.89,0.36,7.15,3.15,62.3,0.0,0.0,240.3,0.251,16.2,3.663,12.81,0.12,2.117,5.06,22.68,42.92,93.0,2.195,1.481,43.1,14.49,2.515,7.394,46.4,1.246,1.56,173.5,6.36,55.6,1.911,12.486,4.488,91.51,,1.162,10.7,125.93,,,,2.408,271.6,6.93,100.9,0
60.0,0.0,45.0,3.0,,0.0,,,,104.1,161.3,58.3,20.0,10.0,97.0,56.3,24.01,120.0,153.0,78.0,29.4,30.2,5.7,6.9,6.7,7.1,6.2,7.8,23.7,45.8,0.9,3.3,1.7,1.8,1.7,2.4,24.8,7.5,24.9,23.0,5744.0,36.3,35.7,44.0,25.5,799.0,436.0,370.0,299.0,295.0,5.0261,4.072235,2.234,541.886856,,3.0,,,,231.0,,,,126.0,3.0,1.0,3.0,1.0,1.0,7.0,0.0,1.0,1.0,1.0,5.0,0.0,0.0,7.0,3.0,2.0,2.0,3.0,1.0,0.0,0.0,0.0,3.0,42.644,1.0,9.0,0.0,,10.0,1.0,0.0,5.0,5.0,0.0,6.0,2.0,,4.0,5.0,1.0,3.0,1.0,0.0,0.0,3.0,1.0,5.0,2.0,5.0,,1.0,13.0,0.0,0.0,1.0,17.0,,1.0,2.0,,2.0,3.0,2.0,0.0,17.0,3.0,1.0,1.0,0.0,0.0,,73.0,78.0,41.0,,0.0,0.11,1.4,0.07,0.82,32.27,13.63,0.01,0.241,0.248,2.85,35.2,,42.25,,10.22,97.15,72.79,0.28,3.43,4.79,59.1,0.0,0.0,,0.424,16.0,3.86,15.71,0.026,0.981,8.1,8.55,,152.4,1.642,1.111,16.4,0.79,2.364,4.611,69.0,1.031,1.19,109.5,6.418,56.9,,26.421,4.06,,,,16.1,151.66,1.156,4.07,77.6,0.876,467.1,8.15,,0
66.0,1.0,23.0,1.0,75.0,,35.0,,25.0,73.9,141.6,99.7,53.0,37.0,86.0,82.7,27.7397,107.0,173.0,93.0,33.3,28.4,6.8,3.4,11.6,6.2,7.0,7.1,20.5,41.2,3.1,2.0,4.3,3.1,3.5,3.1,42.3,8.2,31.6,25.9,6260.0,37.4,32.0,55.0,38.1,802.0,423.0,436.0,404.0,258.0,2.621457,2.364344,0.338,273.885527,4.64,6.0,,4.0,3.0,30.0,,,30.0,412.0,,2.0,2.0,4.0,1.0,5.0,3.0,0.0,2.0,3.0,2.0,,2.0,10.0,4.0,4.0,1.0,2.0,2.0,1.0,0.0,0.0,3.0,,0.0,15.0,0.0,7.0,1.0,2.0,0.0,8.0,1.0,1.0,0.0,2.0,2.0,1.0,2.0,3.0,5.0,0.0,1.0,3.0,4.0,1.0,4.0,0.0,2.0,1.0,10.0,12.0,0.0,5.0,0.0,1.0,1.0,2.0,3.0,10.0,3.0,3.0,4.0,7.0,30.0,8.0,0.0,0.0,0.0,0.0,73.0,,,,,1.0,0.01,0.07,0.08,0.7,44.75,16.4,0.014,0.353,0.285,1.34,12.41,31.81,36.65,86.79,8.13,94.02,80.1,0.79,7.34,8.58,79.5,0.0,0.0,164.8,0.134,17.71,5.156,13.51,0.078,0.568,10.79,53.74,42.94,70.2,2.182,1.402,40.3,,2.522,8.36,79.9,2.774,1.42,24.1,7.483,57.9,2.227,14.992,5.618,63.86,236.0,1.107,,40.54,18.125,5.87,66.23,7.671,242.0,7.56,43.7,0
59.0,0.0,41.0,1.0,45.0,29.0,27.0,,,74.1,,68.1,22.0,20.0,98.0,94.4,37.7204,122.0,158.0,81.0,31.1,30.7,5.6,4.7,8.5,6.4,6.7,6.3,24.6,14.7,2.6,0.8,2.3,2.1,2.9,2.8,40.6,18.5,24.9,32.4,7035.0,34.1,41.0,43.7,47.7,435.0,283.0,289.0,187.0,240.0,1.641352,1.575698,2.527,304.675845,,,4.0,,,9.0,,3.0,24.0,27.0,2.0,2.0,4.0,0.0,0.0,6.0,0.0,0.0,5.0,1.0,2.0,,0.0,5.0,3.0,2.0,1.0,1.0,1.0,1.0,0.0,0.0,1.0,67.53,1.0,10.0,0.0,,1.0,1.0,0.0,,6.0,13.0,4.0,2.0,3.0,1.0,2.0,2.0,0.0,1.0,1.0,1.0,4.0,1.0,5.0,2.0,3.0,,,6.0,12.0,0.0,1.0,3.0,1.0,4.0,1.0,4.0,3.0,1.0,1.0,9.0,17.0,,0.0,0.0,0.0,1.0,,,,43.0,0.0,1.0,0.09,1.8,0.13,2.58,51.61,16.7,0.012,0.29,0.2,,25.65,30.51,32.36,94.29,8.66,95.39,89.63,0.4,8.05,3.08,61.9,0.0,0.0,222.7,0.193,15.69,5.474,12.47,0.051,1.417,4.98,65.3,,62.2,1.629,1.503,22.2,6.46,2.255,5.857,69.3,1.094,2.79,124.5,4.046,39.3,1.345,18.969,4.108,,,0.955,,,1.485,25.06,68.13,1.076,248.3,7.48,,0
59.0,0.0,18.0,4.0,0.0,26.0,6.0,2.0,,94.6,109.5,64.6,51.0,11.0,118.0,112.6,40.4975,132.0,167.0,90.0,49.2,,9.4,5.5,6.7,6.9,6.6,6.9,42.2,31.8,2.8,3.5,4.5,3.9,2.6,,52.6,23.1,29.4,22.9,5230.0,45.8,53.5,41.0,27.8,534.0,,251.0,221.0,239.0,2.039084,1.342324,,335.282578,1.23,,,,4.0,22.0,,6.0,,,3.0,,2.0,1.0,0.0,6.0,0.0,0.0,1.0,2.0,3.0,1.0,2.0,7.0,2.0,1.0,2.0,1.0,1.0,0.0,0.0,0.0,3.0,,1.0,,0.0,2.0,1.0,0.0,0.0,24.0,6.0,6.0,0.0,8.0,2.0,3.0,2.0,1.0,5.0,4.0,0.0,2.0,0.0,2.0,4.0,1.0,3.0,13.0,1.0,,0.0,0.0,0.0,7.0,2.0,2.0,2.0,1.0,1.0,1.0,2.0,3.0,17.0,,1.0,0.0,1.0,0.0,,,82.0,,,0.0,0.02,0.22,0.12,1.83,38.7,16.03,0.005,0.2,,1.01,14.96,35.11,41.42,84.76,7.81,92.53,86.68,0.71,10.47,4.9,72.5,0.0,0.0,459.0,0.359,15.86,4.566,12.78,0.032,0.505,6.76,19.76,49.5,62.5,1.089,1.523,,15.26,2.517,9.731,86.1,1.307,2.39,88.2,7.845,50.6,,,5.715,13.01,1127.2,0.797,,,2.779,4.25,81.85,0.566,256.8,7.38,26.4,0
61.0,1.0,30.0,2.0,1.0,,46.0,,,96.3,117.8,66.1,52.0,68.0,69.0,100.8,25.3202,98.0,200.0,100.0,23.5,12.4,1.6,1.9,19.8,18.3,19.7,,12.9,26.1,1.1,0.4,5.8,4.8,4.7,4.4,17.7,7.0,51.7,41.7,9699.0,19.7,11.3,,59.3,607.0,300.0,289.0,198.0,197.0,6.070754,4.619404,,683.877887,3.72,,,1.0,1.0,,,,17.0,345.0,,2.0,3.0,7.0,1.0,6.0,4.0,1.0,5.0,1.0,0.0,0.0,0.0,7.0,3.0,3.0,3.0,2.0,1.0,1.0,0.0,1.0,1.0,,1.0,12.0,7.0,0.0,5.0,2.0,4.0,10.0,2.0,13.0,5.0,2.0,3.0,0.0,1.0,1.0,3.0,0.0,0.0,2.0,2.0,2.0,2.0,1.0,1.0,17.0,1.0,0.0,0.0,0.0,,9.0,8.0,4.0,3.0,1.0,5.0,3.0,4.0,8.0,18.0,3.0,0.0,1.0,0.0,1.0,63.0,62.0,,81.0,,0.0,0.01,0.18,0.09,1.4,40.19,11.29,0.013,0.186,0.221,1.74,26.19,,28.09,97.96,11.58,122.9,,0.84,12.67,3.97,59.6,0.0,0.0,294.9,0.342,,4.102,15.98,0.088,1.733,6.66,,40.73,67.3,1.202,0.901,29.9,0.9,2.503,5.458,64.0,,2.83,11.8,3.033,21.9,1.29,,2.226,108.87,,1.017,,16.1,13.669,18.82,75.86,1.492,365.5,3.95,99.0,0
62.0,0.0,34.0,2.0,93.0,16.0,50.0,5.0,16.0,74.0,173.2,100.0,11.0,11.0,115.0,94.1,,115.0,150.0,89.0,49.7,41.9,9.5,9.8,10.8,6.6,6.1,5.8,33.5,45.4,3.3,1.6,2.0,2.2,2.6,1.8,44.9,15.8,21.2,20.2,5169.0,46.3,27.9,43.2,28.9,504.0,347.0,348.0,210.0,232.0,3.948431,,,,3.77,4.0,,,,171.0,5.0,3.0,68.0,336.0,6.0,,,3.0,7.0,6.0,0.0,1.0,6.0,2.0,0.0,0.0,0.0,7.0,4.0,1.0,2.0,2.0,2.0,1.0,0.0,1.0,3.0,,,2.0,0.0,6.0,2.0,3.0,4.0,22.0,6.0,8.0,3.0,10.0,1.0,2.0,3.0,2.0,2.0,3.0,1.0,4.0,3.0,1.0,3.0,1.0,3.0,13.0,,16.0,24.0,3.0,,3.0,3.0,5.0,1.0,7.0,1.0,1.0,1.0,0.0,26.0,10.0,,0.0,0.0,1.0,,76.0,,,,0.0,0.01,0.13,0.14,1.8,43.12,16.08,0.005,0.128,0.158,,19.52,31.34,37.3,84.04,11.72,85.53,73.56,0.68,,5.57,70.1,0.0,0.0,232.0,0.272,15.9,,12.35,0.04,0.894,7.95,70.82,47.47,143.1,2.085,1.516,24.4,0.89,2.241,7.638,,1.368,3.61,184.1,4.391,26.8,3.37,21.45,5.427,,,0.896,,53.22,1.024,,66.17,0.575,,9.29,81.7,0
67.0,0.0,29.0,5.0,2.0,,,,14.0,64.1,113.0,,31.0,33.0,78.0,85.3,22.7491,90.0,194.0,90.0,22.9,37.0,1.9,3.4,12.5,11.2,9.8,7.5,18.2,22.1,0.9,1.3,3.0,4.1,3.6,3.9,41.5,4.0,41.2,39.5,9199.0,,12.5,63.0,34.9,380.0,229.0,246.0,186.0,191.0,1.802093,1.730009,-1.181,147.369506,4.31,,,,1.0,83.0,,4.0,,212.0,3.0,,2.0,2.0,0.0,4.0,2.0,6.0,4.0,3.0,0.0,1.0,0.0,7.0,4.0,2.0,1.0,3.0,2.0,0.0,0.0,0.0,2.0,,2.0,0.0,3.0,5.0,5.0,6.0,0.0,17.0,8.0,1.0,1.0,8.0,2.0,2.0,5.0,2.0,2.0,1.0,1.0,2.0,2.0,1.0,2.0,0.0,3.0,12.0,1.0,,0.0,2.0,,6.0,1.0,3.0,1.0,5.0,4.0,3.0,3.0,0.0,24.0,13.0,1.0,,1.0,1.0,,,,,0.0,1.0,0.01,0.1,0.61,,42.85,15.4,0.04,4.574,0.395,3.43,42.21,,35.94,88.44,9.77,93.34,79.66,0.27,3.35,3.81,46.9,0.0,0.0,194.5,0.19,16.24,4.845,16.29,0.128,2.691,8.12,38.84,53.29,61.2,2.179,1.004,,0.95,2.618,,72.9,0.876,1.98,139.4,9.682,,2.265,,3.724,52.9,1346.1,1.026,,79.12,2.181,22.24,77.78,1.056,245.7,8.18,26.5,0
59.0,1.0,16.0,2.0,14.0,2.0,,,,69.4,165.0,84.5,43.0,27.0,79.0,96.1,30.863,91.0,176.0,90.0,21.4,32.4,1.7,2.4,13.6,13.7,8.3,8.1,29.7,20.7,0.7,0.7,4.3,3.6,4.4,4.1,14.8,5.4,28.7,32.0,9506.0,23.2,16.3,,46.8,602.0,325.0,277.0,221.0,201.0,5.445075,2.667945,,622.75178,3.62,,1.0,,2.0,36.0,,,,,2.0,,2.0,3.0,1.0,6.0,0.0,0.0,1.0,2.0,,1.0,0.0,6.0,3.0,1.0,1.0,2.0,1.0,1.0,1.0,1.0,3.0,,2.0,6.0,7.0,0.0,9.0,2.0,4.0,26.0,5.0,8.0,1.0,3.0,3.0,0.0,2.0,2.0,1.0,0.0,2.0,1.0,,1.0,3.0,2.0,4.0,,1.0,10.0,0.0,0.0,1.0,1.0,4.0,2.0,2.0,0.0,2.0,1.0,3.0,2.0,22.0,2.0,1.0,0.0,0.0,0.0,,,93.0,94.0,,0.0,0.02,0.19,0.05,0.54,36.42,4.92,0.0,0.006,0.054,1.61,17.07,18.65,23.08,101.19,10.82,117.48,92.29,0.48,5.08,7.28,77.1,0.0,0.0,260.1,0.281,18.42,3.599,15.92,0.003,0.078,9.44,25.02,,146.0,1.31,0.76,27.2,14.76,,2.549,48.8,0.69,5.16,74.7,4.831,36.5,1.033,13.138,1.818,,250.8,1.108,,47.25,,17.33,82.17,4.155,241.0,5.16,75.7,0
44.0,0.0,14.0,1.0,88.0,1.0,37.0,7.0,,89.7,125.1,77.8,30.0,39.0,102.0,127.5,38.916,159.0,181.0,84.0,51.0,46.3,9.5,7.4,10.3,13.8,10.3,10.3,49.7,52.5,3.6,3.1,5.4,2.2,3.6,2.3,41.6,24.1,39.5,,5386.0,31.7,53.0,48.4,57.8,790.0,432.0,433.0,330.0,330.0,4.156743,3.990473,,667.457477,3.41,,,,4.0,231.0,,6.0,,25.0,2.0,3.0,2.0,2.0,,4.0,1.0,6.0,7.0,2.0,,2.0,1.0,4.0,1.0,,1.0,2.0,,0.0,0.0,1.0,3.0,,0.0,0.0,0.0,2.0,1.0,5.0,0.0,35.0,9.0,4.0,5.0,1.0,3.0,0.0,2.0,2.0,2.0,1.0,1.0,0.0,1.0,1.0,4.0,2.0,4.0,2.0,9.0,0.0,,,0.0,5.0,1.0,1.0,1.0,0.0,3.0,3.0,3.0,0.0,14.0,44.0,0.0,1.0,0.0,,,48.0,,90.0,,0.0,0.02,0.26,0.01,0.16,44.15,13.05,0.01,0.232,0.279,2.37,33.77,28.11,29.57,95.06,8.92,109.11,89.07,0.73,10.48,3.88,55.3,0.0,0.0,381.9,,15.79,4.644,13.17,0.076,2.421,7.02,46.8,42.43,123.3,1.079,1.138,48.9,8.84,2.552,8.41,49.8,0.755,4.65,61.5,3.924,33.0,,34.292,5.442,4.5,,,,41.04,1.947,5.06,66.73,1.494,283.1,,32.2,0
68.0,1.0,42.0,1.0,,8.0,22.0,5.0,15.0,104.8,136.6,56.8,34.0,32.0,88.0,72.4,21.4444,115.0,184.0,95.0,29.2,33.4,8.2,5.3,13.4,12.6,6.6,6.8,25.6,20.9,1.1,0.9,3.3,3.5,4.4,2.2,17.2,11.5,34.8,26.6,8324.0,29.2,11.2,76.4,42.5,575.0,374.0,281.0,237.0,216.0,3.838794,3.685243,-0.741,241.879424,,5.0,,,6.0,,1.0,,,13.0,1.0,6.0,1.0,6.0,4.0,7.0,6.0,4.0,3.0,2.0,,0.0,0.0,5.0,1.0,2.0,1.0,2.0,2.0,0.0,0.0,0.0,2.0,46.894,2.0,3.0,0.0,1.0,0.0,4.0,0.0,25.0,8.0,1.0,1.0,,2.0,3.0,3.0,2.0,3.0,1.0,1.0,0.0,5.0,1.0,4.0,2.0,6.0,23.0,,,45.0,3.0,0.0,3.0,5.0,1.0,3.0,0.0,3.0,2.0,3.0,6.0,51.0,,,,1.0,1.0,,74.0,,80.0,,0.0,0.08,1.02,0.13,1.61,38.95,15.12,,0.318,0.22,3.63,44.48,33.12,38.81,85.33,7.65,103.26,91.25,0.95,11.62,3.36,41.3,0.0,0.0,146.0,0.112,16.24,4.564,12.85,0.081,2.625,8.15,,39.71,83.8,1.49,1.029,42.7,0.79,2.404,8.294,,0.868,2.11,193.7,7.331,,1.787,12.234,4.299,,,1.184,,24.2,15.255,25.56,71.9,4.731,353.4,4.44,83.4,0
69.0,1.0,21.0,1.0,1.0,7.0,17.0,3.0,18.0,105.2,127.8,98.2,21.0,13.0,123.0,69.3,30.2068,164.0,151.0,87.0,50.2,29.4,7.0,14.8,9.2,6.9,8.3,10.4,37.1,54.6,3.1,2.0,2.8,1.9,2.0,1.8,49.0,27.4,24.8,20.9,5820.0,42.7,31.9,55.0,36.0,581.0,365.0,248.0,202.0,303.0,1.863761,1.789211,,99.855621,2.7,,,,,202.0,3.0,,,543.0,,,2.0,4.0,4.0,6.0,7.0,1.0,5.0,3.0,1.0,2.0,1.0,7.0,4.0,1.0,2.0,1.0,2.0,0.0,2.0,1.0,3.0,14.095,0.0,0.0,7.0,2.0,2.0,2.0,0.0,9.0,0.0,4.0,1.0,1.0,3.0,4.0,1.0,2.0,3.0,1.0,1.0,3.0,5.0,3.0,2.0,1.0,3.0,12.0,10.0,,1.0,3.0,0.0,0.0,8.0,4.0,3.0,0.0,2.0,2.0,3.0,0.0,17.0,37.0,0.0,1.0,0.0,0.0,76.0,76.0,,,,1.0,0.0,0.05,0.0,0.01,35.96,14.11,0.009,0.234,0.307,1.26,13.09,33.8,39.25,86.13,7.71,112.24,80.52,0.92,9.64,7.4,77.2,0.0,0.0,173.5,0.134,18.05,4.175,12.69,0.036,0.589,9.59,50.51,43.24,78.2,,,53.3,12.99,2.394,5.367,99.2,0.654,2.03,,4.101,29.2,1.859,23.461,3.465,7.33,,0.94,,21.15,9.196,6.36,80.23,3.272,,4.51,44.4,0
45.0,0.0,28.0,5.0,,,40.0,,22.0,95.5,173.3,79.3,12.0,11.0,118.0,89.3,38.369,119.0,153.0,83.0,50.1,48.1,6.4,8.8,7.8,7.4,7.9,6.5,50.3,48.4,1.7,3.1,1.8,1.9,1.9,1.9,42.4,11.8,27.8,19.7,9385.0,49.3,35.5,44.6,43.7,580.0,420.0,325.0,205.0,282.0,2.325493,1.903356,-1.061,224.341616,,,,,4.0,,5.0,2.0,,261.0,4.0,2.0,1.0,7.0,5.0,7.0,0.0,1.0,2.0,2.0,2.0,1.0,0.0,9.0,4.0,3.0,2.0,1.0,2.0,0.0,2.0,0.0,2.0,,0.0,9.0,8.0,2.0,9.0,1.0,0.0,3.0,3.0,10.0,1.0,3.0,,2.0,0.0,3.0,1.0,1.0,2.0,1.0,4.0,1.0,5.0,2.0,1.0,17.0,11.0,6.0,,0.0,,2.0,1.0,5.0,2.0,12.0,2.0,3.0,3.0,4.0,30.0,1.0,0.0,1.0,1.0,0.0,,,61.0,88.0,0.0,0.0,0.0,0.06,0.63,7.62,,13.93,0.046,0.922,0.373,3.35,40.28,27.05,31.03,87.18,9.39,112.15,77.51,0.25,3.06,4.07,49.0,0.0,0.0,379.4,,,5.149,12.36,1.699,2.523,8.32,55.46,39.24,90.8,1.871,,50.4,,2.35,,110.7,1.185,1.56,143.8,4.902,31.4,1.324,30.558,5.364,,,1.003,,50.28,2.112,4.15,65.56,2.782,454.1,3.7,67.7,0
53.0,0.0,5.0,1.0,,,,,15.0,67.5,129.8,62.1,9.0,11.0,107.0,87.5,37.6304,122.0,152.0,77.0,37.3,30.0,8.9,7.6,5.3,6.7,5.7,5.9,47.5,45.9,2.9,2.9,1.3,1.7,1.7,1.8,46.8,20.7,21.4,17.2,4730.0,40.5,39.1,31.2,30.7,492.0,271.0,238.0,173.0,174.0,3.123583,2.998639,,460.252306,,1.0,,1.0,6.0,51.0,5.0,,,,2.0,3.0,1.0,1.0,4.0,6.0,0.0,1.0,3.0,2.0,,2.0,2.0,9.0,3.0,,2.0,3.0,1.0,3.0,1.0,1.0,3.0,,2.0,8.0,0.0,0.0,1.0,2.0,0.0,0.0,9.0,1.0,6.0,8.0,2.0,0.0,2.0,4.0,2.0,2.0,,5.0,3.0,2.0,4.0,1.0,2.0,1.0,1.0,,1.0,,0.0,0.0,5.0,,3.0,,4.0,1.0,3.0,3.0,17.0,49.0,1.0,0.0,0.0,0.0,,,,,,0.0,0.04,0.58,0.18,2.37,38.38,12.0,0.024,0.596,0.283,1.29,16.91,27.45,,87.82,,104.82,79.96,0.66,8.66,5.45,71.5,0.0,0.0,133.4,0.103,15.67,4.371,12.05,0.114,1.838,,9.52,49.77,86.0,1.369,1.327,20.6,4.85,2.211,3.88,91.4,0.842,1.3,25.8,,86.2,1.264,14.043,3.866,131.44,1999.7,1.503,,54.43,1.391,4.31,79.48,4.046,,3.95,68.5,0
62.0,0.0,40.0,5.0,,,61.0,2.0,14.0,66.0,115.0,50.2,32.0,41.0,116.0,85.1,32.7244,101.0,161.0,88.0,50.4,51.1,7.8,8.5,7.0,6.3,7.1,6.6,51.4,51.0,3.7,3.0,2.1,2.1,1.8,3.4,42.7,25.2,22.0,26.0,6601.0,47.2,41.0,44.7,35.0,671.0,,278.0,,259.0,4.111331,1.776598,-0.318,247.584454,,6.0,,,,335.0,,,,213.0,5.0,2.0,3.0,3.0,1.0,6.0,2.0,0.0,7.0,2.0,1.0,4.0,0.0,9.0,2.0,2.0,1.0,1.0,,0.0,2.0,0.0,1.0,,0.0,0.0,3.0,7.0,1.0,1.0,0.0,2.0,7.0,4.0,5.0,1.0,3.0,1.0,3.0,2.0,1.0,1.0,2.0,2.0,4.0,1.0,4.0,2.0,3.0,10.0,1.0,0.0,,1.0,,1.0,0.0,2.0,3.0,0.0,1.0,1.0,2.0,0.0,13.0,1.0,1.0,1.0,0.0,,,,84.0,93.0,0.0,0.0,0.02,0.22,0.14,,49.67,16.26,0.023,0.586,0.26,1.58,16.66,30.23,32.74,92.33,8.28,107.36,72.79,0.22,2.31,7.55,79.4,0.0,0.0,413.8,0.343,17.59,5.38,12.96,0.051,1.285,9.51,18.59,,75.5,1.205,1.083,17.1,1.15,2.636,,87.7,0.88,,18.1,4.769,36.0,0.949,35.844,3.862,14.32,,1.302,,102.05,1.44,4.35,76.46,0.902,373.8,5.02,61.0,0
60.0,1.0,0.0,1.0,,14.0,8.0,1.0,21.0,120.2,199.2,49.9,51.0,29.0,111.0,80.2,30.9084,93.0,161.0,91.0,,32.5,2.0,3.1,13.1,11.6,10.1,12.6,48.2,23.9,0.6,1.8,4.8,4.1,4.0,3.3,21.6,10.9,43.6,36.9,10010.0,37.0,44.1,71.3,50.9,444.0,241.0,343.0,205.0,168.0,3.539552,1.762619,2.189,560.649022,,3.0,1.0,,2.0,17.0,,6.0,224.0,103.0,,4.0,1.0,7.0,6.0,7.0,0.0,5.0,7.0,3.0,1.0,,1.0,7.0,3.0,2.0,3.0,3.0,1.0,1.0,0.0,0.0,,,0.0,0.0,7.0,9.0,0.0,2.0,0.0,7.0,10.0,11.0,7.0,18.0,1.0,2.0,2.0,1.0,,1.0,0.0,4.0,3.0,1.0,3.0,2.0,1.0,1.0,0.0,0.0,,1.0,1.0,10.0,0.0,6.0,1.0,0.0,5.0,1.0,1.0,3.0,13.0,,0.0,,0.0,1.0,81.0,85.0,,55.0,,0.0,0.02,,0.0,0.01,49.8,15.67,0.024,0.314,,2.83,23.8,31.49,31.46,100.09,8.96,115.89,95.61,0.69,5.77,8.35,70.3,0.0,0.0,399.4,0.358,16.67,4.975,12.37,0.094,1.051,11.88,39.76,42.25,41.7,1.312,,20.6,4.23,2.214,5.358,62.3,1.041,1.85,30.5,7.291,,1.136,12.495,3.672,,,1.325,,43.42,16.549,6.22,74.86,1.403,278.5,5.63,61.6,0
69.0,0.0,2.0,6.0,3.0,,53.0,3.0,,76.8,147.7,54.9,23.0,20.0,122.0,51.2,21.9338,129.0,153.0,80.0,25.5,50.3,4.2,3.4,6.9,7.6,6.3,6.5,24.5,21.2,1.6,1.0,2.1,1.7,,1.7,29.4,9.8,20.9,,4626.0,40.0,17.8,36.3,,532.0,344.0,401.0,293.0,232.0,1.028426,0.987289,-1.346,,,,,,3.0,22.0,5.0,4.0,1.0,27.0,3.0,,1.0,2.0,1.0,0.0,2.0,0.0,4.0,1.0,2.0,0.0,0.0,8.0,3.0,,1.0,1.0,2.0,0.0,1.0,0.0,3.0,,0.0,16.0,0.0,10.0,14.0,2.0,0.0,18.0,7.0,5.0,0.0,6.0,3.0,2.0,2.0,3.0,4.0,1.0,1.0,1.0,1.0,2.0,4.0,0.0,1.0,,5.0,19.0,30.0,,,0.0,0.0,3.0,4.0,0.0,3.0,2.0,3.0,0.0,15.0,2.0,0.0,1.0,0.0,0.0,,52.0,79.0,,,1.0,0.0,0.03,0.54,4.64,47.58,11.51,0.02,0.667,0.355,2.95,25.32,23.52,24.2,97.19,8.94,115.9,90.99,0.3,2.6,7.85,67.4,0.0,0.0,384.9,0.344,17.75,4.895,13.75,0.073,1.104,11.64,24.66,42.68,75.3,1.954,1.06,16.6,0.7,2.309,4.641,55.8,0.694,1.52,96.2,8.647,51.9,1.985,20.587,2.504,189.0,,1.465,,41.95,2.949,4.88,,4.917,169.7,3.83,31.4,0
63.0,1.0,15.0,2.0,59.0,,,,,103.1,,80.8,36.0,29.0,95.0,79.7,30.2181,94.0,162.0,94.0,38.5,29.8,8.7,6.9,7.8,8.2,6.8,9.0,40.6,49.9,1.9,3.5,2.8,2.9,4.0,4.2,40.8,,23.8,25.6,8415.0,29.3,31.0,77.3,33.5,498.0,238.0,311.0,193.0,200.0,,3.9856,-0.324,,3.76,2.0,,4.0,2.0,25.0,,2.0,188.0,,3.0,4.0,4.0,1.0,1.0,6.0,0.0,6.0,1.0,1.0,,1.0,1.0,8.0,3.0,2.0,3.0,2.0,2.0,0.0,0.0,1.0,3.0,,1.0,7.0,0.0,2.0,1.0,5.0,0.0,14.0,5.0,9.0,1.0,1.0,1.0,2.0,3.0,2.0,0.0,0.0,2.0,0.0,3.0,1.0,3.0,1.0,1.0,,3.0,,13.0,0.0,1.0,1.0,4.0,2.0,2.0,6.0,3.0,1.0,2.0,0.0,14.0,14.0,0.0,0.0,0.0,0.0,,,,,,1.0,0.11,1.01,0.55,5.09,44.62,17.01,0.021,0.842,0.258,1.26,11.67,,38.12,81.26,12.41,100.53,82.03,0.96,8.85,7.95,73.4,,0.0,,0.448,15.84,5.491,13.02,0.057,1.375,10.83,61.71,45.96,104.0,,0.713,55.5,42.92,2.212,4.308,93.6,1.302,4.85,12.8,,33.3,2.373,19.684,2.033,11.38,,0.914,,150.83,17.446,8.65,82.64,4.521,375.0,9.04,23.5,0
64.0,1.0,15.0,6.0,,16.0,54.0,6.0,16.0,107.0,185.4,68.2,30.0,22.0,74.0,68.8,24.6244,103.0,167.0,100.0,17.8,35.9,2.6,4.0,7.2,8.2,9.4,10.9,15.5,26.8,1.4,0.7,2.5,2.7,3.6,4.4,40.2,,40.0,25.3,6337.0,19.8,33.0,74.1,57.4,509.0,308.0,399.0,262.0,303.0,3.296354,2.859244,,181.662106,,,2.0,,,,,,206.0,12.0,4.0,2.0,2.0,2.0,,6.0,0.0,6.0,2.0,3.0,2.0,,1.0,7.0,4.0,3.0,1.0,3.0,,0.0,2.0,0.0,3.0,6.457,1.0,,5.0,3.0,1.0,3.0,0.0,35.0,6.0,0.0,5.0,1.0,1.0,2.0,3.0,2.0,2.0,3.0,3.0,1.0,4.0,3.0,5.0,1.0,3.0,,0.0,0.0,,0.0,1.0,9.0,1.0,3.0,2.0,,2.0,1.0,2.0,0.0,,,0.0,1.0,1.0,0.0,,,89.0,80.0,,1.0,0.01,0.19,0.05,1.05,33.66,14.6,0.026,0.747,0.409,0.23,4.84,36.48,43.37,84.1,,101.98,79.56,0.61,13.04,3.77,80.9,0.0,0.0,251.7,0.255,17.7,4.002,12.43,0.045,1.172,4.66,16.7,43.12,,,1.016,52.2,20.13,2.462,4.686,67.7,0.703,1.01,26.1,,,0.845,22.818,3.115,17.78,1700.9,0.943,,40.39,12.436,14.01,64.62,5.025,281.2,6.22,53.8,0
66.0,0.0,16.0,1.0,0.0,,49.0,,18.0,80.3,124.7,54.3,4.0,13.0,79.0,64.4,25.1404,89.0,160.0,86.0,21.1,23.3,1.7,2.4,5.9,6.0,5.9,6.5,21.7,28.8,2.2,0.4,2.0,1.7,1.8,2.3,39.8,9.8,24.1,25.9,4803.0,25.0,20.7,52.2,30.4,759.0,414.0,449.0,246.0,324.0,3.452666,2.0363,,,3.21,,,3.0,,,,4.0,3.0,8.0,1.0,3.0,1.0,6.0,1.0,4.0,4.0,5.0,6.0,1.0,0.0,0.0,0.0,7.0,3.0,2.0,1.0,2.0,2.0,0.0,0.0,2.0,,,,14.0,0.0,3.0,3.0,3.0,70.0,9.0,5.0,3.0,6.0,0.0,2.0,1.0,2.0,2.0,2.0,2.0,2.0,3.0,4.0,4.0,5.0,1.0,5.0,1.0,,16.0,9.0,4.0,,9.0,1.0,4.0,2.0,11.0,1.0,2.0,4.0,0.0,19.0,31.0,0.0,1.0,0.0,0.0,63.0,92.0,,54.0,,1.0,0.0,0.01,0.62,5.39,40.31,14.96,0.036,0.637,0.344,2.22,19.23,29.46,37.12,79.37,9.41,85.83,77.17,0.78,6.73,7.92,68.6,0.0,0.0,387.4,0.364,15.59,5.079,12.56,0.121,2.756,11.53,50.9,44.87,143.9,1.175,1.071,23.8,1.22,2.28,5.079,104.8,0.877,,22.8,4.074,39.6,1.295,22.144,2.983,8.0,,0.877,,13.89,1.249,5.63,,0.57,384.7,4.51,39.1,0
58.0,0.0,19.0,1.0,92.0,7.0,13.0,,20.0,76.9,121.8,53.1,22.0,15.0,107.0,66.6,26.5839,116.0,158.0,85.0,29.0,40.3,3.4,2.0,6.0,6.4,6.6,6.1,23.3,36.4,1.0,0.8,3.6,2.4,2.1,2.8,32.2,8.7,22.7,22.1,5277.0,47.9,48.8,44.2,40.2,583.0,418.0,392.0,264.0,265.0,3.329012,2.513099,,291.595839,,,,4.0,,,,4.0,,22.0,4.0,2.0,2.0,4.0,4.0,3.0,3.0,3.0,3.0,2.0,1.0,1.0,0.0,6.0,4.0,4.0,3.0,2.0,2.0,0.0,0.0,2.0,2.0,42.695,2.0,0.0,2.0,10.0,7.0,4.0,3.0,5.0,0.0,1.0,6.0,1.0,2.0,4.0,4.0,2.0,3.0,3.0,5.0,1.0,4.0,2.0,2.0,2.0,3.0,,21.0,9.0,24.0,,,2.0,0.0,2.0,3.0,,2.0,2.0,3.0,0.0,,36.0,0.0,1.0,0.0,0.0,,,63.0,,,0.0,0.0,0.0,0.4,3.39,41.8,12.39,0.029,1.013,0.427,3.52,29.56,28.73,29.64,96.91,,103.55,95.58,0.71,5.93,7.29,61.1,0.0,0.0,199.3,0.238,15.86,,13.17,0.13,2.603,11.93,13.82,49.76,116.4,1.69,0.731,38.9,0.34,2.517,6.383,46.3,0.845,1.22,17.4,3.771,45.4,1.216,14.573,2.627,19.8,,0.785,,,0.929,11.8,74.18,4.477,428.2,5.14,70.4,0
48.0,1.0,7.0,2.0,25.0,,,,,64.5,165.8,66.0,28.0,29.0,97.0,88.1,34.2978,132.0,160.0,80.0,48.6,53.8,9.1,7.4,9.0,6.3,5.7,11.7,52.4,26.5,2.2,3.2,2.6,2.0,3.4,1.8,41.9,20.3,27.0,26.0,4898.0,38.7,53.3,46.8,26.6,669.0,310.0,371.0,251.0,195.0,1.633699,1.274042,-0.561,227.130609,,3.0,,,,,3.0,,,20.0,,3.0,1.0,3.0,1.0,6.0,0.0,1.0,8.0,1.0,1.0,,0.0,9.0,1.0,2.0,2.0,2.0,1.0,0.0,0.0,0.0,2.0,2.102,0.0,0.0,0.0,10.0,10.0,1.0,0.0,21.0,2.0,1.0,6.0,9.0,1.0,3.0,2.0,3.0,3.0,1.0,2.0,1.0,4.0,1.0,4.0,2.0,2.0,1.0,4.0,,,0.0,,1.0,2.0,1.0,3.0,,2.0,2.0,2.0,0.0,21.0,39.0,0.0,,,0.0,,56.0,,,0.0,0.0,0.0,0.03,0.05,0.52,47.85,,0.033,0.102,0.347,3.47,35.94,28.2,32.5,86.77,11.35,92.99,,0.22,2.31,5.91,61.2,0.0,0.0,217.0,0.246,15.71,5.514,12.56,0.062,0.852,9.66,12.25,48.77,96.5,1.987,0.611,39.3,,2.496,4.562,55.1,0.839,1.06,16.1,5.848,56.5,2.041,21.216,1.94,5.56,,0.887,67.9,,14.914,12.23,83.19,3.373,176.9,3.49,85.1,0
42.0,1.0,2.0,2.0,65.0,39.0,24.0,,15.0,86.9,122.5,67.5,7.0,21.0,70.0,46.7,19.6221,93.0,154.0,84.0,23.3,12.4,1.3,3.6,9.5,9.9,8.2,8.1,16.4,12.9,0.5,0.6,2.3,2.0,2.4,1.8,13.5,9.9,22.0,19.7,4867.0,13.3,10.4,44.8,27.2,668.0,400.0,450.0,303.0,307.0,1.813647,,,45.262487,,,3.0,3.0,4.0,34.0,,4.0,,21.0,4.0,4.0,2.0,0.0,0.0,5.0,3.0,3.0,6.0,1.0,5.0,0.0,0.0,9.0,3.0,,3.0,3.0,2.0,3.0,0.0,0.0,2.0,14.198,2.0,2.0,2.0,3.0,8.0,3.0,0.0,,4.0,6.0,8.0,5.0,2.0,3.0,2.0,5.0,1.0,3.0,1.0,0.0,4.0,4.0,5.0,0.0,5.0,,20.0,,22.0,5.0,,5.0,0.0,2.0,4.0,9.0,1.0,1.0,3.0,,27.0,,0.0,1.0,1.0,1.0,,74.0,,,,1.0,,0.34,0.6,12.68,51.36,16.13,0.006,0.097,0.351,1.7,35.92,31.72,31.4,101.01,7.76,123.11,94.96,0.43,,1.99,42.0,0.0,0.0,217.6,0.169,17.83,5.085,16.97,0.019,0.943,4.73,68.11,49.37,83.7,1.493,1.133,24.9,0.34,2.225,8.053,107.9,1.312,3.37,,,62.5,1.479,35.303,4.347,153.6,1869.4,1.199,,80.73,13.61,7.46,75.85,3.655,407.7,6.41,,0
67.0,0.0,24.0,2.0,3.0,10.0,,8.0,21.0,80.3,174.4,54.6,10.0,13.0,117.0,51.9,22.0476,120.0,153.0,80.0,39.1,38.5,7.7,2.3,6.4,6.8,7.9,6.4,27.4,23.6,1.1,1.8,2.1,2.3,2.1,1.8,45.4,17.6,20.6,22.1,5386.0,32.0,45.0,36.7,36.6,532.0,397.0,447.0,258.0,317.0,5.159606,3.584345,2.531,401.421497,3.64,,2.0,,,9.0,,4.0,,19.0,2.0,,2.0,1.0,0.0,1.0,3.0,1.0,6.0,2.0,,2.0,0.0,6.0,3.0,3.0,1.0,2.0,2.0,2.0,0.0,2.0,3.0,82.452,0.0,5.0,6.0,6.0,0.0,1.0,7.0,22.0,5.0,3.0,1.0,5.0,3.0,3.0,3.0,2.0,1.0,3.0,2.0,0.0,2.0,2.0,3.0,2.0,3.0,0.0,0.0,21.0,,,,1.0,8.0,3.0,2.0,0.0,2.0,2.0,3.0,6.0,,3.0,0.0,0.0,0.0,1.0,,,83.0,,,0.0,0.13,1.95,0.0,0.05,50.44,15.86,0.013,0.25,0.354,1.01,15.48,29.56,31.45,94.0,9.1,104.51,91.74,0.34,5.27,5.03,77.3,0.0,0.0,171.2,0.156,17.81,5.365,15.76,0.032,1.236,6.51,20.98,,59.4,2.156,1.152,40.6,21.27,2.225,5.316,96.9,0.949,1.5,71.9,6.04,59.5,2.176,26.875,5.27,4.82,,0.97,,135.96,1.62,5.76,66.61,4.28,222.9,5.17,40.2,0
57.0,0.0,2.0,4.0,91.0,,,6.0,25.0,103.4,,65.3,14.0,31.0,108.0,110.9,35.4932,130.0,177.0,97.0,47.2,47.0,3.5,7.0,13.3,8.3,6.5,10.1,44.9,31.2,3.0,2.5,3.2,2.0,4.1,2.2,45.9,13.7,24.2,30.2,7826.0,43.5,42.7,44.3,49.8,773.0,467.0,347.0,300.0,225.0,5.145143,4.445336,1.811,563.678472,3.69,,,,,,,1.0,,100.0,2.0,,2.0,1.0,1.0,2.0,6.0,6.0,1.0,2.0,1.0,1.0,0.0,6.0,4.0,1.0,2.0,2.0,2.0,0.0,0.0,0.0,3.0,,1.0,8.0,6.0,0.0,1.0,5.0,0.0,28.0,1.0,1.0,1.0,6.0,2.0,1.0,2.0,0.0,3.0,1.0,5.0,1.0,3.0,3.0,5.0,2.0,3.0,15.0,,,,,,0.0,3.0,6.0,2.0,5.0,3.0,2.0,4.0,10.0,13.0,12.0,0.0,,0.0,0.0,75.0,,,,,0.0,0.02,0.31,0.38,6.87,31.73,11.84,0.012,0.376,0.188,1.33,24.12,32.83,37.31,87.98,10.06,104.5,75.03,,6.64,3.41,62.1,0.0,0.0,263.0,0.264,17.57,3.606,15.33,0.046,0.753,5.5,14.01,46.18,76.4,1.428,1.218,56.8,0.82,2.275,5.469,49.9,0.787,3.62,23.9,3.608,38.4,,13.632,4.022,160.76,266.9,0.871,,20.83,,10.31,,0.674,232.7,5.47,126.6,0
66.0,0.0,29.0,6.0,4.0,45.0,9.0,,,64.5,123.1,53.4,11.0,8.0,103.0,97.3,41.5558,100.0,153.0,78.0,31.6,35.3,5.1,2.5,6.2,5.7,6.0,4.9,47.1,36.7,1.0,3.2,1.6,1.8,1.8,1.1,19.4,13.7,19.4,15.9,3842.0,48.7,23.1,42.5,26.9,791.0,465.0,750.0,427.0,327.0,2.213849,1.355412,0.082,98.023265,,3.0,,,,,5.0,4.0,52.0,,3.0,1.0,2.0,3.0,0.0,3.0,2.0,1.0,3.0,2.0,1.0,0.0,2.0,9.0,3.0,1.0,1.0,2.0,1.0,1.0,0.0,0.0,,,0.0,,0.0,0.0,7.0,7.0,5.0,6.0,10.0,5.0,6.0,0.0,3.0,2.0,4.0,2.0,4.0,2.0,1.0,1.0,5.0,2.0,3.0,2.0,3.0,1.0,0.0,,0.0,,0.0,0.0,0.0,6.0,4.0,0.0,3.0,1.0,5.0,12.0,24.0,1.0,0.0,,1.0,,,90.0,,,,0.0,0.02,0.3,0.48,7.75,46.92,14.42,0.043,0.811,0.328,1.59,25.52,26.51,30.73,86.26,11.96,91.77,,0.45,7.14,3.7,59.3,0.0,0.0,132.5,0.158,16.19,5.44,12.28,0.414,2.464,6.24,18.4,41.09,129.1,1.128,,21.7,9.86,,7.065,62.1,0.738,3.45,47.0,4.705,26.0,1.565,,5.3,114.68,,1.532,,31.42,1.363,4.49,68.22,1.503,207.5,4.41,18.1,0
55.0,0.0,1.0,1.0,,45.0,,3.0,,92.0,158.4,51.4,11.0,42.0,81.0,110.5,38.3815,127.0,170.0,79.0,50.2,42.2,7.8,8.6,6.6,7.0,6.9,,38.3,47.8,2.5,3.2,2.2,2.0,1.8,2.4,36.7,20.2,27.3,23.6,6088.0,40.7,43.0,40.3,28.6,784.0,462.0,420.0,296.0,305.0,,,-0.936,,4.25,,2.0,,3.0,8.0,4.0,,20.0,25.0,7.0,3.0,2.0,3.0,0.0,5.0,0.0,1.0,6.0,1.0,1.0,0.0,1.0,8.0,3.0,2.0,2.0,2.0,1.0,1.0,1.0,0.0,2.0,,1.0,12.0,3.0,1.0,10.0,6.0,0.0,21.0,5.0,13.0,7.0,1.0,2.0,2.0,3.0,2.0,0.0,2.0,1.0,1.0,,2.0,5.0,1.0,4.0,,0.0,,,0.0,,2.0,1.0,3.0,2.0,0.0,4.0,1.0,2.0,0.0,13.0,,0.0,0.0,1.0,1.0,,33.0,,,,0.0,0.0,0.02,0.48,6.33,48.17,14.07,0.036,0.347,0.289,1.36,17.78,27.15,29.21,92.94,7.95,100.23,79.69,0.24,3.17,5.55,72.7,0.0,0.0,218.0,0.173,18.09,5.183,12.25,0.046,1.678,7.64,19.11,44.16,117.0,1.155,1.003,20.1,4.02,2.191,5.746,46.8,0.922,1.58,25.3,9.667,55.1,1.198,17.367,,,,1.376,,144.61,0.771,5.36,,3.132,405.5,3.56,44.1,0
52.0,1.0,2.0,2.0,,,58.0,8.0,20.0,64.3,102.7,59.6,51.0,20.0,67.0,63.1,20.0778,87.0,177.0,95.0,20.5,21.6,2.0,2.1,12.6,12.6,8.8,7.3,18.6,16.6,0.4,0.6,,4.3,1.8,2.1,14.1,,42.5,36.1,8142.0,14.4,21.2,49.5,41.2,645.0,388.0,307.0,320.0,328.0,5.553489,4.309105,,601.022055,,,,4.0,,308.0,3.0,4.0,,,,2.0,2.0,1.0,5.0,1.0,0.0,2.0,0.0,2.0,0.0,0.0,0.0,9.0,4.0,,3.0,2.0,,1.0,0.0,0.0,4.0,,2.0,0.0,4.0,0.0,3.0,1.0,0.0,6.0,1.0,6.0,0.0,8.0,1.0,2.0,2.0,3.0,2.0,2.0,1.0,1.0,3.0,2.0,5.0,2.0,2.0,0.0,,,0.0,3.0,,1.0,2.0,2.0,1.0,,5.0,1.0,5.0,0.0,36.0,,,1.0,0.0,0.0,,81.0,,,0.0,0.0,0.15,1.53,0.16,,,9.34,,0.13,0.219,2.63,26.85,32.49,40.03,81.17,8.83,,,0.32,3.29,6.52,66.6,0.0,0.0,340.0,0.3,17.82,2.874,12.05,0.04,1.604,9.78,15.09,,86.1,1.423,0.697,18.7,0.35,2.375,4.48,82.0,1.08,1.7,64.2,3.634,26.0,1.21,20.141,3.087,86.71,,,,132.99,17.193,35.59,71.0,1.148,,3.64,25.8,0
47.0,0.0,18.0,1.0,,,,7.0,22.0,74.5,108.1,87.7,56.0,10.0,83.0,74.6,31.9183,100.0,153.0,82.0,47.9,36.8,2.8,5.7,6.4,12.1,6.6,7.0,33.8,45.5,0.8,1.1,3.2,2.1,2.7,2.4,23.7,27.4,27.9,33.3,5953.0,36.6,52.8,38.2,38.6,473.0,356.0,371.0,263.0,205.0,3.579826,3.436633,,337.576713,4.24,,,,4.0,349.0,,4.0,451.0,99.0,5.0,5.0,0.0,4.0,6.0,,3.0,0.0,5.0,2.0,3.0,0.0,0.0,8.0,2.0,3.0,1.0,2.0,,1.0,0.0,0.0,2.0,,0.0,0.0,0.0,3.0,3.0,6.0,8.0,4.0,6.0,0.0,7.0,1.0,2.0,2.0,1.0,2.0,5.0,2.0,1.0,1.0,3.0,1.0,3.0,2.0,3.0,1.0,0.0,0.0,0.0,,0.0,8.0,0.0,1.0,3.0,7.0,3.0,1.0,2.0,0.0,30.0,1.0,0.0,1.0,1.0,0.0,83.0,,80.0,87.0,0.0,0.0,0.18,3.3,0.07,1.31,34.59,11.74,0.016,0.741,0.364,1.11,20.5,30.11,33.94,88.73,7.31,90.23,78.65,0.36,6.64,3.68,68.2,0.0,0.0,386.6,0.282,16.42,3.898,,0.123,2.258,,71.7,49.47,46.1,1.414,1.024,55.2,5.85,2.224,4.017,50.4,0.966,1.56,168.8,3.656,54.7,,,3.041,,,1.041,,,,16.75,76.47,3.283,321.5,5.0,27.6,0
68.0,0.0,6.0,1.0,,40.0,8.0,,16.0,,144.7,69.7,11.0,16.0,120.0,92.2,40.825,132.0,150.0,79.0,44.1,50.1,,9.9,6.4,6.2,5.8,6.0,53.0,55.2,3.6,3.0,1.9,2.1,2.1,2.2,36.2,23.0,21.8,20.0,4631.0,45.3,,35.7,24.4,739.0,436.0,444.0,285.0,334.0,3.039146,2.91758,-0.625,351.737699,4.67,,,6.0,,,,6.0,81.0,28.0,,3.0,2.0,1.0,4.0,2.0,3.0,,5.0,2.0,,3.0,0.0,10.0,3.0,2.0,1.0,1.0,2.0,0.0,0.0,1.0,3.0,,0.0,0.0,0.0,,0.0,6.0,0.0,4.0,7.0,25.0,6.0,9.0,3.0,3.0,3.0,1.0,4.0,1.0,0.0,0.0,3.0,1.0,2.0,2.0,2.0,2.0,,0.0,,0.0,1.0,7.0,1.0,3.0,1.0,12.0,4.0,1.0,3.0,11.0,17.0,,0.0,,0.0,0.0,,78.0,,94.0,,0.0,0.16,3.87,0.13,,43.64,16.39,0.015,1.855,0.237,0.27,6.7,34.3,37.56,91.3,8.21,102.59,95.12,0.91,22.4,2.6,63.8,0.0,0.0,307.2,0.252,,,11.57,0.115,0.554,4.07,10.68,48.91,83.1,1.562,1.379,20.2,6.22,2.573,6.132,57.1,1.353,7.11,68.2,4.028,38.5,1.996,27.898,5.075,,461.1,,,123.72,4.427,5.2,75.52,4.523,290.6,6.59,12.2,0
59.0,1.0,43.0,1.0,59.0,38.0,,3.0,22.0,94.6,134.7,72.4,33.0,27.0,109.0,67.2,25.3013,102.0,163.0,86.0,29.9,18.7,2.5,5.6,9.8,9.0,8.7,10.8,35.9,30.5,3.1,0.8,3.0,3.0,,3.8,31.1,18.3,33.2,37.9,6996.0,32.9,12.7,75.0,54.2,476.0,236.0,269.0,182.0,,2.752349,2.311733,-0.018,347.2863,2.54,6.0,,5.0,,357.0,,,,,,,4.0,6.0,6.0,7.0,0.0,6.0,6.0,3.0,,2.0,0.0,7.0,3.0,,2.0,3.0,1.0,0.0,0.0,2.0,3.0,71.7,0.0,16.0,0.0,2.0,1.0,2.0,3.0,4.0,7.0,8.0,1.0,0.0,1.0,0.0,1.0,2.0,2.0,3.0,4.0,0.0,3.0,1.0,5.0,1.0,3.0,,,25.0,,5.0,0.0,1.0,,1.0,2.0,0.0,3.0,3.0,3.0,0.0,29.0,2.0,,,1.0,,74.0,45.0,,68.0,,1.0,0.18,3.23,0.26,4.56,48.19,,0.03,0.182,0.22,1.34,23.82,31.36,35.3,88.85,7.49,119.52,95.78,0.62,10.95,3.24,57.5,0.0,0.0,193.5,0.145,17.53,5.424,12.88,0.087,0.476,5.63,49.7,48.82,120.5,1.267,0.851,,1.09,2.438,4.409,89.5,0.666,1.67,132.8,4.702,37.0,,17.932,3.138,12.68,,1.123,,59.79,,5.18,72.1,0.619,373.3,4.38,47.6,0
49.0,1.0,5.0,4.0,0.0,0.0,49.0,,,,171.3,54.9,25.0,50.0,80.0,49.5,18.2302,86.0,165.0,81.0,22.8,12.8,1.4,2.3,11.7,11.6,7.6,7.4,15.0,14.9,0.7,0.4,3.8,2.6,3.0,2.2,19.4,5.3,40.6,24.1,5802.0,25.3,9.4,46.1,34.9,538.0,305.0,237.0,222.0,235.0,2.608455,1.547309,,,,,,1.0,,155.0,4.0,5.0,,399.0,2.0,4.0,1.0,2.0,2.0,4.0,0.0,0.0,7.0,2.0,1.0,1.0,0.0,5.0,3.0,4.0,2.0,2.0,1.0,0.0,2.0,1.0,,,1.0,5.0,4.0,49.0,3.0,1.0,0.0,33.0,9.0,2.0,3.0,1.0,2.0,2.0,1.0,3.0,2.0,3.0,0.0,2.0,4.0,3.0,5.0,2.0,6.0,2.0,4.0,10.0,15.0,4.0,1.0,0.0,1.0,1.0,2.0,14.0,5.0,3.0,3.0,0.0,14.0,7.0,1.0,,1.0,1.0,,46.0,,,,0.0,0.2,3.08,0.55,8.72,44.94,12.93,0.007,0.141,0.222,3.17,49.83,27.93,28.76,97.11,9.2,117.42,81.82,0.37,5.85,2.07,32.5,0.0,0.0,148.4,0.137,16.77,4.627,22.36,0.046,2.019,6.36,25.16,,122.4,1.895,,33.1,0.5,2.322,6.535,46.8,0.75,1.05,19.3,4.396,27.7,1.257,19.154,2.663,14.27,,0.81,,39.62,13.701,15.51,71.85,1.877,200.4,3.72,39.5,0
62.0,1.0,37.0,4.0,24.0,4.0,34.0,6.0,,106.2,157.3,62.7,8.0,31.0,86.0,92.5,39.7041,97.0,153.0,78.0,15.3,14.6,2.0,3.2,6.1,7.6,6.2,7.5,32.6,27.9,2.1,0.6,2.6,4.0,2.3,3.0,24.5,5.6,21.1,20.1,5743.0,23.8,12.2,48.7,35.1,720.0,399.0,397.0,330.0,288.0,4.599456,3.993706,-0.818,643.957017,,4.0,4.0,3.0,5.0,12.0,2.0,1.0,5.0,,3.0,5.0,3.0,1.0,0.0,7.0,0.0,6.0,5.0,1.0,,,0.0,8.0,2.0,,1.0,2.0,2.0,0.0,0.0,1.0,,,0.0,0.0,0.0,1.0,2.0,0.0,0.0,4.0,2.0,3.0,6.0,1.0,3.0,3.0,5.0,2.0,2.0,1.0,0.0,2.0,3.0,2.0,4.0,0.0,,,,23.0,23.0,,1.0,4.0,0.0,2.0,2.0,0.0,4.0,2.0,3.0,0.0,27.0,46.0,1.0,0.0,0.0,,,93.0,90.0,,,1.0,0.06,1.13,0.13,2.37,34.89,14.86,0.033,0.242,0.341,1.25,22.82,37.71,,88.51,8.79,106.3,83.89,0.37,6.72,3.67,67.0,0.0,0.0,205.3,0.181,16.34,3.942,13.71,0.094,0.545,5.48,10.13,,78.5,1.465,1.576,20.0,0.97,2.323,7.137,103.1,0.894,1.02,73.2,5.393,,1.411,26.372,3.484,188.45,,0.767,,39.99,19.249,7.97,72.0,5.478,356.2,8.75,101.6,0
47.0,1.0,15.0,5.0,66.0,19.0,54.0,,,89.9,114.0,63.4,16.0,25.0,106.0,89.7,27.1012,117.0,182.0,84.0,26.1,48.4,8.8,9.2,11.9,9.7,7.5,9.9,27.7,29.1,2.4,1.7,3.8,2.0,3.1,4.1,21.1,5.3,23.8,26.1,5768.0,31.7,30.9,77.3,56.3,659.0,292.0,248.0,270.0,225.0,5.764331,4.982879,,627.02067,,2.0,,,,8.0,3.0,3.0,,,3.0,4.0,4.0,0.0,0.0,0.0,3.0,11.0,1.0,1.0,,2.0,0.0,8.0,2.0,2.0,3.0,2.0,2.0,1.0,1.0,0.0,3.0,12.532,0.0,0.0,4.0,1.0,,1.0,3.0,6.0,3.0,5.0,0.0,2.0,3.0,2.0,2.0,2.0,5.0,1.0,1.0,2.0,5.0,2.0,2.0,2.0,5.0,2.0,9.0,0.0,0.0,0.0,1.0,,0.0,4.0,3.0,14.0,3.0,1.0,2.0,0.0,30.0,40.0,0.0,1.0,1.0,0.0,,91.0,,84.0,,0.0,0.0,0.01,0.39,3.69,44.4,16.52,0.014,0.149,0.293,2.0,18.73,31.58,37.21,84.87,7.72,76.61,81.81,0.72,6.77,7.56,70.8,0.0,0.0,238.6,0.184,16.89,5.232,15.92,0.035,1.645,10.68,12.2,50.05,99.9,,1.218,18.7,4.21,2.406,4.065,58.3,1.108,1.41,15.8,3.715,26.0,2.363,26.259,3.476,15.94,,1.28,,,,5.77,68.22,0.66,166.1,3.08,28.2,0
69.0,1.0,4.0,1.0,88.0,49.0,17.0,,,79.7,186.8,52.9,22.0,35.0,116.0,91.6,40.0103,113.0,151.0,89.0,36.9,33.3,9.6,10.0,7.7,7.4,11.1,,33.5,60.1,3.8,3.7,4.1,2.0,2.0,1.8,48.1,23.8,23.3,24.1,4802.0,48.1,25.4,47.2,36.0,698.0,418.0,366.0,208.0,246.0,1.542985,1.35162,-1.408,102.228235,,,,5.0,,55.0,,,,256.0,3.0,5.0,0.0,1.0,5.0,7.0,7.0,3.0,6.0,3.0,,0.0,0.0,5.0,3.0,3.0,1.0,1.0,2.0,2.0,0.0,0.0,4.0,,,7.0,0.0,1.0,0.0,1.0,0.0,7.0,4.0,4.0,1.0,1.0,1.0,2.0,3.0,1.0,0.0,2.0,4.0,0.0,4.0,1.0,4.0,2.0,3.0,,,33.0,,,1.0,2.0,,1.0,3.0,,3.0,1.0,3.0,0.0,14.0,1.0,0.0,1.0,0.0,1.0,,83.0,90.0,44.0,,0.0,0.02,0.18,0.48,5.0,44.77,13.8,0.019,0.288,0.219,2.0,20.78,27.62,30.83,,11.47,97.92,86.44,0.64,6.68,6.48,67.3,0.0,0.0,283.6,0.325,16.02,4.999,12.31,0.028,,9.62,19.18,40.29,81.0,1.503,1.334,31.4,5.54,2.26,7.48,765.4,5.258,1.02,52.5,5.552,33.9,1.339,27.3,5.161,33.73,176.3,1.422,,36.74,11.633,14.83,68.44,1.671,547.1,8.67,34.6,0
52.0,0.0,27.0,3.0,2.0,,,1.0,8.0,81.3,159.0,48.9,21.0,23.0,116.0,57.2,25.3383,88.0,150.0,79.0,20.9,16.1,1.4,2.9,6.7,7.0,6.7,5.6,17.3,26.8,1.2,1.4,1.7,1.4,1.9,2.1,24.1,,20.4,19.7,4561.0,22.8,9.1,36.3,49.5,465.0,252.0,255.0,213.0,195.0,4.780517,3.399255,-0.37,,3.19,4.0,,2.0,,34.0,2.0,,,50.0,3.0,,3.0,0.0,0.0,7.0,3.0,0.0,4.0,3.0,2.0,1.0,1.0,6.0,3.0,2.0,1.0,2.0,1.0,0.0,0.0,1.0,3.0,13.006,0.0,6.0,2.0,9.0,5.0,3.0,0.0,1.0,2.0,12.0,0.0,6.0,2.0,2.0,3.0,0.0,2.0,1.0,0.0,1.0,5.0,4.0,5.0,2.0,3.0,10.0,12.0,,5.0,3.0,1.0,1.0,6.0,2.0,2.0,0.0,4.0,1.0,5.0,0.0,22.0,,1.0,1.0,0.0,0.0,,78.0,,97.0,1.0,0.0,0.02,0.23,,0.0,31.3,,0.021,0.312,0.355,3.16,36.26,31.57,39.05,80.86,11.51,98.93,75.27,0.66,7.61,4.87,,0.0,0.0,235.0,0.27,16.25,3.871,12.55,0.09,2.669,8.71,14.81,41.29,152.0,1.878,1.483,18.5,1.01,2.215,7.051,57.4,0.76,2.22,33.0,4.264,33.2,2.337,35.374,,7.54,,0.818,,118.4,1.988,5.01,77.55,2.526,310.9,5.6,36.4,0
47.0,0.0,14.0,4.0,,,11.0,,16.0,64.7,161.3,69.6,9.0,14.0,79.0,50.3,22.2111,124.0,150.0,84.0,18.5,33.3,3.4,3.4,8.6,5.9,5.8,7.4,23.9,14.1,0.7,1.3,2.1,2.2,1.7,1.9,23.6,9.4,23.9,22.4,4697.0,36.4,21.7,36.4,24.4,602.0,347.0,338.0,254.0,272.0,4.868538,,0.188,463.589248,1.89,1.0,,,,345.0,3.0,,,238.0,1.0,,2.0,,4.0,6.0,4.0,0.0,1.0,3.0,2.0,1.0,2.0,,3.0,1.0,2.0,3.0,2.0,1.0,2.0,2.0,4.0,13.668,1.0,7.0,7.0,0.0,6.0,6.0,3.0,3.0,7.0,1.0,0.0,7.0,2.0,0.0,3.0,1.0,1.0,0.0,1.0,0.0,2.0,2.0,3.0,2.0,3.0,2.0,8.0,0.0,,0.0,,2.0,,4.0,1.0,0.0,1.0,1.0,4.0,6.0,20.0,16.0,0.0,1.0,1.0,1.0,,54.0,,,0.0,0.0,0.12,1.1,0.03,0.23,36.4,13.43,0.004,0.116,0.251,3.57,32.76,31.05,36.9,84.15,10.73,97.19,87.31,0.3,2.73,6.88,63.2,0.0,0.0,392.7,0.421,16.89,4.326,16.57,0.04,1.606,,61.0,43.87,,1.19,,,0.66,2.531,8.268,46.3,0.73,,34.6,3.644,33.6,0.865,34.735,5.436,6.63,282.7,0.905,,118.47,,25.24,72.86,1.134,211.5,3.36,36.8,0
61.0,0.0,13.0,2.0,103.0,6.0,13.0,,,77.2,,54.5,26.0,29.0,95.0,91.3,29.991,126.0,174.0,79.0,36.8,47.1,9.2,4.6,8.2,6.2,9.1,7.2,28.0,20.7,3.8,2.7,3.1,,1.6,2.4,43.9,26.2,28.7,19.7,4987.0,38.4,51.2,57.4,29.6,615.0,282.0,245.0,198.0,182.0,4.0961,3.392779,2.162,480.844798,1.37,,,6.0,1.0,322.0,4.0,,13.0,6.0,,3.0,1.0,3.0,0.0,0.0,2.0,0.0,2.0,1.0,1.0,,2.0,10.0,3.0,,1.0,2.0,2.0,2.0,0.0,0.0,2.0,,0.0,14.0,0.0,4.0,0.0,5.0,0.0,21.0,5.0,7.0,4.0,9.0,3.0,3.0,5.0,2.0,1.0,0.0,3.0,1.0,3.0,1.0,5.0,1.0,2.0,22.0,,23.0,25.0,3.0,1.0,10.0,1.0,2.0,3.0,13.0,4.0,1.0,4.0,0.0,22.0,1.0,0.0,1.0,0.0,1.0,,41.0,69.0,50.0,0.0,0.0,0.12,2.68,0.37,7.88,52.0,16.95,0.007,0.025,0.195,1.46,31.25,32.41,32.59,99.42,8.07,91.41,80.53,0.44,,2.28,48.9,0.0,0.0,354.8,0.286,17.3,5.23,16.78,0.027,0.562,4.67,17.58,,130.5,,1.631,19.7,0.95,,7.764,74.6,,3.05,71.2,3.846,34.3,1.385,16.234,5.019,,,1.061,,,0.644,7.12,80.29,1.263,477.4,6.85,98.6,0
60.0,1.0,1.0,2.0,,,60.0,,24.0,90.1,125.3,88.7,29.0,46.0,90.0,61.5,21.3987,99.0,170.0,89.0,19.8,22.3,,5.3,12.6,7.2,7.8,6.0,14.2,20.2,0.9,,3.8,2.2,,1.8,25.5,4.1,34.2,25.4,4843.0,31.6,32.1,64.9,48.6,,322.0,331.0,253.0,215.0,4.050828,3.610214,-0.473,,,4.0,,3.0,4.0,,7.0,,4.0,12.0,3.0,6.0,2.0,3.0,1.0,6.0,0.0,0.0,2.0,2.0,,0.0,2.0,7.0,3.0,1.0,1.0,1.0,1.0,0.0,0.0,1.0,3.0,,,12.0,0.0,0.0,1.0,11.0,2.0,27.0,3.0,6.0,7.0,9.0,2.0,3.0,2.0,1.0,2.0,2.0,0.0,1.0,1.0,1.0,4.0,2.0,4.0,3.0,,0.0,3.0,0.0,1.0,3.0,6.0,6.0,,2.0,3.0,2.0,3.0,2.0,17.0,48.0,0.0,1.0,0.0,1.0,,,,,0.0,1.0,0.08,0.85,0.12,1.22,48.77,13.42,0.005,0.188,0.325,1.09,10.93,27.81,27.51,101.08,10.0,122.13,95.34,0.32,3.22,8.38,83.8,0.0,0.0,346.8,0.347,16.52,4.825,15.05,0.029,2.095,10.01,,,105.5,1.427,1.299,34.6,0.33,2.638,8.475,63.8,0.729,1.55,144.0,,27.2,1.656,26.599,3.379,17.18,269.5,,,81.42,12.765,11.61,69.74,,196.5,3.53,21.8,0
67.0,0.0,4.0,3.0,24.0,,47.0,,,103.3,151.6,75.1,1.0,16.0,88.0,62.8,25.9235,107.0,156.0,83.0,19.8,16.4,4.6,3.2,6.1,7.6,5.5,6.1,15.8,43.4,0.7,0.9,1.8,1.8,1.7,1.8,21.2,4.3,23.9,19.7,4572.0,28.7,17.3,38.6,39.8,620.0,306.0,316.0,216.0,216.0,1.569478,1.211258,-2.566,121.98132,2.08,,,6.0,4.0,,6.0,5.0,104.0,,7.0,,2.0,3.0,5.0,6.0,2.0,0.0,7.0,3.0,1.0,3.0,,9.0,3.0,2.0,3.0,2.0,1.0,1.0,0.0,0.0,3.0,,1.0,8.0,1.0,5.0,9.0,1.0,0.0,1.0,7.0,8.0,0.0,2.0,3.0,2.0,2.0,3.0,2.0,3.0,1.0,1.0,2.0,1.0,4.0,2.0,4.0,19.0,1.0,54.0,0.0,,,,0.0,1.0,1.0,0.0,4.0,1.0,2.0,3.0,26.0,461.0,1.0,1.0,1.0,0.0,,71.0,69.0,,,0.0,0.16,2.21,0.49,6.87,45.39,13.88,0.043,0.985,0.332,2.98,41.87,26.23,30.58,85.75,9.88,115.25,79.43,0.89,12.56,2.59,36.5,0.0,0.0,218.7,0.216,18.1,5.293,12.94,0.041,0.503,7.1,17.3,41.78,128.4,1.72,0.763,19.2,12.34,2.183,3.976,,1.109,3.6,15.8,6.958,39.0,1.898,17.877,2.265,19.31,,1.463,,124.18,,7.16,,1.212,258.4,6.34,98.6,0
58.0,1.0,33.0,5.0,,,60.0,2.0,,104.4,177.2,,78.0,68.0,70.0,147.4,37.9838,95.0,197.0,,25.4,26.8,4.3,,14.0,21.1,13.3,14.9,31.6,15.7,2.3,0.5,5.8,5.0,4.7,4.5,21.2,9.3,43.8,42.1,10026.0,42.3,22.6,79.5,59.0,350.0,255.0,227.0,165.0,148.0,4.817168,4.624482,0.991,390.764157,3.62,,,,2.0,,7.0,5.0,,194.0,5.0,3.0,1.0,2.0,6.0,1.0,8.0,0.0,2.0,3.0,3.0,0.0,2.0,10.0,2.0,1.0,2.0,3.0,2.0,0.0,2.0,0.0,4.0,,0.0,16.0,0.0,10.0,2.0,3.0,0.0,10.0,2.0,4.0,2.0,9.0,2.0,2.0,2.0,4.0,3.0,3.0,1.0,0.0,4.0,3.0,3.0,0.0,4.0,2.0,0.0,1.0,,0.0,1.0,2.0,5.0,3.0,2.0,,2.0,1.0,3.0,3.0,,1.0,1.0,0.0,1.0,0.0,,85.0,65.0,31.0,,0.0,,0.0,0.12,1.2,35.67,13.14,0.005,0.653,0.408,3.61,37.17,34.77,36.85,94.35,9.42,115.59,85.63,0.75,7.7,5.24,53.9,0.0,0.0,405.7,0.382,16.46,3.78,12.17,0.081,1.508,,19.39,43.16,123.5,1.04,1.269,30.6,17.86,2.492,,83.3,0.869,,125.8,10.047,59.3,0.789,12.834,3.478,,,1.029,,103.34,11.975,21.09,70.83,0.552,187.3,4.32,49.8,0
61.0,0.0,4.0,1.0,45.0,17.0,,6.0,,89.7,173.0,66.3,,11.0,121.0,79.2,30.1219,122.0,162.0,84.0,42.0,49.7,8.7,7.3,6.2,10.7,6.5,5.9,47.6,39.7,1.6,1.3,2.3,2.3,1.7,2.0,48.6,49.3,26.9,24.7,4632.0,39.7,48.1,43.5,34.8,583.0,332.0,394.0,212.0,226.0,2.195218,2.107409,,104.316089,,3.0,2.0,3.0,,185.0,,,,358.0,,3.0,1.0,4.0,1.0,7.0,0.0,1.0,4.0,3.0,,0.0,1.0,10.0,4.0,1.0,1.0,2.0,2.0,1.0,0.0,2.0,,,2.0,7.0,,5.0,2.0,1.0,0.0,5.0,5.0,0.0,0.0,6.0,3.0,2.0,3.0,1.0,1.0,2.0,2.0,0.0,0.0,4.0,2.0,2.0,4.0,1.0,1.0,,1.0,,,9.0,6.0,2.0,3.0,14.0,3.0,2.0,5.0,10.0,19.0,3.0,0.0,,0.0,,83.0,,,79.0,,0.0,0.0,0.04,0.6,9.56,42.59,,0.026,0.253,0.197,2.56,40.87,34.59,35.69,96.9,7.61,116.44,88.17,0.2,3.16,2.91,46.4,,0.0,264.3,0.201,,4.395,12.83,0.049,2.108,6.27,27.26,,44.4,1.582,1.533,31.5,1.33,2.349,7.505,,1.286,1.24,18.6,4.728,55.9,0.884,12.104,5.295,5.45,,1.212,,,,6.22,77.62,0.752,344.1,7.46,42.7,0
67.0,0.0,35.0,2.0,,,43.0,9.0,16.0,60.8,114.7,54.3,16.0,54.0,82.0,78.6,23.4275,128.0,183.0,89.0,26.3,19.2,2.0,2.6,10.6,7.2,8.7,10.6,26.7,20.9,0.8,0.6,2.1,4.1,2.1,2.0,,11.9,29.8,41.1,6871.0,37.4,16.9,39.2,45.1,686.0,423.0,435.0,318.0,281.0,3.897094,1.347569,0.173,387.556135,3.11,2.0,,3.0,,35.0,4.0,,,14.0,2.0,,2.0,7.0,1.0,,0.0,3.0,5.0,3.0,1.0,1.0,0.0,6.0,3.0,3.0,2.0,2.0,1.0,1.0,0.0,0.0,4.0,,0.0,2.0,0.0,4.0,1.0,4.0,0.0,6.0,2.0,9.0,5.0,2.0,2.0,1.0,2.0,1.0,0.0,2.0,0.0,0.0,4.0,2.0,5.0,0.0,1.0,22.0,16.0,,22.0,3.0,1.0,7.0,1.0,1.0,1.0,13.0,3.0,2.0,3.0,,15.0,2.0,0.0,0.0,1.0,0.0,,74.0,,,1.0,0.0,0.52,8.98,0.07,1.28,42.46,11.95,0.009,0.424,0.26,2.35,40.43,27.38,28.13,97.31,12.36,111.27,91.91,0.24,4.13,2.63,45.2,0.0,0.0,129.6,0.16,16.66,4.364,12.59,0.028,0.672,5.82,14.35,45.07,,1.749,1.717,10.0,0.17,2.321,8.483,109.9,0.651,1.09,152.2,6.145,46.6,2.111,,5.655,12.96,1852.5,,,39.0,1.377,4.36,77.11,0.976,369.8,4.06,102.6,0
63.0,1.0,10.0,4.0,2.0,,50.0,,16.0,96.2,170.7,77.6,35.0,37.0,,85.9,25.4358,113.0,184.0,100.0,23.4,24.0,5.1,3.4,14.0,13.7,8.2,7.8,33.5,21.0,3.5,1.5,4.1,2.3,2.8,2.9,32.6,11.8,28.6,41.4,7228.0,32.8,38.1,42.6,56.9,,335.0,297.0,203.0,179.0,4.551205,2.426027,,240.192037,1.93,6.0,,3.0,,27.0,3.0,2.0,3.0,22.0,,4.0,4.0,1.0,0.0,3.0,0.0,6.0,1.0,2.0,1.0,0.0,0.0,7.0,4.0,2.0,1.0,1.0,1.0,0.0,2.0,2.0,3.0,,0.0,10.0,6.0,6.0,0.0,3.0,0.0,10.0,1.0,6.0,0.0,9.0,1.0,0.0,3.0,4.0,2.0,1.0,3.0,1.0,2.0,2.0,2.0,0.0,3.0,,18.0,,23.0,0.0,1.0,2.0,4.0,3.0,2.0,10.0,5.0,2.0,3.0,0.0,17.0,3.0,,0.0,,1.0,,38.0,,85.0,,0.0,0.01,0.2,0.51,7.89,37.98,12.12,,0.691,,2.75,42.27,31.38,31.92,98.3,8.21,97.92,80.07,0.27,4.17,2.95,,0.0,0.0,203.1,0.167,15.77,3.863,15.95,,0.765,6.5,19.9,44.63,,1.047,0.933,29.5,0.89,2.412,5.216,92.9,1.204,,155.6,,23.9,0.817,9.935,4.208,117.32,200.6,1.524,,17.03,,6.54,75.06,1.231,273.2,8.07,66.4,0
63.0,0.0,4.0,2.0,,,25.0,5.0,14.0,88.0,,91.3,43.0,15.0,120.0,118.8,36.7669,131.0,180.0,93.0,46.4,48.5,6.5,9.7,7.7,8.0,11.6,6.0,32.6,24.2,2.6,2.9,2.1,4.6,2.0,3.8,47.4,26.7,34.0,37.6,4982.0,43.7,48.8,41.9,29.6,646.0,331.0,405.0,244.0,185.0,2.594219,1.878722,0.822,323.454937,2.1,,,,2.0,31.0,,5.0,,28.0,3.0,6.0,1.0,1.0,0.0,4.0,7.0,4.0,7.0,1.0,1.0,0.0,,8.0,2.0,2.0,1.0,1.0,1.0,0.0,0.0,1.0,2.0,,0.0,7.0,7.0,2.0,4.0,2.0,0.0,35.0,2.0,10.0,1.0,2.0,2.0,2.0,5.0,2.0,3.0,1.0,1.0,4.0,3.0,3.0,4.0,2.0,2.0,0.0,,,0.0,0.0,0.0,7.0,1.0,1.0,3.0,7.0,5.0,2.0,5.0,6.0,14.0,2.0,0.0,1.0,0.0,0.0,89.0,69.0,,94.0,,0.0,0.0,0.02,0.38,3.83,21.57,12.69,0.038,0.662,0.328,1.21,12.18,51.76,58.81,88.0,7.5,114.2,94.84,0.98,9.91,7.35,74.1,0.0,0.0,281.8,0.211,15.43,2.451,13.91,0.115,2.517,9.92,18.59,43.04,46.7,1.171,0.797,16.5,,2.31,5.624,71.0,0.693,1.23,25.3,6.564,34.0,1.082,17.424,2.169,142.24,,0.881,,15.81,,16.76,75.99,0.821,411.1,4.46,91.1,0
56.0,0.0,23.0,3.0,,0.0,,,,,181.0,,15.0,15.0,125.0,83.8,35.0805,123.0,155.0,83.0,46.4,41.7,9.4,7.3,9.7,9.8,6.5,7.7,53.7,53.5,3.9,2.9,1.8,2.1,3.8,3.7,48.5,27.2,27.2,34.5,5940.0,49.9,35.2,40.3,40.5,693.0,494.0,312.0,275.0,329.0,2.54895,2.219424,0.326,482.125836,,3.0,,4.0,,53.0,2.0,3.0,,131.0,1.0,,2.0,2.0,7.0,1.0,2.0,1.0,8.0,2.0,0.0,,0.0,9.0,4.0,,2.0,3.0,2.0,3.0,1.0,2.0,,,0.0,12.0,1.0,9.0,1.0,7.0,1.0,6.0,8.0,2.0,2.0,6.0,1.0,3.0,3.0,1.0,1.0,0.0,1.0,0.0,4.0,1.0,5.0,0.0,2.0,,15.0,9.0,,5.0,1.0,0.0,0.0,4.0,2.0,0.0,4.0,1.0,5.0,,28.0,2.0,0.0,,0.0,0.0,,46.0,,,,1.0,0.1,2.01,0.08,1.72,43.84,15.05,0.011,0.216,0.255,1.21,25.15,34.6,34.33,100.79,12.3,122.79,95.04,0.78,16.18,2.65,54.9,0.0,0.0,265.5,0.326,15.95,4.349,11.92,0.078,2.327,4.82,11.75,45.39,67.3,1.835,1.582,37.4,18.59,,6.051,83.6,1.195,1.01,84.7,4.178,28.2,2.272,32.41,,69.49,,0.804,,12.9,1.966,19.96,65.14,,444.7,7.22,47.9,0
44.0,0.0,7.0,1.0,,22.0,25.0,,18.0,104.2,170.6,48.7,58.0,39.0,114.0,90.3,32.893,95.0,166.0,100.0,33.4,26.0,6.1,4.5,9.6,13.9,6.5,12.8,20.0,22.0,1.7,2.3,4.2,3.5,3.6,4.4,33.1,26.1,21.2,26.5,9152.0,31.0,46.9,52.5,57.4,478.0,244.0,247.0,194.0,239.0,2.733101,2.623777,-0.297,528.957275,,6.0,2.0,4.0,3.0,343.0,,,16.0,6.0,3.0,2.0,1.0,2.0,7.0,7.0,0.0,4.0,1.0,1.0,4.0,0.0,0.0,7.0,4.0,3.0,1.0,1.0,2.0,2.0,1.0,0.0,4.0,27.188,0.0,2.0,0.0,3.0,4.0,6.0,0.0,14.0,7.0,3.0,8.0,1.0,3.0,4.0,2.0,1.0,2.0,2.0,1.0,1.0,2.0,1.0,5.0,,2.0,0.0,1.0,1.0,,0.0,0.0,1.0,6.0,1.0,2.0,0.0,1.0,1.0,1.0,0.0,32.0,3.0,,,1.0,0.0,,90.0,,,1.0,0.0,0.02,0.33,0.1,2.14,44.54,15.23,0.012,0.322,0.255,1.05,,30.58,34.19,89.43,6.91,106.07,80.43,0.23,4.72,3.42,71.0,0.0,0.0,310.5,0.215,17.66,4.981,12.89,0.021,1.403,4.82,8.43,51.52,147.4,1.656,1.498,19.6,0.1,2.587,5.4,116.6,1.298,1.01,10.5,9.798,34.4,1.679,28.798,4.844,138.69,,0.82,10.1,83.08,1.802,4.08,82.63,4.252,252.6,8.09,93.6,0
54.0,1.0,16.0,4.0,,,,5.0,15.0,89.7,174.6,63.3,45.0,48.0,116.0,107.5,26.8171,107.0,200.0,98.0,19.8,29.0,3.4,2.8,14.0,13.7,18.3,13.1,30.7,33.7,1.0,2.3,4.5,4.6,4.3,4.4,34.3,21.0,41.1,36.5,10150.0,39.6,16.5,61.6,55.7,453.0,334.0,241.0,187.0,187.0,2.912013,1.511982,1.466,149.706344,3.85,,,3.0,4.0,,,,126.0,27.0,,3.0,3.0,3.0,2.0,6.0,3.0,2.0,3.0,1.0,1.0,1.0,0.0,9.0,3.0,2.0,2.0,2.0,1.0,1.0,2.0,0.0,2.0,,1.0,0.0,0.0,3.0,0.0,2.0,5.0,7.0,7.0,38.0,2.0,0.0,3.0,1.0,3.0,5.0,1.0,3.0,0.0,3.0,5.0,2.0,5.0,2.0,2.0,0.0,8.0,,,,1.0,5.0,0.0,3.0,2.0,0.0,3.0,1.0,4.0,0.0,17.0,35.0,0.0,0.0,1.0,0.0,,56.0,95.0,,,1.0,0.01,0.25,0.21,4.14,35.48,12.23,0.033,0.814,0.609,1.24,24.91,29.86,34.48,86.62,9.53,96.13,71.56,0.38,7.58,3.15,63.1,0.0,0.0,289.6,,16.99,4.096,13.31,0.127,1.136,4.99,18.85,49.1,121.0,1.235,,24.5,0.39,2.294,3.432,,0.838,1.22,33.5,4.796,31.8,1.164,23.979,2.208,134.03,,,,27.97,13.142,6.44,75.87,3.622,241.6,6.28,28.4,0
51.0,0.0,44.0,1.0,,,,3.0,16.0,96.0,182.6,47.4,8.0,13.0,113.0,81.2,34.6446,131.0,153.0,78.0,46.9,52.6,6.6,9.7,8.0,6.5,6.8,5.7,45.3,52.0,3.7,2.9,2.0,4.3,2.3,3.5,23.8,20.2,20.6,29.0,5803.0,45.0,46.6,38.5,34.4,673.0,377.0,311.0,287.0,194.0,4.232397,2.075404,-0.261,627.95787,4.73,2.0,4.0,3.0,1.0,30.0,1.0,,161.0,32.0,,4.0,1.0,1.0,0.0,2.0,0.0,0.0,1.0,1.0,2.0,1.0,0.0,9.0,4.0,2.0,2.0,2.0,2.0,1.0,0.0,0.0,3.0,,1.0,,7.0,5.0,9.0,0.0,0.0,18.0,8.0,6.0,1.0,9.0,3.0,2.0,2.0,3.0,0.0,2.0,2.0,,3.0,4.0,2.0,1.0,6.0,1.0,1.0,14.0,0.0,0.0,,0.0,8.0,3.0,2.0,8.0,4.0,1.0,3.0,0.0,30.0,2.0,1.0,1.0,1.0,0.0,,38.0,71.0,,0.0,0.0,0.01,0.16,0.12,1.33,52.27,15.19,0.008,0.153,0.186,1.09,12.49,29.34,29.06,100.98,11.78,109.4,93.04,0.49,5.56,7.04,80.5,0.0,0.0,207.5,0.244,,5.177,12.24,0.034,1.279,8.75,16.82,46.5,,1.396,1.237,16.1,18.64,2.443,4.433,88.8,1.139,,76.3,6.974,,1.274,21.442,3.866,20.42,,,,20.63,0.695,12.39,68.77,1.344,490.7,6.86,70.6,0
40.0,1.0,40.0,5.0,,3.0,16.0,,,64.8,103.7,54.7,51.0,59.0,73.0,104.0,32.0693,90.0,180.0,96.0,23.7,32.6,3.0,2.1,8.5,10.3,10.7,12.3,24.8,18.5,0.9,0.6,4.7,4.5,3.0,4.2,12.7,4.8,37.3,41.6,9371.0,21.9,32.5,72.0,59.5,626.0,409.0,415.0,335.0,302.0,9.483194,4.68088,2.016,674.77688,,,2.0,3.0,,229.0,6.0,,186.0,345.0,3.0,3.0,0.0,7.0,1.0,6.0,2.0,0.0,2.0,3.0,3.0,,1.0,4.0,2.0,4.0,3.0,2.0,1.0,1.0,2.0,0.0,2.0,,1.0,13.0,,1.0,5.0,2.0,1.0,6.0,9.0,5.0,1.0,1.0,1.0,3.0,1.0,5.0,4.0,3.0,2.0,5.0,3.0,1.0,3.0,2.0,1.0,,71.0,1.0,,4.0,0.0,,,1.0,,,3.0,,3.0,0.0,14.0,2.0,1.0,1.0,0.0,,,38.0,69.0,80.0,,1.0,0.12,1.09,0.41,3.79,49.93,14.08,0.007,0.187,0.267,1.37,12.62,26.38,28.19,93.57,8.59,102.49,87.88,0.53,4.94,,77.6,0.0,0.0,259.5,0.223,17.15,5.336,12.91,0.053,2.493,10.82,10.27,42.15,147.5,1.845,,21.2,6.48,2.288,8.202,,0.649,1.28,14.2,5.902,29.9,1.238,11.836,5.043,,,,10.7,122.94,16.982,,71.12,2.024,203.8,3.14,40.1,0
68.0,1.0,21.0,3.0,1.0,,47.0,8.0,21.0,92.1,171.0,54.3,24.0,13.0,76.0,63.4,25.2485,92.0,158.0,95.0,19.5,22.6,3.7,2.9,6.9,7.9,10.3,6.7,27.6,19.5,2.9,0.9,2.0,2.9,2.0,1.9,28.1,5.3,30.0,29.7,4922.0,24.0,13.2,41.0,34.6,472.0,276.0,306.0,231.0,176.0,,1.611852,,,2.91,,4.0,,5.0,,,4.0,2.0,,,,2.0,5.0,1.0,6.0,0.0,8.0,7.0,2.0,0.0,1.0,0.0,8.0,2.0,3.0,3.0,2.0,2.0,0.0,0.0,2.0,3.0,,1.0,0.0,5.0,1.0,2.0,5.0,1.0,15.0,6.0,24.0,0.0,3.0,2.0,3.0,2.0,1.0,2.0,1.0,1.0,3.0,2.0,1.0,3.0,1.0,3.0,1.0,,0.0,0.0,,,2.0,0.0,2.0,1.0,,1.0,3.0,3.0,6.0,14.0,31.0,0.0,0.0,0.0,1.0,68.0,,,,0.0,0.0,0.16,,0.27,3.5,30.89,15.59,0.012,0.214,0.37,2.46,32.05,40.4,50.46,80.07,7.89,95.93,,0.81,10.55,3.98,51.9,0.0,0.0,,0.147,15.69,3.858,13.08,0.099,1.143,7.67,,44.26,384.0,1.109,,18.5,0.72,2.42,5.584,110.3,1.052,3.31,10.3,,25.2,1.006,10.252,2.411,,,1.212,17.5,104.63,11.914,4.6,70.76,0.568,522.2,8.48,21.0,0
44.0,1.0,44.0,1.0,,4.0,47.0,,,70.7,116.9,53.8,11.0,19.0,114.0,87.3,29.6088,113.0,172.0,86.0,44.0,22.5,5.8,3.6,10.9,11.3,8.4,7.7,33.7,23.5,1.0,1.6,3.5,2.5,2.3,2.2,43.5,4.3,26.5,35.0,8402.0,39.5,38.8,77.5,32.7,696.0,422.0,447.0,303.0,319.0,5.436632,,1.265,597.375036,,3.0,,5.0,,,3.0,6.0,215.0,18.0,2.0,4.0,3.0,3.0,1.0,4.0,3.0,1.0,2.0,2.0,1.0,0.0,0.0,9.0,2.0,2.0,,1.0,2.0,0.0,1.0,0.0,2.0,11.443,0.0,3.0,0.0,1.0,1.0,6.0,3.0,0.0,7.0,1.0,8.0,8.0,3.0,2.0,1.0,5.0,2.0,0.0,1.0,2.0,5.0,1.0,5.0,1.0,4.0,17.0,,1.0,0.0,0.0,1.0,7.0,8.0,1.0,3.0,10.0,1.0,1.0,5.0,0.0,25.0,22.0,0.0,1.0,1.0,0.0,,65.0,,,,0.0,0.01,0.09,0.36,3.35,51.08,13.42,0.031,0.388,0.31,1.26,11.87,25.35,26.27,96.49,9.19,113.06,74.81,0.94,8.78,8.09,75.9,0.0,0.0,179.8,0.165,,5.294,14.38,,,10.65,64.09,44.66,122.4,,0.735,29.5,6.67,2.188,4.108,116.1,1.02,4.72,64.1,,27.0,2.365,19.47,2.253,,,0.829,33.1,19.96,10.64,25.15,77.8,1.601,376.1,,71.9,0
45.0,1.0,34.0,5.0,10.0,21.0,,4.0,,,118.7,58.8,55.0,29.0,109.0,109.3,34.3682,128.0,178.0,99.0,49.8,39.3,5.3,2.6,10.7,12.1,13.3,13.4,45.0,43.0,0.8,1.8,4.3,4.0,3.4,3.6,48.1,24.5,41.2,23.1,6195.0,49.0,37.9,75.0,58.3,621.0,267.0,310.0,260.0,249.0,6.048357,5.806423,2.709,694.006356,,,,,2.0,223.0,3.0,,,209.0,4.0,,2.0,4.0,1.0,4.0,0.0,1.0,0.0,2.0,,1.0,0.0,10.0,2.0,1.0,1.0,3.0,2.0,1.0,1.0,0.0,2.0,,,0.0,0.0,7.0,9.0,2.0,0.0,7.0,8.0,3.0,3.0,7.0,1.0,2.0,0.0,5.0,3.0,0.0,1.0,0.0,3.0,3.0,5.0,2.0,1.0,28.0,18.0,10.0,83.0,3.0,,2.0,4.0,1.0,1.0,0.0,1.0,2.0,5.0,0.0,16.0,2.0,0.0,,0.0,0.0,,79.0,80.0,,,1.0,0.11,1.1,0.13,1.35,,14.23,0.009,0.654,0.342,3.51,35.81,28.57,34.81,82.09,9.37,98.74,71.24,0.45,4.63,5.59,57.1,,0.0,340.5,0.319,17.01,4.981,,0.125,1.122,9.79,45.63,39.24,71.2,1.44,0.604,17.6,0.56,2.219,3.439,69.7,1.045,,23.5,7.107,44.0,0.864,35.039,2.693,,,0.789,,65.55,,25.74,78.91,4.888,179.9,8.34,19.9,0
66.0,0.0,6.0,5.0,,,35.0,3.0,15.0,93.3,162.3,87.5,45.0,20.0,89.0,74.1,21.7028,125.0,185.0,96.0,29.1,34.4,9.2,8.6,10.8,9.4,7.7,11.9,54.3,51.8,0.9,3.3,3.5,3.2,2.0,4.1,38.2,18.2,37.9,25.9,6120.0,48.6,36.6,52.3,56.2,513.0,233.0,235.0,169.0,184.0,2.526042,2.425,,626.657312,3.53,2.0,3.0,,4.0,26.0,2.0,6.0,57.0,418.0,1.0,,2.0,1.0,0.0,4.0,1.0,1.0,0.0,2.0,3.0,3.0,0.0,10.0,3.0,3.0,1.0,3.0,1.0,0.0,0.0,2.0,1.0,,0.0,0.0,6.0,3.0,1.0,1.0,0.0,0.0,10.0,10.0,0.0,1.0,2.0,2.0,2.0,3.0,3.0,1.0,2.0,3.0,3.0,2.0,2.0,1.0,4.0,,15.0,20.0,,5.0,0.0,2.0,8.0,5.0,4.0,3.0,4.0,1.0,4.0,8.0,27.0,3.0,0.0,1.0,0.0,0.0,,80.0,94.0,45.0,1.0,0.0,0.01,0.1,0.5,6.07,53.4,15.35,0.011,0.754,0.315,1.16,,29.06,28.75,101.09,12.43,110.85,81.18,0.57,6.95,5.99,72.7,0.0,0.0,276.7,0.344,15.87,5.283,13.1,0.072,0.687,8.23,,45.7,120.7,,0.991,17.5,2.6,2.224,5.488,101.3,0.801,3.17,106.5,8.053,55.9,1.315,10.192,4.525,14.86,175.8,1.353,,118.53,1.341,,80.81,2.095,500.8,6.94,30.3,0
58.0,0.0,28.0,2.0,39.0,19.0,51.0,0.0,,106.3,180.8,81.7,12.0,11.0,121.0,84.0,38.4836,,148.0,85.0,36.8,51.2,9.5,8.4,6.5,9.2,6.1,6.2,46.3,47.5,3.8,1.0,2.0,2.2,1.8,1.7,46.3,18.4,20.5,20.0,5236.0,31.9,50.7,36.1,30.2,719.0,373.0,228.0,285.0,,2.483816,1.457405,,20.557892,2.11,,,7.0,,257.0,,3.0,,245.0,3.0,2.0,1.0,7.0,6.0,1.0,0.0,1.0,5.0,2.0,0.0,0.0,1.0,7.0,1.0,,2.0,2.0,2.0,0.0,0.0,0.0,3.0,,0.0,13.0,6.0,1.0,2.0,6.0,0.0,2.0,8.0,1.0,0.0,2.0,2.0,3.0,3.0,2.0,1.0,1.0,2.0,3.0,3.0,3.0,5.0,0.0,2.0,,,1.0,,,1.0,10.0,7.0,2.0,2.0,,4.0,1.0,4.0,2.0,29.0,2.0,0.0,,0.0,,,,,54.0,,1.0,0.04,0.45,0.51,,34.7,14.79,,0.69,0.28,2.8,28.69,37.69,42.63,88.4,10.43,108.82,79.2,0.4,4.15,5.99,61.5,0.0,0.0,147.9,0.154,15.74,3.925,14.72,0.126,,9.75,40.42,42.0,119.4,1.259,1.152,22.3,0.8,2.325,6.469,102.3,0.888,2.16,101.4,31.874,103.1,0.89,12.036,2.562,53.66,,,,127.95,2.087,21.08,78.82,1.471,520.8,3.61,44.1,0
64.0,0.0,33.0,5.0,12.0,15.0,58.0,3.0,14.0,77.5,142.2,,6.0,8.0,116.0,62.3,27.5217,107.0,150.0,78.0,38.2,27.6,4.2,7.1,7.9,5.9,6.1,5.7,41.2,25.9,1.2,3.4,2.2,2.0,1.5,1.9,35.4,10.3,21.7,20.6,4559.0,,40.5,36.0,27.5,908.0,467.0,461.0,275.0,319.0,4.670937,1.294872,-0.908,456.804207,,,,,2.0,288.0,3.0,4.0,,280.0,3.0,5.0,2.0,2.0,3.0,6.0,0.0,0.0,0.0,3.0,3.0,0.0,0.0,7.0,4.0,2.0,3.0,3.0,,1.0,0.0,2.0,2.0,,1.0,1.0,5.0,0.0,1.0,1.0,3.0,11.0,0.0,12.0,1.0,1.0,3.0,0.0,3.0,3.0,2.0,1.0,0.0,2.0,5.0,2.0,5.0,1.0,4.0,12.0,,10.0,0.0,,1.0,8.0,1.0,3.0,2.0,,4.0,2.0,5.0,11.0,16.0,2.0,1.0,,0.0,0.0,,83.0,,,,0.0,0.0,0.0,0.51,7.22,50.95,13.06,0.02,0.232,0.188,0.05,1.9,25.89,25.62,101.03,10.26,113.24,90.79,0.32,4.6,6.13,87.5,0.0,0.0,197.1,0.202,17.53,5.043,14.57,0.067,,7.01,11.51,45.85,51.0,1.4,0.655,21.1,14.79,2.489,3.531,,1.236,1.13,20.5,4.227,32.4,,27.952,2.627,31.06,252.0,1.506,,150.64,2.514,4.07,79.71,1.316,397.0,6.41,68.2,0
41.0,1.0,4.0,1.0,2.0,,,8.0,,104.2,116.2,80.8,57.0,53.0,112.0,78.1,19.5916,94.0,200.0,96.0,49.4,44.7,3.8,5.9,13.6,14.2,17.8,8.5,42.1,41.2,,0.9,4.6,4.8,4.8,4.2,32.6,16.6,40.3,38.2,9967.0,34.4,15.2,72.8,56.1,513.0,268.0,232.0,192.0,180.0,4.643034,2.746811,,616.13883,3.49,4.0,,,,31.0,4.0,,20.0,,5.0,3.0,5.0,6.0,1.0,7.0,0.0,1.0,0.0,3.0,0.0,1.0,0.0,7.0,3.0,1.0,2.0,3.0,1.0,2.0,1.0,0.0,4.0,7.193,0.0,0.0,1.0,2.0,2.0,0.0,0.0,3.0,8.0,2.0,0.0,4.0,1.0,1.0,3.0,5.0,1.0,0.0,3.0,2.0,4.0,2.0,3.0,1.0,6.0,1.0,0.0,,0.0,0.0,,0.0,4.0,3.0,3.0,8.0,5.0,,4.0,9.0,22.0,2.0,1.0,0.0,1.0,1.0,,65.0,,,0.0,1.0,0.08,0.66,0.14,1.21,31.88,8.56,0.012,0.242,0.356,1.97,17.46,22.6,26.86,84.13,10.43,88.42,75.63,0.67,5.94,8.45,74.7,0.0,0.0,386.7,0.403,16.23,3.789,12.13,0.023,0.605,11.3,8.5,45.83,112.4,,1.376,23.2,18.99,2.255,6.2,106.0,0.918,2.34,18.2,7.975,58.8,0.949,,4.225,5.48,,,,,16.302,5.04,,1.688,283.5,4.9,13.7,0
59.0,0.0,9.0,5.0,1.0,,,7.0,,63.7,,75.9,22.0,29.0,79.0,64.8,21.4606,89.0,174.0,92.0,22.9,30.1,2.5,1.4,9.7,7.8,11.6,6.6,16.8,22.4,0.9,0.7,4.0,2.0,2.9,2.3,7.1,9.2,37.3,28.2,8166.0,,9.4,78.2,42.2,667.0,259.0,245.0,221.0,221.0,1.966984,1.135707,,503.707771,,5.0,,1.0,4.0,,,3.0,184.0,25.0,3.0,2.0,2.0,5.0,1.0,1.0,4.0,0.0,5.0,2.0,0.0,2.0,0.0,4.0,2.0,3.0,2.0,3.0,2.0,1.0,0.0,0.0,3.0,,2.0,15.0,7.0,3.0,8.0,0.0,4.0,0.0,7.0,11.0,4.0,4.0,2.0,1.0,0.0,2.0,3.0,1.0,2.0,1.0,3.0,3.0,4.0,2.0,3.0,,3.0,20.0,,0.0,1.0,2.0,0.0,2.0,1.0,0.0,3.0,1.0,4.0,0.0,25.0,2.0,0.0,,0.0,1.0,,40.0,,56.0,,1.0,0.1,0.84,0.06,0.5,43.59,13.06,0.008,0.278,0.383,2.99,24.64,30.42,29.97,101.49,10.31,122.94,93.25,0.44,3.59,8.56,70.4,0.0,0.0,394.5,0.407,16.19,4.295,12.03,0.094,2.551,12.15,67.92,44.76,78.4,,0.904,36.9,6.68,3.381,6.331,97.1,,1.85,94.6,4.696,33.5,0.633,13.504,3.2,4.44,,0.898,,94.28,1.61,4.42,80.26,2.757,281.4,5.65,42.4,1
61.0,0.0,39.0,2.0,0.0,6.0,23.0,4.0,18.0,90.9,155.8,47.5,39.0,17.0,99.0,98.3,34.4136,98.0,169.0,80.0,50.3,51.3,4.5,2.2,6.7,7.7,6.9,,22.4,35.0,2.1,1.1,,2.1,1.7,1.8,41.5,26.9,23.1,20.4,6174.0,32.5,24.8,59.8,27.7,543.0,399.0,305.0,272.0,202.0,1.70274,,,36.763214,,,,,,248.0,,,207.0,364.0,,3.0,3.0,3.0,6.0,4.0,0.0,7.0,8.0,3.0,0.0,,0.0,7.0,3.0,1.0,3.0,2.0,2.0,1.0,2.0,0.0,2.0,86.353,,15.0,6.0,4.0,2.0,3.0,0.0,34.0,9.0,11.0,0.0,2.0,3.0,0.0,1.0,3.0,2.0,0.0,1.0,2.0,1.0,2.0,5.0,2.0,3.0,27.0,,20.0,24.0,5.0,,4.0,4.0,3.0,3.0,,6.0,1.0,3.0,0.0,17.0,,0.0,0.0,0.0,1.0,,87.0,,91.0,,1.0,0.02,0.16,0.27,2.57,38.76,14.95,0.014,,0.34,3.32,31.95,34.58,38.59,89.62,9.08,89.86,80.07,0.43,4.17,6.36,61.2,0.0,0.0,406.3,0.369,15.94,4.324,14.03,0.068,0.545,10.4,16.83,50.98,70.5,2.144,0.819,38.0,19.19,2.183,5.418,105.6,1.322,,23.4,8.863,,1.541,34.165,3.542,136.53,,1.407,,137.72,1.603,5.8,,0.706,303.3,9.24,20.5,0
55.0,1.0,14.0,5.0,,,38.0,,23.0,100.0,180.8,55.1,41.0,52.0,79.0,108.5,32.3366,96.0,183.0,99.0,15.1,19.6,2.9,4.1,12.0,11.6,8.6,12.2,25.3,24.9,0.7,0.8,4.9,4.7,4.6,3.3,41.9,22.2,40.4,29.8,8159.0,33.3,34.8,68.6,55.4,,284.0,230.0,191.0,210.0,2.611614,2.42805,,377.159099,,,,2.0,,160.0,,4.0,,,3.0,,3.0,0.0,1.0,,6.0,1.0,3.0,1.0,1.0,1.0,0.0,4.0,3.0,2.0,1.0,1.0,2.0,0.0,1.0,1.0,2.0,,0.0,12.0,22.0,0.0,0.0,1.0,0.0,6.0,6.0,2.0,0.0,6.0,3.0,1.0,0.0,3.0,2.0,1.0,1.0,0.0,2.0,2.0,3.0,1.0,1.0,10.0,1.0,7.0,6.0,0.0,0.0,1.0,4.0,2.0,4.0,0.0,1.0,1.0,3.0,6.0,30.0,3.0,1.0,,0.0,1.0,,,90.0,66.0,,0.0,0.09,0.97,0.09,0.88,39.68,14.79,0.042,0.65,0.318,1.46,15.05,35.08,37.27,94.11,11.24,98.64,76.63,0.29,3.05,7.75,80.1,0.0,0.0,190.6,0.214,,,12.96,0.126,1.228,9.68,11.01,44.68,102.5,1.894,0.608,21.4,12.06,2.592,3.54,110.9,0.872,4.34,15.9,3.765,29.4,2.059,15.535,2.685,10.84,349.3,1.382,,,15.715,7.43,72.22,0.556,474.8,8.11,18.6,0
56.0,0.0,22.0,1.0,1.0,,41.0,4.0,20.0,95.5,156.2,53.4,2.0,19.0,115.0,96.3,40.0513,123.0,155.0,80.0,49.5,49.5,9.5,3.2,6.0,6.5,5.5,6.9,42.3,50.1,3.7,3.1,1.8,1.8,1.4,1.9,,27.2,20.9,22.2,4741.0,33.4,43.5,30.4,30.9,869.0,612.0,452.0,335.0,318.0,2.524417,1.49927,-0.548,199.787546,3.75,,3.0,,3.0,,,6.0,,,,,4.0,1.0,0.0,7.0,2.0,0.0,6.0,2.0,1.0,,0.0,9.0,2.0,3.0,3.0,3.0,2.0,1.0,1.0,0.0,,,0.0,45.0,1.0,2.0,0.0,1.0,5.0,27.0,4.0,7.0,7.0,8.0,1.0,0.0,2.0,3.0,5.0,5.0,1.0,3.0,3.0,1.0,5.0,2.0,3.0,1.0,18.0,12.0,9.0,,0.0,2.0,3.0,2.0,3.0,,3.0,2.0,5.0,0.0,,17.0,0.0,1.0,0.0,0.0,92.0,,83.0,66.0,,1.0,0.15,3.41,0.02,0.45,33.99,13.58,0.035,0.999,0.356,,31.65,36.24,39.96,90.68,8.75,102.28,82.86,0.31,7.12,2.49,57.4,0.0,0.0,41.6,0.036,16.77,3.748,12.55,0.058,0.858,4.33,65.37,,104.8,2.08,0.702,,1.08,,3.361,54.3,,1.55,15.2,8.979,49.1,1.406,16.339,2.555,132.39,,1.156,,19.85,1.377,,76.2,2.61,175.0,4.5,13.0,0
62.0,0.0,10.0,5.0,,9.0,53.0,,14.0,72.6,,65.6,36.0,49.0,96.0,66.4,25.9415,105.0,160.0,91.0,24.7,15.5,2.2,8.3,6.0,8.1,6.8,7.4,25.6,15.5,1.7,2.5,1.8,1.8,1.6,2.0,28.8,14.9,21.0,22.9,6806.0,27.2,20.8,37.3,35.1,937.0,464.0,432.0,317.0,326.0,2.987209,2.109107,0.384,456.795506,4.31,3.0,,3.0,4.0,7.0,,,201.0,17.0,1.0,3.0,2.0,5.0,1.0,0.0,3.0,1.0,1.0,2.0,2.0,0.0,1.0,9.0,3.0,2.0,3.0,3.0,2.0,0.0,0.0,0.0,3.0,,2.0,0.0,0.0,1.0,1.0,0.0,1.0,6.0,3.0,1.0,4.0,1.0,1.0,4.0,1.0,2.0,3.0,1.0,2.0,0.0,5.0,3.0,5.0,0.0,3.0,2.0,1.0,15.0,3.0,0.0,,1.0,7.0,1.0,2.0,0.0,1.0,2.0,3.0,0.0,27.0,,0.0,,1.0,1.0,,52.0,,,,0.0,0.15,3.43,0.59,13.81,34.16,16.53,0.022,0.175,0.314,0.83,19.43,39.3,48.38,81.23,11.36,93.58,79.8,0.78,,1.94,45.2,0.0,0.0,212.6,0.242,15.94,4.206,12.95,0.032,2.657,4.3,18.84,39.43,79.6,1.993,1.042,15.1,0.75,2.345,5.053,110.6,1.134,2.32,69.4,,,,34.028,3.969,,,1.412,,134.69,2.266,5.27,66.34,3.269,355.6,,80.1,0
65.0,0.0,42.0,3.0,,11.0,,,,74.0,105.1,51.4,35.0,55.0,85.0,110.6,32.1116,101.0,186.0,89.0,41.4,24.7,4.7,4.0,11.6,9.4,12.6,12.4,3.5,16.9,0.5,0.5,2.2,2.5,3.2,3.7,17.6,6.8,36.7,32.3,8164.0,31.8,16.6,62.0,52.6,747.0,422.0,454.0,326.0,284.0,2.062656,1.187427,1.003,125.551569,,3.0,5.0,,4.0,210.0,,,,107.0,3.0,2.0,2.0,1.0,2.0,3.0,0.0,1.0,2.0,1.0,2.0,2.0,0.0,8.0,4.0,1.0,1.0,2.0,2.0,0.0,0.0,1.0,2.0,,1.0,0.0,0.0,1.0,5.0,5.0,0.0,0.0,3.0,14.0,3.0,1.0,3.0,3.0,4.0,4.0,2.0,1.0,2.0,1.0,,4.0,2.0,0.0,2.0,2.0,,,,1.0,0.0,6.0,8.0,1.0,,14.0,3.0,3.0,4.0,0.0,32.0,36.0,0.0,1.0,0.0,1.0,71.0,40.0,84.0,,,,0.04,0.6,0.08,1.11,44.08,12.47,0.023,0.758,0.358,1.76,24.73,27.23,28.3,96.2,11.52,103.69,76.18,0.34,4.75,4.89,68.8,0.0,0.0,148.4,0.171,16.29,4.582,15.2,0.027,1.454,7.1,13.43,42.59,127.3,1.88,0.812,20.7,1.31,2.47,8.001,48.7,1.225,1.59,13.3,4.533,35.0,1.602,11.32,2.956,11.49,215.7,1.004,,43.52,1.022,3.48,76.33,2.075,339.2,7.59,45.1,0
45.0,0.0,14.0,3.0,,,35.0,5.0,18.0,98.9,168.2,59.5,21.0,13.0,114.0,60.3,26.6247,94.0,150.0,79.0,19.8,32.0,3.0,,6.0,7.0,5.7,6.0,18.9,18.2,0.7,0.9,2.0,1.9,2.1,1.7,32.5,13.4,20.7,20.5,5977.0,28.3,21.0,36.3,27.3,682.0,321.0,259.0,329.0,323.0,3.328987,,1.916,571.912091,,7.0,3.0,4.0,2.0,244.0,3.0,3.0,,8.0,1.0,1.0,1.0,5.0,3.0,2.0,3.0,3.0,2.0,2.0,1.0,0.0,0.0,10.0,3.0,1.0,1.0,2.0,1.0,2.0,0.0,0.0,4.0,,0.0,11.0,8.0,5.0,10.0,0.0,0.0,7.0,4.0,8.0,0.0,1.0,3.0,3.0,5.0,2.0,2.0,2.0,2.0,0.0,2.0,1.0,5.0,0.0,3.0,1.0,,1.0,,2.0,,8.0,1.0,1.0,4.0,0.0,2.0,2.0,2.0,0.0,,3.0,0.0,1.0,,1.0,,,,,,0.0,0.04,0.4,0.13,1.4,36.02,12.31,0.044,,0.22,1.67,17.43,29.6,34.19,86.57,7.59,89.55,80.88,,5.56,7.22,75.2,0.0,0.0,168.5,0.128,15.81,4.161,13.62,0.117,1.009,9.6,18.64,40.27,,1.178,0.676,33.5,16.03,2.286,4.882,94.1,0.777,,17.7,,32.8,1.095,10.86,,5.75,,1.398,,18.52,3.001,7.05,58.87,1.19,370.6,3.68,97.7,0
43.0,0.0,41.0,2.0,,,,,,65.5,114.9,54.5,21.0,34.0,89.0,83.8,29.8921,119.0,167.0,91.0,45.2,39.2,9.1,5.3,12.0,7.0,7.4,7.0,42.9,39.0,0.7,1.0,2.6,3.6,2.0,3.1,39.3,20.5,26.0,31.7,6555.0,38.2,20.8,53.4,47.2,464.0,356.0,315.0,314.0,292.0,5.207671,2.713239,2.176,406.289433,,,,4.0,,,1.0,,,7.0,4.0,,5.0,3.0,3.0,7.0,1.0,0.0,5.0,2.0,2.0,0.0,0.0,5.0,3.0,,1.0,2.0,2.0,0.0,0.0,0.0,4.0,,0.0,9.0,,1.0,,2.0,0.0,9.0,4.0,2.0,0.0,2.0,2.0,3.0,1.0,2.0,2.0,4.0,1.0,3.0,3.0,3.0,5.0,2.0,2.0,1.0,,4.0,,0.0,0.0,1.0,1.0,2.0,2.0,0.0,3.0,2.0,4.0,0.0,16.0,12.0,0.0,1.0,0.0,0.0,,93.0,,80.0,0.0,1.0,0.01,0.2,0.25,4.69,41.4,12.41,0.011,0.667,,1.96,36.25,28.16,29.98,93.92,10.78,122.44,90.11,0.29,5.4,2.88,53.4,0.0,0.0,281.6,0.304,,4.409,12.61,0.1,0.934,5.4,57.93,44.49,66.5,1.429,0.695,,0.49,2.635,5.534,,1.108,3.11,148.3,,29.1,0.941,,2.068,15.89,,0.88,,36.68,0.817,21.45,71.19,,488.0,7.87,17.3,0
66.0,1.0,13.0,5.0,,8.0,,9.0,,87.0,147.9,76.2,53.0,49.0,75.0,73.3,24.0587,121.0,175.0,87.0,48.9,44.3,6.9,7.2,12.6,13.2,12.8,12.8,18.6,23.4,2.7,0.7,3.9,2.8,3.3,3.0,33.3,23.8,38.0,40.2,8208.0,20.8,48.6,49.1,45.9,480.0,303.0,253.0,215.0,208.0,1.966475,1.887816,,191.10697,3.51,3.0,,,,282.0,3.0,,,18.0,,3.0,2.0,3.0,1.0,6.0,0.0,2.0,1.0,2.0,3.0,1.0,1.0,10.0,3.0,4.0,2.0,1.0,2.0,0.0,0.0,1.0,3.0,,,6.0,4.0,2.0,,1.0,6.0,2.0,8.0,1.0,7.0,5.0,2.0,3.0,0.0,1.0,4.0,0.0,1.0,0.0,3.0,4.0,,1.0,3.0,,6.0,1.0,12.0,,,5.0,0.0,6.0,1.0,5.0,3.0,2.0,3.0,0.0,,2.0,0.0,,0.0,0.0,,92.0,,54.0,,1.0,0.07,1.47,0.64,14.32,48.07,15.47,0.004,0.278,,1.56,35.03,30.84,32.17,95.87,7.7,91.82,79.77,0.26,5.83,1.93,43.3,0.0,0.0,174.6,0.134,15.66,5.014,13.07,0.013,0.43,4.44,17.65,41.32,103.4,1.431,0.54,22.5,1.13,2.191,,115.7,5.056,1.52,113.4,,33.1,,35.395,1.947,,,,,128.28,15.743,9.65,73.38,0.937,469.0,8.69,99.2,0
44.0,1.0,25.0,2.0,,19.0,14.0,6.0,,93.4,136.1,49.9,15.0,37.0,67.0,68.4,19.4433,86.0,188.0,99.0,18.3,13.5,1.4,1.9,9.5,6.9,8.0,11.5,14.4,16.2,0.5,0.3,4.5,4.8,2.5,2.8,9.2,5.9,26.8,32.5,8584.0,14.4,11.3,74.5,54.4,469.0,262.0,270.0,189.0,180.0,3.499382,3.359406,2.196,410.862515,,,3.0,3.0,,16.0,3.0,4.0,,,3.0,3.0,1.0,2.0,,7.0,1.0,1.0,3.0,1.0,,,1.0,6.0,4.0,3.0,2.0,3.0,2.0,0.0,1.0,2.0,3.0,,1.0,4.0,6.0,7.0,9.0,7.0,0.0,13.0,4.0,2.0,0.0,1.0,1.0,1.0,2.0,2.0,1.0,1.0,3.0,4.0,3.0,3.0,5.0,1.0,1.0,,0.0,,,0.0,1.0,1.0,1.0,4.0,3.0,,5.0,1.0,2.0,3.0,19.0,3.0,1.0,1.0,0.0,,86.0,92.0,,88.0,,0.0,0.01,0.1,0.15,1.78,39.17,15.82,0.006,0.645,0.237,3.36,,38.1,40.38,94.35,7.62,120.11,89.76,0.27,3.13,4.89,56.3,0.0,0.0,271.2,0.207,15.72,4.151,12.12,0.024,0.552,8.69,37.36,43.3,98.8,2.288,0.807,54.8,0.89,2.222,3.481,48.9,0.889,1.35,33.4,10.334,55.6,2.491,29.283,,,,0.903,,,13.03,10.17,70.24,1.247,424.1,3.22,28.7,0
42.0,1.0,33.0,4.0,64.0,5.0,,10.0,,79.2,131.6,83.2,49.0,58.0,83.0,69.3,21.9585,117.0,178.0,94.0,35.2,45.9,3.7,6.0,10.6,13.1,6.9,8.2,44.1,35.9,3.5,1.1,,4.9,3.8,4.0,40.2,6.7,,41.5,8469.0,42.9,54.6,73.2,,636.0,396.0,388.0,280.0,258.0,6.005056,5.465396,3.072,690.143346,,,2.0,,3.0,165.0,,4.0,149.0,26.0,3.0,3.0,3.0,2.0,1.0,6.0,0.0,4.0,1.0,2.0,1.0,2.0,0.0,9.0,1.0,2.0,2.0,1.0,1.0,0.0,0.0,1.0,1.0,,1.0,9.0,5.0,5.0,1.0,3.0,1.0,18.0,5.0,0.0,7.0,8.0,3.0,2.0,2.0,2.0,2.0,1.0,2.0,1.0,3.0,3.0,4.0,2.0,3.0,21.0,18.0,7.0,20.0,,,,7.0,3.0,2.0,,1.0,3.0,4.0,3.0,15.0,2.0,,,0.0,1.0,70.0,91.0,,58.0,,1.0,0.15,1.64,0.2,2.12,41.76,14.29,0.034,0.459,0.238,2.7,,33.37,34.21,97.56,11.39,116.5,76.27,0.53,5.68,5.77,61.7,0.0,0.0,309.3,0.352,15.78,4.281,12.58,0.072,0.643,9.36,9.1,45.32,45.0,1.5,0.845,22.7,3.42,,7.232,106.0,1.035,1.32,,7.75,31.6,1.154,23.474,4.982,,,1.252,11.6,62.65,15.159,5.23,78.3,4.908,,7.42,23.9,0
52.0,0.0,29.0,6.0,,,,,,65.7,146.4,68.6,19.0,37.0,78.0,50.2,21.5245,89.0,153.0,87.0,18.0,16.2,3.9,5.0,6.9,7.0,7.4,9.7,19.8,41.7,0.9,0.7,4.7,2.7,2.0,3.6,16.7,6.1,27.7,20.4,5827.0,16.5,9.8,41.9,26.3,655.0,352.0,338.0,308.0,204.0,5.95454,2.802419,0.08,456.34815,3.74,3.0,,4.0,,,2.0,6.0,29.0,366.0,5.0,,1.0,2.0,6.0,1.0,5.0,0.0,8.0,1.0,,,0.0,5.0,4.0,1.0,1.0,2.0,1.0,0.0,0.0,1.0,2.0,1.547,1.0,0.0,0.0,6.0,7.0,7.0,0.0,1.0,0.0,9.0,1.0,,2.0,5.0,1.0,1.0,3.0,0.0,1.0,1.0,2.0,1.0,4.0,1.0,6.0,27.0,11.0,22.0,22.0,0.0,0.0,8.0,1.0,1.0,2.0,,3.0,3.0,3.0,0.0,29.0,41.0,1.0,1.0,0.0,,,75.0,,81.0,,0.0,0.15,1.99,0.25,3.26,53.04,16.82,0.008,0.845,0.339,2.53,32.7,30.97,31.71,97.65,8.52,112.11,81.9,0.76,9.78,4.05,52.3,0.0,0.0,387.6,0.33,16.15,5.432,14.89,0.106,0.985,7.74,12.01,40.49,,1.494,0.561,21.3,2.51,2.309,4.424,107.1,0.67,1.58,55.5,6.528,32.4,1.09,17.777,3.332,,,1.252,,70.65,,11.87,64.36,1.005,366.7,4.22,,0
56.0,1.0,14.0,3.0,89.0,5.0,,10.0,14.0,75.6,130.2,36.3,31.0,14.0,121.0,84.2,29.6223,92.0,169.0,95.0,35.0,47.6,6.5,6.6,6.8,9.0,8.4,7.3,36.4,26.0,3.1,1.0,2.3,2.8,3.3,1.9,44.6,24.9,24.8,24.4,7230.0,25.1,38.7,61.0,32.3,711.0,397.0,399.0,286.0,323.0,5.449284,3.380789,2.298,760.628115,,,2.0,3.0,,36.0,5.0,,,17.0,1.0,4.0,0.0,1.0,0.0,1.0,0.0,0.0,2.0,2.0,0.0,1.0,1.0,5.0,2.0,1.0,2.0,3.0,2.0,0.0,0.0,2.0,2.0,,0.0,,0.0,4.0,12.0,6.0,,10.0,8.0,0.0,4.0,2.0,2.0,2.0,1.0,1.0,2.0,2.0,0.0,1.0,3.0,1.0,5.0,1.0,1.0,1.0,0.0,25.0,13.0,,0.0,0.0,1.0,1.0,2.0,12.0,2.0,2.0,5.0,3.0,16.0,,1.0,1.0,1.0,0.0,68.0,34.0,,69.0,0.0,0.0,0.02,0.22,0.04,0.5,,16.78,0.009,0.126,0.17,1.41,18.67,31.96,39.4,81.12,11.25,103.55,71.41,0.32,4.22,5.78,76.4,0.0,0.0,376.9,0.424,18.07,5.25,13.09,0.037,0.154,7.57,46.48,,53.5,1.003,0.55,54.6,8.46,,3.321,68.1,0.747,4.47,48.9,8.22,,0.839,9.873,1.82,159.25,1257.9,1.349,,31.88,16.992,24.59,,1.34,355.5,7.02,13.3,0
64.0,0.0,25.0,3.0,,2.0,,3.0,,68.4,174.8,72.3,19.0,53.0,118.0,92.6,33.5901,131.0,166.0,86.0,49.7,49.5,8.6,8.9,7.5,10.3,6.2,7.0,50.2,52.6,2.7,3.0,2.1,2.5,1.9,2.2,47.1,26.5,23.3,21.8,5338.0,48.1,47.3,45.0,31.7,735.0,365.0,407.0,237.0,274.0,,1.91343,-1.272,261.533956,,,,2.0,4.0,145.0,,,218.0,,,3.0,,4.0,2.0,6.0,0.0,0.0,1.0,2.0,2.0,0.0,0.0,9.0,1.0,4.0,2.0,1.0,2.0,0.0,1.0,2.0,2.0,43.698,0.0,,4.0,3.0,0.0,3.0,0.0,6.0,5.0,2.0,0.0,10.0,3.0,1.0,2.0,2.0,2.0,0.0,1.0,1.0,3.0,1.0,5.0,2.0,2.0,1.0,0.0,0.0,0.0,,,3.0,1.0,2.0,1.0,6.0,1.0,3.0,4.0,0.0,21.0,,,1.0,0.0,0.0,,39.0,,,1.0,1.0,0.01,0.24,0.01,0.15,40.32,16.55,,,0.416,1.73,36.59,33.99,41.04,82.82,7.95,85.71,67.6,0.25,5.27,,57.7,0.0,0.0,233.3,0.186,17.77,4.868,12.88,0.045,1.365,4.73,63.83,,96.4,1.939,,25.9,0.18,,,76.1,0.661,4.89,137.3,,42.4,1.5,28.878,4.252,16.37,2082.7,1.341,,94.68,,11.95,69.23,0.778,248.3,3.96,39.2,0
40.0,1.0,10.0,2.0,5.0,,57.0,,14.0,74.1,146.5,70.0,31.0,40.0,67.0,53.5,20.2429,99.0,163.0,95.0,21.0,12.7,1.9,1.7,12.1,7.2,,6.6,12.9,14.0,0.8,0.8,2.2,2.5,3.3,2.0,18.6,4.9,41.8,37.1,7232.0,16.0,7.3,51.5,39.5,453.0,248.0,251.0,107.0,170.0,3.242598,2.114117,-1.014,242.404925,4.32,,,5.0,2.0,168.0,5.0,,,17.0,5.0,,2.0,2.0,0.0,6.0,0.0,1.0,2.0,1.0,1.0,0.0,0.0,6.0,3.0,2.0,1.0,1.0,1.0,1.0,0.0,2.0,2.0,,2.0,0.0,0.0,4.0,5.0,2.0,7.0,39.0,4.0,9.0,0.0,1.0,2.0,2.0,1.0,2.0,3.0,1.0,0.0,1.0,4.0,1.0,5.0,1.0,1.0,,5.0,,,,,5.0,0.0,2.0,2.0,0.0,2.0,2.0,4.0,0.0,25.0,,1.0,1.0,0.0,1.0,,79.0,,85.0,0.0,0.0,0.0,0.03,0.35,6.35,,16.49,,0.237,0.153,1.77,31.75,41.28,47.05,87.75,12.07,93.73,77.07,0.63,11.33,2.82,50.5,0.0,,223.7,,16.05,3.994,12.16,0.041,1.776,5.57,13.9,47.02,60.2,1.09,0.569,33.3,0.36,2.243,5.008,67.9,0.651,1.54,11.9,4.339,28.8,,30.814,2.869,,,0.982,,94.73,14.174,6.33,80.83,5.091,298.8,3.34,69.7,0
65.0,0.0,12.0,1.0,82.0,,,8.0,,101.2,183.8,85.9,18.0,17.0,69.0,63.1,27.1041,89.0,153.0,93.0,34.3,31.8,3.4,1.7,14.0,11.7,6.8,11.9,12.9,22.1,0.9,0.9,2.9,4.2,4.1,5.8,15.9,6.4,34.6,31.0,,27.7,36.6,59.5,44.6,428.0,233.0,242.0,,179.0,5.537499,3.586949,0.292,289.88443,,3.0,2.0,,2.0,,,,49.0,146.0,,3.0,3.0,6.0,0.0,4.0,4.0,0.0,6.0,1.0,1.0,0.0,0.0,7.0,1.0,3.0,1.0,1.0,,0.0,0.0,0.0,4.0,,0.0,6.0,7.0,9.0,0.0,1.0,0.0,33.0,8.0,2.0,7.0,1.0,3.0,3.0,2.0,2.0,5.0,0.0,0.0,2.0,3.0,2.0,4.0,2.0,4.0,16.0,14.0,0.0,0.0,0.0,,6.0,5.0,4.0,3.0,,4.0,1.0,5.0,9.0,18.0,,1.0,1.0,0.0,0.0,89.0,62.0,,,,0.0,0.01,0.15,0.6,11.0,39.58,12.6,0.006,0.752,,1.39,25.58,30.35,31.83,95.35,7.43,110.99,77.04,0.38,6.92,3.07,,0.0,0.0,263.5,0.196,17.17,4.151,16.35,0.058,1.022,5.45,66.14,,117.2,1.046,0.647,50.2,16.22,,3.599,72.0,0.761,,40.0,4.732,36.6,0.8,35.742,1.848,118.95,,1.326,,45.64,1.819,25.19,81.18,2.357,408.2,4.71,,1
56.0,1.0,9.0,1.0,,,,,17.0,,110.6,57.2,39.0,59.0,89.0,72.5,20.309,92.0,189.0,99.0,36.2,14.3,1.8,1.8,10.7,13.9,12.6,9.8,15.4,31.7,0.6,0.5,5.2,2.7,3.1,4.5,19.9,21.5,43.6,41.6,8691.0,30.9,12.6,79.1,53.6,450.0,,234.0,171.0,207.0,4.582211,4.187098,3.595,557.703278,,,1.0,3.0,2.0,11.0,,,,18.0,1.0,,2.0,0.0,1.0,6.0,5.0,5.0,4.0,1.0,1.0,0.0,1.0,9.0,3.0,,1.0,2.0,1.0,0.0,1.0,0.0,2.0,,2.0,14.0,0.0,2.0,1.0,1.0,0.0,30.0,3.0,1.0,0.0,8.0,2.0,2.0,2.0,5.0,4.0,1.0,2.0,0.0,5.0,,5.0,2.0,4.0,10.0,6.0,1.0,10.0,,,9.0,1.0,4.0,2.0,12.0,2.0,3.0,4.0,0.0,14.0,12.0,0.0,,0.0,0.0,,,,,,0.0,0.01,0.1,0.45,3.87,34.73,16.5,0.011,0.42,,2.73,23.51,39.41,,82.94,,113.62,84.19,0.62,5.31,7.8,67.2,0.0,0.0,271.9,0.308,16.71,4.187,14.43,0.061,1.224,11.61,59.01,50.25,121.8,,1.541,20.9,17.56,2.241,8.375,73.9,0.647,2.9,166.1,4.577,34.9,2.524,15.013,3.541,31.51,,1.272,,36.3,15.434,23.74,79.11,1.302,323.1,3.32,,0
42.0,0.0,17.0,4.0,33.0,26.0,42.0,,18.0,62.1,161.1,67.8,30.0,15.0,102.0,105.1,40.4236,115.0,161.0,83.0,35.8,30.9,3.1,7.5,7.5,8.7,7.1,6.3,21.6,18.3,,2.7,3.2,1.9,,1.7,43.7,5.7,27.7,21.0,6589.0,20.2,,,40.4,709.0,291.0,279.0,262.0,328.0,4.305053,2.384723,-1.172,173.196805,2.15,,,,,35.0,,,95.0,28.0,4.0,1.0,2.0,3.0,5.0,5.0,0.0,5.0,0.0,3.0,,,1.0,6.0,3.0,2.0,3.0,3.0,2.0,1.0,0.0,0.0,,45.165,1.0,0.0,0.0,0.0,0.0,5.0,0.0,10.0,7.0,7.0,5.0,7.0,3.0,1.0,2.0,0.0,1.0,1.0,2.0,0.0,4.0,3.0,5.0,2.0,3.0,,1.0,0.0,,0.0,1.0,10.0,6.0,4.0,2.0,0.0,4.0,2.0,5.0,9.0,21.0,27.0,0.0,1.0,0.0,,,,,81.0,,0.0,0.11,1.94,0.31,5.44,31.3,14.49,,,0.218,1.46,25.7,37.59,46.3,81.19,9.27,,91.11,0.6,10.63,,56.3,0.0,0.0,403.0,0.374,16.19,3.856,,0.041,2.114,5.69,25.54,44.19,64.8,1.593,0.639,33.9,1.11,2.429,4.719,66.2,0.834,1.34,442.1,8.211,49.9,1.707,28.085,,16.05,,1.387,,61.36,2.927,21.45,67.39,1.887,229.9,4.82,,0
63.0,1.0,29.0,1.0,5.0,7.0,,6.0,,,118.8,56.8,23.0,23.0,84.0,59.4,21.4376,90.0,166.0,96.0,18.7,30.6,6.3,2.6,7.6,8.6,6.0,7.9,16.3,16.3,0.8,0.7,2.9,2.5,3.1,2.2,14.3,,28.0,28.9,6747.0,31.6,35.8,62.8,47.3,490.0,285.0,370.0,207.0,277.0,,1.867321,,203.900432,4.11,,2.0,3.0,,261.0,,4.0,212.0,358.0,4.0,5.0,2.0,7.0,3.0,7.0,0.0,1.0,1.0,2.0,1.0,0.0,1.0,5.0,3.0,1.0,1.0,2.0,2.0,2.0,2.0,0.0,1.0,28.443,0.0,,86.0,1.0,8.0,0.0,0.0,4.0,5.0,3.0,0.0,1.0,2.0,1.0,1.0,1.0,5.0,0.0,4.0,3.0,3.0,1.0,5.0,1.0,4.0,2.0,,6.0,,0.0,,6.0,8.0,3.0,1.0,0.0,2.0,1.0,5.0,1.0,,20.0,0.0,1.0,1.0,0.0,,94.0,95.0,,,0.0,0.0,0.01,0.08,0.76,37.41,13.49,0.015,0.433,0.315,,17.95,33.41,36.07,92.63,11.22,108.25,84.77,0.87,8.47,7.5,72.8,0.0,0.0,486.1,0.545,16.11,,16.3,0.047,2.107,10.31,14.87,49.21,65.3,1.546,0.66,31.2,18.49,,4.368,90.6,0.683,,190.2,3.653,31.1,1.947,9.868,1.803,128.89,,1.22,12.8,34.63,13.902,12.43,78.83,3.09,349.6,7.83,83.1,0
50.0,1.0,6.0,1.0,,42.0,,1.0,14.0,68.7,124.9,61.7,57.0,49.0,118.0,131.5,36.9219,117.0,189.0,111.0,43.1,,9.1,9.0,18.2,12.8,11.5,12.9,32.0,46.5,2.0,2.9,6.3,6.0,5.1,4.3,47.2,32.4,43.3,,10643.0,31.3,51.7,79.3,67.3,502.0,275.0,319.0,266.0,267.0,4.203109,4.034984,1.969,471.436416,1.6,6.0,6.0,3.0,,254.0,3.0,,30.0,,3.0,3.0,4.0,7.0,6.0,6.0,0.0,0.0,0.0,3.0,2.0,,1.0,6.0,4.0,3.0,1.0,2.0,,1.0,1.0,0.0,3.0,,0.0,9.0,0.0,3.0,2.0,0.0,18.0,1.0,7.0,12.0,8.0,6.0,2.0,4.0,0.0,2.0,4.0,1.0,0.0,0.0,3.0,2.0,4.0,1.0,2.0,1.0,,1.0,0.0,,0.0,1.0,8.0,3.0,2.0,,3.0,1.0,2.0,0.0,16.0,8.0,,1.0,0.0,0.0,,,,83.0,0.0,0.0,0.01,0.13,0.19,2.25,50.0,16.79,0.028,0.241,0.188,0.82,9.83,33.56,33.58,99.92,10.77,95.56,72.32,0.53,6.35,6.84,81.4,0.0,0.0,361.0,0.389,15.94,5.004,12.83,0.022,,8.4,41.41,46.09,154.1,1.14,1.54,27.9,20.11,2.272,8.211,47.5,0.719,1.16,154.7,7.6,51.3,0.987,,5.268,70.61,,0.998,86.1,89.61,13.715,12.47,64.55,2.214,173.0,3.01,32.4,0
66.0,0.0,13.0,3.0,40.0,,,,16.0,66.3,108.3,50.0,,21.0,73.0,63.1,23.0636,100.0,165.0,85.0,21.5,46.5,2.8,2.6,6.5,6.3,6.8,10.4,20.7,13.7,0.7,1.0,2.1,,1.9,1.6,36.4,10.4,24.3,21.1,6484.0,21.9,16.3,43.3,37.4,535.0,364.0,354.0,227.0,265.0,2.358412,1.003013,,148.906681,,1.0,5.0,,2.0,,7.0,4.0,,230.0,3.0,2.0,0.0,,1.0,6.0,6.0,1.0,2.0,1.0,,4.0,0.0,6.0,3.0,1.0,1.0,2.0,1.0,3.0,0.0,2.0,3.0,67.669,1.0,0.0,54.0,0.0,3.0,2.0,0.0,25.0,4.0,2.0,0.0,3.0,2.0,0.0,2.0,0.0,3.0,1.0,1.0,0.0,3.0,3.0,3.0,1.0,3.0,14.0,,0.0,24.0,,0.0,1.0,1.0,6.0,1.0,8.0,3.0,1.0,2.0,0.0,,30.0,1.0,1.0,0.0,0.0,,89.0,69.0,,,0.0,0.11,1.85,0.27,4.41,40.86,15.4,,0.106,0.249,1.23,20.15,36.96,37.68,98.08,7.53,118.99,91.52,0.88,14.33,3.63,59.3,0.0,0.0,198.0,0.149,16.2,4.166,13.32,0.046,1.542,6.12,18.75,46.08,75.5,1.737,0.684,,16.51,2.197,3.345,51.9,0.758,2.74,14.9,4.84,,1.331,33.637,2.012,109.98,,,,150.01,1.872,6.21,73.77,3.776,212.6,4.2,45.8,0
55.0,1.0,13.0,2.0,6.0,,19.0,,20.0,101.9,144.3,82.8,27.0,18.0,117.0,76.4,32.4424,94.0,153.0,97.0,27.8,39.4,5.5,7.2,7.3,13.4,9.2,12.3,46.2,49.3,1.7,2.7,2.3,3.2,3.0,2.6,38.3,26.0,39.4,31.6,9270.0,31.2,36.2,37.2,47.6,439.0,277.0,255.0,221.0,214.0,5.105512,1.551013,1.043,551.466752,,,,4.0,,11.0,3.0,2.0,7.0,6.0,4.0,3.0,0.0,1.0,2.0,0.0,0.0,1.0,2.0,1.0,1.0,1.0,0.0,7.0,1.0,,2.0,3.0,1.0,0.0,2.0,2.0,4.0,,1.0,4.0,0.0,,3.0,3.0,0.0,9.0,6.0,3.0,8.0,2.0,3.0,3.0,0.0,1.0,0.0,2.0,3.0,0.0,3.0,1.0,5.0,2.0,3.0,1.0,16.0,16.0,0.0,5.0,0.0,5.0,7.0,1.0,2.0,,3.0,1.0,4.0,11.0,21.0,,0.0,1.0,0.0,0.0,,,89.0,,,0.0,0.0,0.04,0.32,2.88,35.85,14.69,0.036,0.968,0.398,2.91,26.15,26.8,40.97,65.4,11.67,100.05,57.59,0.81,7.3,7.07,63.6,0.0,0.0,404.6,0.472,17.87,5.482,12.71,0.041,1.47,11.12,,43.15,111.9,1.442,0.688,53.3,,,3.344,180.7,1.19,,13.4,4.226,29.7,1.055,13.953,2.493,4.76,,1.234,,37.28,11.166,10.6,79.65,0.719,739.5,9.25,,0
44.0,1.0,30.0,2.0,62.0,,25.0,,,74.1,135.9,86.8,29.0,48.0,101.0,66.7,21.3849,98.0,177.0,86.0,28.2,25.2,7.7,3.6,12.8,10.9,9.5,10.1,15.4,18.5,1.8,0.5,2.5,2.4,2.5,2.5,23.6,20.2,29.8,24.9,6978.0,24.7,16.2,62.7,45.7,651.0,313.0,321.0,259.0,300.0,1.78149,1.223104,-0.724,113.565908,,,,3.0,,72.0,1.0,,3.0,12.0,1.0,3.0,4.0,0.0,1.0,4.0,6.0,6.0,1.0,2.0,1.0,,0.0,7.0,4.0,2.0,1.0,2.0,1.0,0.0,0.0,0.0,3.0,13.976,1.0,0.0,,2.0,1.0,1.0,0.0,38.0,5.0,2.0,4.0,0.0,2.0,2.0,2.0,5.0,2.0,2.0,0.0,4.0,3.0,2.0,5.0,1.0,1.0,1.0,,21.0,,,1.0,,3.0,2.0,4.0,0.0,1.0,1.0,3.0,10.0,18.0,1.0,,,0.0,1.0,,87.0,,,,1.0,0.04,0.39,0.16,1.76,41.5,16.33,0.013,0.131,0.169,1.47,15.79,31.67,39.36,80.48,9.04,101.59,79.38,0.45,4.81,7.21,77.3,0.0,0.0,165.7,0.15,17.56,5.156,12.25,0.029,1.102,9.34,15.54,46.44,72.6,1.134,1.539,38.5,,,5.162,61.8,0.926,1.24,,,27.1,1.113,25.54,3.069,115.79,,,,136.51,15.812,19.23,67.15,3.762,204.0,5.61,53.4,0
46.0,0.0,4.0,2.0,,1.0,,,,99.8,169.0,,51.0,14.0,119.0,,30.5779,103.0,156.0,83.0,33.9,45.8,6.9,9.8,6.5,7.0,6.0,5.8,46.1,50.5,1.9,,3.1,2.0,,2.0,42.3,23.6,22.6,22.1,5037.0,28.8,34.1,39.6,34.4,489.0,269.0,241.0,185.0,183.0,3.910891,2.007497,-0.309,466.180243,,,,,,23.0,,1.0,3.0,193.0,,,3.0,,0.0,6.0,1.0,2.0,5.0,2.0,2.0,0.0,1.0,8.0,3.0,1.0,2.0,2.0,2.0,1.0,0.0,0.0,2.0,,0.0,0.0,0.0,9.0,3.0,6.0,3.0,3.0,4.0,1.0,0.0,3.0,2.0,0.0,3.0,1.0,0.0,0.0,0.0,1.0,5.0,2.0,1.0,0.0,3.0,1.0,,0.0,0.0,,1.0,4.0,7.0,4.0,2.0,4.0,2.0,2.0,3.0,83.0,21.0,2.0,0.0,1.0,1.0,0.0,,90.0,93.0,,0.0,1.0,0.17,4.05,,1.36,36.09,13.86,0.042,0.278,0.309,1.22,28.53,35.09,38.39,91.4,8.71,121.51,86.31,0.25,5.82,2.57,60.2,0.0,0.0,286.3,0.249,17.73,3.949,13.11,0.282,2.557,4.26,,47.73,80.6,1.279,1.201,17.6,0.23,2.23,5.844,108.6,1.183,2.49,11.8,5.922,27.7,1.083,23.19,3.142,,,1.155,18.6,112.44,1.247,5.85,69.62,5.331,384.6,4.6,44.1,0
70.0,0.0,12.0,2.0,0.0,23.0,52.0,,,72.9,156.1,79.1,16.0,16.0,103.0,48.4,21.0172,97.0,152.0,90.0,24.4,31.0,7.9,2.3,8.2,7.3,7.2,9.9,29.7,27.7,0.8,1.6,2.4,2.0,1.8,1.9,44.7,23.1,21.0,21.3,4607.0,32.1,19.9,60.5,35.1,706.0,367.0,433.0,244.0,330.0,3.079157,1.094767,-0.09,223.71581,2.63,,3.0,2.0,,29.0,2.0,,,304.0,,,3.0,7.0,1.0,7.0,0.0,2.0,4.0,3.0,3.0,0.0,0.0,7.0,2.0,,1.0,2.0,1.0,1.0,1.0,0.0,3.0,,1.0,0.0,3.0,9.0,6.0,2.0,7.0,3.0,2.0,4.0,0.0,0.0,2.0,3.0,1.0,1.0,1.0,1.0,0.0,2.0,1.0,1.0,5.0,2.0,4.0,17.0,,13.0,16.0,,,8.0,6.0,3.0,2.0,0.0,4.0,1.0,5.0,0.0,,6.0,0.0,1.0,0.0,1.0,78.0,78.0,,,,0.0,0.02,0.27,0.14,2.02,40.0,13.06,0.009,0.182,0.369,0.94,13.7,30.43,32.64,93.22,15.59,118.87,89.79,0.22,3.24,5.53,80.8,0.0,0.0,361.9,0.564,15.98,4.291,14.6,0.047,0.904,6.85,38.47,43.16,151.2,,1.373,40.0,17.03,,,101.0,1.102,1.51,25.4,10.058,58.8,0.836,,4.643,15.63,,,,44.25,0.811,,,1.268,469.5,4.45,,0
42.0,0.0,5.0,36.0,1.0,16.0,,1.0,18.0,98.5,133.5,61.4,14.0,32.0,70.0,65.7,22.1782,95.0,172.0,90.0,24.1,13.7,3.0,1.9,7.9,6.8,6.3,5.9,14.9,28.9,0.6,0.7,1.8,2.0,2.4,1.9,20.6,5.4,25.0,28.4,8201.0,14.4,10.8,41.0,35.7,754.0,384.0,364.0,285.0,242.0,4.642711,,2.759,687.400997,,4.0,,2.0,,,1.0,,191.0,83.0,,,4.0,3.0,2.0,6.0,4.0,7.0,7.0,1.0,5.0,,0.0,10.0,4.0,2.0,1.0,1.0,2.0,0.0,1.0,1.0,3.0,,1.0,0.0,0.0,0.0,1.0,1.0,2.0,22.0,9.0,0.0,1.0,1.0,2.0,5.0,2.0,2.0,4.0,0.0,0.0,0.0,2.0,2.0,,1.0,4.0,,1.0,17.0,0.0,2.0,1.0,4.0,1.0,2.0,2.0,1.0,3.0,1.0,3.0,3.0,19.0,10.0,0.0,1.0,0.0,1.0,,90.0,71.0,81.0,,0.0,,,0.56,10.51,48.4,,0.015,0.366,0.363,1.09,20.36,24.36,24.19,100.69,9.7,113.37,75.59,0.83,15.52,2.86,53.4,0.0,0.0,406.2,0.394,17.34,4.807,12.07,0.128,2.179,5.36,57.61,50.01,60.4,1.192,0.672,51.3,15.04,2.316,4.89,52.5,0.695,2.06,16.3,4.266,27.2,0.799,24.717,1.912,5.95,8982.5,0.476,86.9,140.76,0.764,6.52,76.06,2.35,,3.9,16.3,0
60.0,1.0,10.0,2.0,32.0,22.0,,,16.0,69.4,132.3,93.9,15.0,18.0,120.0,104.7,35.3195,113.0,172.0,90.0,49.2,46.7,4.5,3.3,8.4,7.1,11.4,6.5,33.2,34.7,3.0,2.9,3.1,3.4,1.9,,34.8,18.9,26.2,30.1,5894.0,45.8,20.9,43.0,27.9,433.0,,271.0,178.0,171.0,5.224006,2.337577,0.185,171.879859,,,,3.0,,340.0,,4.0,13.0,,2.0,2.0,4.0,,0.0,7.0,0.0,0.0,3.0,2.0,1.0,4.0,0.0,8.0,2.0,1.0,2.0,3.0,2.0,1.0,0.0,0.0,4.0,8.571,2.0,0.0,0.0,3.0,1.0,4.0,0.0,32.0,8.0,0.0,5.0,0.0,2.0,2.0,2.0,1.0,2.0,0.0,0.0,0.0,2.0,1.0,5.0,2.0,2.0,6.0,16.0,0.0,21.0,4.0,1.0,0.0,2.0,2.0,1.0,0.0,4.0,1.0,2.0,0.0,24.0,47.0,1.0,0.0,0.0,0.0,,93.0,,,1.0,1.0,0.01,0.18,0.31,9.18,37.15,16.42,0.038,0.821,0.306,0.99,29.56,41.46,44.19,93.83,8.29,115.13,72.94,0.2,5.87,1.85,55.2,0.0,0.0,,0.126,16.6,3.959,15.94,0.051,1.812,3.36,71.78,,152.6,1.096,0.928,22.4,8.24,2.626,5.233,53.3,1.15,4.0,,9.51,55.9,0.873,32.334,3.065,117.43,,1.272,,25.36,19.665,8.15,,,205.0,5.4,23.6,0
47.0,0.0,46.0,4.0,1.0,,,3.0,14.0,71.2,169.2,88.4,27.0,30.0,89.0,104.4,34.4151,111.0,174.0,84.0,34.6,26.5,6.2,3.6,9.9,10.0,6.0,7.7,28.4,35.9,2.5,1.0,1.8,2.2,3.8,3.1,23.5,18.6,26.3,39.2,5439.0,40.4,17.1,38.4,40.8,744.0,460.0,420.0,324.0,322.0,,2.838805,1.379,374.494079,,3.0,2.0,,,187.0,,,51.0,,,,1.0,1.0,1.0,7.0,0.0,1.0,2.0,2.0,4.0,0.0,0.0,4.0,1.0,1.0,2.0,3.0,,0.0,1.0,1.0,3.0,,1.0,,1.0,0.0,1.0,2.0,0.0,23.0,7.0,0.0,6.0,2.0,1.0,1.0,2.0,5.0,2.0,1.0,0.0,1.0,3.0,4.0,5.0,2.0,2.0,6.0,1.0,,,,1.0,1.0,4.0,4.0,4.0,0.0,4.0,1.0,2.0,0.0,,2.0,0.0,1.0,1.0,0.0,88.0,42.0,96.0,,,0.0,0.01,0.09,0.21,2.33,50.64,15.78,0.031,0.694,0.406,2.25,25.18,29.12,31.16,93.47,11.95,113.37,85.41,0.51,5.68,5.97,66.7,0.0,0.0,192.9,0.231,16.15,5.418,12.01,0.031,0.81,8.94,18.8,41.67,110.9,1.77,0.612,22.1,0.88,2.332,4.096,101.4,0.726,,158.6,3.813,33.7,1.332,,2.249,17.51,,0.782,,70.33,1.711,10.33,,,314.4,5.67,24.3,0
47.0,0.0,28.0,,,,,4.0,21.0,,125.2,69.8,25.0,43.0,119.0,91.6,29.7936,106.0,175.0,84.0,48.1,42.6,8.4,5.8,7.0,7.7,8.2,12.9,32.0,30.5,2.5,0.7,3.3,2.0,1.8,2.8,33.7,9.6,35.8,29.4,5904.0,32.3,39.5,39.4,31.5,693.0,283.0,233.0,183.0,212.0,,3.298407,2.556,429.609686,4.53,,5.0,2.0,,27.0,,,,268.0,,3.0,3.0,7.0,,6.0,2.0,1.0,1.0,3.0,0.0,4.0,0.0,8.0,4.0,4.0,3.0,2.0,2.0,1.0,2.0,2.0,2.0,32.189,1.0,4.0,7.0,2.0,8.0,0.0,6.0,10.0,5.0,0.0,0.0,1.0,2.0,4.0,0.0,3.0,2.0,1.0,1.0,2.0,3.0,1.0,5.0,2.0,1.0,2.0,,,,0.0,1.0,,3.0,3.0,4.0,5.0,1.0,1.0,3.0,0.0,17.0,15.0,,0.0,1.0,0.0,,,,,0.0,0.0,0.02,0.19,0.62,7.21,44.82,16.96,0.036,0.778,0.372,3.14,36.74,31.31,37.84,82.76,10.76,91.16,,0.56,6.53,4.22,49.3,0.0,0.0,,0.178,16.34,5.416,13.04,0.044,2.303,8.56,34.73,,212.1,1.142,0.905,44.9,4.66,2.594,7.994,47.7,0.717,2.33,190.5,6.921,31.2,,11.491,5.25,128.31,,0.791,,78.16,1.024,7.37,68.96,4.625,179.0,3.3,38.4,0
59.0,1.0,0.0,4.0,109.0,33.0,16.0,,,74.1,104.1,,17.0,12.0,65.0,89.6,35.9359,117.0,158.0,80.0,38.9,37.9,2.6,3.9,6.9,6.0,6.7,6.2,36.4,18.3,1.1,2.0,1.9,1.7,1.9,1.8,23.4,12.4,24.9,22.8,4683.0,31.7,30.1,44.3,33.2,660.0,264.0,241.0,230.0,214.0,2.811907,2.476955,,381.236913,3.22,,,3.0,,,,4.0,181.0,11.0,3.0,5.0,0.0,3.0,2.0,6.0,0.0,0.0,0.0,1.0,0.0,2.0,2.0,4.0,3.0,4.0,1.0,1.0,2.0,1.0,0.0,1.0,3.0,,2.0,6.0,1.0,0.0,10.0,4.0,0.0,3.0,1.0,2.0,0.0,1.0,1.0,4.0,2.0,2.0,1.0,1.0,2.0,1.0,4.0,1.0,4.0,2.0,3.0,2.0,1.0,1.0,,,1.0,1.0,5.0,2.0,,0.0,3.0,,3.0,0.0,19.0,44.0,,1.0,0.0,,,82.0,,52.0,1.0,0.0,0.0,0.0,0.03,0.35,42.0,16.37,0.01,0.228,0.264,1.34,17.96,32.32,38.98,82.92,9.61,93.44,73.43,0.2,2.64,5.88,79.0,0.0,0.0,357.3,0.343,16.68,5.065,12.54,0.124,,7.44,26.88,,76.8,1.842,1.08,55.8,6.49,2.547,5.597,60.4,1.095,2.75,122.3,4.965,43.3,1.019,17.416,4.057,36.7,2034.7,1.057,,14.67,14.097,8.77,72.38,1.045,374.1,7.81,97.0,0
50.0,0.0,45.0,2.0,0.0,,46.0,,19.0,64.7,161.0,95.0,11.0,11.0,71.0,49.8,19.5712,120.0,159.0,83.0,42.7,16.8,2.2,3.3,7.0,5.9,5.6,7.8,18.3,17.7,0.4,0.5,1.7,1.8,1.3,1.9,16.4,7.7,20.3,20.6,5659.0,29.2,27.7,40.4,21.5,605.0,262.0,255.0,191.0,236.0,,1.504746,-0.55,,3.96,5.0,3.0,3.0,,,,,,401.0,,4.0,3.0,7.0,6.0,4.0,0.0,0.0,6.0,3.0,1.0,0.0,0.0,4.0,4.0,2.0,2.0,1.0,2.0,0.0,0.0,0.0,3.0,,2.0,0.0,2.0,7.0,3.0,2.0,3.0,32.0,4.0,3.0,4.0,7.0,2.0,2.0,1.0,2.0,0.0,1.0,2.0,2.0,1.0,2.0,2.0,0.0,4.0,18.0,,26.0,,1.0,,5.0,1.0,2.0,2.0,0.0,2.0,2.0,3.0,0.0,17.0,2.0,1.0,,1.0,1.0,,40.0,85.0,,,1.0,0.16,1.43,0.53,4.84,41.4,13.71,0.035,0.885,0.363,3.49,32.06,32.28,33.12,97.48,9.72,88.45,78.31,0.36,3.3,6.35,58.4,0.0,0.0,347.8,0.338,16.43,4.247,,0.13,2.771,10.88,,42.83,74.9,1.317,1.045,57.3,15.04,2.311,5.282,112.5,0.907,1.45,116.6,3.855,27.5,0.885,35.495,1.958,182.05,,1.158,,135.95,1.855,,81.2,1.455,286.8,4.68,47.3,0
65.0,0.0,4.0,4.0,,,40.0,0.0,,107.0,159.7,49.9,41.0,43.0,123.0,120.5,41.0157,133.0,171.0,86.0,41.4,48.5,9.3,8.2,,6.9,7.1,7.7,52.2,37.8,2.3,2.8,2.8,3.5,3.1,2.8,30.9,22.0,40.6,21.9,5397.0,47.6,44.8,47.0,35.3,460.0,247.0,313.0,208.0,177.0,5.455068,1.7769,-0.284,177.120724,,,,,3.0,341.0,3.0,5.0,,381.0,3.0,,2.0,1.0,2.0,7.0,0.0,1.0,2.0,2.0,1.0,2.0,1.0,10.0,3.0,4.0,3.0,2.0,2.0,0.0,1.0,2.0,3.0,5.736,0.0,12.0,0.0,,3.0,1.0,2.0,1.0,3.0,3.0,6.0,7.0,1.0,4.0,0.0,3.0,2.0,0.0,2.0,1.0,3.0,3.0,2.0,2.0,2.0,13.0,21.0,27.0,5.0,4.0,,0.0,6.0,2.0,1.0,,2.0,3.0,2.0,0.0,14.0,2.0,0.0,0.0,0.0,,,87.0,99.0,,,0.0,,3.01,0.31,5.51,40.72,14.05,0.044,0.761,0.34,1.1,19.56,29.31,34.51,84.93,9.79,104.13,80.54,0.66,11.76,3.38,60.2,0.0,0.0,281.9,0.276,16.04,4.795,15.87,0.121,1.004,5.62,52.77,43.2,125.4,1.133,1.655,53.2,7.0,,9.167,114.0,1.307,,93.2,4.51,30.0,1.093,27.51,5.138,18.7,,1.246,,14.94,1.142,8.94,75.47,1.335,448.0,8.24,,0
53.0,0.0,40.0,2.0,4.0,,43.0,1.0,15.0,66.8,132.3,52.8,51.0,57.0,69.0,65.7,24.4505,88.0,164.0,104.0,21.5,27.8,2.4,1.5,11.7,12.5,12.9,9.8,24.6,22.3,1.0,0.6,3.3,4.3,2.6,2.2,32.3,8.7,43.1,32.3,5476.0,25.2,12.0,56.8,31.8,601.0,368.0,399.0,309.0,292.0,,3.680576,0.496,431.2934,2.02,2.0,,3.0,3.0,,2.0,,,61.0,,,4.0,3.0,2.0,3.0,0.0,4.0,8.0,3.0,1.0,1.0,2.0,8.0,4.0,2.0,1.0,3.0,1.0,2.0,0.0,1.0,3.0,,0.0,3.0,3.0,2.0,2.0,1.0,2.0,,4.0,1.0,1.0,8.0,1.0,1.0,4.0,2.0,3.0,1.0,1.0,0.0,2.0,1.0,5.0,1.0,4.0,14.0,17.0,,84.0,5.0,0.0,3.0,1.0,3.0,2.0,0.0,4.0,,5.0,7.0,18.0,42.0,0.0,0.0,0.0,0.0,,82.0,78.0,,,0.0,0.02,0.34,0.58,8.15,49.2,,0.045,0.995,0.356,3.17,44.23,25.89,28.86,89.7,9.99,95.88,86.6,0.83,,2.56,35.7,0.0,0.0,653.3,0.579,18.02,5.485,15.83,0.051,,7.17,19.11,,140.9,1.213,0.761,39.8,17.32,2.362,5.7,56.1,0.66,4.82,98.8,4.031,28.0,1.402,19.609,5.144,95.41,,0.915,,,,19.85,77.83,1.961,215.1,3.66,22.4,0
56.0,1.0,14.0,1.0,1.0,39.0,15.0,8.0,16.0,,146.0,64.1,57.0,58.0,80.0,63.1,19.3437,101.0,181.0,97.0,29.1,32.2,1.7,,8.9,12.2,8.1,13.3,15.5,21.8,0.7,0.6,3.9,4.1,3.9,2.4,33.3,12.5,43.1,41.4,6154.0,28.2,17.7,49.3,46.0,484.0,233.0,236.0,171.0,168.0,1.56247,1.470319,-0.475,280.016407,,,,,3.0,112.0,,2.0,,12.0,4.0,6.0,3.0,5.0,1.0,7.0,0.0,4.0,1.0,1.0,,0.0,0.0,10.0,3.0,,1.0,3.0,1.0,0.0,2.0,1.0,4.0,,1.0,14.0,6.0,9.0,2.0,7.0,8.0,15.0,2.0,,0.0,2.0,2.0,2.0,2.0,4.0,2.0,0.0,2.0,1.0,2.0,1.0,5.0,2.0,2.0,21.0,,0.0,25.0,2.0,0.0,9.0,0.0,4.0,1.0,0.0,3.0,1.0,1.0,0.0,15.0,37.0,1.0,,0.0,,,89.0,,79.0,,,0.04,0.74,0.06,1.09,30.99,11.38,0.036,0.536,0.215,1.45,27.77,,36.73,81.98,7.94,88.44,73.1,0.18,3.52,3.5,66.9,0.0,0.0,247.1,0.196,18.08,3.78,15.49,0.048,1.63,5.23,13.99,40.87,142.9,1.467,0.969,22.9,0.46,2.353,7.617,67.0,0.811,1.55,114.0,4.78,32.0,2.264,33.723,2.724,159.22,209.4,1.524,,65.87,,6.91,,3.546,254.0,2.86,81.4,0
61.0,0.0,6.0,1.0,,,,4.0,20.0,78.0,186.7,45.8,18.0,30.0,110.0,101.3,41.1354,123.0,157.0,63.0,45.7,30.8,,5.4,6.6,6.8,5.7,5.7,55.7,31.3,3.7,3.4,1.1,2.0,1.9,1.7,46.0,25.0,21.6,24.7,4643.0,40.5,40.0,37.7,26.4,640.0,300.0,398.0,246.0,265.0,4.746326,4.36358,4.596,635.709217,,,,2.0,,7.0,,4.0,,29.0,3.0,3.0,2.0,1.0,,6.0,0.0,0.0,6.0,2.0,0.0,,0.0,6.0,3.0,,3.0,2.0,1.0,0.0,0.0,0.0,3.0,,0.0,0.0,0.0,5.0,8.0,4.0,0.0,84.0,7.0,5.0,0.0,1.0,3.0,0.0,2.0,2.0,2.0,1.0,3.0,2.0,4.0,3.0,3.0,2.0,5.0,,8.0,8.0,0.0,0.0,,1.0,1.0,6.0,1.0,8.0,6.0,1.0,1.0,0.0,25.0,49.0,1.0,1.0,1.0,0.0,85.0,89.0,,,,,0.01,0.25,0.11,2.05,42.94,16.33,0.04,0.339,0.232,2.13,39.16,30.9,38.02,81.28,11.09,87.12,71.38,0.43,7.98,2.74,50.6,0.0,0.0,393.6,0.437,,5.283,13.11,0.037,1.242,5.43,,50.8,66.5,1.065,0.607,22.7,20.85,,3.316,76.0,1.178,1.5,12.5,8.106,62.3,,10.991,2.64,,176.3,1.099,,116.4,1.52,17.37,,0.663,408.6,7.12,97.9,0
52.0,0.0,29.0,2.0,17.0,1.0,14.0,,,106.2,170.1,91.9,26.0,21.0,125.0,107.9,38.2987,111.0,168.0,85.0,35.9,49.4,7.6,7.7,6.4,4.7,6.4,6.7,17.8,56.4,2.2,3.5,2.5,2.2,1.7,2.1,47.2,25.1,23.4,23.4,4775.0,32.2,52.6,49.4,42.5,768.0,464.0,383.0,277.0,307.0,3.92142,,1.795,,4.35,2.0,,,,,,4.0,2.0,15.0,,4.0,4.0,0.0,4.0,3.0,3.0,1.0,1.0,1.0,2.0,1.0,0.0,4.0,2.0,2.0,1.0,3.0,2.0,2.0,2.0,0.0,2.0,,0.0,11.0,,1.0,7.0,3.0,0.0,26.0,1.0,3.0,0.0,2.0,2.0,3.0,3.0,3.0,3.0,4.0,0.0,1.0,4.0,1.0,5.0,2.0,2.0,0.0,0.0,,,,0.0,,0.0,2.0,4.0,,2.0,1.0,3.0,9.0,,26.0,,,0.0,,,37.0,,,0.0,1.0,0.02,0.27,0.14,1.94,52.94,16.47,0.038,0.712,0.191,3.49,47.08,31.04,31.1,99.78,8.41,95.2,92.41,0.86,11.61,2.9,39.1,0.0,0.0,182.9,0.154,15.61,5.306,15.68,0.081,1.209,7.41,11.7,49.9,60.2,1.17,0.871,15.6,13.01,2.191,6.719,95.7,0.712,,19.8,3.808,29.0,,11.557,4.97,103.99,,1.2,,17.54,,12.85,75.34,2.636,510.4,13.65,33.2,0
46.0,0.0,13.0,3.0,8.0,0.0,,8.0,,96.5,155.7,98.6,10.0,15.0,108.0,77.8,24.1472,113.0,180.0,80.0,18.9,35.1,2.2,,9.0,7.9,6.8,9.5,19.2,15.9,0.5,1.0,3.0,2.0,2.1,1.8,18.3,7.5,22.2,20.5,5413.0,38.8,13.2,43.0,29.0,751.0,418.0,,303.0,282.0,,1.911554,,,4.17,3.0,,4.0,6.0,30.0,,2.0,,28.0,2.0,1.0,5.0,2.0,1.0,7.0,0.0,5.0,0.0,2.0,2.0,0.0,2.0,6.0,3.0,3.0,1.0,1.0,2.0,0.0,2.0,0.0,4.0,29.515,0.0,6.0,7.0,6.0,10.0,0.0,2.0,38.0,3.0,12.0,5.0,5.0,1.0,4.0,2.0,2.0,0.0,2.0,1.0,3.0,2.0,3.0,5.0,1.0,3.0,0.0,,1.0,,0.0,,6.0,6.0,2.0,2.0,11.0,5.0,3.0,4.0,10.0,17.0,2.0,1.0,,,0.0,,85.0,,,,0.0,0.0,0.03,0.62,3.78,49.79,16.47,0.014,0.139,0.152,13.45,76.9,30.4,33.08,91.89,10.54,106.15,75.59,0.83,5.03,1.59,9.6,0.0,0.0,200.9,0.212,16.09,5.419,12.74,0.021,2.507,16.5,47.59,49.23,133.9,1.68,,19.4,,2.389,4.671,70.6,0.795,1.43,12.5,6.812,49.9,2.245,,2.869,61.75,,0.862,11.1,225.55,0.839,16.21,70.67,1.245,490.8,7.06,91.2,0
44.0,1.0,36.0,5.0,,,55.0,3.0,14.0,95.4,161.6,72.4,14.0,26.0,112.0,101.7,31.0901,108.0,181.0,95.0,43.2,48.9,8.4,,12.1,8.0,12.8,12.9,48.8,43.6,2.4,1.9,2.8,2.0,4.2,4.4,46.7,19.8,22.2,38.8,8855.0,,38.2,44.1,46.2,476.0,,261.0,195.0,181.0,,3.718577,3.001,568.349619,,,,,,12.0,3.0,,,164.0,5.0,3.0,4.0,1.0,0.0,5.0,4.0,6.0,3.0,2.0,,2.0,1.0,8.0,3.0,,2.0,1.0,2.0,1.0,0.0,0.0,1.0,49.826,0.0,0.0,5.0,5.0,9.0,6.0,2.0,5.0,6.0,1.0,0.0,9.0,3.0,2.0,1.0,1.0,1.0,1.0,1.0,0.0,3.0,1.0,5.0,0.0,3.0,13.0,,,12.0,0.0,,,5.0,2.0,1.0,11.0,3.0,2.0,3.0,0.0,,5.0,0.0,0.0,0.0,0.0,,83.0,69.0,81.0,,0.0,0.07,0.59,0.61,5.32,,13.12,0.006,0.948,0.264,,10.35,34.43,34.86,98.76,8.45,122.94,,0.87,7.65,8.67,76.1,0.0,0.0,225.4,0.19,16.23,3.811,16.06,0.059,2.056,11.4,19.68,41.56,125.1,1.743,,49.3,7.94,2.271,3.919,45.5,0.668,1.52,91.2,4.437,31.3,0.983,21.461,4.576,12.22,,,,39.62,15.993,24.14,80.85,5.284,286.5,2.96,47.5,0
47.0,0.0,41.0,4.0,,3.0,15.0,0.0,19.0,64.4,104.7,89.0,44.0,16.0,120.0,89.5,34.2122,118.0,162.0,91.0,43.5,55.3,7.3,4.1,7.5,6.4,,7.5,51.5,52.8,3.2,3.6,1.9,2.6,2.4,2.3,47.3,15.1,23.0,19.5,7681.0,48.0,50.8,40.9,31.7,507.0,334.0,243.0,247.0,193.0,6.094021,4.026984,3.858,,,,1.0,2.0,,69.0,4.0,,,22.0,7.0,,3.0,6.0,5.0,3.0,0.0,6.0,6.0,2.0,,3.0,1.0,7.0,4.0,2.0,1.0,1.0,2.0,0.0,0.0,1.0,2.0,40.921,0.0,13.0,2.0,0.0,1.0,3.0,7.0,10.0,2.0,6.0,1.0,2.0,2.0,2.0,3.0,2.0,1.0,0.0,0.0,1.0,3.0,3.0,,2.0,2.0,16.0,11.0,,,2.0,,2.0,9.0,2.0,2.0,7.0,3.0,2.0,3.0,5.0,23.0,2.0,0.0,,1.0,1.0,,,82.0,104.0,,0.0,0.0,0.07,0.56,7.69,46.18,15.18,0.004,0.106,0.246,1.4,19.41,29.59,32.87,90.05,7.3,110.66,93.51,0.31,4.29,4.96,68.6,0.0,0.0,158.3,0.116,16.94,5.128,12.84,0.024,0.576,7.23,87.67,49.08,46.9,1.538,0.724,24.2,6.91,2.2,6.133,46.3,0.673,3.1,48.2,9.039,33.5,1.242,35.443,3.253,,2032.5,1.436,,32.71,1.831,,,0.804,250.3,4.39,39.4,0
58.0,1.0,0.0,2.0,,21.0,,1.0,14.0,62.3,128.4,48.7,16.0,49.0,78.0,76.6,25.344,121.0,174.0,91.0,12.6,16.7,7.8,2.5,10.1,10.0,5.9,6.0,22.3,36.0,1.0,0.7,2.9,2.7,4.4,3.1,23.9,22.8,27.1,,8841.0,16.1,37.5,78.1,50.9,480.0,256.0,235.0,199.0,205.0,2.975133,2.856128,1.573,426.034966,,,,,,244.0,,,75.0,25.0,4.0,,2.0,7.0,1.0,7.0,5.0,0.0,1.0,2.0,2.0,1.0,0.0,5.0,3.0,2.0,1.0,3.0,1.0,1.0,0.0,1.0,,,0.0,0.0,4.0,1.0,2.0,5.0,0.0,33.0,5.0,1.0,0.0,1.0,2.0,2.0,2.0,1.0,2.0,2.0,3.0,3.0,3.0,1.0,5.0,2.0,2.0,,14.0,1.0,,3.0,0.0,7.0,0.0,1.0,3.0,,4.0,1.0,4.0,0.0,23.0,,0.0,0.0,0.0,0.0,88.0,66.0,82.0,42.0,0.0,0.0,0.01,0.26,0.11,2.38,42.49,12.38,0.02,0.346,0.39,,34.77,27.83,,95.54,8.36,93.15,92.0,0.52,11.18,2.38,51.4,0.0,0.0,382.1,,17.39,4.447,13.0,0.09,2.156,4.64,60.45,41.82,119.0,1.894,0.826,19.6,1.77,2.495,3.976,45.7,0.691,,99.3,,29.6,1.651,17.414,2.959,131.09,,1.153,,22.07,13.579,12.86,69.15,1.25,207.9,2.97,26.2,0
42.0,0.0,25.0,1.0,71.0,12.0,,,21.0,76.9,109.0,88.5,28.0,51.0,116.0,116.8,37.7047,105.0,176.0,95.0,42.3,20.9,7.0,7.4,11.7,7.8,6.6,9.1,21.3,36.8,2.9,2.1,4.2,2.1,2.0,2.7,44.6,11.3,27.6,41.5,8216.0,23.9,38.4,70.3,,591.0,242.0,289.0,244.0,192.0,4.765339,,1.184,686.076789,2.29,,1.0,,,,,,,175.0,1.0,2.0,2.0,,2.0,6.0,0.0,5.0,5.0,2.0,0.0,0.0,0.0,10.0,4.0,2.0,1.0,2.0,1.0,0.0,0.0,0.0,2.0,66.793,0.0,2.0,0.0,7.0,1.0,2.0,6.0,32.0,6.0,2.0,4.0,10.0,3.0,1.0,3.0,1.0,2.0,0.0,4.0,4.0,3.0,1.0,5.0,2.0,3.0,0.0,0.0,16.0,,,1.0,2.0,7.0,3.0,2.0,9.0,2.0,1.0,3.0,0.0,32.0,,0.0,1.0,0.0,0.0,,73.0,64.0,63.0,,1.0,0.18,1.03,0.28,1.58,37.51,13.41,0.006,0.201,0.213,14.77,76.9,34.16,35.74,95.59,7.75,113.07,75.79,0.26,1.46,2.08,11.8,0.0,0.0,294.9,0.229,17.12,3.924,16.11,0.026,0.786,17.57,17.7,,123.4,1.6,0.621,22.9,0.5,2.466,5.1,12.9,0.653,,26.5,4.614,27.9,1.327,20.223,2.143,,,0.988,,17.79,2.372,11.01,,0.792,181.4,3.35,17.6,0
51.0,1.0,11.0,4.0,87.0,9.0,20.0,5.0,15.0,84.3,148.0,58.0,29.0,17.0,61.0,57.1,19.226,88.0,172.0,84.0,10.0,13.3,1.4,1.4,7.7,11.1,6.0,9.0,13.4,13.4,0.5,0.9,2.1,4.0,2.2,3.9,13.3,3.6,27.5,23.5,6876.0,13.5,5.6,54.3,49.4,638.0,331.0,336.0,225.0,246.0,,1.962619,,284.89439,1.71,,2.0,,,13.0,,4.0,,19.0,1.0,5.0,2.0,2.0,3.0,1.0,3.0,1.0,2.0,1.0,4.0,1.0,0.0,8.0,1.0,,2.0,1.0,2.0,0.0,0.0,0.0,3.0,8.707,1.0,0.0,5.0,2.0,1.0,7.0,0.0,11.0,1.0,5.0,0.0,10.0,2.0,2.0,3.0,1.0,2.0,2.0,0.0,1.0,2.0,1.0,5.0,1.0,3.0,0.0,0.0,0.0,0.0,,,0.0,1.0,1.0,2.0,9.0,3.0,1.0,4.0,0.0,15.0,10.0,1.0,1.0,0.0,1.0,84.0,,79.0,81.0,,1.0,0.05,0.5,,3.72,48.83,12.2,0.026,,0.311,1.78,16.09,24.33,24.99,,8.52,122.17,81.28,0.23,2.05,8.57,77.6,0.0,0.0,185.1,0.158,16.3,5.016,13.14,0.077,1.589,11.04,,45.84,45.1,1.653,0.734,40.9,0.53,2.418,,47.6,0.839,,124.0,4.19,31.2,1.384,35.433,,,,,16.5,45.02,16.744,21.21,71.07,1.346,162.7,1.87,99.3,0
63.0,0.0,1.0,1.0,3.0,,14.0,,20.0,76.2,106.1,74.0,10.0,12.0,86.0,70.2,30.9837,89.0,150.0,80.0,41.0,25.8,2.0,2.6,7.0,7.5,6.6,5.8,28.4,14.1,1.2,0.6,1.9,1.8,1.7,2.1,27.0,8.4,22.4,21.3,5081.0,,23.9,46.6,26.3,699.0,401.0,319.0,304.0,316.0,3.475188,1.262989,-1.415,125.084463,3.21,4.0,,,1.0,,,3.0,142.0,,,2.0,1.0,1.0,1.0,6.0,0.0,0.0,0.0,1.0,,0.0,0.0,,2.0,1.0,1.0,3.0,1.0,0.0,2.0,1.0,4.0,,,0.0,,4.0,9.0,3.0,2.0,18.0,28.0,9.0,0.0,2.0,2.0,2.0,0.0,1.0,3.0,1.0,1.0,2.0,3.0,1.0,2.0,2.0,3.0,,0.0,0.0,0.0,,1.0,2.0,6.0,2.0,,,4.0,3.0,2.0,8.0,15.0,12.0,1.0,0.0,1.0,1.0,76.0,71.0,,44.0,,0.0,0.03,0.41,0.03,0.42,48.02,13.1,0.004,0.092,0.043,3.04,40.45,25.48,27.29,93.39,9.0,106.75,86.32,0.61,8.16,3.81,50.6,0.0,0.0,153.8,0.138,16.36,,16.99,0.019,0.49,7.53,52.52,43.13,53.8,1.473,0.681,,1.32,2.342,3.604,47.0,0.669,,,9.178,47.4,1.692,17.681,3.338,12.27,,0.928,,,1.738,11.01,65.93,3.147,,3.51,,0
59.0,0.0,8.0,6.0,,10.0,,,15.0,74.2,124.4,,45.0,37.0,114.0,133.4,37.3439,126.0,189.0,96.0,47.1,51.2,9.0,6.8,6.8,14.2,11.1,10.9,49.3,40.1,3.2,2.1,3.5,4.4,2.5,3.4,39.5,20.2,35.8,31.2,7332.0,43.2,40.3,76.5,52.6,530.0,271.0,301.0,203.0,212.0,2.591043,1.615873,-1.075,239.082463,,,,2.0,2.0,7.0,,3.0,,14.0,5.0,,5.0,2.0,0.0,1.0,0.0,2.0,3.0,2.0,2.0,1.0,0.0,6.0,1.0,3.0,1.0,2.0,2.0,0.0,0.0,0.0,3.0,11.623,0.0,0.0,8.0,0.0,6.0,7.0,0.0,3.0,0.0,10.0,4.0,6.0,3.0,2.0,3.0,2.0,1.0,4.0,1.0,0.0,3.0,1.0,5.0,0.0,5.0,,,1.0,0.0,,,1.0,1.0,1.0,3.0,10.0,2.0,2.0,4.0,0.0,14.0,11.0,,,0.0,1.0,66.0,77.0,65.0,,,0.0,0.02,0.29,0.2,2.92,55.41,16.41,0.04,1.027,0.332,2.41,35.16,30.0,29.62,101.28,11.33,110.16,78.53,0.49,7.13,3.73,54.5,0.0,0.0,170.0,0.193,15.95,5.471,12.12,0.073,1.9,6.85,16.05,50.0,124.9,1.989,1.14,16.1,,2.488,,46.5,1.156,1.52,21.8,5.24,33.9,,29.512,5.29,13.84,,1.343,,144.25,2.417,7.3,66.13,3.42,152.6,4.91,33.9,0
60.0,1.0,32.0,1.0,1.0,21.0,37.0,7.0,15.0,,148.1,49.1,29.0,16.0,92.0,57.2,23.6664,96.0,155.0,84.0,39.4,15.3,2.1,2.7,7.9,6.8,11.4,9.3,13.9,19.7,1.1,1.0,4.1,3.7,1.8,2.0,25.7,14.3,24.4,23.3,4706.0,19.3,15.4,63.1,28.6,535.0,238.0,252.0,213.0,221.0,5.829895,2.330191,0.627,262.054646,,2.0,,,,36.0,3.0,,29.0,229.0,2.0,6.0,4.0,1.0,1.0,6.0,0.0,6.0,2.0,2.0,2.0,1.0,1.0,4.0,3.0,2.0,2.0,3.0,2.0,1.0,1.0,0.0,3.0,,0.0,11.0,0.0,0.0,9.0,0.0,7.0,2.0,8.0,12.0,1.0,5.0,2.0,2.0,5.0,3.0,3.0,1.0,1.0,1.0,4.0,1.0,5.0,0.0,4.0,26.0,1.0,13.0,0.0,0.0,,2.0,5.0,2.0,2.0,,3.0,2.0,3.0,9.0,31.0,1.0,0.0,,0.0,0.0,62.0,,,68.0,,1.0,0.01,,0.48,9.52,36.43,16.74,0.014,0.125,0.424,1.66,,40.25,45.97,87.56,9.91,88.5,74.72,0.66,12.98,2.27,44.8,0.0,0.0,363.6,0.36,18.07,4.16,13.25,0.04,1.056,5.08,19.7,43.82,140.3,1.697,1.278,53.5,1.04,2.179,6.554,61.7,0.748,3.51,8.1,10.347,61.8,0.935,29.227,,21.25,,0.879,,39.08,,6.09,82.79,1.18,386.1,6.04,93.1,0
63.0,0.0,15.0,2.0,,9.0,,9.0,16.0,65.2,134.6,53.1,20.0,32.0,77.0,49.4,20.542,86.0,155.0,82.0,15.4,11.9,1.8,1.8,11.0,8.0,7.9,6.2,16.0,,1.6,1.8,2.4,2.6,1.8,2.2,15.2,5.1,24.7,32.2,5798.0,42.1,22.2,64.5,27.7,586.0,313.0,357.0,203.0,206.0,4.931615,2.514495,,513.163549,4.26,,,3.0,,209.0,,5.0,,297.0,7.0,,2.0,7.0,,6.0,2.0,0.0,3.0,3.0,1.0,0.0,0.0,9.0,3.0,2.0,1.0,3.0,2.0,0.0,2.0,2.0,3.0,,,0.0,0.0,,7.0,0.0,8.0,4.0,6.0,7.0,0.0,4.0,3.0,5.0,2.0,2.0,1.0,0.0,1.0,1.0,3.0,2.0,5.0,2.0,2.0,3.0,,1.0,,2.0,,2.0,1.0,2.0,2.0,0.0,2.0,1.0,3.0,0.0,28.0,1.0,0.0,1.0,0.0,0.0,,65.0,,,,0.0,0.02,0.29,0.02,0.37,47.89,12.98,,0.602,0.415,1.57,27.0,27.15,27.09,100.2,7.77,118.25,74.77,0.4,6.93,3.8,65.4,0.0,0.0,245.4,0.191,16.09,4.78,12.64,0.078,2.597,5.81,49.97,40.29,123.4,1.442,1.149,,0.17,2.219,4.6,85.7,0.815,,92.6,9.861,56.1,1.524,34.284,3.495,5.43,,,,81.93,1.823,22.44,77.64,1.299,423.1,4.98,33.7,0
68.0,1.0,37.0,2.0,,,50.0,7.0,14.0,96.6,144.2,55.2,56.0,48.0,89.0,110.5,31.4037,125.0,188.0,98.0,41.4,40.8,7.4,9.7,17.5,10.9,12.0,13.4,42.6,33.2,3.4,1.4,5.0,3.6,4.2,4.1,39.5,10.3,47.0,37.8,9087.0,41.1,40.3,78.2,57.3,588.0,291.0,274.0,221.0,192.0,3.091792,2.164062,0.387,605.288961,,4.0,,,,179.0,,4.0,,254.0,7.0,,3.0,3.0,0.0,5.0,0.0,2.0,6.0,2.0,1.0,3.0,0.0,6.0,1.0,3.0,1.0,1.0,1.0,2.0,0.0,1.0,2.0,10.099,,0.0,0.0,1.0,1.0,0.0,0.0,5.0,9.0,3.0,0.0,9.0,2.0,4.0,2.0,3.0,3.0,0.0,1.0,0.0,3.0,1.0,3.0,2.0,3.0,28.0,,,0.0,,0.0,8.0,2.0,2.0,2.0,,3.0,1.0,2.0,11.0,19.0,1.0,0.0,,0.0,0.0,,66.0,,86.0,,0.0,,0.11,0.02,0.16,36.72,,0.044,4.384,,3.42,30.93,32.22,33.6,95.89,8.93,96.09,74.9,0.71,6.41,6.9,62.4,,0.0,267.0,,16.96,3.83,15.04,0.088,1.217,11.06,13.49,40.94,70.7,1.401,1.639,21.7,0.71,2.204,8.87,50.6,0.733,1.35,88.6,4.268,45.7,0.795,30.991,,10.41,,1.265,,44.76,12.148,,,0.836,220.7,6.93,18.7,0
41.0,1.0,0.0,2.0,,,,6.0,20.0,94.6,171.2,52.1,54.0,46.0,102.0,110.4,31.9971,98.0,186.0,98.0,33.3,45.2,,7.2,12.0,10.7,12.2,11.8,38.8,30.8,0.8,3.0,4.5,4.7,3.9,2.3,39.3,13.2,41.5,32.7,9622.0,26.7,22.0,71.9,43.6,482.0,250.0,226.0,166.0,170.0,3.223335,1.568524,2.696,475.195801,,,1.0,,,35.0,3.0,,,14.0,4.0,,3.0,1.0,4.0,1.0,6.0,2.0,6.0,2.0,3.0,2.0,1.0,4.0,3.0,1.0,2.0,3.0,2.0,1.0,0.0,0.0,1.0,,,12.0,0.0,8.0,2.0,2.0,3.0,37.0,4.0,1.0,4.0,9.0,2.0,3.0,2.0,2.0,0.0,2.0,2.0,0.0,5.0,2.0,5.0,1.0,5.0,0.0,1.0,1.0,0.0,0.0,,5.0,1.0,1.0,1.0,14.0,5.0,1.0,1.0,2.0,23.0,,1.0,1.0,0.0,0.0,89.0,,65.0,,0.0,0.0,0.1,1.16,0.22,,34.76,12.05,0.043,1.022,0.366,2.41,27.94,,34.66,88.08,,91.89,85.0,,2.46,5.68,65.9,0.0,0.0,350.3,0.488,16.84,3.947,13.08,0.095,2.77,8.62,65.93,40.88,114.5,1.756,0.622,,0.59,2.492,3.397,85.4,0.925,1.39,63.7,8.409,,,35.62,2.303,116.96,,1.083,,,16.776,4.57,66.03,1.249,381.3,7.06,20.0,0
51.0,1.0,13.0,2.0,1.0,,58.0,,14.0,66.4,182.4,53.7,20.0,21.0,115.0,131.4,41.1443,131.0,179.0,87.0,43.0,45.2,9.7,6.6,11.0,8.2,6.0,7.6,53.9,33.3,3.5,2.4,3.9,2.7,2.2,2.3,36.5,16.4,28.2,34.1,5552.0,43.5,45.7,67.9,28.1,597.0,313.0,417.0,273.0,245.0,5.791502,5.423796,3.139,608.481142,4.39,,,3.0,3.0,34.0,4.0,3.0,,125.0,4.0,6.0,3.0,6.0,1.0,1.0,3.0,1.0,6.0,2.0,1.0,0.0,2.0,5.0,1.0,4.0,1.0,1.0,1.0,0.0,2.0,0.0,,67.511,2.0,0.0,0.0,2.0,1.0,1.0,0.0,17.0,7.0,1.0,8.0,7.0,1.0,0.0,5.0,3.0,2.0,2.0,1.0,3.0,3.0,4.0,5.0,2.0,6.0,0.0,1.0,0.0,0.0,0.0,0.0,,1.0,5.0,2.0,0.0,3.0,1.0,2.0,1.0,19.0,3.0,1.0,1.0,0.0,0.0,,45.0,88.0,92.0,,0.0,0.0,0.04,0.64,8.64,,14.91,0.011,0.185,0.301,2.79,37.48,39.07,41.88,93.3,12.38,91.23,71.29,0.37,5.02,,48.8,0.0,0.0,350.4,0.434,15.7,3.816,14.11,0.051,1.215,7.44,11.97,45.45,72.0,,0.92,25.6,0.88,2.641,5.624,105.3,1.379,2.35,24.9,7.052,,,,3.262,20.96,177.5,0.839,,14.77,14.313,22.45,,5.12,519.5,5.38,18.3,0
67.0,0.0,42.0,1.0,,32.0,61.0,,,87.6,184.6,69.2,16.0,20.0,89.0,114.3,37.0315,133.0,176.0,91.0,37.0,31.6,4.8,6.5,7.2,9.9,7.7,6.0,45.2,33.3,3.4,2.7,2.5,2.7,2.5,4.3,25.4,16.8,32.7,26.3,7850.0,45.9,24.4,41.5,33.3,800.0,298.0,406.0,332.0,291.0,2.749024,2.639063,2.117,367.895667,2.37,,,6.0,,,,,,89.0,4.0,,1.0,2.0,1.0,4.0,2.0,1.0,7.0,2.0,2.0,,1.0,7.0,3.0,2.0,1.0,2.0,2.0,0.0,0.0,1.0,3.0,,0.0,6.0,0.0,3.0,1.0,1.0,7.0,38.0,7.0,0.0,2.0,10.0,2.0,3.0,3.0,4.0,3.0,0.0,0.0,3.0,2.0,1.0,4.0,2.0,4.0,,6.0,9.0,0.0,3.0,,,9.0,4.0,2.0,,4.0,1.0,2.0,5.0,17.0,2.0,1.0,,1.0,1.0,,87.0,76.0,,,1.0,0.13,1.43,0.0,0.0,42.97,11.99,0.017,0.577,0.249,2.72,29.12,25.26,27.91,90.51,,,,0.54,5.78,5.94,63.7,0.0,0.0,151.8,0.188,16.29,4.747,13.11,0.056,2.106,9.33,16.42,51.19,142.2,2.045,0.764,36.1,0.31,2.186,6.583,61.4,0.898,3.39,174.3,9.738,52.6,1.315,10.023,2.73,,,0.994,,107.86,,20.47,73.56,0.834,355.1,3.39,92.2,0
64.0,0.0,15.0,1.0,45.0,,54.0,10.0,20.0,96.7,174.9,49.9,22.0,16.0,104.0,83.5,35.2107,121.0,154.0,79.0,23.9,35.4,3.4,,7.7,6.1,6.1,7.5,38.0,25.3,0.9,2.0,2.6,1.7,1.7,1.6,35.2,14.6,23.6,22.7,5806.0,41.4,38.7,39.7,27.4,793.0,440.0,616.0,,432.0,2.33048,,-0.947,552.138031,2.92,4.0,3.0,,,3.0,,,,127.0,3.0,5.0,5.0,,0.0,2.0,0.0,0.0,2.0,2.0,1.0,0.0,1.0,5.0,4.0,2.0,2.0,2.0,2.0,1.0,0.0,2.0,1.0,,1.0,13.0,1.0,6.0,1.0,6.0,0.0,9.0,4.0,0.0,6.0,1.0,1.0,2.0,2.0,3.0,4.0,3.0,0.0,2.0,3.0,3.0,4.0,0.0,3.0,4.0,1.0,,0.0,,,0.0,1.0,2.0,3.0,,2.0,1.0,5.0,5.0,18.0,,1.0,0.0,0.0,1.0,,,,,0.0,1.0,0.14,1.18,0.45,3.92,41.24,15.18,0.028,0.336,0.183,2.75,,30.32,36.8,82.38,8.87,87.91,,0.27,2.37,7.88,68.6,0.0,0.0,332.2,0.295,15.81,5.006,13.26,0.04,1.406,11.48,15.79,,64.3,,0.952,42.7,,2.328,5.12,55.9,0.994,1.76,135.7,5.91,32.9,2.392,18.672,3.403,9.42,,1.144,,30.78,,18.09,82.06,1.304,349.3,9.3,30.5,0
44.0,1.0,1.0,1.0,,21.0,46.0,,19.0,83.7,162.2,62.8,38.0,52.0,76.0,83.0,24.3901,91.0,184.0,95.0,35.8,22.7,3.2,2.4,8.4,8.8,13.1,10.9,17.5,36.7,1.5,2.3,3.4,2.7,3.2,3.6,26.4,5.9,28.9,26.7,7864.0,13.6,12.9,47.6,53.5,533.0,376.0,277.0,245.0,231.0,5.729763,4.538151,2.301,607.708283,,,,,,,3.0,,,11.0,,1.0,2.0,6.0,,4.0,6.0,1.0,1.0,2.0,1.0,0.0,2.0,10.0,2.0,3.0,2.0,1.0,2.0,0.0,0.0,1.0,3.0,,0.0,13.0,0.0,10.0,3.0,4.0,0.0,40.0,0.0,1.0,0.0,1.0,1.0,2.0,2.0,2.0,3.0,0.0,1.0,2.0,1.0,1.0,4.0,1.0,4.0,,,,11.0,1.0,1.0,2.0,1.0,2.0,1.0,8.0,2.0,1.0,3.0,0.0,19.0,42.0,0.0,0.0,1.0,1.0,,,,90.0,1.0,0.0,0.09,1.01,0.03,0.37,33.36,11.68,0.015,0.237,0.231,2.27,26.42,29.62,35.02,84.58,7.48,113.69,80.06,0.4,4.64,5.8,67.6,0.0,0.0,336.1,0.251,17.68,3.944,14.9,0.028,1.133,8.59,10.94,44.48,42.2,,1.182,56.9,8.78,2.338,5.294,54.1,0.902,4.14,19.8,8.505,39.8,,13.715,4.14,135.61,,1.494,,19.33,15.341,13.95,79.04,3.501,289.7,7.85,20.3,0
65.0,0.0,41.0,4.0,,1.0,35.0,4.0,20.0,96.4,124.0,73.6,18.0,24.0,87.0,73.5,26.1576,97.0,168.0,83.0,36.1,29.9,4.3,7.5,6.9,8.7,7.8,13.1,49.2,30.4,1.0,2.3,2.0,3.6,4.4,2.3,20.2,20.3,37.2,36.0,5957.0,38.2,25.2,57.0,58.5,612.0,382.0,394.0,234.0,232.0,2.140705,1.419687,1.08,,3.18,,2.0,,3.0,8.0,3.0,3.0,19.0,416.0,,,3.0,6.0,6.0,7.0,2.0,0.0,3.0,2.0,1.0,0.0,0.0,7.0,3.0,1.0,2.0,3.0,2.0,1.0,2.0,0.0,4.0,,1.0,,0.0,6.0,0.0,1.0,5.0,26.0,9.0,1.0,1.0,1.0,1.0,1.0,0.0,3.0,2.0,0.0,2.0,0.0,3.0,2.0,5.0,1.0,2.0,22.0,,1.0,0.0,,,1.0,8.0,3.0,4.0,0.0,2.0,1.0,3.0,9.0,,2.0,0.0,1.0,1.0,0.0,,38.0,,,,1.0,0.14,2.32,0.5,8.58,54.07,13.47,0.035,0.274,0.202,1.85,31.64,25.27,24.91,101.46,10.13,122.7,,0.33,5.71,3.03,51.7,0.0,0.0,390.4,0.396,17.39,5.329,16.36,0.107,2.104,5.85,34.74,50.03,142.1,1.344,0.789,24.9,10.16,2.386,4.676,46.1,0.709,,150.6,6.257,28.5,1.043,30.573,,68.32,,1.413,,124.9,1.744,,70.61,1.003,347.6,3.31,18.6,0
58.0,1.0,0.0,2.0,,,12.0,,,101.3,152.6,86.6,40.0,23.0,70.0,110.5,32.515,106.0,184.0,98.0,30.7,46.5,3.4,7.7,6.9,8.6,7.9,12.4,20.8,42.4,2.8,2.1,4.1,3.7,2.4,3.4,38.8,20.6,35.7,26.5,6732.0,35.9,22.0,71.0,51.2,491.0,303.0,235.0,223.0,249.0,3.612106,1.745521,,176.777868,1.42,1.0,5.0,,,360.0,,4.0,90.0,170.0,3.0,2.0,3.0,2.0,5.0,6.0,0.0,1.0,,1.0,,,2.0,4.0,3.0,1.0,1.0,2.0,1.0,1.0,1.0,0.0,3.0,,1.0,,7.0,2.0,4.0,5.0,4.0,39.0,8.0,0.0,3.0,1.0,3.0,5.0,3.0,1.0,2.0,2.0,2.0,1.0,4.0,1.0,5.0,1.0,3.0,0.0,0.0,5.0,20.0,,,9.0,0.0,2.0,2.0,,4.0,2.0,4.0,0.0,16.0,2.0,1.0,1.0,0.0,1.0,,85.0,66.0,83.0,1.0,0.0,0.01,0.11,0.27,,43.76,12.1,0.017,0.33,0.187,2.6,27.94,24.39,27.66,88.16,10.87,98.39,78.71,0.58,6.19,5.85,62.8,0.0,0.0,296.7,0.322,17.94,,13.35,0.083,2.284,9.32,9.83,46.78,126.1,2.115,0.879,22.5,13.19,2.428,5.24,105.6,0.877,1.57,23.9,,29.5,1.785,16.035,4.908,3.92,,1.194,,31.58,16.25,4.39,63.97,0.903,248.7,4.94,70.0,0
68.0,0.0,9.0,2.0,,1.0,,5.0,16.0,75.1,144.3,70.2,10.0,16.0,73.0,56.3,22.4173,130.0,158.0,80.0,31.8,45.0,3.1,2.0,10.2,6.7,8.0,7.6,22.2,18.0,1.2,,2.3,2.0,3.2,1.9,41.4,12.9,23.4,21.9,5324.0,14.5,17.4,37.5,31.3,533.0,390.0,390.0,255.0,183.0,4.564978,,-0.958,168.384938,,3.0,2.0,1.0,,,3.0,4.0,116.0,,5.0,5.0,2.0,2.0,0.0,6.0,3.0,3.0,6.0,3.0,2.0,2.0,0.0,7.0,3.0,2.0,1.0,2.0,2.0,0.0,2.0,2.0,3.0,,,,0.0,3.0,,17.0,0.0,3.0,2.0,2.0,2.0,15.0,3.0,2.0,1.0,1.0,1.0,5.0,1.0,1.0,3.0,1.0,3.0,2.0,5.0,14.0,,,0.0,,1.0,7.0,3.0,2.0,3.0,0.0,3.0,2.0,2.0,0.0,15.0,3.0,0.0,1.0,1.0,,64.0,41.0,86.0,,,0.0,0.19,1.76,0.05,0.44,36.09,11.25,0.011,0.985,,2.78,25.95,30.93,31.18,99.22,10.44,105.9,79.09,0.96,8.93,6.74,62.9,0.0,0.0,302.0,0.315,15.95,3.638,15.93,0.062,0.726,10.72,51.55,48.29,44.9,1.478,1.532,32.1,6.7,2.011,5.331,94.8,1.153,2.81,84.5,6.559,33.4,0.911,26.516,4.155,12.64,,1.335,,36.65,1.921,17.41,74.17,0.877,443.8,8.34,49.8,0
48.0,1.0,44.0,2.0,5.0,36.0,59.0,,,81.0,120.4,69.0,49.0,40.0,69.0,71.5,22.7825,101.0,177.0,99.0,20.8,39.8,5.3,8.6,13.8,8.3,12.4,12.3,22.4,25.0,0.9,2.6,4.2,4.9,4.1,3.8,17.5,10.0,39.7,35.8,9658.0,18.2,31.7,80.2,52.6,463.0,230.0,285.0,191.0,167.0,12.187114,2.775529,1.222,,,3.0,,3.0,,39.0,2.0,,,,2.0,,5.0,4.0,7.0,7.0,0.0,1.0,0.0,3.0,3.0,0.0,1.0,10.0,4.0,4.0,1.0,2.0,2.0,0.0,0.0,2.0,,56.254,0.0,7.0,,1.0,1.0,2.0,0.0,6.0,9.0,1.0,1.0,5.0,2.0,1.0,1.0,4.0,3.0,1.0,1.0,3.0,1.0,3.0,5.0,2.0,4.0,2.0,0.0,,,3.0,1.0,6.0,6.0,2.0,2.0,,4.0,1.0,2.0,0.0,28.0,9.0,0.0,0.0,0.0,,,92.0,93.0,,,0.0,,0.54,,0.99,,16.93,0.043,0.472,0.407,1.86,19.05,30.79,33.23,92.65,11.71,118.67,87.75,0.27,2.78,7.48,76.6,0.0,0.0,320.9,0.376,,5.497,12.66,0.119,1.68,9.77,14.43,50.84,64.0,1.588,0.6,48.7,6.01,2.617,4.837,75.3,0.753,1.4,17.3,4.67,29.2,1.46,43.22,1.801,,,0.887,,65.8,13.531,7.49,80.23,4.408,,7.88,35.0,0
61.0,0.0,11.0,2.0,2.0,,,,15.0,75.9,133.0,63.3,4.0,13.0,113.0,50.6,21.0602,108.0,155.0,78.0,39.4,24.5,2.4,2.7,5.9,,6.2,5.8,18.2,18.9,1.2,2.1,1.2,,2.5,1.6,23.9,34.8,21.7,22.9,5377.0,16.1,24.3,39.3,33.2,548.0,317.0,305.0,190.0,220.0,2.915621,1.559852,,262.300335,2.6,,,3.0,,26.0,5.0,,234.0,392.0,3.0,,3.0,7.0,3.0,7.0,0.0,0.0,1.0,3.0,,2.0,1.0,4.0,3.0,,1.0,3.0,2.0,0.0,1.0,0.0,3.0,,,0.0,2.0,10.0,8.0,1.0,0.0,12.0,3.0,3.0,6.0,8.0,1.0,4.0,4.0,2.0,1.0,1.0,2.0,1.0,1.0,1.0,5.0,2.0,3.0,20.0,12.0,2.0,19.0,4.0,1.0,1.0,1.0,3.0,2.0,,4.0,2.0,4.0,0.0,15.0,,0.0,1.0,1.0,0.0,,39.0,,,,1.0,0.16,1.89,0.07,0.83,44.25,14.41,0.011,0.294,0.318,2.42,28.08,30.05,32.57,92.27,10.07,105.99,79.55,0.61,7.07,5.34,62.1,0.0,7.0,184.9,0.186,,4.796,12.91,0.049,1.503,8.6,26.9,45.05,46.9,1.211,0.727,46.7,13.08,2.29,6.337,69.5,0.7,2.28,158.0,5.563,29.4,1.252,18.137,2.483,107.39,227.3,1.511,,144.69,0.998,19.9,68.26,0.919,244.0,4.97,,0
43.0,1.0,25.0,2.0,5.0,,43.0,7.0,,100.7,154.0,52.4,28.0,29.0,84.0,108.1,37.4338,101.0,170.0,93.0,18.4,42.1,2.1,4.9,12.1,14.0,6.6,8.0,19.4,35.9,1.2,1.8,4.4,3.7,3.2,3.4,22.8,18.4,25.1,26.1,9900.0,43.7,27.6,55.3,54.2,622.0,266.0,273.0,200.0,183.0,5.833311,4.135625,2.248,695.966348,,4.0,2.0,,,,,4.0,,,,,1.0,7.0,1.0,6.0,0.0,1.0,6.0,3.0,,2.0,0.0,7.0,3.0,4.0,1.0,2.0,2.0,1.0,0.0,2.0,1.0,17.181,0.0,6.0,1.0,2.0,4.0,0.0,3.0,7.0,9.0,0.0,5.0,7.0,3.0,4.0,2.0,2.0,5.0,1.0,0.0,1.0,4.0,1.0,5.0,2.0,5.0,1.0,9.0,1.0,10.0,,,2.0,1.0,2.0,2.0,14.0,5.0,1.0,1.0,0.0,14.0,3.0,0.0,,1.0,1.0,79.0,58.0,,73.0,0.0,0.0,0.17,2.02,0.55,6.6,42.31,15.0,0.041,0.934,0.243,1.01,12.21,28.54,35.45,80.51,8.56,89.04,71.5,0.31,3.73,6.27,75.4,0.0,0.0,229.2,0.196,17.44,5.255,14.04,0.073,2.701,8.31,72.7,42.66,48.1,2.245,1.247,52.4,14.91,,6.146,62.1,,1.38,19.3,4.233,60.5,2.115,12.565,,13.52,,0.943,,37.6,14.794,6.47,65.27,3.805,486.5,8.57,19.4,0
41.0,1.0,10.0,3.0,,28.0,32.0,,15.0,68.2,141.5,74.7,47.0,22.0,82.0,107.7,41.4845,117.0,161.0,98.0,33.6,18.9,7.9,6.4,8.3,8.1,8.4,11.2,27.5,53.3,1.2,2.5,2.0,1.9,1.9,3.2,35.4,11.3,28.7,23.2,7927.0,42.9,46.6,58.0,31.1,514.0,269.0,426.0,227.0,168.0,5.714291,,,578.248714,,,,1.0,,,,3.0,78.0,,,,1.0,0.0,,2.0,3.0,1.0,2.0,2.0,1.0,1.0,0.0,8.0,4.0,3.0,1.0,2.0,2.0,0.0,0.0,1.0,3.0,,1.0,14.0,5.0,0.0,7.0,2.0,0.0,7.0,4.0,1.0,0.0,1.0,1.0,3.0,4.0,2.0,1.0,3.0,4.0,1.0,1.0,2.0,5.0,1.0,5.0,2.0,8.0,21.0,,3.0,,0.0,4.0,2.0,1.0,,2.0,1.0,2.0,4.0,21.0,,0.0,0.0,1.0,0.0,63.0,,87.0,86.0,,1.0,0.14,2.68,0.6,11.5,34.38,13.11,0.011,0.223,0.404,1.82,35.03,34.56,38.13,90.63,11.24,113.93,91.77,0.27,5.23,2.37,45.6,0.0,0.0,194.3,0.218,17.8,3.793,15.57,0.045,2.093,5.19,9.56,41.63,67.6,1.736,1.465,47.4,6.99,2.601,5.813,91.8,1.06,,12.5,,41.2,1.286,,2.771,19.35,,0.811,,41.13,10.309,19.68,77.04,0.828,263.3,3.02,21.6,0
65.0,1.0,11.0,1.0,1.0,,33.0,,,71.8,136.3,50.9,48.0,23.0,71.0,71.9,19.9553,100.0,190.0,81.0,,20.0,2.1,1.9,7.2,6.6,6.4,8.9,22.2,18.2,0.8,0.4,2.0,1.9,2.5,2.3,12.8,6.1,22.9,22.4,7461.0,13.4,15.0,57.9,43.7,535.0,464.0,319.0,313.0,,2.113302,1.660196,-0.757,140.681526,,,,,,785.0,,2.0,,214.0,4.0,1.0,0.0,5.0,0.0,1.0,1.0,1.0,5.0,2.0,,,2.0,,3.0,3.0,2.0,2.0,1.0,1.0,0.0,2.0,3.0,,2.0,0.0,0.0,1.0,0.0,0.0,0.0,8.0,9.0,0.0,3.0,9.0,2.0,5.0,2.0,2.0,5.0,1.0,0.0,2.0,4.0,2.0,5.0,2.0,3.0,19.0,0.0,0.0,,0.0,,5.0,1.0,2.0,2.0,0.0,4.0,1.0,4.0,8.0,19.0,3.0,0.0,1.0,0.0,,,35.0,,,,0.0,0.02,0.17,0.52,5.56,52.3,13.38,0.021,0.175,,,33.2,28.68,25.58,,9.09,116.64,90.83,0.98,10.56,4.7,50.5,0.0,0.0,325.7,0.296,15.67,4.664,14.0,0.119,0.898,9.31,57.7,44.89,69.4,2.276,0.603,18.5,9.3,2.435,4.353,87.4,,4.43,15.8,6.85,,,21.517,2.525,147.47,303.9,1.193,104.4,,,6.78,72.67,2.591,499.9,9.29,44.1,0
67.0,1.0,11.0,2.0,21.0,,14.0,7.0,15.0,85.5,123.7,90.3,16.0,24.0,94.0,87.1,38.2814,125.0,151.0,90.0,49.1,46.6,9.3,6.6,8.8,7.4,6.8,7.1,52.6,45.4,3.8,3.2,2.1,2.2,1.8,2.1,41.2,15.8,21.7,22.8,5569.0,48.7,37.6,46.1,36.2,700.0,439.0,293.0,280.0,190.0,2.254439,1.852488,-0.931,157.313828,,,1.0,,,40.0,7.0,3.0,,19.0,3.0,6.0,2.0,1.0,0.0,7.0,0.0,0.0,2.0,1.0,1.0,,0.0,8.0,1.0,3.0,1.0,3.0,2.0,0.0,1.0,2.0,3.0,,0.0,0.0,0.0,6.0,7.0,2.0,0.0,33.0,4.0,1.0,2.0,2.0,2.0,2.0,1.0,1.0,3.0,3.0,1.0,1.0,2.0,1.0,5.0,2.0,4.0,,15.0,20.0,,,,1.0,1.0,3.0,4.0,8.0,3.0,1.0,1.0,0.0,15.0,,0.0,1.0,1.0,,84.0,54.0,,86.0,,0.0,0.15,1.4,0.58,,36.39,14.67,0.008,0.246,,2.45,22.77,32.78,40.32,81.3,8.3,101.55,81.77,0.22,2.08,7.37,68.4,0.0,0.0,141.6,0.117,18.03,4.476,13.27,0.041,0.956,10.77,41.1,46.58,44.7,2.142,1.574,48.7,2.79,2.262,4.721,56.6,,2.18,22.9,4.257,32.3,2.255,14.382,4.559,9.18,,1.208,,142.13,18.834,26.71,82.02,2.415,326.7,4.55,40.5,0
62.0,0.0,13.0,3.0,,16.0,,7.0,,62.2,102.4,71.7,15.0,23.0,105.0,74.6,30.1698,107.0,157.0,82.0,49.5,46.6,9.7,4.3,6.9,9.4,6.5,8.0,,47.0,2.7,2.0,1.8,1.9,1.4,1.8,39.9,20.1,28.5,34.4,7827.0,43.4,49.4,59.5,32.8,760.0,458.0,396.0,291.0,321.0,5.15884,,2.075,435.450277,3.58,,,5.0,3.0,30.0,,,5.0,9.0,4.0,,2.0,2.0,,1.0,0.0,1.0,,1.0,1.0,0.0,1.0,4.0,1.0,1.0,1.0,1.0,2.0,1.0,0.0,0.0,4.0,,0.0,12.0,0.0,8.0,6.0,2.0,0.0,16.0,2.0,2.0,2.0,1.0,2.0,3.0,2.0,4.0,1.0,1.0,2.0,1.0,3.0,1.0,4.0,2.0,4.0,,1.0,19.0,0.0,,1.0,3.0,3.0,1.0,3.0,4.0,4.0,1.0,2.0,0.0,15.0,1.0,1.0,1.0,0.0,1.0,,,,28.0,1.0,0.0,0.19,2.32,0.58,7.07,51.14,16.44,0.01,0.561,0.352,2.57,31.26,31.35,32.14,97.53,8.32,95.09,92.81,0.4,4.88,4.47,54.5,0.0,0.0,162.9,0.136,18.33,5.243,12.79,0.032,0.998,8.21,72.34,,63.8,1.847,,38.0,6.19,2.522,8.354,91.6,1.381,3.09,77.1,3.937,32.0,0.96,19.96,5.424,26.85,,,,147.0,2.446,5.15,75.14,,420.7,4.95,93.1,0
49.0,0.0,43.0,2.0,,24.0,44.0,,21.0,83.9,154.7,94.0,28.0,14.0,69.0,53.4,23.0903,94.0,152.0,83.0,33.8,37.3,3.1,2.0,6.3,8.0,6.6,6.0,20.1,26.8,0.6,0.4,2.6,1.8,1.7,1.7,17.3,,21.5,23.1,,,12.5,39.4,33.4,738.0,415.0,370.0,324.0,334.0,1.908612,1.123521,,114.339173,1.61,,,2.0,,157.0,,1.0,42.0,13.0,5.0,3.0,2.0,5.0,2.0,5.0,0.0,0.0,4.0,2.0,,0.0,0.0,8.0,4.0,1.0,1.0,3.0,2.0,1.0,0.0,0.0,4.0,,0.0,0.0,0.0,7.0,2.0,1.0,1.0,7.0,1.0,3.0,2.0,9.0,2.0,3.0,3.0,0.0,2.0,0.0,2.0,1.0,3.0,1.0,5.0,1.0,3.0,1.0,10.0,1.0,20.0,4.0,,7.0,0.0,1.0,2.0,,3.0,1.0,3.0,9.0,20.0,36.0,0.0,1.0,0.0,0.0,,60.0,,70.0,,0.0,0.18,,0.41,6.2,41.42,16.84,0.031,0.993,0.308,0.8,12.24,33.23,40.65,81.73,,105.66,88.98,0.2,3.07,4.95,75.7,0.0,0.0,400.2,0.297,18.42,5.068,14.66,0.116,2.014,6.54,4.41,44.91,79.5,1.844,1.122,17.1,0.94,2.372,4.755,62.1,1.108,,18.2,6.031,40.8,1.104,11.373,2.548,4.78,,0.881,,132.35,1.324,4.22,71.59,0.742,271.1,4.82,30.1,0
47.0,1.0,42.0,4.0,,,,0.0,14.0,91.0,186.8,59.4,52.0,55.0,117.0,85.0,24.233,122.0,187.0,99.0,44.3,17.6,4.0,4.0,8.5,16.9,12.2,11.9,43.3,23.6,1.3,0.6,4.7,3.4,4.0,3.6,34.6,17.6,43.7,38.2,9860.0,28.1,46.4,72.5,49.7,443.0,257.0,230.0,168.0,177.0,,1.716637,,173.513813,1.82,5.0,,,,,3.0,,,13.0,3.0,3.0,2.0,0.0,0.0,7.0,0.0,0.0,2.0,2.0,1.0,,0.0,9.0,3.0,,1.0,3.0,1.0,0.0,1.0,0.0,3.0,7.498,2.0,0.0,0.0,4.0,2.0,2.0,7.0,9.0,1.0,10.0,0.0,4.0,2.0,0.0,1.0,4.0,3.0,0.0,1.0,1.0,1.0,2.0,5.0,2.0,4.0,1.0,5.0,0.0,0.0,0.0,1.0,8.0,8.0,3.0,2.0,,4.0,1.0,3.0,0.0,18.0,1365.0,1.0,1.0,0.0,0.0,,61.0,76.0,78.0,,0.0,0.04,0.37,0.1,0.85,37.74,4.85,0.012,0.456,0.501,2.47,21.33,18.65,23.08,97.01,12.0,103.6,90.52,0.56,4.83,8.43,72.6,0.0,0.0,213.8,0.256,,3.891,16.63,0.11,1.618,11.6,71.24,47.91,58.6,1.897,0.913,53.9,1.21,2.605,7.74,68.5,0.684,4.66,164.8,4.067,31.6,2.136,23.524,3.771,,,1.316,12.5,18.64,14.856,19.6,86.62,1.383,171.9,3.07,85.5,0
48.0,1.0,15.0,2.0,,8.0,,,16.0,90.4,,93.3,45.0,41.0,84.0,85.8,25.9778,111.0,182.0,87.0,47.6,,4.5,,13.1,13.9,7.9,8.1,53.0,27.7,1.7,0.7,4.6,2.7,4.4,2.4,46.3,16.0,38.9,25.0,7451.0,45.1,44.4,65.1,58.2,539.0,351.0,350.0,213.0,224.0,5.190278,3.397784,0.214,296.922187,1.6,6.0,,,2.0,,2.0,,10.0,7.0,3.0,,0.0,5.0,0.0,7.0,0.0,0.0,2.0,3.0,0.0,3.0,0.0,10.0,4.0,2.0,2.0,2.0,2.0,3.0,2.0,0.0,,,1.0,2.0,0.0,0.0,0.0,1.0,0.0,3.0,8.0,13.0,2.0,1.0,2.0,0.0,1.0,0.0,3.0,1.0,1.0,2.0,2.0,1.0,2.0,2.0,1.0,1.0,9.0,0.0,,2.0,,0.0,0.0,2.0,4.0,12.0,3.0,2.0,2.0,9.0,,2.0,0.0,0.0,0.0,1.0,,92.0,70.0,,0.0,0.0,0.04,0.54,0.51,7.32,52.47,16.18,0.02,0.428,0.232,3.06,44.13,29.35,30.84,95.14,12.4,112.96,89.89,0.84,12.08,2.49,35.9,0.0,0.0,233.5,0.29,17.23,5.515,13.78,0.084,1.251,6.94,14.4,45.27,49.1,1.382,0.643,23.4,,,,62.2,0.782,4.6,23.2,6.846,35.0,1.519,35.359,2.739,,,0.868,,,7.799,7.68,66.23,3.781,204.9,6.61,,0
60.0,0.0,22.0,19.0,,,,4.0,19.0,100.7,119.7,81.3,10.0,18.0,121.0,113.0,40.849,124.0,166.0,83.0,45.5,48.0,9.6,7.8,9.4,7.2,6.3,7.2,49.4,53.1,1.5,3.2,2.2,1.8,1.8,1.9,44.0,22.7,31.1,24.2,5000.0,45.3,22.9,42.2,23.7,517.0,241.0,259.0,197.0,191.0,2.43038,1.539036,-1.431,209.884771,3.53,,2.0,,,,,,135.0,,6.0,,0.0,6.0,5.0,7.0,4.0,6.0,1.0,3.0,1.0,0.0,0.0,8.0,4.0,3.0,1.0,2.0,2.0,0.0,0.0,2.0,1.0,5.427,0.0,5.0,,4.0,0.0,0.0,4.0,23.0,3.0,9.0,6.0,7.0,2.0,4.0,1.0,0.0,1.0,1.0,3.0,1.0,3.0,3.0,3.0,1.0,5.0,14.0,1.0,1.0,,2.0,0.0,1.0,2.0,2.0,1.0,4.0,5.0,1.0,3.0,0.0,20.0,38.0,1.0,1.0,1.0,0.0,,53.0,67.0,,,0.0,0.09,0.91,0.23,2.43,41.57,14.67,0.016,,0.418,3.52,37.29,32.36,35.29,91.69,,99.1,72.46,0.3,3.13,5.31,56.2,0.0,,52.3,0.062,17.32,4.534,12.22,,1.018,9.44,16.58,53.1,63.5,2.041,0.56,16.3,18.34,2.315,4.284,71.3,0.797,,20.7,32.003,86.7,1.821,30.373,2.775,138.35,176.1,,,123.64,2.237,7.71,83.09,0.789,417.1,4.1,84.9,0
45.0,0.0,7.0,2.0,2.0,31.0,,3.0,,104.4,187.4,48.3,4.0,17.0,122.0,85.8,36.1888,129.0,154.0,84.0,45.4,33.5,8.5,6.5,6.0,6.6,9.4,7.8,39.5,30.5,3.0,3.3,2.0,1.9,2.1,1.7,34.0,23.5,25.7,20.2,4622.0,40.2,79.6,39.5,28.1,683.0,340.0,258.0,319.0,267.0,4.551098,2.253864,2.691,345.649545,2.84,,,,,347.0,4.0,4.0,25.0,415.0,,2.0,1.0,6.0,1.0,7.0,0.0,3.0,2.0,3.0,,4.0,0.0,6.0,2.0,,3.0,1.0,2.0,0.0,0.0,1.0,1.0,,0.0,8.0,0.0,1.0,1.0,2.0,8.0,1.0,5.0,2.0,6.0,1.0,1.0,3.0,4.0,1.0,1.0,2.0,1.0,1.0,3.0,1.0,2.0,2.0,3.0,,1.0,0.0,3.0,,,2.0,0.0,2.0,2.0,,2.0,2.0,2.0,6.0,15.0,3.0,1.0,1.0,0.0,0.0,,88.0,,64.0,,1.0,0.01,0.16,0.01,0.12,31.97,12.31,0.004,0.332,0.302,1.85,42.96,30.92,38.51,80.29,,92.75,72.52,0.45,10.39,2.0,46.4,0.0,0.0,247.4,0.224,16.25,3.982,12.7,0.025,1.01,4.31,10.96,,150.3,2.363,0.758,16.5,0.64,2.387,6.214,51.4,0.775,,20.2,9.124,37.0,2.366,,2.385,17.34,5194.9,0.792,,96.88,1.958,5.28,77.67,1.348,235.6,2.83,83.8,0
55.0,0.0,7.0,36.0,3.0,,44.0,,,66.7,105.8,,39.0,55.0,91.0,80.8,29.0092,130.0,167.0,93.0,40.2,39.9,2.5,6.0,10.7,11.4,6.6,7.1,47.0,19.9,0.5,2.0,2.2,2.2,2.4,3.4,42.4,20.0,26.8,23.1,5478.0,35.9,18.3,54.5,32.1,637.0,,415.0,,255.0,3.305853,2.600068,,291.754966,3.26,,3.0,1.0,,,3.0,,8.0,118.0,3.0,,1.0,,0.0,0.0,0.0,6.0,4.0,2.0,2.0,0.0,0.0,7.0,3.0,3.0,1.0,2.0,,0.0,2.0,0.0,4.0,,1.0,0.0,4.0,2.0,0.0,0.0,6.0,20.0,3.0,3.0,5.0,0.0,2.0,3.0,0.0,3.0,1.0,1.0,1.0,2.0,5.0,2.0,5.0,2.0,5.0,,0.0,,,,,1.0,1.0,3.0,2.0,,4.0,2.0,2.0,7.0,16.0,26.0,1.0,,1.0,1.0,,,94.0,57.0,,1.0,0.12,1.23,0.65,6.5,56.11,14.15,0.015,0.171,0.342,0.9,9.01,20.23,23.08,94.66,12.02,104.29,87.78,0.42,4.19,7.95,79.1,0.0,0.0,160.3,0.193,16.06,6.997,14.13,0.064,1.513,10.05,57.67,42.67,80.0,,1.547,25.8,0.84,2.568,7.941,115.9,0.787,4.49,19.4,4.635,33.9,,34.464,5.547,17.79,,1.211,,150.21,1.224,6.1,80.62,1.058,369.7,8.68,101.0,0
41.0,0.0,41.0,2.0,,,56.0,1.0,,62.4,160.0,90.4,47.0,11.0,70.0,77.1,24.5689,100.0,177.0,83.0,18.2,23.4,5.5,3.2,6.1,8.4,6.6,6.8,14.5,31.4,0.6,0.9,1.9,2.4,2.0,1.6,26.5,10.4,22.8,22.4,5566.0,28.3,22.9,38.7,36.4,757.0,435.0,432.0,332.0,318.0,4.26661,4.095945,,354.792396,3.85,3.0,5.0,,,169.0,3.0,4.0,31.0,14.0,4.0,5.0,3.0,2.0,0.0,1.0,0.0,1.0,1.0,2.0,2.0,1.0,0.0,5.0,2.0,2.0,1.0,1.0,1.0,2.0,1.0,0.0,,25.573,1.0,7.0,,2.0,,1.0,0.0,3.0,1.0,0.0,0.0,1.0,1.0,1.0,0.0,2.0,2.0,3.0,2.0,3.0,5.0,1.0,3.0,0.0,3.0,22.0,,27.0,,2.0,,3.0,1.0,5.0,3.0,3.0,3.0,1.0,3.0,0.0,24.0,8.0,1.0,,1.0,0.0,65.0,41.0,,,,0.0,0.19,3.39,0.01,0.23,36.63,12.13,0.046,0.906,0.311,0.51,9.3,28.87,33.13,87.16,8.21,107.0,75.33,0.94,,,69.9,0.0,0.0,128.9,0.106,17.8,4.202,14.59,0.114,2.689,5.46,35.55,43.89,149.9,2.289,0.94,39.6,8.62,2.431,6.786,90.2,,2.81,481.4,3.758,26.6,2.458,12.77,5.035,,,1.224,,35.63,1.124,22.43,65.63,0.825,478.3,6.76,40.3,0
60.0,0.0,9.0,6.0,77.0,14.0,16.0,,22.0,91.0,115.2,50.9,45.0,26.0,96.0,89.3,39.219,122.0,151.0,96.0,38.1,48.2,9.3,6.0,7.2,9.8,5.9,5.9,43.6,52.2,2.5,1.2,3.4,2.7,1.9,2.2,37.2,21.6,31.6,23.6,4626.0,21.1,18.9,48.0,28.9,575.0,333.0,352.0,220.0,216.0,2.570124,2.467319,-1.345,207.029536,4.78,,,,,281.0,4.0,,,,,,4.0,5.0,6.0,3.0,1.0,7.0,0.0,2.0,1.0,0.0,1.0,9.0,4.0,1.0,1.0,3.0,2.0,1.0,2.0,1.0,2.0,,0.0,0.0,0.0,3.0,2.0,2.0,6.0,26.0,4.0,4.0,4.0,6.0,3.0,4.0,0.0,1.0,3.0,1.0,1.0,1.0,,1.0,2.0,1.0,2.0,,0.0,0.0,16.0,4.0,0.0,4.0,0.0,4.0,3.0,4.0,2.0,2.0,5.0,0.0,27.0,44.0,0.0,1.0,0.0,1.0,,44.0,70.0,,,0.0,0.02,0.31,0.14,2.74,45.66,,0.007,0.215,0.225,,25.8,30.41,34.83,,9.1,107.49,76.98,0.89,17.1,2.8,54.0,0.0,0.0,311.9,0.284,16.25,5.23,12.9,0.057,1.195,5.19,16.91,44.57,,1.37,1.494,16.7,14.47,2.402,7.066,50.7,1.306,,24.0,4.886,35.3,,31.688,2.7,,,0.817,,,1.316,11.68,64.33,0.674,306.3,4.71,29.7,0
64.0,0.0,7.0,4.0,,,55.0,,21.0,93.7,155.7,51.1,53.0,57.0,123.0,91.4,28.0523,126.0,180.0,91.0,37.5,44.0,6.7,2.7,13.2,14.0,13.1,8.6,50.5,31.4,1.2,3.0,3.6,4.4,2.4,6.2,33.3,26.7,31.1,29.5,,42.6,19.9,74.3,48.6,526.0,318.0,334.0,194.0,284.0,5.272576,3.711603,1.174,290.818704,,3.0,1.0,3.0,4.0,,,6.0,,68.0,4.0,,3.0,2.0,5.0,6.0,0.0,1.0,7.0,2.0,1.0,0.0,1.0,5.0,3.0,3.0,2.0,2.0,2.0,0.0,0.0,1.0,2.0,3.314,1.0,7.0,0.0,6.0,3.0,0.0,0.0,8.0,1.0,7.0,5.0,1.0,2.0,1.0,2.0,5.0,2.0,0.0,0.0,4.0,4.0,1.0,5.0,1.0,5.0,6.0,5.0,18.0,,,,2.0,7.0,2.0,2.0,5.0,1.0,1.0,3.0,8.0,18.0,22.0,0.0,1.0,0.0,1.0,,80.0,82.0,,,0.0,,0.28,0.4,4.23,42.53,14.24,0.014,0.161,0.271,2.01,21.33,29.23,33.49,87.28,12.47,119.84,81.03,,6.6,6.37,67.6,,0.0,128.2,0.16,15.97,4.873,13.06,0.023,0.537,9.43,70.44,39.78,77.5,2.102,1.524,35.3,0.62,2.542,7.653,61.4,0.673,,141.2,3.712,31.2,1.417,31.407,,58.8,441.2,1.039,,34.57,1.702,4.3,70.23,1.452,382.2,4.74,39.9,1
59.0,0.0,23.0,1.0,,45.0,,9.0,,80.0,171.0,67.9,39.0,30.0,71.0,81.8,26.4094,88.0,176.0,98.0,14.5,19.0,1.4,1.5,8.3,8.9,7.8,11.4,13.3,22.5,1.1,0.8,4.4,2.5,3.4,2.4,14.2,7.2,39.0,40.6,6967.0,18.8,15.6,67.2,45.3,664.0,457.0,343.0,259.0,243.0,6.142679,4.292807,2.75,548.210226,,3.0,,,1.0,,,3.0,,403.0,4.0,3.0,3.0,4.0,3.0,7.0,4.0,1.0,0.0,1.0,1.0,1.0,0.0,8.0,3.0,,2.0,3.0,1.0,0.0,0.0,1.0,4.0,48.204,0.0,8.0,2.0,1.0,1.0,2.0,0.0,4.0,7.0,7.0,0.0,7.0,3.0,0.0,1.0,2.0,3.0,2.0,3.0,0.0,2.0,2.0,5.0,2.0,3.0,1.0,0.0,,0.0,,,3.0,0.0,1.0,2.0,3.0,4.0,1.0,3.0,3.0,18.0,,1.0,0.0,0.0,1.0,,61.0,,91.0,,1.0,0.01,0.12,0.36,2.83,48.61,11.22,0.034,1.007,0.431,2.93,23.05,22.11,23.09,95.76,11.3,99.1,,0.87,6.81,,67.2,0.0,0.0,159.5,0.18,15.56,5.076,12.37,0.089,2.696,12.7,49.12,42.26,53.5,1.443,0.914,48.6,0.86,2.333,3.7,83.7,0.841,,101.0,4.325,29.9,1.235,13.747,1.85,14.79,,0.955,,24.89,,14.01,82.07,1.854,373.4,7.38,,0
61.0,0.0,27.0,5.0,5.0,,,,,66.0,141.6,63.9,41.0,22.0,69.0,76.4,26.3273,94.0,170.0,95.0,12.9,14.4,1.3,2.9,7.2,,9.6,9.4,18.3,36.5,1.0,0.6,3.1,2.5,1.9,3.5,12.3,9.9,25.3,21.9,8236.0,17.7,17.9,47.0,32.7,516.0,302.0,386.0,248.0,223.0,5.329071,4.207107,1.833,693.303126,,1.0,3.0,,3.0,33.0,3.0,,,,,,2.0,2.0,3.0,0.0,0.0,4.0,1.0,1.0,0.0,1.0,1.0,6.0,2.0,1.0,1.0,2.0,2.0,0.0,2.0,0.0,3.0,,,0.0,7.0,3.0,3.0,2.0,5.0,21.0,4.0,14.0,7.0,2.0,2.0,1.0,2.0,1.0,3.0,2.0,1.0,3.0,4.0,3.0,5.0,2.0,3.0,,,,16.0,0.0,1.0,4.0,0.0,1.0,3.0,0.0,3.0,1.0,3.0,0.0,16.0,,1.0,0.0,1.0,0.0,,,76.0,,,0.0,0.15,2.92,0.13,2.55,49.19,15.67,,0.325,0.29,1.06,20.19,29.6,31.86,92.92,8.49,121.38,94.51,0.8,15.33,3.09,59.0,0.0,0.0,215.2,0.183,17.43,5.294,,0.027,0.54,5.24,8.18,,150.4,1.166,1.123,46.6,1.87,2.244,6.237,79.6,1.005,,16.1,5.437,33.9,1.27,18.984,3.063,121.33,269.4,0.874,,29.77,,7.29,64.15,0.637,319.9,5.13,14.8,0
57.0,1.0,43.0,1.0,,19.0,,3.0,19.0,83.8,109.9,62.6,29.0,55.0,69.0,67.4,23.0617,100.0,171.0,95.0,14.7,32.7,1.6,4.5,13.4,12.7,12.7,8.4,19.2,15.5,0.5,1.0,2.8,3.2,2.7,2.4,19.8,12.2,24.8,23.4,10022.0,19.6,15.0,76.0,38.9,440.0,239.0,208.0,209.0,183.0,,2.756944,,546.43038,,,,,4.0,11.0,4.0,,142.0,295.0,2.0,,,4.0,2.0,2.0,2.0,4.0,0.0,2.0,0.0,1.0,0.0,6.0,1.0,4.0,1.0,2.0,2.0,2.0,0.0,1.0,2.0,,2.0,0.0,6.0,1.0,3.0,4.0,0.0,19.0,10.0,1.0,1.0,2.0,1.0,2.0,2.0,1.0,2.0,1.0,1.0,2.0,2.0,2.0,4.0,0.0,3.0,1.0,0.0,22.0,0.0,2.0,1.0,2.0,0.0,4.0,2.0,12.0,2.0,2.0,3.0,0.0,16.0,,0.0,1.0,1.0,1.0,93.0,92.0,80.0,87.0,,0.0,0.01,0.1,0.6,5.51,36.6,13.63,,,0.221,,23.76,35.15,37.23,94.41,7.62,122.21,88.47,0.93,8.56,6.75,62.1,0.0,0.0,175.2,0.134,16.38,3.877,16.16,0.093,2.124,10.87,5.23,,52.3,,1.453,20.4,17.8,2.257,8.003,77.2,1.205,1.19,8.1,4.645,30.9,0.893,35.057,4.741,,,1.459,,7.65,12.423,5.9,66.33,1.393,233.0,5.26,69.3,0
67.0,1.0,33.0,1.0,,,35.0,10.0,,95.8,145.2,,54.0,55.0,90.0,133.6,37.0748,92.0,190.0,98.0,,37.8,6.4,2.8,10.5,14.1,11.9,15.4,50.3,19.7,1.0,0.9,4.3,4.8,3.9,3.5,14.7,14.9,42.9,40.4,11813.0,23.6,11.3,74.4,58.9,660.0,362.0,305.0,186.0,195.0,5.558041,4.341922,,722.396933,,,3.0,5.0,3.0,182.0,6.0,3.0,160.0,355.0,5.0,6.0,5.0,5.0,1.0,7.0,5.0,5.0,1.0,2.0,,1.0,2.0,7.0,4.0,4.0,1.0,3.0,1.0,0.0,1.0,2.0,3.0,,0.0,8.0,8.0,5.0,0.0,7.0,2.0,30.0,8.0,2.0,3.0,1.0,2.0,2.0,3.0,4.0,2.0,1.0,2.0,1.0,2.0,1.0,3.0,1.0,6.0,17.0,,26.0,,0.0,0.0,6.0,1.0,2.0,1.0,0.0,4.0,1.0,3.0,0.0,,36.0,1.0,,0.0,0.0,,,69.0,,,1.0,0.01,0.08,0.45,4.19,43.18,15.61,0.015,0.261,0.434,2.09,19.33,36.5,36.16,100.94,9.4,116.57,95.58,0.82,7.61,7.45,68.8,0.0,0.0,363.5,0.342,16.38,4.278,12.81,0.049,1.364,10.83,38.01,49.45,73.0,1.563,1.005,17.9,4.14,2.547,6.275,57.5,0.792,1.21,186.9,4.486,34.3,2.295,34.604,2.371,10.71,,1.069,,34.33,15.255,15.83,73.08,0.502,260.9,3.8,101.5,0
43.0,0.0,43.0,3.0,97.0,4.0,61.0,,15.0,85.4,164.7,50.9,15.0,26.0,81.0,53.9,19.7174,118.0,165.0,92.0,45.6,29.7,3.0,3.4,8.1,8.2,7.0,6.0,22.2,30.4,0.8,2.2,2.6,1.9,1.7,1.7,29.9,6.1,21.1,23.1,4683.0,15.7,11.6,47.9,27.9,767.0,439.0,642.0,297.0,265.0,5.46435,1.498031,,102.625328,,,,,1.0,318.0,,,17.0,407.0,4.0,,0.0,2.0,7.0,1.0,0.0,,4.0,3.0,5.0,1.0,2.0,9.0,1.0,,1.0,2.0,2.0,1.0,0.0,0.0,2.0,,1.0,11.0,4.0,0.0,0.0,0.0,5.0,1.0,5.0,10.0,1.0,0.0,2.0,1.0,5.0,5.0,1.0,1.0,1.0,0.0,5.0,1.0,5.0,2.0,1.0,5.0,,1.0,23.0,1.0,1.0,0.0,0.0,2.0,2.0,0.0,3.0,1.0,3.0,0.0,31.0,21.0,1.0,0.0,0.0,0.0,91.0,90.0,,62.0,1.0,1.0,0.0,0.05,0.59,12.59,40.62,13.85,0.041,0.598,0.415,,37.99,35.98,34.09,105.53,7.69,122.04,84.52,0.56,11.81,1.77,37.6,,0.0,258.1,0.198,15.92,3.849,16.46,0.054,0.635,4.72,66.26,,69.3,1.14,0.618,25.6,0.48,,4.426,97.8,1.151,,12.9,7.181,49.7,,35.295,3.088,47.11,,0.556,,43.51,1.995,5.64,73.42,1.225,415.7,6.67,,0
45.0,1.0,24.0,,4.0,,39.0,5.0,,98.6,150.6,68.0,46.0,56.0,85.0,80.2,27.5216,120.0,171.0,97.0,26.8,17.2,2.6,8.1,9.2,11.6,10.2,8.6,19.2,33.0,0.5,0.8,2.7,3.3,2.3,3.0,27.2,26.8,39.3,30.9,8125.0,32.8,47.0,67.9,52.0,317.0,204.0,125.0,168.0,169.0,4.335151,2.753354,-0.077,526.796166,,,,3.0,1.0,234.0,,4.0,,10.0,1.0,4.0,2.0,2.0,3.0,1.0,0.0,4.0,12.0,3.0,3.0,0.0,0.0,8.0,3.0,1.0,1.0,1.0,2.0,0.0,0.0,0.0,3.0,,0.0,0.0,7.0,4.0,7.0,7.0,0.0,3.0,3.0,2.0,1.0,2.0,3.0,3.0,1.0,3.0,2.0,0.0,1.0,1.0,2.0,1.0,4.0,2.0,3.0,0.0,13.0,1.0,0.0,,,1.0,1.0,2.0,1.0,0.0,4.0,1.0,4.0,0.0,18.0,,0.0,1.0,1.0,0.0,,75.0,84.0,87.0,,1.0,0.01,0.11,0.54,6.67,11.39,11.45,0.006,0.43,0.343,3.41,42.01,,87.64,92.6,11.04,123.7,91.82,0.53,6.55,3.63,44.7,0.0,0.0,56.2,0.062,16.39,1.23,,0.027,1.612,8.12,53.12,49.06,77.2,2.008,1.496,22.4,8.62,2.272,8.404,58.0,0.866,,94.0,5.137,52.8,2.157,18.716,5.033,157.78,,1.311,,94.99,16.015,,80.44,0.986,193.9,5.02,31.9,0
58.0,0.0,23.0,2.0,92.0,5.0,56.0,,22.0,61.2,,38.7,9.0,21.0,70.0,66.7,23.8434,97.0,167.0,81.0,19.6,23.8,1.4,1.5,6.1,4.4,5.7,4.2,24.5,40.8,0.9,1.0,1.7,2.6,2.5,1.9,15.1,8.5,21.0,18.4,4619.0,23.2,13.3,37.7,30.5,768.0,365.0,371.0,273.0,286.0,2.777453,2.666355,-1.435,146.551092,3.1,,5.0,,,36.0,3.0,,,173.0,6.0,1.0,0.0,0.0,1.0,6.0,3.0,7.0,3.0,1.0,,0.0,0.0,6.0,4.0,2.0,1.0,1.0,2.0,2.0,0.0,1.0,3.0,84.648,0.0,0.0,6.0,2.0,2.0,5.0,5.0,14.0,0.0,5.0,4.0,7.0,1.0,3.0,1.0,3.0,2.0,1.0,1.0,1.0,5.0,1.0,4.0,2.0,3.0,1.0,0.0,,0.0,3.0,1.0,2.0,0.0,2.0,2.0,0.0,5.0,2.0,1.0,5.0,13.0,,0.0,,0.0,0.0,,,66.0,,,1.0,0.01,0.11,0.11,2.31,41.93,15.7,0.036,0.801,0.277,2.1,,33.99,37.44,90.79,10.63,112.26,91.81,,13.92,2.0,40.8,0.0,0.0,409.7,0.436,15.71,4.618,16.46,0.026,1.129,4.89,,46.33,118.7,1.892,1.612,34.0,0.29,2.31,6.961,,1.022,1.37,128.4,7.46,35.9,,14.956,4.309,44.2,,1.353,,26.8,1.411,5.35,77.96,0.812,227.6,3.8,71.8,0
60.0,0.0,42.0,1.0,93.0,,,0.0,,72.3,173.9,59.6,24.0,55.0,66.0,62.5,22.3133,86.0,167.0,99.0,12.7,8.3,1.4,1.3,13.8,8.0,6.5,7.0,15.7,8.6,0.4,0.4,2.2,3.7,4.3,2.6,12.6,5.2,32.6,28.7,,16.9,8.7,55.3,39.5,470.0,225.0,251.0,170.0,190.0,2.627723,1.44513,-0.024,221.076816,3.83,,,4.0,,,4.0,,11.0,28.0,4.0,1.0,2.0,3.0,,4.0,2.0,1.0,7.0,1.0,1.0,0.0,1.0,9.0,3.0,2.0,1.0,3.0,1.0,1.0,0.0,0.0,3.0,,0.0,0.0,1.0,9.0,3.0,1.0,1.0,0.0,2.0,8.0,0.0,10.0,2.0,4.0,4.0,1.0,2.0,1.0,0.0,1.0,3.0,1.0,1.0,1.0,1.0,,1.0,,0.0,0.0,1.0,2.0,0.0,1.0,1.0,0.0,1.0,1.0,3.0,3.0,26.0,2.0,0.0,1.0,0.0,0.0,,,80.0,,,0.0,0.0,0.0,0.04,0.43,41.05,16.82,0.008,0.972,0.241,3.07,36.55,32.64,40.98,79.65,8.15,96.4,73.41,0.96,11.47,4.33,51.5,0.0,0.0,281.0,0.229,15.71,,14.66,0.033,1.302,8.4,13.84,46.69,63.3,,0.97,16.7,4.05,2.304,4.189,74.2,1.108,1.32,20.0,,27.4,1.493,10.967,4.035,18.61,,,69.5,149.98,,4.2,,3.586,242.6,1.83,78.9,0
62.0,1.0,13.0,2.0,,6.0,23.0,,,98.6,177.6,87.6,18.0,14.0,81.0,80.3,34.936,128.0,152.0,82.0,39.8,21.0,1.4,3.2,7.5,13.5,9.0,7.6,28.6,36.4,2.6,2.7,1.9,2.2,2.0,2.2,22.7,14.0,23.3,31.5,4774.0,34.6,35.2,47.0,28.8,564.0,,310.0,216.0,245.0,,1.349105,0.921,97.06423,6.02,5.0,,,,165.0,,,,15.0,,3.0,1.0,2.0,1.0,7.0,4.0,1.0,2.0,2.0,5.0,1.0,0.0,5.0,4.0,2.0,2.0,1.0,2.0,0.0,1.0,0.0,3.0,9.444,1.0,13.0,5.0,,4.0,4.0,3.0,6.0,9.0,3.0,7.0,3.0,2.0,3.0,3.0,4.0,3.0,3.0,1.0,2.0,1.0,3.0,5.0,2.0,1.0,2.0,1.0,0.0,0.0,0.0,1.0,8.0,4.0,1.0,,,1.0,1.0,3.0,8.0,16.0,,0.0,1.0,,0.0,79.0,69.0,,,0.0,0.0,,0.2,2.07,20.81,33.58,15.9,0.024,0.903,0.351,1.0,10.05,39.73,47.34,83.92,8.05,92.92,78.97,0.95,,5.92,59.4,0.0,0.0,149.3,0.12,16.28,4.002,13.16,0.087,1.457,9.96,17.44,,,1.279,1.279,13.3,18.58,2.449,6.566,97.2,0.993,1.02,68.6,7.144,62.2,,15.141,4.374,18.73,,1.381,,,18.169,25.39,65.31,3.821,484.4,4.3,41.0,0
42.0,0.0,6.0,2.0,42.0,6.0,25.0,,,73.6,119.2,80.0,8.0,28.0,73.0,59.1,20.9942,97.0,168.0,92.0,13.6,13.0,1.5,1.3,6.8,6.1,6.2,7.6,8.3,15.0,0.6,0.4,1.7,2.5,2.8,1.9,20.9,7.6,24.7,22.9,7347.0,26.5,12.3,39.1,26.7,442.0,288.0,257.0,185.0,176.0,3.805266,1.497258,-0.352,183.604911,3.74,2.0,,,,336.0,2.0,,,,3.0,5.0,1.0,3.0,3.0,4.0,6.0,5.0,6.0,3.0,2.0,3.0,,9.0,1.0,2.0,1.0,1.0,2.0,0.0,0.0,0.0,3.0,0.569,0.0,0.0,0.0,0.0,1.0,7.0,0.0,5.0,8.0,12.0,1.0,,1.0,2.0,3.0,1.0,2.0,1.0,0.0,,1.0,2.0,4.0,2.0,3.0,1.0,,,0.0,2.0,1.0,3.0,0.0,3.0,3.0,,2.0,2.0,3.0,0.0,27.0,,1.0,0.0,0.0,0.0,,69.0,,,0.0,1.0,0.16,3.23,0.0,0.06,34.37,,0.012,0.472,0.408,,30.74,44.64,47.92,93.15,11.91,116.09,80.19,0.7,14.03,2.6,51.9,0.0,0.0,211.2,0.252,17.49,3.689,14.62,0.125,0.823,5.01,19.14,42.12,45.4,1.325,1.283,28.8,,2.277,8.097,90.3,1.147,1.33,14.1,6.747,36.9,1.864,13.194,5.441,,,1.244,,84.62,2.023,15.33,75.51,5.142,458.9,6.37,32.5,0
63.0,0.0,45.0,3.0,,20.0,50.0,7.0,21.0,105.9,160.6,63.5,10.0,22.0,137.0,110.7,40.9448,125.0,164.0,87.0,46.0,46.7,9.8,4.6,9.3,9.6,5.9,8.1,46.3,40.5,1.0,3.2,2.9,1.9,2.1,1.6,45.6,26.8,21.6,26.3,9227.0,47.4,,,26.2,476.0,232.0,229.0,172.0,171.0,1.66205,1.595568,-0.955,202.266929,4.22,3.0,,3.0,,81.0,,4.0,,,6.0,,3.0,4.0,7.0,6.0,5.0,7.0,5.0,2.0,0.0,0.0,0.0,7.0,3.0,3.0,3.0,3.0,1.0,2.0,0.0,1.0,4.0,,0.0,10.0,0.0,0.0,1.0,3.0,3.0,37.0,7.0,8.0,8.0,4.0,3.0,2.0,2.0,2.0,2.0,0.0,3.0,1.0,2.0,4.0,5.0,2.0,4.0,2.0,1.0,0.0,,0.0,0.0,11.0,1.0,3.0,2.0,0.0,2.0,2.0,4.0,0.0,13.0,1.0,0.0,1.0,1.0,,,,,85.0,,1.0,0.08,1.28,0.17,2.83,42.73,14.85,0.011,0.252,,2.2,37.41,29.12,34.76,83.78,12.29,86.57,78.78,0.79,13.47,,45.0,0.0,0.0,131.7,0.162,16.47,5.1,12.48,0.019,0.759,5.88,15.78,44.52,61.3,,0.678,16.7,17.0,2.261,4.956,58.0,1.254,1.04,16.4,4.765,30.7,1.268,29.171,3.023,172.43,,0.976,,148.66,0.935,4.18,66.32,0.808,,5.55,,0
40.0,0.0,23.0,4.0,63.0,4.0,45.0,2.0,,87.1,116.2,48.7,48.0,44.0,67.0,61.7,23.1322,96.0,163.0,98.0,22.6,17.7,2.0,1.3,11.1,12.7,7.6,8.1,14.6,18.1,0.6,0.5,4.0,4.4,2.3,2.1,14.9,4.0,40.5,31.3,8842.0,21.5,9.1,62.5,42.2,506.0,378.0,337.0,276.0,223.0,5.081908,2.644303,-0.073,287.445399,,,,,3.0,65.0,,,10.0,26.0,1.0,,4.0,2.0,0.0,2.0,0.0,1.0,6.0,2.0,,1.0,1.0,7.0,3.0,3.0,1.0,2.0,2.0,0.0,1.0,0.0,4.0,,0.0,,6.0,0.0,4.0,5.0,5.0,10.0,9.0,1.0,1.0,2.0,3.0,1.0,2.0,1.0,2.0,4.0,1.0,1.0,1.0,1.0,4.0,1.0,3.0,,1.0,1.0,8.0,3.0,1.0,9.0,1.0,3.0,3.0,4.0,6.0,2.0,4.0,4.0,,,0.0,,1.0,0.0,,57.0,96.0,44.0,,0.0,0.01,0.08,0.54,7.09,37.41,,0.013,0.563,0.308,1.27,16.73,30.04,30.58,98.23,12.21,109.88,96.16,0.61,,5.18,68.0,0.0,0.0,277.5,0.339,15.87,3.808,14.09,0.033,1.155,7.61,50.03,40.27,76.4,1.775,0.914,19.6,9.23,2.549,3.77,54.1,0.834,,14.2,8.047,38.0,2.124,14.399,3.01,,,1.291,47.7,116.42,0.687,7.69,65.18,3.815,290.1,8.93,93.1,0
65.0,1.0,29.0,1.0,,,40.0,6.0,15.0,,188.3,57.0,51.0,26.0,95.0,71.1,26.2333,99.0,165.0,92.0,27.3,42.9,8.9,7.4,11.3,11.3,9.4,6.7,39.3,47.9,3.5,3.2,2.3,2.3,1.7,3.9,26.6,9.1,31.6,24.9,9184.0,34.0,36.0,64.1,55.6,492.0,392.0,396.0,186.0,271.0,1.742173,1.672486,-1.003,,3.62,3.0,3.0,6.0,,38.0,,,23.0,,6.0,3.0,2.0,2.0,1.0,0.0,0.0,4.0,3.0,2.0,,1.0,1.0,9.0,4.0,2.0,3.0,2.0,1.0,0.0,1.0,2.0,2.0,17.188,0.0,14.0,3.0,4.0,1.0,0.0,0.0,23.0,7.0,23.0,6.0,6.0,3.0,5.0,2.0,0.0,3.0,1.0,1.0,2.0,0.0,1.0,4.0,2.0,3.0,27.0,18.0,,21.0,2.0,0.0,9.0,1.0,3.0,4.0,0.0,6.0,3.0,4.0,12.0,,2.0,0.0,1.0,0.0,0.0,87.0,,,76.0,,0.0,0.14,1.81,0.09,1.23,,15.73,0.043,0.114,0.405,1.06,14.04,37.05,43.93,84.35,7.95,107.29,81.29,0.77,10.24,5.48,72.7,0.0,,300.3,0.239,15.78,4.246,12.03,0.091,1.804,7.53,54.77,51.11,106.7,1.775,0.696,34.7,0.99,2.203,5.796,80.5,1.174,1.47,15.7,8.628,34.1,2.999,31.601,2.855,20.36,,,,,16.084,11.4,82.21,1.717,224.9,4.59,,0
67.0,1.0,10.0,2.0,39.0,13.0,,,,96.0,168.4,60.3,51.0,28.0,75.0,66.0,27.5197,91.0,155.0,79.0,15.8,34.7,4.0,,,8.5,8.0,8.5,20.5,17.2,1.3,0.7,3.2,2.0,2.0,2.2,34.1,,24.3,23.7,5778.0,30.3,44.5,38.2,38.4,568.0,437.0,319.0,248.0,263.0,2.200125,1.445707,,120.416129,,,,4.0,,267.0,1.0,6.0,10.0,11.0,5.0,3.0,1.0,1.0,3.0,7.0,2.0,,1.0,3.0,2.0,0.0,0.0,10.0,3.0,2.0,3.0,2.0,2.0,1.0,2.0,0.0,1.0,42.719,0.0,0.0,0.0,5.0,0.0,1.0,1.0,8.0,9.0,8.0,1.0,1.0,3.0,5.0,2.0,1.0,2.0,0.0,4.0,0.0,3.0,1.0,3.0,2.0,1.0,2.0,1.0,13.0,17.0,5.0,1.0,5.0,8.0,1.0,4.0,7.0,3.0,1.0,1.0,0.0,20.0,25.0,1.0,0.0,1.0,0.0,78.0,63.0,71.0,,0.0,0.0,0.05,1.14,0.06,1.48,45.57,,0.015,0.728,0.355,1.63,41.16,26.14,29.18,89.58,9.3,123.55,90.73,0.49,12.27,1.74,44.0,0.0,0.0,241.2,0.224,18.05,5.087,16.42,0.055,1.936,3.97,58.91,48.47,86.3,1.762,0.721,26.4,2.54,2.478,4.717,60.3,1.31,1.33,53.4,,33.2,1.145,11.248,3.563,138.57,,0.958,,42.96,14.036,4.77,72.86,1.323,195.0,5.45,53.1,0
66.0,1.0,39.0,2.0,,8.0,56.0,,17.0,88.5,174.2,48.6,40.0,25.0,72.0,91.1,35.9718,92.0,159.0,98.0,38.8,25.0,1.9,1.9,7.1,8.2,11.6,9.6,18.7,16.3,1.0,1.2,3.9,4.0,4.2,2.1,34.8,16.0,25.5,38.4,6525.0,22.4,44.7,57.2,31.7,478.0,267.0,232.0,204.0,168.0,5.911637,4.502624,2.99,,3.37,,,,3.0,,3.0,,,107.0,4.0,3.0,1.0,2.0,6.0,6.0,0.0,3.0,1.0,2.0,1.0,1.0,0.0,8.0,2.0,1.0,1.0,1.0,1.0,0.0,0.0,0.0,4.0,,0.0,16.0,0.0,0.0,7.0,5.0,8.0,13.0,0.0,2.0,0.0,1.0,3.0,1.0,2.0,2.0,1.0,1.0,4.0,,2.0,3.0,4.0,1.0,3.0,7.0,1.0,,13.0,,1.0,0.0,4.0,2.0,4.0,,4.0,1.0,4.0,0.0,14.0,2.0,0.0,1.0,0.0,1.0,,39.0,,,1.0,0.0,0.09,1.08,0.39,,31.71,12.01,0.046,0.45,0.431,1.4,16.86,32.64,37.89,86.15,10.86,114.41,84.68,0.89,10.71,5.53,66.6,0.0,9.0,388.3,0.422,17.16,3.68,12.78,0.093,2.145,8.3,73.52,40.33,153.1,2.12,1.598,21.3,,2.243,,65.1,1.05,1.49,120.5,7.66,57.1,,7.591,3.934,15.48,,,,34.04,12.063,7.04,66.64,0.742,211.8,7.23,35.7,0
56.0,1.0,44.0,1.0,,,,,23.0,89.8,163.2,91.9,,,94.0,77.7,25.2033,100.0,176.0,98.0,25.3,23.0,4.4,3.9,8.4,13.3,10.4,12.0,30.6,25.3,1.0,0.8,2.8,4.6,5.2,4.6,17.0,9.8,29.3,33.5,5383.0,28.6,12.4,73.7,41.8,466.0,338.0,230.0,182.0,200.0,3.048272,2.926341,0.511,95.936878,3.25,,,,,14.0,,,,88.0,7.0,,0.0,3.0,3.0,7.0,6.0,0.0,4.0,1.0,,,0.0,10.0,3.0,4.0,1.0,3.0,2.0,2.0,0.0,0.0,1.0,,0.0,0.0,5.0,8.0,,4.0,8.0,38.0,8.0,0.0,7.0,2.0,2.0,4.0,3.0,1.0,2.0,1.0,0.0,0.0,4.0,2.0,3.0,2.0,3.0,26.0,1.0,,,0.0,,,0.0,2.0,2.0,0.0,4.0,1.0,4.0,3.0,17.0,2.0,0.0,1.0,0.0,1.0,,88.0,,76.0,,0.0,0.01,0.08,0.65,5.04,37.74,12.52,0.007,0.093,0.177,,26.33,28.1,33.19,84.67,8.01,86.9,78.04,0.83,6.41,8.06,62.1,0.0,0.0,208.0,0.166,15.74,,14.56,0.092,0.554,12.97,28.71,48.14,54.8,1.097,0.655,46.2,8.13,2.244,4.967,102.4,0.803,1.38,14.3,4.62,28.7,,13.085,2.624,177.9,,,,29.2,11.902,6.06,71.0,0.972,206.5,3.44,55.4,0
47.0,1.0,1.0,5.0,,10.0,,2.0,19.0,69.1,108.5,70.9,52.0,58.0,65.0,59.2,15.9476,85.0,193.0,93.0,12.7,12.9,1.5,1.4,17.3,12.1,10.3,12.4,12.9,5.5,0.2,0.4,4.4,4.9,4.6,3.7,14.5,1.2,43.2,36.3,6655.0,13.3,8.7,74.1,45.1,356.0,177.0,233.0,222.0,170.0,3.562137,,,659.086056,,,,3.0,,32.0,,,,,3.0,,3.0,2.0,1.0,6.0,0.0,3.0,7.0,2.0,1.0,2.0,0.0,4.0,3.0,1.0,1.0,3.0,2.0,1.0,2.0,0.0,1.0,,0.0,0.0,0.0,3.0,2.0,2.0,3.0,11.0,3.0,2.0,0.0,2.0,1.0,4.0,1.0,5.0,1.0,5.0,1.0,1.0,2.0,1.0,5.0,1.0,3.0,1.0,,,0.0,3.0,0.0,5.0,0.0,1.0,1.0,2.0,4.0,1.0,2.0,0.0,47.0,3.0,0.0,1.0,1.0,0.0,,73.0,,,,1.0,0.02,0.25,,0.62,38.81,13.84,0.016,0.686,0.379,3.15,42.96,31.26,35.67,87.65,8.39,,72.28,0.93,12.72,3.18,43.5,0.0,2.0,150.4,0.126,17.5,4.428,12.62,0.099,1.442,7.33,9.23,48.74,79.9,1.39,0.796,51.0,20.72,2.512,4.025,112.6,,,20.3,4.632,41.1,1.609,24.598,3.129,7.14,,1.204,,,8.946,16.06,73.28,5.26,387.3,9.26,89.8,0
69.0,0.0,44.0,3.0,,,,3.0,15.0,70.3,157.1,98.3,32.0,16.0,118.0,100.2,37.7356,132.0,163.0,86.0,46.7,50.5,9.5,9.5,8.0,8.1,7.5,8.2,50.1,42.2,3.8,2.6,1.9,2.5,3.3,1.8,48.6,19.3,24.9,26.0,8629.0,41.0,52.1,66.0,45.0,840.0,467.0,451.0,326.0,330.0,,,,369.116872,,,,3.0,,20.0,4.0,,12.0,5.0,,3.0,2.0,4.0,0.0,3.0,0.0,1.0,3.0,1.0,0.0,2.0,0.0,9.0,4.0,2.0,2.0,2.0,,0.0,0.0,0.0,3.0,52.607,1.0,0.0,0.0,1.0,1.0,0.0,8.0,9.0,8.0,11.0,1.0,2.0,1.0,,4.0,1.0,1.0,2.0,1.0,0.0,0.0,2.0,5.0,1.0,2.0,18.0,0.0,5.0,0.0,1.0,1.0,2.0,3.0,2.0,1.0,,4.0,2.0,5.0,0.0,24.0,2.0,0.0,1.0,0.0,,,90.0,,86.0,1.0,1.0,0.02,0.29,0.7,11.78,37.96,15.17,0.008,0.724,0.325,2.19,36.59,38.32,39.95,95.93,9.28,103.39,86.94,0.81,13.53,2.26,37.8,0.0,0.0,218.6,0.203,15.6,3.957,14.08,0.029,2.174,5.97,19.73,,81.0,2.049,0.734,49.6,5.83,2.452,6.238,83.5,1.299,4.94,157.1,9.894,58.9,1.996,18.896,2.088,13.86,,1.556,,71.94,1.587,7.85,,2.169,318.4,8.67,56.2,0
43.0,1.0,40.0,1.0,3.0,,28.0,8.0,16.0,62.9,104.2,64.2,56.0,53.0,99.0,114.2,31.9577,125.0,189.0,105.0,33.4,37.0,7.8,2.0,14.1,13.2,11.4,11.3,52.4,40.4,0.8,0.7,4.7,4.9,4.2,4.7,30.1,15.2,43.6,41.0,11677.0,37.9,42.1,96.8,54.2,519.0,391.0,356.0,312.0,299.0,5.258604,4.151625,1.327,676.388233,1.97,3.0,,,4.0,546.0,,,,222.0,,4.0,5.0,3.0,,7.0,0.0,5.0,8.0,1.0,4.0,2.0,2.0,4.0,2.0,,1.0,3.0,2.0,1.0,2.0,0.0,4.0,54.213,0.0,1.0,0.0,0.0,1.0,0.0,4.0,34.0,9.0,0.0,3.0,6.0,2.0,2.0,3.0,3.0,3.0,2.0,1.0,4.0,4.0,1.0,5.0,0.0,3.0,9.0,10.0,4.0,21.0,,0.0,5.0,5.0,3.0,2.0,0.0,1.0,2.0,2.0,0.0,25.0,8.0,0.0,0.0,0.0,0.0,,90.0,,62.0,0.0,1.0,0.02,0.18,0.25,2.79,36.62,,0.028,0.116,,1.82,20.48,38.73,44.06,87.9,7.82,104.66,85.96,0.87,9.85,5.91,66.7,0.0,0.0,387.5,0.303,16.31,4.166,14.83,0.077,2.413,8.86,17.92,,48.1,1.11,0.988,19.1,5.97,2.403,,,1.106,2.56,39.6,4.024,29.4,1.434,25.371,,13.28,,1.391,,,10.8,26.45,79.32,0.467,366.2,3.53,51.5,0
59.0,0.0,44.0,6.0,10.0,27.0,,1.0,,62.9,110.3,58.5,20.0,32.0,118.0,108.4,35.6569,97.0,174.0,,48.9,32.5,8.0,7.8,11.2,7.9,6.1,7.4,36.5,41.4,1.5,2.2,3.6,2.3,2.4,2.2,37.0,25.9,23.0,28.9,8447.0,34.2,37.5,77.6,36.4,507.0,318.0,295.0,260.0,237.0,5.537063,,2.53,585.411957,,,,3.0,3.0,355.0,,5.0,,165.0,3.0,,5.0,5.0,5.0,7.0,0.0,0.0,1.0,3.0,4.0,0.0,0.0,6.0,3.0,1.0,2.0,1.0,1.0,1.0,0.0,0.0,4.0,,1.0,15.0,,8.0,1.0,4.0,3.0,7.0,5.0,0.0,4.0,1.0,2.0,2.0,2.0,5.0,2.0,1.0,1.0,1.0,3.0,1.0,4.0,2.0,2.0,1.0,1.0,1.0,0.0,,0.0,9.0,2.0,2.0,2.0,,2.0,1.0,4.0,0.0,17.0,3.0,1.0,,0.0,0.0,,47.0,,77.0,0.0,1.0,0.02,0.26,0.37,5.9,38.34,11.49,0.01,0.965,0.398,3.26,,24.1,29.96,,8.06,90.95,72.21,0.4,6.45,2.16,34.8,0.0,0.0,241.2,0.194,17.25,4.766,13.07,0.062,,6.2,32.18,42.32,,1.541,1.114,51.3,1.28,2.577,4.84,111.6,1.35,4.08,23.7,,31.6,1.365,18.945,3.053,16.52,,0.957,,,0.809,5.25,71.13,4.994,290.9,,38.7,0
40.0,1.0,8.0,2.0,14.0,,,6.0,14.0,85.6,154.6,47.4,43.0,49.0,118.0,128.1,38.4604,122.0,183.0,93.0,41.2,31.6,8.9,9.9,9.9,10.7,6.7,7.9,43.9,46.0,,1.1,2.0,3.9,3.5,3.7,36.4,21.2,34.4,26.2,6287.0,33.3,33.7,52.2,49.7,714.0,448.0,437.0,298.0,294.0,2.820013,,-0.336,525.931832,,,,6.0,1.0,,3.0,,,419.0,1.0,2.0,2.0,5.0,1.0,6.0,3.0,1.0,,3.0,5.0,4.0,0.0,5.0,3.0,4.0,1.0,2.0,1.0,2.0,0.0,1.0,,3.211,1.0,8.0,2.0,2.0,0.0,2.0,0.0,34.0,5.0,14.0,6.0,7.0,3.0,2.0,4.0,4.0,1.0,0.0,1.0,3.0,2.0,3.0,3.0,1.0,5.0,,0.0,,,0.0,,2.0,1.0,1.0,2.0,0.0,3.0,2.0,3.0,0.0,,,,1.0,0.0,0.0,,72.0,,56.0,,0.0,0.02,0.11,0.01,0.06,43.1,14.97,0.004,0.271,0.369,1.42,9.52,33.13,34.73,95.39,8.61,113.12,74.86,0.31,2.05,13.17,88.3,0.0,0.0,246.2,0.212,15.77,4.518,15.29,0.037,1.204,14.92,32.91,52.03,55.0,1.524,1.64,24.2,16.19,2.361,7.395,55.5,0.644,1.0,19.8,4.471,32.6,1.281,19.01,5.352,7.74,,1.285,,31.72,9.578,27.27,71.75,5.032,192.1,,71.2,0
48.0,0.0,9.0,1.0,,41.0,,10.0,16.0,102.5,170.1,99.4,43.0,37.0,91.0,75.1,24.7706,89.0,174.0,95.0,30.8,25.9,2.7,3.8,9.8,9.8,12.6,6.3,17.9,16.4,0.7,2.0,2.3,3.0,3.6,2.5,,7.4,24.0,,6833.0,23.6,34.5,49.0,33.9,668.0,253.0,276.0,271.0,263.0,2.085193,1.466998,-1.262,137.276421,4.29,,,5.0,2.0,337.0,,3.0,211.0,300.0,4.0,4.0,1.0,5.0,4.0,4.0,2.0,1.0,7.0,3.0,1.0,0.0,1.0,9.0,3.0,2.0,3.0,2.0,2.0,1.0,2.0,0.0,,42.32,0.0,6.0,0.0,0.0,1.0,0.0,2.0,34.0,1.0,1.0,0.0,5.0,2.0,2.0,3.0,2.0,2.0,0.0,0.0,0.0,2.0,3.0,5.0,0.0,4.0,11.0,2.0,,,,,9.0,0.0,2.0,2.0,,3.0,2.0,3.0,2.0,25.0,3.0,0.0,0.0,0.0,1.0,,47.0,62.0,96.0,1.0,0.0,0.02,0.16,0.12,1.09,47.0,13.25,0.046,0.269,0.228,1.63,15.24,27.31,28.2,96.86,8.38,117.24,,0.74,6.9,8.19,76.6,0.0,0.0,229.4,0.192,17.72,4.852,13.66,0.092,2.447,10.69,36.22,42.72,65.3,1.406,1.587,18.2,1.18,2.569,8.134,64.7,,1.41,181.4,4.479,28.2,2.327,16.176,4.978,4.67,273.0,0.891,,15.06,,6.89,76.43,1.194,209.9,5.82,,0
41.0,0.0,21.0,2.0,,,60.0,,17.0,74.7,133.8,70.1,27.0,18.0,111.0,86.4,26.5279,121.0,180.0,89.0,47.9,41.8,8.3,3.3,6.9,11.9,6.8,10.4,39.2,44.1,1.7,2.2,2.1,3.9,2.3,2.2,43.9,25.2,34.1,35.2,9695.0,34.2,49.7,50.9,35.8,525.0,283.0,261.0,200.0,197.0,4.945892,4.112044,1.531,536.667114,3.63,,,3.0,5.0,,4.0,3.0,30.0,131.0,2.0,3.0,2.0,1.0,4.0,7.0,6.0,0.0,5.0,2.0,2.0,0.0,0.0,7.0,3.0,2.0,1.0,2.0,2.0,1.0,1.0,2.0,,,0.0,0.0,0.0,7.0,,5.0,7.0,3.0,1.0,1.0,8.0,8.0,1.0,2.0,5.0,0.0,2.0,1.0,2.0,4.0,3.0,1.0,5.0,2.0,4.0,19.0,11.0,,23.0,4.0,0.0,7.0,6.0,1.0,2.0,15.0,3.0,1.0,2.0,2.0,26.0,1.0,1.0,1.0,1.0,,,36.0,76.0,45.0,0.0,0.0,0.12,1.23,0.11,1.13,43.9,14.38,0.015,0.302,0.366,3.14,33.32,29.11,32.77,88.83,6.81,109.76,82.41,0.17,1.82,,62.5,0.0,0.0,404.9,,16.04,4.942,12.76,0.03,0.737,,16.26,50.37,49.6,2.147,0.824,96.5,1.1,2.473,,101.0,1.382,1.56,26.2,9.848,49.4,2.298,19.852,4.548,6.96,301.0,1.379,,64.85,0.948,4.15,74.16,1.92,266.7,,29.2,0
59.0,1.0,9.0,1.0,9.0,,,,15.0,91.7,131.9,95.9,65.0,51.0,77.0,53.6,,94.0,163.0,97.0,15.0,44.6,1.6,4.0,13.7,13.5,7.9,13.0,28.5,16.7,1.2,0.4,3.9,2.5,3.9,3.7,30.8,23.1,37.5,38.4,6856.0,21.2,20.0,78.5,52.2,476.0,259.0,214.0,243.0,183.0,4.549399,2.133582,0.292,284.924038,1.45,,,,,25.0,,5.0,7.0,25.0,,2.0,2.0,0.0,0.0,1.0,6.0,0.0,2.0,2.0,1.0,,0.0,4.0,1.0,2.0,1.0,2.0,1.0,1.0,1.0,0.0,1.0,,0.0,3.0,0.0,9.0,7.0,3.0,7.0,21.0,9.0,2.0,0.0,1.0,3.0,2.0,2.0,2.0,5.0,4.0,4.0,0.0,5.0,2.0,3.0,0.0,2.0,2.0,12.0,,13.0,3.0,,2.0,1.0,2.0,3.0,8.0,2.0,3.0,4.0,8.0,19.0,2.0,0.0,1.0,0.0,1.0,,,,,,1.0,0.03,0.25,0.6,5.08,36.21,13.14,0.034,0.498,0.423,2.85,24.24,36.1,36.28,99.5,9.09,100.25,89.57,0.55,4.7,7.74,65.7,0.0,0.0,359.8,0.327,17.63,3.639,13.79,0.109,1.496,11.78,,46.65,151.7,1.12,1.451,,0.74,2.399,7.76,96.6,1.196,2.42,24.7,3.821,34.4,0.965,28.489,3.972,159.94,,,,76.47,12.197,11.24,75.08,4.203,461.9,7.69,101.1,0
61.0,0.0,5.0,3.0,1.0,2.0,29.0,10.0,,75.3,160.8,,20.0,14.0,78.0,77.2,32.7083,105.0,154.0,,16.0,27.7,2.8,2.8,12.5,12.6,7.2,8.0,20.6,16.8,0.7,0.8,1.8,3.4,2.3,2.8,23.0,10.8,32.0,36.2,5203.0,17.9,15.4,42.6,36.5,600.0,251.0,322.0,303.0,184.0,2.157243,1.884675,-0.814,302.137536,,,,5.0,,115.0,3.0,3.0,,20.0,3.0,,0.0,1.0,,6.0,0.0,1.0,2.0,2.0,4.0,0.0,1.0,10.0,1.0,3.0,1.0,2.0,,0.0,0.0,0.0,2.0,,1.0,13.0,6.0,3.0,7.0,6.0,0.0,26.0,1.0,10.0,6.0,9.0,3.0,2.0,3.0,2.0,3.0,2.0,1.0,0.0,2.0,2.0,3.0,2.0,3.0,15.0,,1.0,20.0,0.0,,4.0,9.0,2.0,3.0,0.0,3.0,1.0,3.0,6.0,15.0,2.0,1.0,0.0,0.0,0.0,,73.0,,,,0.0,0.01,0.32,0.12,2.98,49.38,16.07,0.007,0.607,0.193,1.06,27.3,31.3,32.54,96.19,8.3,121.88,86.87,0.54,13.98,2.15,55.4,0.0,0.0,244.7,,16.87,5.134,15.18,0.055,0.825,3.89,64.55,40.35,90.6,,0.874,17.8,1.15,2.334,8.036,74.1,1.215,,,6.444,42.9,1.32,18.056,2.799,28.25,252.4,1.428,41.4,,2.229,19.98,82.87,2.675,208.9,2.85,35.0,0
51.0,1.0,19.0,3.0,1.0,18.0,35.0,,21.0,99.9,181.1,59.2,57.0,31.0,67.0,59.3,19.3165,79.0,175.0,91.0,19.0,25.7,0.8,2.1,12.7,12.4,11.6,13.0,15.3,12.9,0.8,0.5,4.8,4.1,4.4,4.1,12.7,5.4,42.2,31.7,,16.2,12.1,80.0,43.3,,274.0,289.0,184.0,196.0,2.686085,,1.777,359.784809,4.21,,2.0,4.0,3.0,96.0,,,4.0,,2.0,2.0,2.0,3.0,1.0,2.0,3.0,5.0,1.0,2.0,3.0,0.0,1.0,10.0,2.0,2.0,2.0,3.0,2.0,1.0,0.0,1.0,2.0,,0.0,11.0,,4.0,0.0,0.0,7.0,7.0,0.0,4.0,7.0,1.0,2.0,3.0,2.0,2.0,2.0,1.0,3.0,4.0,4.0,1.0,5.0,1.0,4.0,10.0,,1.0,11.0,0.0,0.0,,3.0,5.0,3.0,0.0,3.0,3.0,2.0,10.0,25.0,2.0,0.0,1.0,1.0,0.0,,85.0,,46.0,0.0,0.0,0.01,0.04,0.36,2.48,43.23,,0.014,0.337,0.238,3.05,20.93,31.23,39.29,79.49,8.66,93.19,71.27,0.7,4.81,,71.7,0.0,0.0,373.9,0.324,18.05,5.439,12.95,0.058,0.457,14.56,15.81,42.07,144.3,1.132,,17.1,66.24,,6.972,47.9,0.667,1.09,22.3,5.158,30.0,0.899,35.729,4.741,,902.7,1.253,,104.92,16.019,13.48,82.84,1.89,175.1,,52.1,0
56.0,0.0,19.0,2.0,,,36.0,7.0,16.0,94.8,175.8,63.5,13.0,10.0,78.0,69.7,29.6179,99.0,153.0,81.0,37.7,38.7,3.9,3.0,6.3,5.0,5.6,4.7,14.6,15.7,0.8,0.7,1.9,1.8,1.6,1.6,42.0,15.2,17.3,17.9,4174.0,34.7,15.5,47.9,21.5,728.0,364.0,362.0,270.0,313.0,3.114358,1.997883,-0.638,129.494445,,,,3.0,3.0,,,,,23.0,4.0,3.0,3.0,5.0,0.0,7.0,4.0,3.0,4.0,2.0,1.0,1.0,1.0,8.0,2.0,3.0,2.0,1.0,2.0,2.0,0.0,1.0,4.0,,0.0,2.0,5.0,1.0,1.0,3.0,7.0,5.0,8.0,1.0,7.0,6.0,2.0,5.0,4.0,2.0,0.0,2.0,1.0,0.0,3.0,1.0,2.0,1.0,4.0,2.0,9.0,20.0,15.0,0.0,1.0,,1.0,1.0,4.0,0.0,4.0,3.0,3.0,12.0,21.0,,1.0,1.0,0.0,0.0,,,,,,0.0,0.01,0.1,0.09,1.34,37.8,13.47,0.013,0.138,0.225,1.18,16.71,32.71,35.64,91.77,10.71,91.67,75.44,0.29,4.09,5.49,77.8,0.0,0.0,234.7,,17.6,4.119,14.31,0.02,,7.05,13.35,48.15,119.3,1.892,,18.1,1.1,2.476,4.028,50.3,0.989,,90.5,4.208,32.3,1.405,32.157,3.943,18.57,,1.422,,113.77,,6.69,69.8,0.706,149.8,4.95,29.1,0
50.0,0.0,1.0,1.0,80.0,29.0,37.0,2.0,19.0,78.1,129.8,83.1,35.0,28.0,101.0,92.9,30.8434,106.0,174.0,92.0,23.7,39.3,8.4,1.7,14.1,13.9,11.8,10.4,24.6,30.7,1.7,1.4,2.8,2.3,3.0,2.4,39.7,15.4,33.2,24.8,8782.0,40.8,46.5,63.8,45.2,694.0,331.0,330.0,265.0,245.0,5.091707,,2.801,885.832314,,,,4.0,,259.0,,6.0,5.0,17.0,6.0,2.0,4.0,0.0,1.0,2.0,6.0,5.0,3.0,2.0,4.0,1.0,1.0,9.0,4.0,2.0,2.0,2.0,1.0,1.0,0.0,0.0,3.0,6.435,0.0,0.0,0.0,4.0,1.0,1.0,4.0,15.0,8.0,2.0,7.0,1.0,2.0,1.0,1.0,4.0,2.0,1.0,0.0,1.0,1.0,2.0,5.0,2.0,4.0,25.0,20.0,27.0,,0.0,,7.0,6.0,2.0,1.0,,3.0,1.0,4.0,114.0,22.0,44.0,1.0,1.0,0.0,,,,76.0,59.0,,0.0,0.19,4.68,0.3,7.36,37.42,14.9,0.017,0.774,0.266,1.48,36.53,38.79,39.82,97.43,7.39,95.57,81.92,0.27,6.56,,,0.0,0.0,319.4,0.236,15.64,3.841,12.29,0.039,1.251,4.06,10.72,42.97,73.5,,0.956,20.2,1.97,2.609,3.803,52.4,0.659,2.34,134.6,9.322,48.0,2.132,15.312,3.052,53.97,,0.839,,85.69,,26.51,80.37,1.079,175.1,,96.7,0
56.0,1.0,22.0,1.0,,22.0,48.0,3.0,19.0,81.0,157.2,83.6,23.0,48.0,73.0,60.2,22.2966,100.0,164.0,83.0,18.9,29.4,3.6,1.7,11.4,9.7,7.5,8.4,17.6,16.4,0.5,1.9,2.8,2.6,4.2,,29.9,5.0,24.9,32.3,5246.0,15.4,29.6,58.8,55.2,771.0,464.0,390.0,312.0,329.0,3.896845,3.13503,1.611,220.327724,3.25,2.0,,5.0,,27.0,2.0,4.0,,18.0,4.0,,3.0,4.0,,6.0,0.0,1.0,0.0,2.0,,3.0,1.0,7.0,4.0,2.0,1.0,2.0,2.0,0.0,0.0,2.0,3.0,,0.0,0.0,,8.0,0.0,6.0,0.0,32.0,1.0,2.0,0.0,1.0,,3.0,4.0,3.0,2.0,1.0,1.0,0.0,5.0,1.0,5.0,2.0,3.0,1.0,0.0,1.0,0.0,0.0,1.0,1.0,1.0,6.0,2.0,0.0,3.0,3.0,3.0,0.0,21.0,2.0,1.0,1.0,0.0,0.0,77.0,35.0,,89.0,,0.0,0.01,0.11,0.55,10.97,36.23,11.9,0.013,0.155,0.255,1.54,30.49,31.55,32.84,96.06,7.85,122.06,88.13,0.19,3.79,2.75,54.6,0.0,0.0,279.5,0.219,15.2,3.771,12.34,0.051,2.282,5.04,32.04,47.92,120.4,1.061,0.612,24.0,0.46,2.335,5.293,54.2,1.294,3.4,19.0,7.026,33.7,0.799,3.795,2.133,,1811.8,1.495,,,8.149,16.68,69.66,1.06,,4.42,94.9,0
54.0,0.0,12.0,4.0,,35.0,,,15.0,88.7,146.4,66.6,49.0,58.0,73.0,83.4,28.7585,93.0,170.0,95.0,26.0,28.1,3.2,1.8,,9.7,6.2,7.1,46.6,26.8,1.2,1.7,4.5,2.4,2.7,2.8,22.0,24.6,34.0,23.2,9146.0,25.7,18.5,76.0,50.2,439.0,266.0,244.0,246.0,126.0,5.648962,3.31162,,593.659945,,5.0,,3.0,3.0,30.0,,4.0,,25.0,,4.0,3.0,4.0,,6.0,7.0,0.0,1.0,2.0,5.0,1.0,1.0,8.0,,3.0,3.0,2.0,2.0,0.0,0.0,0.0,,,0.0,12.0,,0.0,6.0,5.0,0.0,7.0,2.0,1.0,0.0,3.0,3.0,1.0,2.0,2.0,3.0,1.0,2.0,0.0,2.0,1.0,5.0,2.0,1.0,,,0.0,,0.0,,1.0,0.0,4.0,1.0,,4.0,1.0,2.0,2.0,19.0,2.0,0.0,1.0,0.0,0.0,,88.0,88.0,,,0.0,,0.1,0.37,2.95,43.89,13.49,0.044,0.874,0.43,3.71,29.33,29.7,30.74,96.6,7.38,112.1,84.98,0.86,6.8,7.69,60.8,0.0,0.0,359.6,0.265,17.21,4.544,13.87,0.116,1.594,12.64,16.64,,107.3,2.156,1.328,37.4,0.46,,5.76,49.1,1.228,1.26,,7.629,32.5,1.714,20.484,3.038,131.45,,1.181,,67.58,1.075,7.63,71.07,1.249,196.4,4.32,32.9,0
53.0,1.0,26.0,3.0,59.0,30.0,10.0,,,66.5,122.4,51.2,36.0,28.0,74.0,63.9,24.6599,102.0,161.0,84.0,21.6,27.7,4.2,1.5,8.1,8.6,7.0,10.9,30.3,18.3,0.8,0.8,2.0,2.2,3.7,2.9,28.0,8.0,22.3,24.1,5887.0,19.5,24.8,50.9,35.0,520.0,308.0,295.0,248.0,176.0,3.647322,,,518.12902,,,,1.0,1.0,72.0,1.0,4.0,,20.0,,,1.0,1.0,0.0,7.0,0.0,1.0,0.0,2.0,0.0,1.0,0.0,7.0,3.0,2.0,3.0,3.0,1.0,0.0,1.0,0.0,3.0,64.759,,,0.0,8.0,,0.0,1.0,8.0,7.0,3.0,1.0,2.0,3.0,2.0,2.0,2.0,2.0,4.0,1.0,2.0,3.0,3.0,5.0,1.0,3.0,1.0,,,0.0,0.0,,3.0,1.0,4.0,2.0,10.0,4.0,1.0,3.0,11.0,31.0,20.0,,1.0,1.0,0.0,,,,81.0,0.0,0.0,0.02,0.3,0.41,7.3,43.59,15.05,0.012,0.547,0.292,2.2,39.06,28.05,34.53,81.24,9.02,110.69,79.96,0.35,6.15,2.66,47.2,0.0,0.0,390.1,0.352,15.83,5.366,16.27,0.072,2.012,5.64,51.02,43.21,87.0,2.107,1.115,18.6,6.66,2.28,3.888,115.7,1.212,,184.8,3.607,33.9,1.756,4.497,2.595,16.96,,0.839,,93.6,,22.6,67.49,1.45,443.4,4.67,39.0,0
47.0,1.0,14.0,1.0,,,33.0,4.0,,68.4,121.3,61.0,57.0,41.0,118.0,111.0,33.1072,109.0,183.0,93.0,37.3,34.3,9.8,6.3,13.6,10.0,9.7,13.0,48.1,47.7,3.0,3.5,4.2,2.7,3.7,2.2,45.7,17.1,38.3,,7009.0,49.5,22.7,64.7,53.9,470.0,343.0,287.0,223.0,274.0,2.088955,2.005396,,301.287426,4.19,,1.0,,2.0,329.0,,1.0,161.0,,3.0,3.0,3.0,7.0,,6.0,0.0,1.0,6.0,3.0,1.0,0.0,1.0,6.0,3.0,2.0,1.0,2.0,,0.0,0.0,0.0,3.0,,,0.0,0.0,9.0,0.0,1.0,0.0,36.0,9.0,9.0,2.0,7.0,1.0,2.0,2.0,1.0,1.0,1.0,2.0,3.0,3.0,2.0,4.0,2.0,2.0,,0.0,,0.0,,1.0,,0.0,3.0,2.0,9.0,1.0,1.0,4.0,0.0,16.0,35.0,0.0,0.0,0.0,0.0,87.0,83.0,,85.0,,0.0,0.09,0.8,0.02,0.16,34.14,13.1,0.013,0.319,0.224,3.46,,32.92,38.37,85.78,7.7,100.83,73.03,0.79,6.94,7.05,61.8,0.0,0.0,193.0,0.149,16.82,3.98,12.44,0.047,0.66,11.41,8.95,50.2,65.1,1.187,0.612,15.3,19.73,,3.609,54.5,0.644,1.01,89.5,7.291,36.7,1.004,10.24,2.07,,,0.819,,14.23,15.738,15.01,82.31,5.111,352.6,3.36,17.1,0
42.0,1.0,8.0,1.0,31.0,3.0,,7.0,,61.0,125.9,100.0,22.0,28.0,90.0,94.5,34.3632,122.0,166.0,93.0,37.7,23.0,7.1,7.5,13.2,12.2,9.2,10.2,20.3,24.5,1.0,3.3,2.1,2.9,3.8,3.9,28.5,10.8,26.4,23.1,5986.0,18.8,16.1,39.0,36.5,783.0,425.0,404.0,299.0,296.0,1.696214,1.628366,,,,,2.0,7.0,4.0,298.0,2.0,5.0,,396.0,6.0,4.0,2.0,,3.0,6.0,0.0,1.0,3.0,2.0,0.0,0.0,0.0,,3.0,1.0,1.0,2.0,2.0,0.0,2.0,0.0,4.0,,2.0,10.0,0.0,4.0,2.0,3.0,0.0,1.0,3.0,2.0,1.0,4.0,2.0,2.0,3.0,3.0,1.0,2.0,1.0,1.0,2.0,1.0,4.0,2.0,3.0,1.0,3.0,,,0.0,,0.0,0.0,3.0,2.0,,3.0,2.0,3.0,4.0,,7.0,1.0,,0.0,1.0,,,81.0,,0.0,0.0,0.01,0.14,0.09,1.38,50.5,15.87,0.011,0.562,0.301,1.67,25.23,28.86,31.43,91.84,10.64,122.45,91.67,0.43,6.56,4.4,66.7,0.0,0.0,262.1,0.279,17.09,5.499,12.03,0.021,1.446,6.6,33.98,40.75,59.5,2.295,,38.7,,2.489,5.474,48.2,0.738,1.62,77.8,6.477,33.3,,29.15,4.338,,,1.429,,,14.099,14.97,72.23,2.669,349.4,3.62,42.3,0
59.0,0.0,19.0,1.0,,,24.0,9.0,,118.5,202.4,64.1,17.0,13.0,121.0,108.0,38.4361,124.0,168.0,83.0,50.8,41.3,9.4,3.1,8.1,7.2,8.2,7.6,48.0,49.9,2.9,3.2,1.9,2.9,3.1,2.3,42.4,27.2,27.8,22.5,5316.0,47.5,43.3,41.7,33.0,763.0,467.0,431.0,334.0,327.0,3.417899,1.345501,-0.356,103.026327,4.29,,3.0,,3.0,11.0,1.0,,221.0,18.0,3.0,5.0,1.0,3.0,0.0,2.0,0.0,0.0,2.0,2.0,0.0,3.0,0.0,9.0,4.0,2.0,2.0,3.0,1.0,2.0,1.0,0.0,2.0,,0.0,0.0,,0.0,0.0,5.0,0.0,38.0,3.0,13.0,5.0,3.0,3.0,0.0,4.0,2.0,3.0,3.0,0.0,1.0,5.0,1.0,3.0,2.0,3.0,3.0,,,15.0,,,,5.0,2.0,2.0,10.0,3.0,1.0,3.0,3.0,,1.0,1.0,0.0,0.0,0.0,,76.0,84.0,79.0,,1.0,,0.26,0.43,7.46,41.74,15.35,0.042,3.904,0.437,1.98,34.1,37.13,36.76,101.01,9.89,122.81,91.84,0.28,4.81,3.1,53.4,0.0,0.0,137.7,0.136,16.45,4.133,16.77,0.132,2.619,5.8,35.24,,66.4,2.067,1.563,,,2.398,4.271,50.7,,1.64,,10.195,62.4,2.487,21.83,3.207,51.5,,1.213,,43.69,1.053,18.43,81.27,5.263,173.3,3.15,101.6,0
44.0,0.0,4.0,2.0,,0.0,,,14.0,66.3,141.3,68.7,32.0,13.0,118.0,109.4,36.8552,108.0,172.0,85.0,46.1,44.8,6.9,9.0,8.9,11.2,10.5,10.9,53.9,28.1,0.8,1.0,3.3,3.7,3.9,3.4,44.9,26.5,31.7,23.7,9502.0,32.5,31.1,47.9,49.3,586.0,355.0,273.0,261.0,200.0,3.231418,3.102161,,505.87872,6.45,,,,1.0,127.0,4.0,4.0,103.0,97.0,2.0,1.0,2.0,2.0,1.0,4.0,0.0,3.0,5.0,3.0,,0.0,0.0,5.0,3.0,2.0,1.0,1.0,1.0,0.0,2.0,2.0,1.0,,,13.0,7.0,3.0,6.0,2.0,0.0,35.0,9.0,0.0,4.0,0.0,3.0,3.0,2.0,3.0,2.0,1.0,2.0,1.0,3.0,1.0,4.0,1.0,5.0,9.0,17.0,0.0,5.0,0.0,0.0,,1.0,3.0,2.0,0.0,5.0,2.0,4.0,0.0,30.0,2.0,0.0,1.0,1.0,1.0,,,,90.0,,1.0,0.1,1.02,0.0,0.0,50.24,15.5,0.041,0.428,0.423,1.19,12.66,29.24,30.86,94.77,10.61,100.05,77.19,0.42,4.53,7.66,81.8,0.0,,285.1,0.302,16.28,5.301,16.42,0.117,1.161,9.37,72.57,46.45,76.1,2.021,,52.7,12.39,,3.907,102.3,1.199,3.76,57.4,3.721,22.2,2.344,18.034,2.407,15.88,,1.206,,17.73,0.919,26.98,68.0,2.748,425.8,8.5,23.6,0
47.0,0.0,31.0,2.0,,,38.0,0.0,19.0,85.0,112.6,94.9,43.0,47.0,75.0,77.6,27.0171,115.0,169.0,94.0,37.2,25.5,3.5,2.8,8.0,10.4,6.7,6.6,25.9,20.1,0.7,1.2,2.5,1.9,2.2,2.0,27.2,22.9,25.8,33.3,,24.1,25.3,44.5,50.1,538.0,359.0,306.0,321.0,183.0,5.017245,2.121603,,386.583534,2.21,,,3.0,,111.0,4.0,,,,3.0,1.0,2.0,4.0,1.0,6.0,2.0,1.0,1.0,3.0,0.0,1.0,0.0,6.0,2.0,2.0,1.0,2.0,1.0,1.0,0.0,0.0,2.0,,2.0,4.0,5.0,5.0,9.0,3.0,0.0,23.0,3.0,11.0,0.0,0.0,2.0,4.0,1.0,0.0,2.0,1.0,4.0,4.0,0.0,2.0,5.0,2.0,3.0,,,1.0,0.0,0.0,,2.0,0.0,1.0,2.0,,5.0,2.0,3.0,0.0,39.0,2.0,,,0.0,1.0,64.0,44.0,,77.0,,0.0,0.0,0.02,0.47,3.65,36.98,11.89,0.032,0.138,0.413,3.29,25.7,29.39,,91.45,8.76,111.33,78.47,0.77,6.02,8.28,64.6,0.0,0.0,247.7,0.217,17.9,4.044,16.47,0.054,1.257,12.81,23.31,46.91,44.1,,1.484,19.7,1.1,2.379,6.846,67.7,0.932,2.3,134.3,,26.4,2.316,26.819,4.966,79.85,2056.2,1.079,,133.49,1.081,6.76,73.85,1.068,271.2,4.13,,0
49.0,1.0,4.0,2.0,2.0,,,,16.0,67.5,130.7,54.8,57.0,25.0,83.0,87.2,25.11,102.0,186.0,90.0,43.0,25.8,5.6,3.5,13.2,9.6,12.1,9.6,,22.6,1.5,0.7,3.8,2.5,2.7,3.5,42.9,14.3,43.9,25.6,6179.0,19.2,21.8,63.8,53.2,571.0,351.0,388.0,240.0,309.0,4.595375,,0.139,160.472074,,,4.0,,5.0,7.0,2.0,,,100.0,4.0,3.0,0.0,2.0,0.0,0.0,0.0,2.0,3.0,1.0,,2.0,0.0,10.0,4.0,1.0,3.0,3.0,2.0,0.0,1.0,1.0,3.0,,1.0,0.0,0.0,2.0,3.0,3.0,7.0,10.0,9.0,3.0,1.0,0.0,3.0,4.0,4.0,2.0,3.0,1.0,1.0,2.0,5.0,3.0,3.0,2.0,1.0,,,1.0,,5.0,,2.0,,3.0,2.0,9.0,3.0,1.0,2.0,0.0,26.0,,0.0,,0.0,0.0,,68.0,,,0.0,1.0,0.18,2.32,0.01,0.17,49.49,16.32,0.015,0.302,0.253,1.78,23.07,32.44,32.99,98.35,8.79,90.6,79.3,0.34,4.42,5.4,70.0,0.0,0.0,144.6,0.127,18.08,5.032,13.56,0.027,0.618,,19.64,41.21,74.5,1.381,0.552,31.6,1.04,,3.442,50.6,0.658,1.25,106.7,3.601,26.6,0.932,24.584,1.84,29.97,,,,73.1,12.351,6.56,64.32,1.239,264.4,3.03,25.6,0
64.0,1.0,36.0,2.0,21.0,,20.0,,17.0,96.7,171.6,81.1,56.0,22.0,95.0,86.0,26.8473,103.0,179.0,98.0,18.2,36.5,4.1,2.8,7.9,8.2,11.8,9.6,22.5,19.6,0.8,1.8,3.1,2.7,2.4,3.5,14.4,4.8,27.2,35.8,5345.0,30.6,29.2,56.9,45.4,569.0,379.0,306.0,298.0,286.0,5.073437,2.036694,1.2,423.638047,,,6.0,3.0,3.0,122.0,2.0,,164.0,175.0,3.0,4.0,2.0,5.0,4.0,3.0,0.0,3.0,5.0,3.0,5.0,4.0,0.0,10.0,2.0,2.0,2.0,2.0,1.0,1.0,0.0,2.0,4.0,,0.0,0.0,0.0,1.0,4.0,0.0,0.0,8.0,5.0,5.0,4.0,7.0,3.0,0.0,2.0,3.0,4.0,0.0,2.0,3.0,5.0,1.0,1.0,1.0,3.0,,,1.0,0.0,,0.0,7.0,1.0,3.0,1.0,0.0,2.0,2.0,1.0,11.0,13.0,,0.0,0.0,0.0,1.0,,73.0,75.0,,1.0,0.0,0.01,0.14,0.19,2.16,31.57,12.35,0.034,0.346,0.167,1.14,13.22,33.58,39.12,85.83,10.38,93.47,86.14,0.43,5.0,6.83,79.5,0.0,0.0,135.2,0.14,16.94,3.678,16.35,0.12,1.112,8.59,34.73,56.16,80.5,1.849,1.196,19.1,16.66,2.302,7.016,56.9,,,24.1,4.009,28.8,2.44,17.548,4.243,15.62,,1.341,,,,,83.13,2.228,228.3,5.94,95.3,0
59.0,0.0,10.0,1.0,,1.0,31.0,,16.0,81.1,139.6,72.0,19.0,25.0,90.0,55.2,21.4234,94.0,161.0,87.0,16.6,12.8,3.8,1.4,7.0,11.5,9.4,8.1,21.7,17.4,0.5,0.6,1.9,4.2,4.3,1.8,12.6,8.9,35.3,36.4,8499.0,15.4,16.4,44.8,54.1,738.0,446.0,423.0,290.0,292.0,,4.262398,0.049,700.31677,3.63,,,3.0,,,3.0,6.0,,22.0,3.0,,3.0,4.0,1.0,6.0,4.0,6.0,3.0,1.0,3.0,2.0,1.0,5.0,,2.0,1.0,3.0,1.0,0.0,1.0,0.0,1.0,,1.0,6.0,,5.0,9.0,1.0,0.0,16.0,1.0,3.0,8.0,7.0,3.0,2.0,1.0,0.0,2.0,3.0,0.0,0.0,3.0,3.0,5.0,2.0,4.0,0.0,,0.0,0.0,,1.0,5.0,4.0,4.0,1.0,4.0,5.0,1.0,3.0,5.0,26.0,19.0,0.0,0.0,1.0,0.0,,71.0,94.0,,1.0,0.0,0.01,0.15,0.53,,45.41,15.07,0.009,1.004,0.38,0.31,8.37,32.49,33.18,97.93,8.39,110.79,86.48,,17.29,2.24,60.1,0.0,0.0,131.7,0.111,15.65,4.637,12.03,0.074,2.657,3.72,33.36,46.62,54.4,1.176,0.68,22.5,12.96,2.29,5.16,109.5,1.363,2.46,125.9,,60.8,0.99,20.108,3.241,9.3,,0.869,,151.54,1.587,16.37,67.19,1.533,609.8,7.38,53.4,0
63.0,0.0,7.0,1.0,,0.0,,6.0,21.0,88.3,109.4,52.2,34.0,71.0,102.0,101.6,39.5809,100.0,160.0,90.0,28.4,34.5,2.4,5.9,6.0,7.9,7.4,9.7,38.9,,1.1,1.7,3.7,2.9,3.7,3.1,25.8,25.0,27.3,34.9,8873.0,34.7,39.2,75.2,26.8,670.0,345.0,331.0,323.0,251.0,3.668869,2.855036,2.794,621.642294,1.51,,2.0,,,186.0,4.0,,23.0,28.0,2.0,2.0,1.0,3.0,7.0,3.0,0.0,3.0,1.0,3.0,1.0,2.0,0.0,6.0,2.0,1.0,1.0,1.0,2.0,0.0,2.0,0.0,,,1.0,14.0,0.0,0.0,0.0,0.0,6.0,6.0,8.0,7.0,5.0,5.0,2.0,2.0,3.0,4.0,0.0,1.0,0.0,2.0,5.0,3.0,4.0,0.0,4.0,2.0,4.0,11.0,,2.0,,14.0,1.0,4.0,2.0,12.0,3.0,2.0,2.0,0.0,27.0,41.0,1.0,,1.0,0.0,,77.0,89.0,84.0,,0.0,0.0,0.01,0.38,4.0,40.58,16.12,0.006,0.603,0.319,2.41,25.41,32.08,39.73,80.73,8.37,,74.45,0.48,5.05,6.21,65.5,0.0,0.0,129.6,0.108,16.55,5.027,16.04,0.052,1.078,,18.35,39.36,127.0,1.091,1.015,24.1,0.5,2.196,4.868,82.5,,,15.7,4.005,27.4,0.851,12.177,5.656,123.83,,1.166,,,,7.86,65.92,0.801,211.5,7.18,18.3,0
65.0,0.0,35.0,2.0,97.0,,7.0,,24.0,76.1,113.1,77.2,10.0,11.0,94.0,56.3,23.9153,111.0,153.0,83.0,34.0,31.4,3.9,7.2,6.6,6.3,8.0,5.0,13.4,18.9,2.2,0.9,2.2,2.3,1.9,2.1,19.7,16.9,26.4,23.9,8108.0,24.3,30.5,54.5,,759.0,684.0,429.0,452.0,326.0,2.661639,2.185603,,251.701719,,2.0,,3.0,,14.0,3.0,,15.0,222.0,5.0,,2.0,2.0,0.0,1.0,6.0,,5.0,1.0,2.0,1.0,1.0,5.0,3.0,1.0,1.0,3.0,,0.0,1.0,0.0,2.0,,0.0,0.0,0.0,0.0,10.0,0.0,0.0,2.0,4.0,10.0,1.0,0.0,1.0,1.0,3.0,2.0,2.0,0.0,2.0,0.0,3.0,1.0,4.0,2.0,4.0,27.0,19.0,1.0,0.0,5.0,1.0,8.0,0.0,,3.0,0.0,1.0,1.0,3.0,3.0,52.0,20.0,1.0,1.0,0.0,0.0,91.0,54.0,75.0,41.0,0.0,0.0,0.29,1.69,0.66,3.83,43.42,12.53,0.022,0.641,0.316,1.99,11.52,26.6,28.86,92.17,7.92,90.49,74.3,0.97,5.62,13.34,77.3,0.0,0.0,202.3,0.16,16.36,4.711,12.05,0.053,2.206,17.25,15.62,44.17,143.7,2.272,0.565,45.2,9.92,2.512,,,1.045,4.01,23.1,4.681,,2.188,22.249,1.539,15.35,,1.321,,98.25,1.822,12.7,64.7,1.013,689.0,6.23,22.9,0
69.0,0.0,21.0,5.0,49.0,,8.0,8.0,18.0,73.3,152.9,93.8,12.0,28.0,61.0,64.3,24.6933,90.0,161.0,88.0,18.7,17.3,2.3,1.3,10.9,9.1,9.4,6.3,25.0,22.0,0.5,0.3,1.9,2.2,,3.2,11.9,1.9,21.0,21.8,7709.0,34.7,10.4,48.5,33.6,762.0,378.0,433.0,305.0,276.0,4.212631,1.949794,-1.119,167.840351,,2.0,2.0,,3.0,21.0,4.0,4.0,8.0,36.0,3.0,2.0,0.0,1.0,1.0,0.0,0.0,0.0,0.0,2.0,1.0,0.0,0.0,5.0,3.0,2.0,2.0,2.0,1.0,0.0,2.0,0.0,3.0,27.383,1.0,0.0,0.0,8.0,2.0,7.0,0.0,22.0,8.0,1.0,4.0,5.0,2.0,0.0,4.0,4.0,2.0,3.0,1.0,3.0,4.0,1.0,4.0,0.0,2.0,1.0,,0.0,,0.0,1.0,2.0,,2.0,1.0,0.0,2.0,2.0,3.0,0.0,15.0,1.0,0.0,1.0,0.0,1.0,,85.0,,53.0,,1.0,0.16,,0.02,0.45,47.44,13.38,0.03,0.308,0.183,1.42,25.83,25.03,28.21,88.72,7.47,113.01,78.26,0.18,3.23,,67.6,0.0,0.0,356.0,0.266,16.98,5.347,16.38,0.105,1.35,5.48,50.67,50.17,103.4,1.474,1.528,56.7,21.3,2.318,8.007,69.6,0.655,4.23,104.3,,31.9,,14.319,5.209,130.25,,1.248,,154.58,2.215,6.74,70.94,2.855,163.6,3.83,70.7,0
50.0,1.0,6.0,4.0,70.0,,51.0,8.0,,,102.9,80.7,11.0,26.0,71.0,54.9,19.4223,87.0,168.0,89.0,16.5,26.4,1.6,1.7,7.9,7.8,7.9,6.3,13.5,25.5,,0.5,2.2,3.9,3.1,3.9,16.7,5.5,21.6,24.4,7957.0,19.6,10.5,40.8,41.1,504.0,316.0,265.0,162.0,182.0,2.568277,2.465546,0.548,,,,,,,,,2.0,,14.0,,,1.0,1.0,0.0,4.0,1.0,5.0,1.0,1.0,,0.0,0.0,10.0,3.0,4.0,2.0,2.0,1.0,0.0,1.0,0.0,3.0,,0.0,7.0,6.0,7.0,8.0,5.0,0.0,37.0,8.0,2.0,1.0,1.0,1.0,1.0,3.0,3.0,0.0,1.0,1.0,4.0,3.0,1.0,3.0,2.0,3.0,2.0,2.0,,0.0,1.0,1.0,1.0,0.0,2.0,1.0,,4.0,3.0,4.0,0.0,32.0,11.0,0.0,1.0,1.0,,,78.0,,,1.0,0.0,0.0,0.08,0.48,9.29,53.92,16.83,0.044,4.266,0.618,2.07,40.45,30.73,31.22,98.43,9.14,120.96,90.89,0.42,8.19,2.15,42.0,0.0,,381.7,0.349,16.41,5.477,15.04,0.131,1.415,5.12,14.53,45.91,61.1,1.781,,37.7,0.39,2.318,6.268,105.9,0.642,,6.7,5.163,57.6,2.175,28.344,4.112,13.24,,1.336,11.9,82.73,,5.14,82.07,1.314,165.5,2.95,52.3,0
49.0,0.0,1.0,2.0,6.0,,36.0,5.0,,91.9,110.3,71.4,48.0,45.0,91.0,82.3,29.4762,121.0,167.0,97.0,39.8,35.7,3.7,2.8,7.6,7.8,8.2,10.4,35.4,36.7,1.1,3.2,3.7,2.0,3.8,3.4,43.6,15.3,39.5,34.2,6027.0,37.8,11.7,75.7,58.8,427.0,237.0,229.0,161.0,194.0,2.592016,2.488335,-0.803,123.661713,6.46,,1.0,,,,,,,179.0,,2.0,1.0,4.0,0.0,1.0,0.0,1.0,5.0,2.0,2.0,1.0,2.0,7.0,4.0,1.0,2.0,2.0,2.0,2.0,2.0,1.0,3.0,,0.0,6.0,0.0,9.0,0.0,2.0,0.0,20.0,7.0,0.0,7.0,9.0,2.0,0.0,3.0,3.0,1.0,2.0,1.0,1.0,1.0,1.0,4.0,2.0,3.0,26.0,20.0,0.0,0.0,2.0,,2.0,1.0,2.0,3.0,4.0,4.0,1.0,4.0,0.0,14.0,15.0,0.0,1.0,1.0,0.0,,,,36.0,,1.0,0.03,0.57,0.01,0.23,37.37,13.38,0.043,0.757,0.438,2.62,44.19,31.59,35.82,88.19,8.75,121.79,91.16,0.35,5.94,2.91,49.1,0.0,0.0,175.0,0.153,17.22,4.237,16.31,0.043,2.46,5.93,42.23,43.08,115.7,1.241,1.224,19.0,0.17,2.235,7.406,55.8,0.393,3.55,23.6,9.042,34.3,,34.549,4.967,,,,,153.36,1.346,18.85,79.09,3.32,200.9,3.19,24.0,0
56.0,0.0,5.0,3.0,62.0,15.0,32.0,,23.0,100.5,200.2,,19.0,18.0,124.0,104.5,40.2801,139.0,161.0,84.0,38.4,47.8,9.4,8.0,12.2,6.9,10.2,9.0,50.8,56.6,3.7,3.0,2.2,2.2,2.4,2.2,51.0,31.9,23.0,26.1,6259.0,43.2,54.2,42.2,38.2,456.0,239.0,168.0,191.0,200.0,1.685715,1.344847,,127.453712,4.39,,,,3.0,60.0,2.0,2.0,,,,2.0,1.0,6.0,0.0,6.0,0.0,6.0,4.0,3.0,1.0,2.0,0.0,5.0,3.0,2.0,1.0,3.0,2.0,0.0,0.0,0.0,3.0,4.642,1.0,0.0,5.0,3.0,4.0,5.0,2.0,40.0,4.0,1.0,1.0,8.0,2.0,1.0,2.0,2.0,3.0,2.0,2.0,5.0,3.0,1.0,4.0,2.0,3.0,,0.0,13.0,5.0,2.0,0.0,9.0,5.0,2.0,1.0,,5.0,1.0,1.0,6.0,32.0,26.0,0.0,0.0,0.0,0.0,,,,94.0,0.0,0.0,0.01,0.13,0.05,1.35,34.83,14.67,0.004,,0.261,3.34,76.9,37.39,42.12,88.77,9.02,107.5,75.99,0.37,9.1,,6.4,0.0,0.0,299.2,0.27,15.54,3.923,13.87,0.1,1.536,,15.75,42.25,152.6,1.759,0.761,37.3,0.55,2.382,8.24,72.8,0.917,,154.2,4.746,51.0,1.117,23.049,,4.94,,0.907,,39.28,1.206,16.11,,2.911,344.7,7.57,77.3,0
64.0,0.0,39.0,1.0,1.0,5.0,,4.0,18.0,61.0,115.9,99.9,37.0,48.0,86.0,90.1,28.5019,123.0,178.0,83.0,48.3,39.5,8.0,7.6,8.5,6.9,6.2,6.0,43.3,47.8,3.8,3.4,2.5,2.3,1.8,2.2,43.0,24.2,27.0,21.8,5040.0,50.3,45.0,45.4,52.9,465.0,251.0,278.0,215.0,190.0,5.972919,2.016457,1.763,274.705644,,,,,,70.0,,3.0,96.0,225.0,,2.0,1.0,6.0,1.0,7.0,4.0,1.0,1.0,3.0,0.0,2.0,0.0,7.0,4.0,1.0,1.0,2.0,2.0,1.0,1.0,1.0,1.0,,2.0,0.0,5.0,1.0,2.0,2.0,61.0,0.0,9.0,11.0,2.0,0.0,3.0,3.0,2.0,2.0,4.0,0.0,0.0,4.0,2.0,3.0,4.0,1.0,4.0,2.0,,1.0,13.0,1.0,,4.0,,3.0,1.0,,2.0,2.0,4.0,0.0,,,1.0,1.0,0.0,0.0,,,75.0,86.0,,1.0,0.01,0.19,0.21,3.68,39.61,13.24,0.008,0.201,0.182,,36.41,,33.43,81.22,7.53,95.08,73.51,0.21,3.7,3.17,56.0,0.0,0.0,191.2,0.144,16.06,4.877,12.91,0.054,1.156,5.66,13.09,,51.5,2.17,0.724,20.6,0.47,2.259,5.879,60.3,0.718,1.52,23.3,4.529,34.9,2.049,18.819,3.864,16.0,,1.359,,82.72,0.838,4.74,66.52,0.572,,5.77,25.1,0
64.0,0.0,19.0,2.0,,,52.0,,,101.9,159.9,55.8,11.0,17.0,96.0,78.3,32.1004,98.0,156.0,83.0,18.6,19.8,6.4,,6.7,7.3,5.6,5.7,54.5,44.4,1.0,2.3,1.9,1.9,1.7,1.6,38.5,21.7,22.1,22.9,4822.0,49.4,21.2,40.4,32.0,968.0,,459.0,334.0,329.0,2.586367,1.109866,-1.261,116.585474,,,1.0,4.0,4.0,,5.0,1.0,128.0,,,,0.0,2.0,1.0,7.0,0.0,2.0,3.0,1.0,0.0,0.0,2.0,5.0,4.0,3.0,1.0,3.0,2.0,1.0,2.0,1.0,3.0,,1.0,5.0,0.0,1.0,0.0,6.0,1.0,0.0,6.0,1.0,1.0,8.0,1.0,3.0,0.0,4.0,0.0,1.0,1.0,0.0,2.0,2.0,5.0,2.0,,,0.0,0.0,5.0,0.0,1.0,2.0,1.0,5.0,1.0,13.0,3.0,2.0,5.0,6.0,,39.0,,1.0,0.0,,63.0,86.0,,,,0.0,0.01,0.14,0.39,3.69,32.3,12.8,0.013,0.617,0.32,1.39,13.06,34.52,39.65,87.07,10.88,91.57,83.2,0.94,8.83,7.9,74.3,0.0,0.0,323.8,0.352,15.45,3.709,12.12,0.088,0.895,10.63,16.96,41.51,64.0,1.42,0.597,17.7,0.99,,3.927,81.9,1.365,1.37,20.2,4.618,36.8,1.189,,,92.16,,,,29.41,1.385,25.63,,3.196,183.7,4.59,15.9,0
63.0,0.0,35.0,3.0,36.0,,,6.0,19.0,70.7,128.2,50.4,39.0,44.0,107.0,93.1,35.912,113.0,161.0,79.0,43.3,29.7,8.6,8.1,6.4,7.2,6.1,5.7,46.5,35.5,1.8,2.7,2.7,2.3,2.0,4.0,38.4,19.1,31.1,32.9,6556.0,33.8,49.9,53.3,27.6,464.0,242.0,245.0,168.0,217.0,1.699544,1.571263,-0.043,114.719077,,,4.0,,3.0,34.0,,,91.0,,3.0,3.0,4.0,3.0,1.0,0.0,0.0,4.0,7.0,2.0,,0.0,1.0,5.0,2.0,3.0,3.0,2.0,1.0,3.0,1.0,0.0,1.0,,2.0,0.0,0.0,9.0,2.0,0.0,4.0,5.0,2.0,3.0,1.0,4.0,,2.0,2.0,2.0,3.0,2.0,3.0,3.0,4.0,3.0,5.0,2.0,3.0,1.0,17.0,26.0,5.0,0.0,1.0,2.0,3.0,1.0,1.0,1.0,2.0,1.0,2.0,0.0,15.0,26.0,0.0,,0.0,1.0,,67.0,84.0,,,0.0,,0.61,0.11,0.95,49.41,12.71,0.002,0.013,0.177,1.42,12.73,24.84,25.73,96.54,11.98,121.71,95.84,0.87,7.78,8.68,77.9,0.0,0.0,411.9,0.493,16.02,5.118,15.01,0.02,,11.14,16.68,49.29,72.5,,0.784,22.3,12.4,,3.658,75.1,1.246,1.08,149.4,4.658,29.3,1.37,13.064,3.136,6.38,,0.96,,122.19,1.154,3.39,67.16,4.121,425.3,7.82,98.7,0
55.0,0.0,23.0,2.0,87.0,9.0,,8.0,15.0,68.3,127.9,63.8,,15.0,114.0,80.7,33.7486,100.0,155.0,80.0,39.1,50.2,6.7,7.0,7.9,7.3,5.9,6.1,37.8,35.2,1.0,1.7,3.4,1.9,1.8,1.8,39.6,22.3,20.9,20.4,4617.0,40.1,12.8,47.4,31.6,628.0,349.0,251.0,244.0,186.0,2.364066,2.269503,-0.837,308.341751,,2.0,4.0,,,16.0,,3.0,25.0,6.0,4.0,6.0,4.0,4.0,,7.0,2.0,0.0,8.0,1.0,1.0,2.0,1.0,7.0,3.0,2.0,2.0,2.0,2.0,1.0,0.0,2.0,4.0,,1.0,11.0,0.0,,1.0,6.0,0.0,6.0,5.0,11.0,5.0,8.0,1.0,0.0,2.0,5.0,1.0,0.0,2.0,0.0,,1.0,4.0,0.0,3.0,1.0,,0.0,,1.0,0.0,1.0,7.0,1.0,2.0,,3.0,3.0,3.0,2.0,14.0,1.0,0.0,0.0,0.0,0.0,,53.0,,60.0,0.0,0.0,0.02,0.39,0.15,3.61,38.58,,0.001,0.212,0.233,1.17,27.73,39.38,43.83,89.84,7.71,89.63,,0.34,8.09,2.54,60.2,0.0,0.0,134.9,0.104,17.72,4.294,13.26,0.059,,4.21,14.0,39.68,28.9,1.492,1.037,,0.59,,6.075,63.0,0.688,1.6,96.9,,54.7,1.018,21.806,4.205,80.99,,1.337,16.8,110.62,2.289,17.19,73.99,2.505,416.6,6.18,,0
65.0,1.0,31.0,1.0,4.0,,40.0,,,66.6,169.0,48.3,47.0,31.0,77.0,60.4,24.3763,111.0,157.0,91.0,20.8,21.5,2.1,1.7,10.7,13.1,10.4,9.5,27.4,21.8,1.0,0.9,3.3,3.3,3.3,3.8,35.7,5.5,34.7,24.1,6897.0,45.3,10.6,69.5,39.2,437.0,311.0,240.0,240.0,217.0,2.435517,1.925055,1.466,363.447433,,3.0,1.0,3.0,,8.0,,4.0,19.0,9.0,,,2.0,0.0,0.0,2.0,6.0,0.0,6.0,2.0,3.0,,0.0,8.0,3.0,,1.0,1.0,2.0,0.0,2.0,0.0,3.0,0.961,0.0,9.0,7.0,4.0,5.0,0.0,0.0,4.0,9.0,7.0,1.0,0.0,2.0,2.0,2.0,3.0,0.0,1.0,4.0,3.0,3.0,1.0,5.0,2.0,4.0,,,0.0,16.0,5.0,,6.0,3.0,4.0,2.0,0.0,1.0,1.0,3.0,3.0,13.0,,0.0,1.0,1.0,,,68.0,,,,0.0,0.13,1.95,0.04,0.61,44.98,14.07,0.006,0.202,0.388,1.61,23.6,28.85,31.28,92.21,11.84,110.22,73.77,0.94,13.79,4.1,60.0,0.0,0.0,262.3,0.311,17.79,,14.83,0.048,0.847,6.83,17.52,49.77,61.7,1.331,1.27,21.4,0.68,,,71.5,0.924,3.73,36.5,8.803,43.3,0.864,,3.338,28.27,,1.175,,88.11,12.126,,82.11,4.408,199.1,,74.1,0
58.0,0.0,18.0,2.0,91.0,16.0,24.0,,15.0,80.6,160.8,47.4,11.0,15.0,117.0,98.5,39.0839,113.0,159.0,78.0,38.9,49.8,6.4,6.7,7.9,9.1,7.7,7.1,47.2,31.1,2.6,2.5,1.8,1.8,2.5,1.7,36.5,24.4,24.3,19.7,5334.0,47.2,43.0,48.6,34.2,582.0,409.0,288.0,,264.0,2.014257,1.933687,,440.172462,,4.0,5.0,,,,2.0,3.0,20.0,304.0,,,2.0,5.0,4.0,7.0,0.0,0.0,4.0,2.0,,0.0,0.0,7.0,3.0,2.0,3.0,1.0,,0.0,1.0,0.0,4.0,,1.0,0.0,,0.0,8.0,1.0,73.0,3.0,8.0,1.0,5.0,1.0,2.0,3.0,3.0,2.0,2.0,2.0,2.0,0.0,3.0,4.0,4.0,2.0,1.0,0.0,1.0,1.0,3.0,1.0,1.0,5.0,0.0,3.0,1.0,0.0,2.0,3.0,3.0,4.0,,2.0,0.0,1.0,0.0,0.0,,,,,,1.0,0.0,0.0,0.28,2.66,51.46,16.97,0.005,0.223,0.164,1.52,14.41,31.22,32.98,94.66,9.43,120.51,86.04,0.96,9.16,7.76,73.8,0.0,0.0,208.3,0.196,17.34,5.436,13.23,0.061,0.407,10.52,69.0,43.56,96.4,,1.37,53.5,0.78,,7.095,64.8,0.322,4.02,177.7,8.788,33.2,0.949,30.599,2.847,,,0.891,84.0,98.82,2.365,26.27,64.24,1.349,213.3,3.36,33.9,0
58.0,0.0,43.0,1.0,10.0,5.0,11.0,5.0,15.0,61.9,102.6,89.5,39.0,14.0,122.0,99.7,41.5715,127.0,155.0,93.0,43.2,39.5,4.6,6.0,11.5,6.8,6.5,5.8,52.6,23.3,1.0,2.3,1.7,3.0,1.9,2.0,26.9,26.7,26.2,23.4,,46.9,50.6,41.1,27.5,569.0,230.0,264.0,222.0,262.0,5.182491,3.488563,,657.064433,,2.0,,,,73.0,,,16.0,15.0,,4.0,1.0,1.0,1.0,4.0,0.0,5.0,1.0,2.0,1.0,,1.0,5.0,2.0,3.0,1.0,3.0,2.0,3.0,2.0,0.0,1.0,,0.0,15.0,5.0,1.0,7.0,6.0,6.0,1.0,31.0,5.0,2.0,4.0,1.0,2.0,2.0,,4.0,1.0,2.0,1.0,3.0,2.0,5.0,1.0,6.0,1.0,1.0,1.0,0.0,1.0,1.0,4.0,,3.0,3.0,7.0,1.0,1.0,3.0,0.0,14.0,6.0,1.0,,1.0,,70.0,89.0,72.0,83.0,,0.0,0.12,0.89,0.47,3.5,48.61,13.48,0.044,0.966,0.361,2.87,21.18,26.73,27.73,96.42,9.82,123.55,87.32,0.72,5.3,9.36,69.1,0.0,0.0,239.7,0.235,17.09,5.041,12.97,0.053,2.285,13.54,45.63,50.15,73.7,,0.665,20.8,1.23,2.211,3.789,113.5,0.89,,180.9,3.829,27.3,1.631,32.228,4.851,76.52,539.8,0.776,14.5,143.06,1.589,13.75,,1.189,488.3,7.36,,0
40.0,0.0,18.0,2.0,,0.0,19.0,,,76.9,117.4,90.1,50.0,19.0,98.0,60.5,23.938,121.0,159.0,87.0,26.0,48.8,4.7,7.5,10.5,6.8,9.4,9.2,20.5,20.6,0.7,1.0,2.5,3.4,1.7,2.6,14.9,5.8,32.7,21.5,9188.0,18.7,22.6,45.0,34.2,580.0,322.0,291.0,191.0,203.0,5.106499,3.057208,0.714,568.609898,1.6,,,,5.0,76.0,3.0,,237.0,229.0,2.0,4.0,2.0,3.0,3.0,7.0,0.0,6.0,2.0,3.0,,3.0,0.0,9.0,1.0,1.0,1.0,1.0,2.0,0.0,1.0,1.0,4.0,,0.0,0.0,3.0,4.0,1.0,0.0,0.0,8.0,8.0,3.0,1.0,6.0,2.0,2.0,3.0,2.0,5.0,1.0,4.0,2.0,4.0,2.0,5.0,1.0,,6.0,,1.0,0.0,5.0,0.0,5.0,1.0,3.0,3.0,4.0,3.0,1.0,2.0,1.0,,,0.0,1.0,1.0,0.0,,,82.0,73.0,,0.0,0.01,,0.03,0.49,42.14,12.85,0.008,0.138,,3.4,58.85,30.16,,98.9,8.31,101.15,85.32,0.2,3.54,2.13,36.9,0.0,0.0,412.3,0.343,17.96,4.26,15.07,0.026,2.22,5.77,,43.03,44.4,1.041,0.655,30.7,0.93,2.455,6.721,53.4,0.67,,8.6,5.309,55.5,0.907,29.715,4.357,,2073.2,1.377,,133.47,1.776,7.42,68.48,0.506,246.3,8.12,150.3,0
60.0,0.0,7.0,5.0,68.0,8.0,,8.0,,84.0,143.5,53.9,10.0,19.0,85.0,56.9,21.444,97.0,163.0,78.0,25.6,26.0,2.6,1.8,7.9,6.7,6.6,5.6,21.8,26.9,0.4,0.4,2.1,2.9,2.9,2.4,18.8,4.8,32.8,25.1,4633.0,19.2,22.4,45.1,29.0,475.0,313.0,239.0,270.0,297.0,5.823522,,2.699,,2.49,,,2.0,,,,,163.0,87.0,2.0,4.0,3.0,2.0,4.0,5.0,0.0,1.0,5.0,2.0,1.0,0.0,0.0,8.0,4.0,1.0,2.0,2.0,1.0,0.0,2.0,0.0,,,1.0,0.0,0.0,1.0,0.0,1.0,0.0,1.0,8.0,0.0,1.0,4.0,1.0,2.0,4.0,1.0,3.0,0.0,2.0,1.0,,2.0,,0.0,1.0,22.0,13.0,,,,0.0,1.0,0.0,4.0,2.0,,4.0,2.0,4.0,0.0,14.0,16.0,1.0,0.0,0.0,1.0,,,,,,0.0,0.01,0.1,0.35,2.82,50.48,16.73,0.013,0.736,0.216,3.47,27.62,33.19,33.15,100.13,9.59,86.87,72.22,0.51,4.09,8.22,65.4,0.0,0.0,216.1,,17.08,5.041,16.28,0.062,0.769,,17.28,,141.8,1.33,0.672,20.3,10.12,2.544,6.436,86.9,0.942,3.31,64.4,3.913,30.5,2.27,13.377,3.938,92.73,,1.006,,223.26,0.867,6.12,,,409.3,8.08,44.8,0
47.0,1.0,0.0,2.0,,4.0,40.0,,20.0,66.6,115.1,49.1,23.0,30.0,66.0,62.5,20.1768,96.0,176.0,99.0,14.6,25.5,1.5,1.4,10.4,7.1,,11.0,18.2,22.1,0.5,0.5,,2.6,,3.6,13.3,5.7,38.3,40.5,5661.0,17.7,15.1,66.4,38.6,799.0,444.0,434.0,313.0,296.0,2.44495,2.347152,1.52,604.543189,2.09,,2.0,,4.0,19.0,5.0,,12.0,1.0,1.0,5.0,5.0,1.0,1.0,1.0,4.0,7.0,8.0,2.0,0.0,,0.0,7.0,1.0,1.0,2.0,2.0,2.0,2.0,1.0,0.0,3.0,,1.0,0.0,4.0,3.0,1.0,3.0,0.0,29.0,10.0,2.0,0.0,2.0,2.0,2.0,3.0,1.0,3.0,1.0,5.0,1.0,3.0,1.0,5.0,2.0,4.0,0.0,,,2.0,0.0,1.0,9.0,1.0,3.0,1.0,15.0,5.0,2.0,3.0,0.0,17.0,5.0,1.0,1.0,0.0,,78.0,,,,,1.0,0.01,0.08,0.04,0.38,36.94,14.52,0.01,0.942,0.19,2.95,26.23,34.05,39.3,86.64,11.73,88.25,73.13,0.46,4.11,7.77,69.2,0.0,0.0,369.7,0.434,15.93,4.264,15.94,0.085,1.972,11.23,65.71,42.27,23.0,,1.218,48.9,0.97,2.313,6.839,66.4,,1.43,92.4,,41.8,0.819,17.992,5.634,,280.8,1.242,14.4,26.88,15.528,10.75,67.76,6.928,392.8,5.62,24.7,0
69.0,0.0,5.0,5.0,4.0,,,,21.0,62.1,151.7,60.8,19.0,37.0,77.0,50.9,20.6287,116.0,157.0,81.0,23.9,13.6,2.1,1.5,7.0,8.0,12.0,5.9,23.9,16.4,1.2,0.5,2.5,3.2,2.5,2.1,25.4,12.7,22.3,29.4,5380.0,,12.6,40.0,30.8,514.0,425.0,453.0,311.0,291.0,1.933072,1.855749,-0.833,372.321328,4.11,,3.0,,,7.0,3.0,,30.0,,1.0,1.0,1.0,5.0,1.0,6.0,0.0,4.0,5.0,2.0,,,0.0,5.0,3.0,3.0,1.0,3.0,2.0,1.0,0.0,0.0,1.0,,0.0,0.0,0.0,0.0,3.0,6.0,4.0,2.0,4.0,2.0,0.0,6.0,2.0,3.0,2.0,2.0,4.0,2.0,2.0,1.0,3.0,4.0,5.0,2.0,5.0,1.0,0.0,,0.0,0.0,1.0,6.0,7.0,3.0,2.0,0.0,3.0,,1.0,9.0,21.0,,0.0,1.0,0.0,0.0,,,77.0,,0.0,1.0,0.01,0.22,0.12,1.96,51.19,16.47,0.025,0.403,0.182,,52.18,30.72,32.18,95.46,11.13,,84.44,0.26,4.39,2.46,41.2,0.0,0.0,340.8,0.379,17.7,,16.72,0.109,0.714,5.97,15.89,50.21,129.8,2.118,0.783,56.1,13.66,,5.659,54.7,1.114,1.41,121.2,3.695,33.8,1.863,22.43,,184.54,,,,17.27,1.822,6.27,68.44,1.406,288.6,4.58,56.7,0
57.0,1.0,20.0,5.0,86.0,,19.0,,14.0,86.0,135.6,87.1,53.0,61.0,109.0,100.7,30.7381,112.0,181.0,84.0,28.2,41.9,8.3,3.1,10.2,9.1,17.7,12.8,28.3,34.6,0.9,2.8,3.5,5.0,2.3,2.4,28.6,9.8,28.4,41.0,9619.0,35.2,42.7,48.4,41.9,522.0,372.0,298.0,198.0,215.0,4.113701,3.143818,2.542,647.512942,,4.0,2.0,,,14.0,,,,26.0,,1.0,2.0,3.0,0.0,2.0,,0.0,1.0,2.0,0.0,,1.0,9.0,3.0,2.0,1.0,3.0,2.0,1.0,0.0,0.0,2.0,10.042,0.0,0.0,7.0,1.0,10.0,2.0,0.0,5.0,3.0,11.0,7.0,2.0,3.0,1.0,3.0,2.0,4.0,1.0,1.0,4.0,1.0,1.0,5.0,2.0,3.0,6.0,20.0,26.0,14.0,4.0,1.0,1.0,6.0,2.0,4.0,0.0,4.0,1.0,3.0,5.0,13.0,,0.0,,0.0,0.0,82.0,,,37.0,,0.0,0.15,1.44,0.59,5.49,34.28,14.01,0.022,0.766,0.374,1.22,11.4,36.81,40.88,90.05,7.61,106.34,78.66,0.81,7.61,7.93,74.1,0.0,0.0,389.0,0.296,17.34,3.807,13.53,0.066,2.742,10.7,51.92,40.33,125.5,2.109,1.064,16.9,0.44,2.282,5.642,110.4,1.338,1.06,19.2,9.041,59.2,1.57,34.805,3.981,19.66,,0.818,,26.41,12.41,12.14,70.13,5.101,,,18.1,0
40.0,0.0,40.0,3.0,,,,,16.0,93.4,140.9,94.8,12.0,24.0,105.0,95.3,35.4315,97.0,164.0,90.0,50.6,47.2,4.6,8.6,5.9,7.0,7.5,7.9,43.4,51.2,2.9,2.4,1.9,1.7,,2.2,37.8,19.3,33.9,29.6,8588.0,38.0,34.2,36.0,32.0,502.0,242.0,229.0,223.0,232.0,3.02382,2.902867,1.102,229.431992,,,,4.0,,218.0,,,,26.0,3.0,,2.0,4.0,7.0,7.0,0.0,2.0,3.0,2.0,,,0.0,6.0,3.0,2.0,1.0,2.0,1.0,2.0,1.0,0.0,2.0,,1.0,2.0,,1.0,5.0,1.0,2.0,5.0,8.0,0.0,6.0,0.0,3.0,3.0,2.0,2.0,3.0,1.0,0.0,0.0,4.0,1.0,4.0,2.0,1.0,2.0,8.0,19.0,,2.0,1.0,1.0,4.0,4.0,1.0,11.0,3.0,2.0,3.0,2.0,,29.0,0.0,1.0,0.0,0.0,,85.0,,,,0.0,0.02,0.35,0.2,3.6,36.68,12.56,,,0.397,1.29,23.26,32.94,34.24,96.2,7.45,99.24,82.29,0.21,3.74,3.84,69.1,0.0,0.0,331.3,0.247,15.78,3.813,13.2,0.023,0.604,,12.97,49.2,123.6,1.238,0.778,17.5,,2.529,6.439,78.5,0.947,1.13,12.0,10.351,63.5,1.798,10.849,2.824,68.15,1933.5,0.913,,,1.033,,67.81,3.487,453.9,3.43,78.9,0
62.0,0.0,12.0,5.0,,,33.0,3.0,,60.7,110.1,,23.0,45.0,66.0,54.9,23.9469,94.0,151.0,90.0,21.9,30.8,6.0,3.7,7.6,11.9,6.0,12.0,15.4,29.0,0.9,0.8,3.1,,3.6,2.4,21.3,5.5,26.5,29.4,9728.0,34.9,15.7,58.9,31.7,596.0,237.0,239.0,178.0,180.0,5.109254,2.374434,2.98,673.713206,,,,,2.0,27.0,3.0,5.0,214.0,23.0,2.0,3.0,1.0,7.0,2.0,7.0,3.0,0.0,7.0,2.0,1.0,0.0,0.0,7.0,1.0,2.0,1.0,1.0,1.0,1.0,0.0,0.0,2.0,,0.0,0.0,4.0,0.0,3.0,6.0,0.0,9.0,7.0,2.0,2.0,1.0,2.0,1.0,2.0,1.0,2.0,3.0,1.0,4.0,4.0,2.0,3.0,2.0,4.0,,70.0,27.0,,,,9.0,,5.0,1.0,4.0,3.0,3.0,4.0,0.0,13.0,,1.0,1.0,0.0,1.0,,40.0,,,,0.0,0.05,0.73,0.03,0.46,34.97,16.02,0.006,0.163,,3.44,47.59,39.84,45.82,86.95,8.9,105.54,73.5,0.57,7.81,3.14,43.4,0.0,0.0,269.5,0.24,17.92,,12.07,0.045,0.607,7.23,9.86,47.72,49.6,1.324,1.076,19.5,16.64,,5.155,,1.344,1.08,25.8,4.004,33.3,0.862,12.777,2.978,17.33,,1.503,,101.55,,7.73,73.7,1.996,378.0,4.01,64.3,0
53.0,1.0,43.0,6.0,,19.0,,,,89.6,149.0,91.8,22.0,54.0,74.0,63.6,22.9501,107.0,167.0,99.0,36.6,15.8,6.0,,9.2,7.0,8.4,11.9,19.9,18.7,0.8,1.3,3.0,4.1,4.3,2.7,40.7,10.5,32.2,37.1,7351.0,35.6,13.8,81.1,45.9,684.0,315.0,404.0,241.0,224.0,1.793404,,-1.245,,,2.0,4.0,5.0,,,,,,392.0,,5.0,2.0,4.0,0.0,7.0,0.0,6.0,6.0,2.0,1.0,0.0,1.0,9.0,2.0,,1.0,2.0,2.0,0.0,0.0,0.0,3.0,11.26,2.0,,0.0,2.0,0.0,6.0,0.0,39.0,9.0,3.0,1.0,1.0,2.0,1.0,4.0,4.0,2.0,1.0,1.0,1.0,5.0,3.0,4.0,2.0,1.0,1.0,,,,,,3.0,7.0,5.0,1.0,0.0,2.0,1.0,2.0,,30.0,26.0,1.0,,0.0,0.0,,,,,0.0,0.0,0.03,0.32,0.02,0.22,50.56,17.02,0.042,,0.179,2.91,28.6,32.6,33.66,96.86,10.9,122.34,94.85,0.36,3.55,6.84,67.3,0.0,0.0,275.5,0.3,15.95,5.22,14.52,0.12,2.37,10.16,19.5,51.5,52.4,1.984,0.61,18.7,1.22,2.305,4.215,67.1,2.23,1.18,21.0,,35.9,1.468,24.94,2.159,188.88,,1.526,,13.87,,11.73,,,468.9,8.79,99.5,0
65.0,1.0,12.0,2.0,,7.0,61.0,,15.0,71.6,116.6,79.1,14.0,33.0,118.0,120.9,39.5778,123.0,175.0,84.0,41.4,32.3,3.9,7.5,10.5,7.5,7.0,9.1,33.8,40.0,1.1,1.1,3.1,3.4,3.2,3.0,47.7,18.6,35.9,22.4,,39.6,50.9,39.4,45.2,511.0,264.0,231.0,112.0,167.0,1.92648,1.849421,-1.056,160.241145,,,,3.0,,,,,15.0,152.0,3.0,,1.0,2.0,2.0,7.0,0.0,1.0,3.0,2.0,4.0,1.0,0.0,5.0,3.0,3.0,1.0,2.0,2.0,3.0,0.0,0.0,3.0,63.35,0.0,0.0,1.0,4.0,2.0,5.0,0.0,10.0,5.0,13.0,7.0,5.0,,3.0,2.0,5.0,2.0,0.0,1.0,0.0,3.0,1.0,4.0,1.0,3.0,,15.0,1.0,10.0,,1.0,,1.0,2.0,1.0,,5.0,1.0,2.0,0.0,28.0,,,1.0,0.0,0.0,,75.0,,,,0.0,0.06,0.59,0.12,1.18,52.02,14.62,0.015,,,3.05,29.44,32.06,28.11,114.04,7.96,116.5,96.53,0.47,4.53,6.66,64.3,0.0,0.0,267.4,0.213,16.59,4.562,12.4,0.027,0.811,10.37,13.42,51.21,87.2,1.382,0.966,15.3,0.85,2.489,4.736,65.7,0.688,1.04,,6.868,37.4,,26.166,4.06,9.88,,0.827,,80.84,18.049,6.38,79.33,2.503,167.7,3.01,,0
60.0,0.0,28.0,5.0,,,,0.0,20.0,77.9,173.7,81.9,23.0,25.0,116.0,90.6,34.5653,114.0,162.0,83.0,47.2,55.9,8.3,10.1,7.2,8.4,5.9,7.6,52.8,53.1,3.8,2.3,2.5,1.9,2.5,2.8,43.9,26.8,36.8,19.5,5876.0,38.6,35.3,44.3,32.9,627.0,387.0,329.0,314.0,238.0,5.800663,,,530.684014,2.19,,,,4.0,290.0,3.0,4.0,63.0,210.0,1.0,,3.0,7.0,4.0,6.0,0.0,3.0,1.0,2.0,,0.0,0.0,6.0,2.0,2.0,2.0,2.0,2.0,1.0,0.0,2.0,2.0,,2.0,7.0,0.0,8.0,2.0,2.0,0.0,21.0,0.0,6.0,0.0,4.0,2.0,2.0,1.0,2.0,2.0,0.0,0.0,1.0,3.0,2.0,4.0,1.0,2.0,3.0,,0.0,0.0,1.0,1.0,2.0,0.0,2.0,1.0,1.0,3.0,2.0,3.0,1.0,18.0,2.0,1.0,,0.0,1.0,,85.0,73.0,,1.0,1.0,0.0,0.02,0.07,1.67,46.51,16.57,0.008,0.267,0.281,1.67,37.7,31.1,,87.32,10.43,113.96,96.11,0.2,4.59,2.48,56.0,0.0,0.0,196.8,0.205,17.11,5.327,12.16,0.077,0.587,4.42,63.32,47.1,,1.388,0.758,30.8,,2.505,6.938,109.5,0.858,1.27,161.5,3.675,38.6,1.919,24.244,2.885,11.97,,,,38.14,1.189,22.0,70.43,,400.6,5.54,11.4,0
43.0,0.0,4.0,1.0,,38.0,,,,81.4,129.3,79.9,25.0,38.0,72.0,59.4,21.7922,85.0,165.0,85.0,15.0,24.4,4.0,2.2,7.6,10.1,6.1,7.9,14.2,18.1,0.7,0.5,2.8,,2.4,,32.2,5.1,22.1,27.6,6247.0,15.3,9.1,57.2,53.6,668.0,458.0,405.0,271.0,363.0,4.86074,1.922094,0.765,339.772749,,2.0,,2.0,,18.0,,,7.0,57.0,,1.0,3.0,4.0,5.0,6.0,3.0,2.0,7.0,3.0,0.0,1.0,1.0,8.0,3.0,3.0,3.0,2.0,1.0,0.0,2.0,2.0,4.0,,0.0,,0.0,0.0,9.0,2.0,2.0,27.0,2.0,2.0,1.0,8.0,2.0,1.0,3.0,0.0,3.0,2.0,0.0,0.0,3.0,3.0,5.0,1.0,3.0,4.0,14.0,,,1.0,1.0,9.0,6.0,2.0,4.0,,4.0,1.0,3.0,8.0,17.0,2.0,1.0,1.0,0.0,1.0,,,89.0,56.0,,,0.03,0.33,0.03,0.29,,16.12,0.01,0.597,,1.39,13.37,31.28,36.03,86.83,10.95,109.44,78.82,0.91,8.73,8.06,77.3,0.0,0.0,179.4,0.196,17.05,5.153,13.23,,2.586,10.43,16.27,,136.5,1.238,0.582,38.0,16.28,2.368,3.611,53.7,0.853,,31.6,5.761,32.3,1.389,24.101,1.249,5.84,,1.62,,109.21,1.021,5.28,82.55,,217.2,4.72,15.5,0
48.0,0.0,45.0,2.0,62.0,9.0,,,24.0,86.4,133.4,69.7,8.0,16.0,118.0,120.7,47.2716,126.0,160.0,79.0,53.1,41.0,8.3,11.2,8.4,6.0,6.5,5.7,41.7,49.2,3.8,3.6,2.5,1.9,2.1,2.3,48.1,30.7,30.9,20.5,5427.0,47.2,49.8,43.0,31.2,677.0,307.0,296.0,314.0,329.0,3.523781,1.238901,-1.302,102.695993,2.03,,3.0,2.0,,341.0,,4.0,,314.0,2.0,3.0,,7.0,2.0,7.0,5.0,6.0,2.0,3.0,3.0,1.0,1.0,7.0,2.0,4.0,1.0,2.0,2.0,0.0,1.0,0.0,2.0,,2.0,,,9.0,4.0,2.0,0.0,6.0,9.0,11.0,0.0,1.0,2.0,3.0,5.0,3.0,4.0,2.0,4.0,0.0,4.0,1.0,3.0,2.0,4.0,3.0,,,7.0,,1.0,5.0,6.0,1.0,1.0,,3.0,2.0,2.0,2.0,15.0,2.0,1.0,1.0,0.0,0.0,,61.0,95.0,80.0,,0.0,0.08,0.8,0.1,1.04,46.05,16.88,0.009,0.941,0.423,1.61,17.1,37.19,,101.44,12.37,117.63,93.9,0.37,3.99,7.23,77.1,0.0,0.0,274.4,0.339,17.91,4.54,12.88,0.03,2.588,9.39,48.94,46.84,115.7,1.109,0.633,19.5,2.69,2.323,3.372,51.9,0.672,3.59,163.0,7.85,,,14.563,1.906,,,0.969,,29.85,1.708,14.28,74.23,0.911,229.3,3.34,47.6,0
66.0,1.0,2.0,26.0,11.0,,22.0,9.0,16.0,70.8,84.5,57.8,31.0,16.0,123.0,81.2,26.9082,90.0,174.0,97.0,20.2,,2.1,5.3,7.6,9.2,10.3,11.6,32.4,16.2,3.1,2.3,2.6,2.5,3.5,1.8,40.2,18.3,27.9,32.8,5404.0,28.8,23.2,63.8,47.9,579.0,263.0,252.0,176.0,191.0,3.872731,1.107706,-1.366,208.020306,,,3.0,3.0,3.0,13.0,,,,21.0,,3.0,2.0,3.0,0.0,2.0,0.0,1.0,1.0,1.0,2.0,0.0,0.0,7.0,2.0,,1.0,1.0,2.0,0.0,2.0,0.0,3.0,,0.0,0.0,,2.0,2.0,2.0,0.0,4.0,2.0,3.0,4.0,1.0,2.0,4.0,5.0,5.0,4.0,1.0,1.0,2.0,3.0,2.0,4.0,2.0,3.0,13.0,4.0,1.0,,,1.0,7.0,,4.0,1.0,0.0,2.0,2.0,3.0,11.0,29.0,,,1.0,1.0,0.0,,53.0,83.0,81.0,,1.0,0.0,0.01,0.0,0.04,39.14,15.06,0.008,0.311,0.276,1.88,21.15,35.1,38.49,91.19,8.4,119.47,92.22,0.99,11.12,6.03,,0.0,0.0,327.0,0.275,15.62,4.292,14.91,0.044,1.097,8.91,12.16,44.59,,1.127,1.48,21.6,21.43,2.566,5.285,,1.036,1.32,21.8,7.871,51.9,0.914,19.231,5.284,6.29,178.5,0.585,,31.98,12.775,4.12,74.08,5.259,213.3,8.81,18.2,0
61.0,1.0,6.0,5.0,4.0,15.0,49.0,7.0,14.0,75.5,126.7,79.1,29.0,54.0,84.0,92.3,34.6305,91.0,163.0,93.0,36.3,49.8,3.5,6.7,7.0,12.0,6.9,6.9,42.7,47.0,3.4,2.2,2.2,3.5,2.8,2.1,30.2,11.5,36.7,21.9,5551.0,32.8,48.5,63.3,30.7,,437.0,,315.0,300.0,5.717733,3.894245,2.335,541.073705,,7.0,,4.0,6.0,33.0,,,,185.0,3.0,1.0,5.0,3.0,0.0,7.0,0.0,7.0,3.0,2.0,3.0,,0.0,9.0,4.0,2.0,1.0,3.0,2.0,0.0,1.0,0.0,3.0,87.135,1.0,0.0,0.0,1.0,8.0,6.0,0.0,20.0,7.0,1.0,4.0,1.0,3.0,3.0,4.0,3.0,2.0,2.0,2.0,2.0,2.0,1.0,4.0,2.0,2.0,13.0,0.0,8.0,16.0,0.0,0.0,2.0,,2.0,2.0,11.0,2.0,2.0,3.0,1.0,24.0,,0.0,0.0,1.0,,,93.0,71.0,99.0,,1.0,0.0,0.08,0.06,1.36,49.51,16.77,,0.267,0.171,1.44,30.24,30.74,33.88,90.71,14.65,122.81,96.09,0.39,8.15,2.85,60.2,0.0,0.0,,0.565,16.96,5.458,16.41,0.073,0.879,4.75,8.77,42.79,85.6,2.252,1.187,17.9,0.52,,7.425,115.2,1.296,1.28,14.4,4.807,26.1,,30.645,3.392,58.97,,0.81,,52.05,13.817,6.03,82.85,0.997,442.7,,49.9,0
45.0,1.0,7.0,4.0,,21.0,,,15.0,,139.4,92.3,11.0,22.0,115.0,97.3,28.6361,115.0,184.0,83.0,47.4,43.6,2.2,9.7,7.3,7.9,7.5,6.9,44.6,36.2,2.4,2.4,2.0,2.0,,1.9,34.4,18.4,20.9,29.4,5509.0,25.8,38.9,40.8,47.6,582.0,310.0,290.0,288.0,248.0,2.040159,1.958552,,194.323508,,4.0,3.0,4.0,2.0,74.0,,2.0,,196.0,,3.0,2.0,2.0,2.0,,2.0,1.0,4.0,2.0,1.0,0.0,0.0,9.0,2.0,3.0,3.0,2.0,1.0,2.0,1.0,0.0,4.0,35.322,,13.0,0.0,1.0,0.0,3.0,0.0,5.0,1.0,12.0,1.0,1.0,2.0,2.0,2.0,3.0,2.0,1.0,1.0,0.0,4.0,1.0,4.0,0.0,1.0,1.0,1.0,0.0,0.0,2.0,1.0,1.0,2.0,2.0,2.0,0.0,1.0,1.0,1.0,0.0,14.0,3.0,0.0,,0.0,,,,85.0,,0.0,0.0,0.01,0.12,0.04,0.35,33.56,12.35,0.046,0.337,0.361,1.8,17.51,32.96,36.78,89.61,9.69,99.85,87.34,0.21,2.02,8.21,80.0,0.0,0.0,294.6,0.285,17.41,3.745,12.45,0.076,4.038,10.26,32.52,46.31,55.4,,0.56,51.5,0.89,2.296,3.065,47.4,0.689,1.81,30.6,6.351,48.4,0.828,35.257,1.858,,,1.229,,13.26,,11.14,83.15,3.189,419.0,3.46,23.4,0
62.0,1.0,30.0,1.0,,14.0,45.0,,18.0,101.9,134.2,54.0,49.0,48.0,72.0,86.4,24.4681,99.0,188.0,87.0,,14.3,3.6,2.1,9.5,7.7,13.2,6.2,18.7,16.5,0.8,0.5,2.1,3.0,2.0,4.2,19.7,11.6,40.8,33.3,8425.0,20.0,11.9,47.2,52.4,466.0,270.0,254.0,183.0,220.0,3.967092,3.075163,-0.361,,1.81,,2.0,4.0,,295.0,,4.0,171.0,,2.0,2.0,2.0,6.0,4.0,7.0,0.0,5.0,8.0,2.0,,0.0,1.0,5.0,4.0,,2.0,3.0,1.0,1.0,0.0,0.0,3.0,,0.0,0.0,0.0,2.0,4.0,1.0,2.0,2.0,9.0,5.0,0.0,1.0,3.0,0.0,3.0,1.0,3.0,2.0,3.0,0.0,3.0,1.0,5.0,0.0,3.0,26.0,21.0,39.0,46.0,34.0,1.0,7.0,0.0,4.0,3.0,0.0,3.0,2.0,3.0,0.0,15.0,12.0,0.0,1.0,0.0,0.0,87.0,80.0,,85.0,,0.0,0.01,0.05,0.5,4.11,43.07,15.48,0.034,0.642,0.375,2.83,23.23,29.52,35.96,82.1,8.26,98.25,77.28,0.5,4.08,8.34,68.5,0.0,0.0,281.2,0.232,17.72,5.246,16.95,0.097,2.586,12.16,48.89,26.22,61.8,1.342,1.345,40.5,9.96,2.467,5.156,64.7,1.094,,13.7,8.427,45.1,0.907,17.609,2.622,20.94,,0.98,13.4,59.29,,7.44,70.05,0.965,206.6,5.1,14.4,0
60.0,0.0,0.0,4.0,5.0,31.0,,,17.0,98.0,136.9,75.4,11.0,51.0,99.0,66.7,28.4544,110.0,153.0,88.0,37.0,21.2,2.5,6.7,7.4,10.6,6.6,8.1,19.7,33.2,1.2,0.5,4.1,4.6,2.1,2.2,30.7,8.1,27.5,26.6,5814.0,38.1,13.4,76.3,31.0,758.0,437.0,410.0,299.0,324.0,4.032706,3.871397,,518.111551,,2.0,2.0,,3.0,138.0,5.0,1.0,50.0,,,,,4.0,4.0,7.0,7.0,0.0,8.0,3.0,0.0,,1.0,7.0,3.0,2.0,1.0,1.0,1.0,0.0,1.0,2.0,3.0,,0.0,4.0,6.0,2.0,9.0,6.0,0.0,7.0,4.0,7.0,4.0,4.0,3.0,3.0,2.0,2.0,2.0,0.0,0.0,1.0,4.0,1.0,4.0,0.0,2.0,1.0,,7.0,0.0,2.0,1.0,9.0,0.0,2.0,4.0,,6.0,,3.0,7.0,,2.0,1.0,1.0,0.0,0.0,,78.0,88.0,,,0.0,0.01,0.14,0.1,1.04,30.82,13.26,0.035,0.924,0.433,1.86,20.06,34.67,43.04,80.56,11.14,94.77,80.95,0.28,2.98,7.04,75.8,0.0,0.0,317.8,0.354,16.39,3.825,12.14,0.115,1.639,9.29,13.88,43.37,139.0,,1.449,9.7,11.34,2.614,7.398,71.6,0.725,4.85,26.0,3.843,26.0,0.893,27.28,4.372,,,1.212,,16.77,1.413,16.36,83.02,0.955,259.5,3.88,71.8,0
63.0,1.0,33.0,2.0,98.0,,48.0,9.0,15.0,77.8,109.3,89.1,24.0,41.0,73.0,87.4,28.0498,108.0,177.0,81.0,33.3,40.9,1.5,8.8,8.0,8.7,6.8,11.5,19.2,39.3,1.0,0.8,3.0,2.1,4.2,2.5,35.3,13.2,41.4,28.7,4895.0,42.6,49.7,61.8,40.2,779.0,439.0,460.0,273.0,321.0,2.604144,2.179195,0.486,526.120424,3.26,,,,,,,6.0,16.0,24.0,3.0,3.0,2.0,1.0,1.0,3.0,5.0,7.0,8.0,2.0,3.0,0.0,2.0,6.0,3.0,,1.0,2.0,1.0,0.0,0.0,1.0,2.0,,2.0,,1.0,2.0,0.0,4.0,0.0,4.0,9.0,7.0,1.0,6.0,2.0,3.0,2.0,5.0,1.0,0.0,1.0,1.0,4.0,1.0,5.0,2.0,5.0,24.0,,0.0,81.0,0.0,0.0,2.0,0.0,3.0,2.0,4.0,3.0,1.0,2.0,0.0,14.0,9.0,0.0,1.0,1.0,1.0,88.0,89.0,,55.0,0.0,0.0,0.01,0.07,0.02,0.23,48.82,14.1,0.006,0.768,0.209,3.18,42.27,27.53,28.88,95.33,11.77,106.6,91.89,0.31,,4.02,,0.0,0.0,385.8,0.454,16.1,5.121,15.56,0.061,0.835,7.53,38.48,42.42,113.0,1.766,1.311,50.1,15.64,2.294,7.098,104.1,0.696,2.83,186.6,3.907,34.0,1.026,18.526,4.541,,,1.12,,217.33,18.232,15.69,,0.933,386.1,3.9,24.7,0
61.0,1.0,14.0,2.0,,39.0,38.0,0.0,15.0,104.2,169.4,71.9,22.0,32.0,67.0,62.5,24.9796,97.0,158.0,,15.3,37.5,2.6,4.7,11.2,9.2,8.5,9.7,18.8,31.2,2.6,0.9,4.1,2.4,3.0,4.1,28.1,8.3,41.7,24.2,5982.0,21.1,32.9,47.3,46.2,527.0,271.0,388.0,191.0,286.0,5.157437,2.101025,0.716,260.885879,,,4.0,,,24.0,2.0,,30.0,131.0,,,2.0,5.0,0.0,6.0,5.0,0.0,2.0,2.0,3.0,0.0,2.0,5.0,3.0,2.0,1.0,2.0,1.0,0.0,1.0,1.0,3.0,,,16.0,2.0,2.0,8.0,7.0,0.0,29.0,3.0,3.0,0.0,1.0,2.0,1.0,4.0,2.0,3.0,0.0,3.0,2.0,3.0,2.0,3.0,1.0,5.0,21.0,,8.0,,5.0,1.0,8.0,7.0,6.0,2.0,6.0,3.0,1.0,3.0,11.0,16.0,37.0,0.0,,0.0,0.0,66.0,91.0,,48.0,,1.0,0.02,0.27,0.48,6.73,42.62,15.35,0.043,0.729,0.223,3.42,47.61,35.27,36.02,97.91,7.98,118.43,94.4,,4.46,2.94,40.9,0.0,0.0,244.1,0.195,17.11,4.353,15.01,0.131,2.674,7.19,17.31,,120.5,1.665,1.568,20.7,4.94,,8.283,54.0,0.851,1.29,23.7,4.635,53.0,,12.127,5.678,,,,,,14.349,6.04,65.36,1.298,240.8,6.69,77.0,0
54.0,0.0,16.0,4.0,,42.0,61.0,0.0,21.0,105.0,146.0,86.8,15.0,15.0,121.0,121.0,40.5078,104.0,173.0,83.0,40.6,37.6,9.4,9.0,12.5,6.3,7.7,6.6,30.3,52.7,3.8,3.2,2.2,2.0,3.5,2.0,47.3,15.6,32.8,,4877.0,43.8,41.5,41.0,35.0,551.0,259.0,286.0,270.0,238.0,3.670055,2.399034,-0.624,556.092347,4.63,,,4.0,3.0,188.0,,1.0,88.0,631.0,,3.0,2.0,7.0,5.0,6.0,0.0,0.0,2.0,3.0,3.0,3.0,0.0,9.0,3.0,2.0,1.0,2.0,1.0,0.0,0.0,0.0,2.0,,,0.0,3.0,0.0,2.0,4.0,0.0,25.0,4.0,11.0,7.0,1.0,2.0,2.0,2.0,2.0,2.0,1.0,1.0,2.0,0.0,1.0,4.0,2.0,1.0,,1.0,26.0,20.0,0.0,1.0,6.0,1.0,1.0,1.0,0.0,3.0,1.0,3.0,19.0,16.0,17.0,0.0,,0.0,0.0,,54.0,69.0,84.0,,0.0,0.1,1.23,0.1,,47.26,15.18,0.031,0.956,0.252,0.95,11.19,29.48,32.13,91.77,8.85,107.68,94.61,,11.61,6.33,74.8,0.0,0.0,413.8,0.366,18.02,5.149,14.44,0.108,2.314,8.46,4.28,50.73,55.2,,,12.7,,2.22,6.535,11.6,0.788,1.12,21.4,8.986,37.1,2.189,27.587,3.837,83.04,,1.479,58.9,70.03,1.204,4.78,77.92,,226.2,4.5,25.0,0
65.0,0.0,15.0,3.0,,4.0,,,16.0,104.0,188.0,49.6,10.0,3.0,116.0,78.5,39.8958,99.0,140.0,79.0,31.0,50.3,3.1,3.7,6.1,5.5,6.8,5.7,32.1,42.4,2.6,0.7,1.8,1.4,2.0,1.6,29.6,20.0,20.9,19.6,4412.0,27.7,18.1,30.9,26.9,807.0,400.0,343.0,248.0,322.0,3.730893,2.893292,,,2.2,3.0,,,,262.0,,,20.0,,4.0,3.0,2.0,0.0,4.0,7.0,0.0,0.0,7.0,2.0,1.0,1.0,2.0,8.0,3.0,2.0,2.0,3.0,1.0,2.0,1.0,0.0,4.0,,0.0,6.0,0.0,6.0,6.0,2.0,0.0,20.0,9.0,3.0,37.0,0.0,2.0,3.0,5.0,1.0,1.0,2.0,2.0,1.0,2.0,2.0,4.0,1.0,5.0,20.0,1.0,0.0,5.0,0.0,,0.0,7.0,1.0,4.0,,2.0,1.0,3.0,0.0,26.0,1.0,0.0,0.0,0.0,1.0,,32.0,,,0.0,1.0,0.16,3.51,0.06,1.41,37.3,12.66,0.013,0.293,0.36,1.15,25.12,31.61,33.95,93.12,7.95,103.85,,0.25,5.53,2.94,64.4,0.0,0.0,163.9,0.13,,4.005,13.67,0.109,2.063,4.57,70.61,40.3,100.6,1.548,0.757,,1.29,2.634,6.367,106.9,1.009,,136.7,,28.4,1.191,8.995,3.719,58.82,,1.003,,,1.91,27.15,65.56,0.85,282.5,3.01,24.7,0
66.0,1.0,40.0,4.0,6.0,7.0,26.0,8.0,,104.8,,76.0,20.0,11.0,107.0,92.7,28.4144,101.0,181.0,91.0,47.7,43.5,7.5,8.5,7.6,8.2,6.5,5.7,53.0,26.7,3.0,1.0,2.0,1.8,2.0,1.9,34.0,13.1,24.6,22.3,6047.0,26.0,33.4,36.2,,756.0,468.0,400.0,245.0,250.0,5.226699,4.354828,1.129,587.587858,3.75,,3.0,,3.0,118.0,,,24.0,17.0,2.0,3.0,3.0,2.0,0.0,2.0,0.0,0.0,3.0,2.0,1.0,0.0,0.0,6.0,3.0,,3.0,2.0,2.0,2.0,1.0,0.0,3.0,,2.0,2.0,0.0,2.0,1.0,2.0,0.0,18.0,8.0,12.0,1.0,9.0,3.0,2.0,2.0,0.0,4.0,2.0,0.0,0.0,1.0,2.0,5.0,1.0,3.0,1.0,0.0,11.0,0.0,0.0,1.0,8.0,3.0,2.0,3.0,14.0,2.0,1.0,4.0,43.0,13.0,8.0,1.0,1.0,0.0,0.0,,83.0,89.0,,,1.0,0.01,0.18,0.45,6.97,40.13,11.76,0.008,1.027,0.282,0.9,13.92,27.54,29.31,93.95,10.85,99.2,91.35,0.89,13.69,4.22,65.2,0.0,0.0,307.4,0.334,15.77,4.272,,0.063,2.606,6.47,,47.61,130.2,1.455,0.817,51.6,14.0,2.549,6.385,67.6,1.344,4.89,159.5,4.295,32.6,1.167,15.715,4.346,48.68,,1.521,,67.36,15.103,12.79,,4.848,434.0,8.84,13.4,0
42.0,1.0,42.0,2.0,,,28.0,,15.0,90.5,128.2,57.5,17.0,28.0,67.0,54.3,15.4113,79.0,188.0,93.0,13.1,7.8,1.9,1.3,11.6,7.5,7.0,8.8,16.4,18.2,0.1,0.4,4.4,4.2,4.2,3.1,12.8,3.8,41.1,32.4,6599.0,16.1,9.0,44.7,28.7,660.0,421.0,410.0,308.0,318.0,4.579391,2.678263,-0.24,484.384953,2.77,4.0,,2.0,5.0,340.0,3.0,,,389.0,2.0,4.0,2.0,6.0,6.0,7.0,0.0,6.0,2.0,3.0,3.0,1.0,0.0,8.0,1.0,2.0,2.0,2.0,2.0,2.0,0.0,0.0,3.0,,1.0,0.0,0.0,,1.0,0.0,0.0,6.0,9.0,4.0,1.0,8.0,3.0,2.0,4.0,2.0,2.0,1.0,1.0,0.0,2.0,3.0,5.0,2.0,3.0,1.0,,1.0,,5.0,1.0,6.0,5.0,3.0,2.0,14.0,5.0,3.0,1.0,0.0,21.0,2.0,0.0,0.0,0.0,,,89.0,89.0,94.0,0.0,0.0,0.16,1.94,0.57,7.12,42.36,16.74,0.017,0.258,0.433,1.88,23.37,38.9,39.53,98.42,8.06,106.61,88.44,0.38,4.77,5.04,62.8,0.0,0.0,359.4,0.29,16.92,4.304,15.21,0.094,0.631,8.03,21.65,43.1,47.5,,0.894,42.3,6.18,2.249,4.103,57.2,1.015,,,3.711,29.8,1.965,18.611,2.855,37.81,1878.6,1.437,,15.75,7.418,19.51,69.44,1.86,441.5,5.56,82.7,0
46.0,0.0,8.0,7.0,,,17.0,3.0,14.0,77.8,,74.3,35.0,47.0,113.0,95.0,35.4733,127.0,164.0,95.0,47.4,37.5,4.0,5.8,10.7,6.6,7.5,11.0,19.1,38.6,2.4,2.1,2.0,2.3,3.8,4.0,31.9,12.7,23.5,25.6,8995.0,15.8,25.2,48.2,43.4,498.0,299.0,275.0,207.0,246.0,1.837439,1.763941,-1.179,136.46652,4.28,3.0,,,,12.0,3.0,,,26.0,4.0,4.0,0.0,2.0,1.0,6.0,5.0,7.0,7.0,2.0,,1.0,0.0,9.0,2.0,2.0,1.0,3.0,1.0,1.0,2.0,0.0,4.0,,2.0,15.0,0.0,0.0,1.0,2.0,5.0,10.0,1.0,0.0,0.0,4.0,2.0,2.0,0.0,2.0,2.0,1.0,3.0,,3.0,1.0,3.0,0.0,4.0,1.0,5.0,0.0,21.0,,,8.0,1.0,4.0,2.0,0.0,2.0,,2.0,0.0,16.0,2.0,0.0,1.0,0.0,0.0,,34.0,,56.0,,0.0,0.01,0.15,0.16,4.14,32.51,15.54,0.012,0.205,0.289,1.34,34.79,40.55,47.81,84.81,11.04,99.86,,0.47,,1.87,48.7,0.0,0.0,153.5,0.169,15.78,3.833,,0.067,0.906,3.85,18.81,,48.1,1.792,1.049,34.2,0.37,2.469,7.415,62.9,1.066,2.06,20.1,4.262,27.2,1.217,17.548,3.646,,1952.3,1.271,,,1.363,4.48,,1.438,338.7,4.03,54.5,0
67.0,1.0,24.0,2.0,,,,7.0,,69.3,122.3,62.2,24.0,31.0,123.0,118.4,41.089,132.0,170.0,88.0,41.8,23.7,6.5,4.9,10.8,13.5,9.7,6.7,50.8,51.9,3.5,2.5,2.7,3.5,2.3,2.4,48.1,24.4,22.4,26.0,5519.0,39.5,54.4,48.1,29.1,777.0,412.0,274.0,316.0,292.0,4.2932,1.697582,,,2.19,,1.0,,4.0,,,,219.0,11.0,3.0,,3.0,,5.0,7.0,6.0,4.0,1.0,2.0,2.0,0.0,0.0,7.0,4.0,3.0,2.0,3.0,1.0,1.0,1.0,0.0,3.0,,,0.0,0.0,8.0,0.0,4.0,5.0,3.0,5.0,10.0,0.0,2.0,3.0,1.0,2.0,1.0,4.0,0.0,1.0,1.0,4.0,1.0,5.0,2.0,3.0,,,,18.0,0.0,,0.0,8.0,1.0,4.0,0.0,4.0,2.0,4.0,5.0,14.0,18.0,1.0,,0.0,0.0,,,,,1.0,0.0,0.04,0.33,0.65,5.06,45.12,16.07,,0.306,0.252,5.83,45.7,30.84,35.61,86.59,8.99,110.62,89.05,0.28,2.2,5.96,46.7,,0.0,234.6,0.211,16.38,5.211,14.4,0.069,1.193,12.75,17.94,50.49,44.3,1.45,1.384,48.2,0.59,2.351,5.907,78.2,0.796,1.39,15.2,4.651,37.8,1.342,11.652,2.815,144.85,,1.473,,68.52,18.112,6.08,81.29,0.991,450.7,4.2,78.1,0
60.0,0.0,14.0,3.0,4.0,,,6.0,14.0,101.1,116.6,71.6,44.0,56.0,74.0,80.2,25.2146,95.0,178.0,98.0,24.3,45.6,3.2,7.3,12.0,9.9,11.0,6.8,16.2,25.5,1.0,0.9,4.0,3.1,2.7,2.7,31.9,10.8,38.4,35.5,8897.0,32.4,10.3,74.0,55.9,574.0,301.0,319.0,252.0,294.0,2.272888,2.181972,2.63,499.29464,1.82,,,3.0,4.0,,,6.0,,,4.0,1.0,4.0,6.0,1.0,4.0,0.0,5.0,3.0,3.0,2.0,1.0,0.0,7.0,3.0,3.0,2.0,1.0,2.0,3.0,0.0,0.0,4.0,,0.0,0.0,0.0,0.0,1.0,1.0,2.0,32.0,8.0,14.0,3.0,1.0,2.0,3.0,3.0,4.0,0.0,3.0,1.0,2.0,2.0,2.0,1.0,1.0,3.0,,9.0,24.0,6.0,3.0,,4.0,7.0,2.0,2.0,0.0,1.0,3.0,4.0,0.0,14.0,3.0,0.0,,0.0,0.0,,36.0,89.0,,,1.0,0.02,0.27,0.59,9.39,42.85,16.76,0.043,,0.303,3.24,51.13,39.4,39.1,100.74,11.46,122.95,90.8,0.67,10.55,1.82,28.7,0.0,0.0,243.6,0.279,15.92,4.253,14.8,0.378,1.795,6.34,23.81,51.13,53.1,1.468,0.82,17.8,9.66,2.433,4.568,50.6,0.696,2.13,90.2,4.303,35.1,1.802,20.285,2.232,96.23,,0.883,,24.69,1.99,25.66,78.97,2.789,231.5,7.03,23.3,0
56.0,1.0,4.0,2.0,66.0,,,6.0,,99.6,165.7,88.8,57.0,37.0,69.0,64.5,20.1528,89.0,179.0,94.0,16.6,31.8,1.5,1.8,11.1,9.8,11.3,12.9,19.0,21.6,1.5,0.2,2.9,2.0,4.1,3.8,12.6,16.8,32.2,34.2,9401.0,11.6,11.3,69.6,52.4,555.0,,264.0,210.0,174.0,6.136937,4.990261,,681.049994,1.9,,,3.0,,,,,17.0,334.0,4.0,3.0,2.0,1.0,1.0,6.0,7.0,2.0,3.0,2.0,2.0,0.0,0.0,7.0,2.0,,2.0,2.0,2.0,0.0,0.0,2.0,3.0,,0.0,0.0,0.0,6.0,0.0,1.0,0.0,34.0,3.0,4.0,1.0,2.0,2.0,4.0,4.0,0.0,2.0,0.0,2.0,2.0,3.0,2.0,5.0,1.0,2.0,4.0,15.0,1.0,,,1.0,,10.0,4.0,1.0,0.0,3.0,1.0,3.0,6.0,26.0,284.0,1.0,0.0,0.0,0.0,,45.0,,,,0.0,0.17,2.8,,1.17,47.34,14.8,0.02,0.601,0.274,3.1,50.92,,31.27,94.75,8.16,103.74,82.02,0.2,3.25,2.55,41.9,,0.0,409.4,0.334,16.0,4.996,12.67,0.036,1.559,6.09,57.34,46.42,121.2,1.112,0.836,20.8,0.86,2.323,3.568,114.6,1.097,1.55,39.2,4.384,31.6,1.066,26.935,1.932,56.69,,,,50.81,11.463,10.93,66.77,0.742,283.5,6.48,,0
47.0,0.0,7.0,4.0,57.0,14.0,33.0,6.0,12.0,84.7,135.3,52.5,49.0,55.0,110.0,103.7,34.0469,106.0,174.0,93.0,41.4,,7.6,8.5,14.0,14.1,13.3,,22.6,20.7,0.5,1.3,,4.1,4.3,3.4,25.8,9.4,39.5,44.4,9249.0,23.5,43.9,49.7,44.9,602.0,307.0,249.0,236.0,271.0,4.940061,2.755749,4.843,244.907756,2.38,2.0,5.0,5.0,,38.0,,,232.0,408.0,2.0,,5.0,5.0,1.0,4.0,0.0,3.0,3.0,3.0,4.0,0.0,0.0,8.0,2.0,1.0,2.0,3.0,2.0,2.0,1.0,0.0,1.0,,1.0,8.0,5.0,3.0,2.0,7.0,0.0,4.0,8.0,6.0,1.0,1.0,2.0,3.0,3.0,2.0,3.0,4.0,0.0,3.0,3.0,1.0,5.0,0.0,3.0,,0.0,,,,,7.0,0.0,1.0,4.0,0.0,4.0,2.0,2.0,6.0,16.0,10.0,0.0,1.0,1.0,,,75.0,,56.0,0.0,0.0,0.01,0.16,0.12,1.91,47.71,16.95,0.029,0.205,0.314,2.46,39.85,32.11,35.53,90.37,8.82,99.01,,0.71,11.55,2.87,46.5,0.0,0.0,158.3,0.14,17.63,5.279,13.02,0.034,0.695,6.17,18.81,44.25,96.0,1.419,0.862,19.2,2.34,2.249,4.737,56.2,1.209,,135.1,6.281,33.9,1.711,23.789,2.568,17.29,,0.835,,131.85,2.893,11.28,74.99,3.902,468.3,7.43,62.4,0
58.0,0.0,7.0,4.0,17.0,9.0,52.0,,17.0,76.3,126.0,80.7,42.0,15.0,101.0,71.1,24.1961,96.0,171.0,84.0,28.3,23.1,2.9,6.6,12.5,7.2,7.2,9.9,37.4,23.1,1.6,1.7,2.5,2.2,3.3,2.3,21.0,7.2,30.5,22.9,5830.0,37.8,13.8,55.3,29.9,600.0,379.0,381.0,186.0,223.0,1.868431,1.793694,-1.359,208.091845,,,,,1.0,,5.0,3.0,27.0,21.0,7.0,1.0,3.0,4.0,4.0,5.0,5.0,1.0,1.0,2.0,1.0,1.0,1.0,8.0,3.0,3.0,,3.0,2.0,1.0,0.0,0.0,4.0,72.269,1.0,,0.0,8.0,9.0,3.0,0.0,1.0,7.0,12.0,4.0,0.0,3.0,1.0,1.0,3.0,3.0,0.0,1.0,1.0,1.0,1.0,4.0,1.0,6.0,,16.0,16.0,14.0,5.0,,8.0,6.0,2.0,1.0,2.0,3.0,,4.0,0.0,,49.0,1.0,0.0,1.0,0.0,88.0,,,,,1.0,0.01,0.11,,1.2,41.0,14.0,0.006,0.131,0.236,1.3,18.55,28.07,34.14,82.22,9.66,94.05,77.74,0.54,7.7,5.08,72.4,0.0,0.0,319.5,,16.36,4.986,16.93,0.101,0.478,7.01,12.24,47.02,112.7,1.346,0.643,22.2,1.04,2.288,4.455,57.9,0.801,1.55,10.4,4.873,57.0,1.2,,2.476,173.09,,,,219.2,1.338,3.91,78.58,0.972,231.7,5.49,97.6,0
50.0,1.0,15.0,5.0,4.0,,14.0,7.0,,99.3,158.4,62.0,47.0,54.0,97.0,124.3,34.4453,129.0,190.0,99.0,42.7,42.2,4.0,8.2,18.3,13.7,13.2,13.1,43.6,40.7,2.3,3.4,4.8,4.4,3.7,4.0,46.1,27.6,38.9,33.8,9748.0,49.3,35.5,81.2,53.4,469.0,233.0,229.0,190.0,,4.44905,4.271088,2.715,683.230719,,,5.0,,3.0,12.0,3.0,,,0.0,3.0,3.0,2.0,2.0,0.0,2.0,1.0,6.0,5.0,1.0,,,2.0,6.0,2.0,2.0,1.0,2.0,2.0,1.0,1.0,2.0,3.0,,2.0,7.0,0.0,5.0,7.0,1.0,0.0,5.0,2.0,1.0,7.0,5.0,1.0,3.0,3.0,5.0,3.0,0.0,1.0,3.0,4.0,1.0,5.0,1.0,1.0,24.0,7.0,1.0,,0.0,1.0,6.0,1.0,3.0,2.0,0.0,2.0,1.0,3.0,11.0,,1.0,0.0,1.0,0.0,0.0,,,,92.0,0.0,0.0,0.19,3.71,0.11,2.18,43.4,13.0,0.03,0.341,0.353,1.86,35.71,27.55,29.94,92.02,8.67,106.57,91.36,0.18,3.55,2.85,54.8,0.0,,395.7,0.343,16.82,4.716,13.73,0.1,0.424,5.2,,48.24,102.8,,0.748,16.0,0.32,2.509,6.046,68.8,0.737,1.28,17.0,3.58,28.1,1.919,21.62,1.813,142.38,,1.532,,16.69,15.731,7.17,77.75,5.369,373.6,6.82,102.7,0
68.0,0.0,11.0,2.0,5.0,12.0,20.0,,21.0,94.4,,96.5,40.0,50.0,117.0,99.4,34.3842,105.0,170.0,96.0,48.4,45.5,8.1,9.2,10.6,10.9,7.9,10.5,53.1,43.3,3.5,2.9,2.5,2.4,2.9,3.4,46.8,17.3,25.4,39.5,6043.0,44.9,42.3,51.0,54.5,473.0,416.0,,200.0,311.0,3.285796,,1.609,306.816186,4.57,,,,,37.0,,4.0,,208.0,,4.0,2.0,2.0,3.0,3.0,1.0,2.0,3.0,1.0,1.0,,0.0,7.0,3.0,4.0,1.0,3.0,2.0,3.0,0.0,0.0,3.0,,1.0,7.0,6.0,5.0,6.0,1.0,0.0,9.0,7.0,13.0,1.0,9.0,2.0,3.0,2.0,2.0,4.0,5.0,1.0,0.0,5.0,2.0,3.0,2.0,3.0,27.0,17.0,20.0,22.0,,,6.0,1.0,2.0,2.0,6.0,4.0,3.0,3.0,4.0,,2.0,0.0,,1.0,0.0,,,,51.0,0.0,0.0,0.01,0.1,0.46,5.73,37.26,13.56,0.016,0.125,0.283,1.79,22.48,30.31,,83.28,8.53,93.48,,0.65,8.11,5.06,63.6,0.0,0.0,373.7,0.319,15.99,4.474,14.01,0.007,0.451,7.96,,41.69,63.2,1.851,1.563,54.4,0.99,,7.641,58.9,,2.51,129.4,6.252,,1.754,10.278,6.469,,591.7,,,154.02,2.021,24.8,80.12,2.594,186.2,4.8,26.8,0
69.0,1.0,46.0,3.0,2.0,,,1.0,15.0,,,86.7,20.0,18.0,109.0,72.2,28.1733,99.0,160.0,86.0,40.5,48.7,3.8,2.4,7.4,6.9,6.4,,20.1,24.5,1.7,1.4,2.2,2.6,2.1,1.9,21.6,15.4,21.3,22.3,8462.0,19.2,28.6,63.0,,529.0,243.0,256.0,189.0,224.0,3.107641,,-0.542,640.950318,4.1,,2.0,,3.0,169.0,4.0,,,,3.0,,4.0,2.0,7.0,7.0,4.0,0.0,6.0,2.0,0.0,0.0,0.0,7.0,4.0,3.0,1.0,1.0,2.0,0.0,1.0,1.0,,,1.0,14.0,1.0,9.0,1.0,0.0,0.0,4.0,1.0,11.0,7.0,1.0,1.0,3.0,2.0,4.0,2.0,1.0,0.0,1.0,3.0,2.0,5.0,1.0,2.0,1.0,0.0,0.0,,0.0,1.0,2.0,0.0,2.0,4.0,0.0,3.0,2.0,3.0,0.0,30.0,27.0,0.0,1.0,0.0,,,70.0,,80.0,0.0,0.0,0.04,0.66,0.36,,40.2,12.86,0.015,0.305,0.349,1.45,24.14,27.64,31.98,86.45,10.26,78.21,71.64,0.84,13.97,3.31,55.2,0.0,0.0,300.9,0.309,17.88,,12.73,0.07,0.703,6.0,9.85,49.4,154.5,1.277,1.052,39.7,0.51,2.641,3.827,103.8,0.679,,10.6,3.913,57.1,,12.056,3.439,7.31,,,,31.62,,6.48,,3.339,179.5,2.96,30.3,1
65.0,0.0,9.0,2.0,,,49.0,10.0,23.0,76.0,133.8,76.7,58.0,31.0,87.0,111.6,38.0938,94.0,171.0,99.0,46.6,27.6,9.1,6.3,13.2,13.7,13.1,11.6,33.3,31.1,2.7,1.0,4.8,2.6,4.2,3.9,39.3,8.8,39.3,47.2,7428.0,35.4,50.0,72.7,59.0,519.0,333.0,289.0,233.0,210.0,6.066919,3.706079,0.757,571.965984,,,3.0,,2.0,,,,52.0,27.0,5.0,2.0,0.0,5.0,0.0,6.0,0.0,1.0,0.0,1.0,0.0,0.0,1.0,9.0,3.0,2.0,1.0,3.0,1.0,0.0,1.0,1.0,3.0,,0.0,9.0,5.0,2.0,0.0,6.0,0.0,31.0,7.0,11.0,1.0,0.0,2.0,4.0,2.0,2.0,3.0,3.0,0.0,2.0,3.0,3.0,5.0,1.0,4.0,1.0,1.0,,5.0,,1.0,6.0,1.0,2.0,3.0,6.0,5.0,2.0,3.0,5.0,,35.0,0.0,1.0,0.0,1.0,90.0,,62.0,,,0.0,0.01,0.11,0.19,2.26,42.35,16.08,0.034,,0.242,1.48,18.02,35.96,37.96,94.74,10.85,116.64,87.83,0.33,4.03,6.21,75.6,0.0,0.0,208.2,0.226,16.31,4.47,15.09,0.038,0.479,8.22,10.43,44.48,143.2,1.132,1.289,54.3,0.3,2.35,2.948,64.6,0.769,1.31,13.0,9.419,44.7,1.039,,4.988,6.62,,1.048,,,2.146,5.79,64.97,0.965,464.2,7.81,79.4,0
66.0,0.0,10.0,5.0,,16.0,,,15.0,86.2,138.0,,52.0,30.0,113.0,102.4,36.0028,118.0,169.0,98.0,49.1,42.7,6.8,7.1,13.9,11.1,7.8,8.4,29.3,50.1,1.1,3.4,2.7,3.1,2.8,4.1,37.8,17.9,36.5,32.4,4654.0,30.0,19.7,32.5,52.1,770.0,317.0,451.0,307.0,295.0,,,3.075,653.490341,,,4.0,2.0,,216.0,,,,16.0,4.0,4.0,0.0,4.0,1.0,3.0,0.0,0.0,1.0,1.0,0.0,,1.0,9.0,4.0,2.0,1.0,2.0,2.0,2.0,2.0,1.0,2.0,,,,5.0,8.0,1.0,5.0,4.0,6.0,6.0,2.0,0.0,1.0,3.0,1.0,2.0,2.0,1.0,0.0,1.0,2.0,2.0,1.0,5.0,2.0,1.0,0.0,,0.0,,1.0,1.0,1.0,1.0,1.0,3.0,2.0,4.0,2.0,5.0,0.0,,11.0,0.0,0.0,0.0,0.0,,,,45.0,,1.0,0.01,0.13,0.64,10.28,44.43,11.99,0.01,0.53,0.257,0.82,13.14,24.13,26.98,,7.58,100.84,86.57,0.25,4.05,4.5,72.4,0.0,0.0,230.9,0.175,15.76,4.969,12.24,0.06,2.374,6.21,72.35,44.63,87.4,,1.451,28.5,1.28,,7.288,72.9,0.76,2.36,13.9,3.715,36.1,1.379,13.151,,81.32,,,,141.61,1.851,,67.06,4.124,,6.12,40.9,0
67.0,0.0,13.0,4.0,70.0,14.0,,,16.0,78.5,133.8,82.2,17.0,30.0,86.0,74.2,27.2298,122.0,165.0,89.0,37.2,36.0,7.7,5.4,8.5,8.4,7.7,7.6,38.4,35.4,1.0,2.6,2.4,2.3,1.9,2.4,37.7,10.9,30.0,35.2,5951.0,24.7,21.8,51.8,32.3,540.0,285.0,253.0,219.0,175.0,2.651549,2.524512,1.326,141.142636,4.32,,,,2.0,131.0,,,47.0,9.0,4.0,3.0,1.0,1.0,,6.0,0.0,7.0,6.0,3.0,1.0,3.0,0.0,10.0,2.0,,2.0,3.0,2.0,0.0,2.0,0.0,3.0,,1.0,0.0,1.0,2.0,,0.0,,13.0,6.0,2.0,5.0,9.0,1.0,2.0,2.0,3.0,2.0,1.0,0.0,3.0,5.0,1.0,5.0,1.0,4.0,18.0,15.0,12.0,0.0,4.0,1.0,10.0,0.0,2.0,2.0,,4.0,,1.0,11.0,16.0,3.0,0.0,,0.0,,,83.0,,,0.0,1.0,0.06,0.79,0.54,7.44,56.11,16.49,0.016,0.689,0.326,1.53,20.93,23.18,28.93,,9.97,99.79,72.47,0.7,9.63,4.46,61.2,0.0,0.0,189.4,0.189,16.27,7.111,12.54,0.115,1.858,7.29,24.17,39.89,,1.423,,29.6,0.8,2.531,,92.1,1.18,,46.5,9.943,45.8,2.05,18.076,2.626,133.76,,,,25.92,0.852,22.0,77.65,0.783,501.2,5.19,54.6,0
49.0,1.0,37.0,1.0,,38.0,,,,80.4,104.5,60.2,52.0,57.0,101.0,81.7,22.7282,100.0,190.0,99.0,48.9,39.8,,3.4,13.8,12.9,17.5,12.8,26.4,50.2,3.0,1.2,4.0,4.3,4.2,3.2,21.9,24.4,41.9,42.2,10028.0,26.6,10.0,71.7,59.4,561.0,354.0,400.0,286.0,259.0,,,2.998,642.385514,4.02,4.0,,,,,,,13.0,19.0,,,0.0,7.0,0.0,1.0,1.0,2.0,6.0,1.0,3.0,0.0,0.0,4.0,3.0,3.0,2.0,2.0,2.0,0.0,,2.0,3.0,,2.0,9.0,0.0,6.0,7.0,6.0,0.0,31.0,0.0,0.0,1.0,6.0,2.0,3.0,2.0,1.0,1.0,2.0,2.0,3.0,1.0,1.0,4.0,2.0,3.0,1.0,0.0,,9.0,0.0,1.0,8.0,1.0,2.0,1.0,13.0,3.0,1.0,3.0,5.0,,2.0,1.0,1.0,0.0,0.0,,,,86.0,0.0,0.0,0.14,1.56,0.01,0.07,48.88,13.74,0.024,0.378,0.31,0.9,10.21,26.65,28.12,94.77,11.56,120.02,92.59,0.86,9.76,6.91,78.4,0.0,0.0,315.8,0.365,16.04,5.158,17.0,0.024,1.639,8.82,8.69,47.74,70.4,2.058,1.325,41.6,2.32,2.184,7.441,103.8,0.956,1.03,174.6,9.71,42.6,2.315,32.712,5.268,140.44,937.3,1.407,,65.12,15.084,4.85,76.72,1.632,395.8,7.16,36.8,0
61.0,1.0,25.0,1.0,,,17.0,8.0,17.0,,178.9,68.7,48.0,54.0,83.0,118.6,34.5771,107.0,185.0,109.0,40.2,49.3,3.9,3.6,14.2,13.4,13.0,12.0,35.8,45.7,0.6,3.4,4.7,4.8,4.3,5.9,40.1,14.1,34.3,38.0,6759.0,46.4,51.5,91.4,49.5,335.0,237.0,260.0,196.0,190.0,1.576435,1.513378,-0.151,241.107745,,,,,,21.0,,,23.0,,3.0,,,5.0,7.0,7.0,0.0,6.0,1.0,2.0,1.0,2.0,0.0,9.0,4.0,2.0,2.0,1.0,1.0,0.0,0.0,0.0,4.0,44.089,0.0,0.0,0.0,1.0,2.0,1.0,6.0,8.0,1.0,2.0,1.0,2.0,1.0,3.0,3.0,5.0,2.0,1.0,3.0,1.0,3.0,4.0,3.0,2.0,1.0,0.0,0.0,0.0,22.0,4.0,,,8.0,3.0,2.0,,1.0,1.0,3.0,4.0,26.0,1.0,0.0,1.0,1.0,,,88.0,,47.0,0.0,1.0,0.05,0.55,0.11,1.36,44.38,13.5,0.266,2.263,,3.11,37.74,26.96,30.41,88.65,11.93,109.7,,0.3,3.67,4.67,56.7,0.0,0.0,395.9,0.472,17.84,5.006,13.25,,2.723,8.24,8.57,47.57,50.2,1.568,1.023,17.1,18.51,2.412,4.92,114.7,1.226,1.5,,6.986,36.5,2.363,29.59,4.114,,,1.023,,40.72,16.113,7.59,67.32,2.164,452.4,8.02,96.8,0
63.0,1.0,40.0,3.0,103.0,20.0,,8.0,,99.0,124.8,54.6,35.0,53.0,86.0,123.8,35.3098,102.0,187.0,89.0,54.0,29.6,4.1,1.7,11.7,8.0,10.9,11.0,36.1,49.1,0.8,1.2,4.0,4.5,1.9,2.4,26.7,23.5,36.4,39.7,5337.0,22.4,10.9,64.4,36.8,469.0,262.0,268.0,210.0,,2.863134,2.748609,1.172,528.481422,,1.0,,3.0,,,,4.0,,28.0,4.0,,1.0,6.0,7.0,6.0,0.0,6.0,1.0,3.0,0.0,,1.0,10.0,3.0,4.0,1.0,1.0,,1.0,2.0,0.0,1.0,,0.0,11.0,0.0,1.0,6.0,,0.0,10.0,4.0,1.0,0.0,1.0,3.0,4.0,2.0,2.0,4.0,1.0,0.0,2.0,4.0,3.0,3.0,1.0,2.0,4.0,4.0,,0.0,0.0,,0.0,3.0,2.0,2.0,0.0,3.0,1.0,2.0,132.0,25.0,44.0,1.0,,1.0,0.0,,,,,,0.0,0.14,2.13,0.56,8.49,40.68,12.11,0.04,0.418,,2.48,,27.94,29.77,93.84,9.35,123.93,,0.32,4.92,3.06,46.7,0.0,0.0,,0.223,15.8,4.335,15.31,0.024,0.602,6.55,,40.66,48.4,2.261,1.181,18.5,,2.606,3.672,48.1,1.051,1.5,94.0,5.673,46.9,2.286,34.463,2.276,17.59,,,,32.74,18.113,14.34,67.19,0.98,228.0,4.07,30.9,0
41.0,0.0,34.0,5.0,,4.0,,6.0,,88.0,109.3,78.7,9.0,13.0,68.0,62.7,20.2688,93.0,176.0,83.0,38.5,16.4,2.9,6.8,7.5,6.8,6.1,6.4,31.3,13.4,1.1,0.7,2.0,1.7,2.0,2.7,31.4,4.4,22.5,25.2,5874.0,18.6,,40.6,33.1,655.0,346.0,229.0,231.0,278.0,2.80236,2.690266,2.716,331.985319,,,4.0,,6.0,164.0,,3.0,,68.0,,3.0,3.0,4.0,7.0,6.0,4.0,2.0,6.0,2.0,2.0,1.0,0.0,8.0,3.0,3.0,1.0,1.0,2.0,0.0,0.0,2.0,3.0,,0.0,0.0,0.0,1.0,8.0,4.0,4.0,39.0,6.0,0.0,6.0,3.0,3.0,2.0,3.0,3.0,2.0,2.0,0.0,3.0,3.0,2.0,1.0,1.0,2.0,,1.0,,8.0,0.0,0.0,7.0,0.0,6.0,4.0,0.0,1.0,1.0,2.0,7.0,21.0,1.0,,0.0,0.0,0.0,74.0,,,,,1.0,0.01,0.19,0.41,6.83,44.6,16.66,0.047,0.863,,0.84,14.04,37.52,,100.45,9.31,120.34,94.96,0.21,3.51,4.53,75.4,0.0,0.0,374.9,0.349,17.78,4.44,12.29,0.101,1.033,6.01,43.75,43.94,,1.496,1.136,24.5,0.54,2.431,7.88,73.5,0.845,4.8,183.9,7.583,54.5,1.475,12.643,5.417,,,0.589,15.8,37.05,2.765,21.11,,0.774,235.0,8.2,14.6,0
59.0,1.0,24.0,2.0,,0.0,30.0,,15.0,53.2,109.0,86.8,25.0,24.0,119.0,73.3,28.4677,99.0,161.0,84.0,37.1,13.9,3.8,2.5,7.0,6.0,8.9,6.1,26.9,24.8,1.0,0.9,,3.3,2.1,1.9,34.3,5.8,32.3,29.9,5473.0,18.6,23.2,53.0,47.0,511.0,275.0,318.0,224.0,288.0,3.497076,2.343215,0.137,279.692974,2.87,,,5.0,,13.0,4.0,3.0,13.0,10.0,4.0,4.0,3.0,3.0,0.0,1.0,3.0,0.0,2.0,2.0,3.0,0.0,2.0,6.0,3.0,1.0,2.0,2.0,2.0,0.0,0.0,1.0,2.0,,0.0,0.0,0.0,24.0,7.0,4.0,5.0,9.0,9.0,7.0,1.0,1.0,1.0,1.0,2.0,2.0,2.0,2.0,1.0,3.0,5.0,2.0,5.0,2.0,1.0,6.0,,,0.0,,,1.0,4.0,3.0,4.0,0.0,3.0,1.0,1.0,0.0,31.0,9.0,0.0,1.0,0.0,0.0,73.0,84.0,62.0,80.0,,1.0,0.04,0.77,0.04,0.77,43.34,12.1,0.005,0.507,0.379,2.95,52.46,28.09,27.93,100.58,11.03,112.76,,0.36,6.47,,39.5,0.0,0.0,230.0,0.254,17.81,4.309,13.4,0.084,0.963,5.62,56.01,,61.3,1.061,0.655,29.6,1.25,2.187,,46.6,,1.59,17.1,4.264,35.5,0.859,31.147,3.328,,,,,,10.756,6.4,67.31,0.807,261.2,5.91,129.0,0
58.0,1.0,19.0,1.0,,3.0,,,25.0,86.1,142.0,71.7,55.0,40.0,101.0,88.1,32.7073,124.0,164.0,93.0,29.1,43.3,5.4,7.0,9.8,8.2,12.5,8.5,25.6,38.8,2.2,2.6,2.4,4.0,3.1,3.3,35.4,25.5,39.0,29.9,7276.0,23.3,23.1,55.1,33.0,465.0,325.0,258.0,211.0,281.0,2.912392,2.795897,0.826,246.514401,,4.0,4.0,4.0,,202.0,3.0,4.0,17.0,88.0,,,3.0,2.0,3.0,7.0,0.0,1.0,2.0,2.0,2.0,3.0,0.0,9.0,2.0,2.0,1.0,1.0,2.0,2.0,2.0,2.0,3.0,,1.0,7.0,1.0,7.0,5.0,1.0,3.0,26.0,1.0,9.0,0.0,1.0,1.0,4.0,2.0,2.0,1.0,3.0,1.0,4.0,1.0,1.0,1.0,2.0,3.0,21.0,0.0,24.0,3.0,5.0,0.0,2.0,0.0,6.0,1.0,0.0,3.0,1.0,3.0,,21.0,2.0,,0.0,0.0,1.0,,38.0,,76.0,0.0,,0.0,0.03,0.33,3.26,40.26,13.36,0.015,0.558,,3.53,34.51,28.25,33.19,85.14,8.31,96.42,74.51,0.85,8.28,5.51,53.9,0.0,0.0,233.4,0.194,17.11,4.728,12.32,0.041,1.02,10.22,16.84,43.9,,2.052,1.719,36.1,1.03,2.558,8.112,51.1,0.82,2.26,24.0,9.796,62.2,1.086,31.455,5.664,145.07,,0.851,,15.96,15.897,7.07,,4.532,237.9,5.55,,0
63.0,0.0,11.0,4.0,1.0,,,,,79.5,122.7,47.3,12.0,17.0,71.0,45.4,19.6122,89.0,152.0,80.0,37.7,13.3,2.5,2.0,6.8,7.0,5.9,6.3,13.2,23.1,0.5,0.6,1.7,1.7,1.8,1.7,29.5,7.4,22.5,21.1,4590.0,18.9,17.5,49.9,28.5,799.0,453.0,456.0,332.0,322.0,5.577277,4.261468,1.64,,4.03,,3.0,4.0,3.0,,,4.0,,7.0,,,2.0,1.0,1.0,5.0,4.0,8.0,3.0,2.0,2.0,1.0,2.0,7.0,3.0,3.0,1.0,3.0,1.0,0.0,2.0,2.0,3.0,,2.0,0.0,3.0,3.0,5.0,1.0,0.0,19.0,5.0,1.0,1.0,1.0,2.0,3.0,0.0,2.0,3.0,1.0,1.0,1.0,3.0,3.0,,0.0,5.0,0.0,,1.0,0.0,0.0,1.0,3.0,1.0,1.0,3.0,1.0,2.0,2.0,5.0,1.0,26.0,5.0,1.0,1.0,0.0,1.0,,,,,1.0,1.0,0.06,0.32,0.17,0.94,,13.33,0.046,0.476,0.263,8.16,46.1,31.51,33.0,95.5,,115.1,93.04,0.98,5.53,8.34,47.1,0.0,0.0,355.1,0.322,15.79,4.231,12.37,0.093,2.387,17.7,11.5,,146.5,,1.509,,20.92,2.517,8.492,89.9,1.37,1.44,25.8,4.176,28.2,,,5.575,9.79,1677.0,0.794,,154.92,0.999,7.78,71.35,3.434,503.4,8.95,23.5,1
42.0,0.0,32.0,2.0,99.0,,32.0,2.0,,67.8,110.9,93.4,18.0,36.0,120.0,143.9,41.1031,125.0,187.0,98.0,47.2,49.8,9.8,9.8,8.3,6.7,8.8,6.4,46.3,52.7,3.8,3.4,2.4,4.1,3.8,2.7,51.3,27.4,29.7,22.7,9943.0,48.9,50.8,50.3,30.8,501.0,284.0,309.0,171.0,268.0,2.708014,2.599693,2.652,295.967094,,2.0,,,2.0,20.0,,,4.0,27.0,3.0,,2.0,2.0,0.0,6.0,0.0,5.0,1.0,3.0,1.0,1.0,0.0,5.0,2.0,3.0,1.0,3.0,2.0,0.0,2.0,1.0,4.0,,0.0,,2.0,8.0,1.0,3.0,0.0,37.0,9.0,7.0,0.0,2.0,2.0,2.0,1.0,2.0,2.0,5.0,4.0,2.0,1.0,1.0,5.0,1.0,4.0,,,,13.0,1.0,0.0,8.0,4.0,2.0,3.0,10.0,3.0,3.0,3.0,0.0,30.0,1.0,0.0,1.0,1.0,,92.0,85.0,,,0.0,0.0,0.07,0.95,0.1,1.42,44.34,12.11,0.007,0.194,0.318,2.94,39.82,24.25,27.31,88.79,10.1,94.32,77.83,0.43,5.77,3.84,52.0,0.0,0.0,237.5,0.24,16.41,4.994,14.03,0.03,1.929,7.39,19.61,29.21,125.0,1.638,1.084,17.1,0.71,2.473,8.29,63.3,0.797,3.36,20.3,6.915,55.6,1.416,12.526,5.254,56.16,,0.829,,26.93,1.268,20.52,66.73,1.107,180.1,4.96,52.5,0
69.0,0.0,45.0,4.0,,,33.0,9.0,23.0,106.0,174.0,69.9,8.0,10.0,115.0,64.1,25.3121,109.0,159.0,78.0,36.3,43.5,5.2,4.5,6.1,6.0,5.6,5.7,43.4,26.1,3.6,3.3,1.5,2.1,1.6,1.7,35.8,19.6,20.4,19.6,5108.0,21.1,22.8,40.7,26.8,789.0,408.0,428.0,311.0,288.0,,1.143832,-0.766,102.208754,3.06,4.0,,2.0,3.0,36.0,,,154.0,261.0,5.0,3.0,1.0,2.0,4.0,7.0,2.0,0.0,1.0,1.0,0.0,1.0,0.0,10.0,2.0,3.0,3.0,3.0,1.0,3.0,0.0,0.0,,8.178,0.0,14.0,,9.0,7.0,1.0,0.0,20.0,6.0,0.0,0.0,7.0,1.0,2.0,1.0,2.0,1.0,1.0,2.0,0.0,2.0,2.0,5.0,1.0,4.0,2.0,0.0,,4.0,0.0,,17.0,2.0,6.0,,,2.0,1.0,3.0,,,21.0,1.0,,0.0,1.0,,46.0,,56.0,0.0,0.0,0.09,0.87,0.07,0.67,37.06,13.81,0.036,0.212,0.228,1.61,15.22,35.13,37.26,94.29,11.61,114.62,,0.63,6.0,8.15,77.2,0.0,0.0,199.8,0.232,15.66,3.93,13.18,0.047,1.187,10.55,60.58,39.73,66.0,1.173,1.448,33.0,,2.574,6.188,56.4,0.994,1.82,69.1,8.946,61.2,1.092,25.993,5.427,94.93,,1.497,,74.12,1.519,4.76,,1.462,250.5,5.64,41.9,0
58.0,1.0,14.0,2.0,,38.0,19.0,,17.0,61.7,133.8,65.2,22.0,35.0,71.0,63.8,22.6122,87.0,168.0,81.0,30.2,16.5,1.2,1.7,6.6,8.0,7.0,7.7,15.5,12.8,0.5,0.3,3.8,2.6,2.4,3.4,12.4,4.1,26.6,25.9,5539.0,17.0,12.7,77.4,43.7,788.0,440.0,268.0,283.0,259.0,,2.408623,0.13,438.65847,,4.0,,7.0,,,6.0,,,323.0,,2.0,4.0,1.0,7.0,6.0,5.0,1.0,2.0,2.0,,0.0,1.0,10.0,3.0,1.0,2.0,2.0,2.0,2.0,0.0,2.0,2.0,,1.0,0.0,0.0,5.0,8.0,0.0,0.0,66.0,10.0,4.0,7.0,2.0,2.0,3.0,2.0,2.0,4.0,1.0,2.0,1.0,5.0,1.0,5.0,2.0,1.0,1.0,1.0,0.0,0.0,,,1.0,1.0,2.0,2.0,0.0,3.0,1.0,2.0,0.0,31.0,,1.0,1.0,0.0,0.0,,70.0,68.0,,1.0,0.0,0.01,0.28,0.51,11.24,,14.01,0.044,6.297,0.357,1.1,,31.48,,95.85,7.36,109.23,93.83,0.68,15.09,2.2,48.8,0.0,0.0,339.7,0.25,17.25,4.45,,0.042,2.188,4.5,,43.03,134.7,1.217,1.177,30.2,11.67,2.289,8.309,66.7,1.244,1.53,16.5,4.658,36.4,0.942,19.393,5.436,,,1.23,,38.46,8.629,,65.23,3.486,295.5,3.29,38.8,0
60.0,1.0,20.0,3.0,,6.0,,,16.0,99.2,184.6,89.3,56.0,15.0,120.0,112.6,37.551,130.0,173.0,97.0,49.1,51.0,8.8,5.0,11.9,7.2,12.9,7.5,50.8,61.6,,2.8,2.0,2.8,3.1,4.0,45.2,25.5,40.8,20.7,9252.0,43.2,27.1,80.3,31.8,725.0,426.0,406.0,277.0,214.0,1.526091,1.465047,1.71,230.346471,,,,,,5.0,,6.0,,28.0,,3.0,2.0,1.0,6.0,3.0,0.0,0.0,5.0,3.0,0.0,1.0,0.0,7.0,3.0,,1.0,1.0,,0.0,0.0,2.0,3.0,,2.0,13.0,0.0,3.0,2.0,0.0,0.0,19.0,,8.0,1.0,7.0,1.0,2.0,2.0,1.0,2.0,0.0,1.0,1.0,3.0,2.0,5.0,0.0,4.0,17.0,19.0,25.0,12.0,,0.0,6.0,7.0,5.0,2.0,2.0,3.0,1.0,4.0,8.0,31.0,1.0,0.0,0.0,0.0,0.0,,42.0,74.0,81.0,,1.0,0.01,0.14,0.14,2.62,,12.31,0.016,0.339,0.253,2.04,38.35,32.6,41.01,79.49,7.8,86.15,72.99,0.58,10.83,2.55,48.1,0.0,0.0,152.8,0.119,17.79,3.777,13.81,0.045,2.014,5.31,13.45,,58.9,1.619,,18.4,13.13,,6.613,82.4,0.724,2.65,23.1,4.508,49.9,1.594,26.591,,78.02,,1.367,,16.17,15.064,6.6,67.85,2.253,247.6,3.52,28.1,0
42.0,0.0,35.0,5.0,2.0,,,,,90.8,174.1,87.6,12.0,41.0,96.0,97.9,38.2596,125.0,160.0,86.0,34.3,37.8,6.3,3.1,7.3,11.2,6.3,6.0,35.0,19.9,0.9,2.6,2.5,2.9,1.9,2.2,22.2,26.4,22.4,27.6,5842.0,46.8,28.2,51.1,34.9,570.0,266.0,392.0,192.0,237.0,3.780322,1.754097,-0.081,124.312549,3.28,,,3.0,,50.0,,4.0,,60.0,,4.0,3.0,2.0,,6.0,8.0,1.0,4.0,3.0,1.0,,1.0,10.0,3.0,2.0,2.0,2.0,1.0,1.0,1.0,0.0,3.0,,0.0,,0.0,,0.0,3.0,2.0,82.0,4.0,6.0,6.0,2.0,2.0,2.0,2.0,4.0,0.0,2.0,0.0,0.0,2.0,3.0,5.0,1.0,1.0,2.0,1.0,0.0,4.0,3.0,,5.0,1.0,2.0,2.0,3.0,3.0,1.0,,0.0,17.0,20.0,1.0,0.0,0.0,,72.0,86.0,,,,0.0,0.18,1.68,0.09,0.85,37.74,16.47,,0.22,0.198,2.97,28.28,39.92,43.65,91.45,7.7,111.11,83.68,0.42,3.98,6.86,65.2,0.0,0.0,172.6,0.133,16.19,4.127,13.76,0.055,0.952,10.52,16.13,42.1,120.1,1.935,0.567,19.6,,,4.038,48.4,,1.55,34.3,,59.4,1.471,32.466,2.796,88.2,,0.999,,,1.21,10.8,82.11,,140.6,2.94,24.7,0
60.0,1.0,43.0,3.0,,25.0,17.0,9.0,14.0,81.0,157.6,59.0,49.0,47.0,100.0,94.5,32.496,114.0,170.0,96.0,27.5,30.5,3.5,2.7,17.7,8.4,9.6,10.8,26.9,33.2,0.9,1.2,4.2,2.8,3.2,3.3,40.4,9.4,33.4,21.9,8552.0,17.7,19.0,55.6,57.5,527.0,278.0,286.0,208.0,195.0,4.334268,2.472196,2.042,515.871359,3.87,,,1.0,1.0,303.0,,,29.0,288.0,,4.0,1.0,,0.0,6.0,3.0,0.0,4.0,1.0,1.0,0.0,1.0,7.0,3.0,,3.0,2.0,2.0,0.0,0.0,1.0,3.0,,,,0.0,0.0,2.0,0.0,4.0,9.0,1.0,8.0,1.0,6.0,2.0,5.0,2.0,1.0,2.0,4.0,1.0,0.0,3.0,1.0,5.0,2.0,3.0,,,1.0,7.0,,1.0,3.0,4.0,6.0,2.0,,3.0,3.0,4.0,0.0,20.0,7.0,,1.0,0.0,1.0,71.0,50.0,,85.0,0.0,0.0,0.2,,0.03,0.61,39.86,12.44,0.013,0.246,0.163,0.87,18.08,27.45,31.22,87.91,11.97,92.47,87.32,0.35,7.28,3.38,70.0,0.0,0.0,334.6,0.401,15.97,4.534,,0.033,0.491,4.83,42.56,39.35,139.2,1.961,0.918,28.3,0.33,2.197,4.49,110.5,,,15.6,3.71,26.8,1.569,51.502,4.841,,,1.017,,39.04,13.096,9.36,75.34,4.964,178.0,8.34,79.0,0
48.0,1.0,38.0,2.0,,7.0,,,,83.4,148.9,66.4,57.0,63.0,66.0,59.6,19.5845,86.0,175.0,89.0,25.3,13.4,1.9,3.2,,14.0,13.1,12.5,23.5,18.9,0.8,0.8,4.6,2.4,4.2,3.6,14.2,6.1,41.5,32.2,8412.0,15.3,9.8,79.0,40.8,571.0,294.0,,257.0,180.0,3.185355,3.057941,-1.058,355.964841,,,1.0,2.0,,,2.0,,166.0,335.0,,,3.0,7.0,6.0,7.0,0.0,1.0,2.0,2.0,2.0,2.0,1.0,7.0,1.0,2.0,2.0,3.0,2.0,0.0,1.0,1.0,3.0,52.142,0.0,0.0,6.0,3.0,8.0,4.0,0.0,11.0,8.0,13.0,1.0,7.0,2.0,1.0,4.0,2.0,2.0,2.0,4.0,0.0,3.0,3.0,,1.0,1.0,1.0,7.0,0.0,22.0,,,1.0,6.0,,2.0,1.0,3.0,2.0,2.0,0.0,,2.0,0.0,0.0,1.0,,,47.0,80.0,39.0,,0.0,0.13,1.27,0.6,,43.38,11.81,0.041,0.476,0.415,3.2,30.29,26.76,27.23,98.29,11.92,111.14,75.75,0.87,8.27,5.76,54.5,0.0,0.0,350.5,0.418,16.57,4.414,12.54,0.112,2.789,10.56,29.55,,,1.039,1.073,,0.51,2.52,5.63,55.8,0.754,3.21,12.7,7.33,43.1,,33.265,2.302,20.92,,1.041,,97.34,11.936,13.0,67.05,0.62,246.4,3.24,,0
52.0,1.0,17.0,1.0,,13.0,48.0,9.0,,81.5,176.5,47.8,25.0,14.0,110.0,61.2,26.6725,124.0,151.0,84.0,26.6,50.5,7.1,6.6,7.1,10.6,12.5,9.1,37.5,46.7,1.1,1.8,2.5,2.4,1.8,2.2,40.8,10.6,26.9,31.1,6082.0,41.3,35.2,62.7,30.4,679.0,341.0,267.0,256.0,239.0,2.053695,1.971547,0.738,406.599532,,,,7.0,3.0,306.0,,,100.0,36.0,3.0,3.0,2.0,4.0,3.0,7.0,0.0,3.0,6.0,2.0,2.0,0.0,0.0,6.0,3.0,1.0,3.0,1.0,2.0,0.0,0.0,1.0,3.0,,0.0,0.0,3.0,4.0,0.0,2.0,5.0,11.0,32.0,12.0,7.0,0.0,1.0,0.0,4.0,4.0,1.0,0.0,2.0,0.0,5.0,1.0,4.0,1.0,6.0,,,1.0,,,,8.0,6.0,2.0,3.0,3.0,4.0,3.0,3.0,3.0,23.0,48.0,1.0,0.0,0.0,1.0,,57.0,,87.0,,1.0,0.0,0.01,0.12,1.27,31.75,13.53,0.024,0.097,0.161,2.65,27.55,36.29,42.62,85.14,11.61,122.73,95.46,0.19,1.98,6.66,69.2,0.0,0.0,203.2,0.236,15.9,3.73,13.31,0.07,0.729,9.62,22.17,40.26,131.9,1.252,0.666,18.0,0.89,2.346,8.248,92.7,1.311,3.88,75.4,3.744,36.0,1.022,30.36,3.392,,,,,91.3,14.859,16.82,70.11,1.221,234.7,6.18,,0
68.0,0.0,45.0,2.0,,2.0,,4.0,15.0,88.1,187.3,69.7,3.0,11.0,120.0,67.9,29.5621,115.0,152.0,64.0,39.7,46.2,9.0,8.6,6.1,7.0,7.1,6.4,53.5,54.7,3.3,2.6,1.8,2.0,1.3,1.6,38.4,24.2,22.1,20.3,5724.0,46.4,45.1,36.4,31.5,514.0,279.0,300.0,208.0,182.0,1.838475,1.344836,,119.081622,,5.0,5.0,,4.0,,,,2.0,207.0,,,5.0,2.0,0.0,6.0,0.0,5.0,8.0,2.0,,,1.0,10.0,1.0,1.0,1.0,2.0,1.0,0.0,0.0,1.0,1.0,,1.0,1.0,2.0,1.0,8.0,0.0,7.0,6.0,6.0,0.0,0.0,10.0,2.0,1.0,3.0,2.0,3.0,1.0,3.0,1.0,5.0,1.0,5.0,2.0,5.0,2.0,0.0,0.0,,0.0,1.0,0.0,8.0,2.0,3.0,0.0,6.0,3.0,3.0,0.0,23.0,2.0,0.0,1.0,1.0,0.0,,46.0,,,1.0,1.0,0.01,0.19,0.07,1.56,26.92,12.34,0.028,0.96,0.289,1.03,23.59,30.15,45.86,,9.72,86.13,,0.37,8.51,2.88,66.1,0.0,0.0,348.4,0.339,16.26,4.094,14.95,0.056,1.146,4.36,23.91,50.19,,2.206,0.641,,14.74,2.242,3.32,69.4,1.019,,17.1,3.778,28.2,1.637,14.016,1.804,19.36,,1.049,,29.62,2.029,5.96,81.87,0.593,407.3,4.18,38.3,0
54.0,0.0,33.0,13.0,2.0,,21.0,0.0,,62.7,105.5,75.8,42.0,48.0,95.0,81.6,27.536,109.0,172.0,89.0,30.5,39.4,8.1,4.6,12.1,13.2,10.1,10.5,18.3,35.4,0.8,1.1,3.4,4.2,3.4,4.5,13.2,24.1,27.8,39.7,5994.0,28.7,15.2,81.2,50.3,652.0,315.0,277.0,212.0,,4.414816,4.238223,-1.022,519.71863,,,2.0,,,21.0,2.0,5.0,,,3.0,5.0,3.0,3.0,,6.0,0.0,,8.0,3.0,,,0.0,9.0,3.0,,1.0,2.0,1.0,3.0,2.0,1.0,4.0,57.999,2.0,0.0,0.0,1.0,10.0,1.0,,6.0,3.0,1.0,3.0,1.0,1.0,2.0,3.0,4.0,3.0,2.0,2.0,1.0,2.0,3.0,4.0,2.0,4.0,2.0,1.0,0.0,1.0,,,1.0,1.0,2.0,2.0,0.0,2.0,1.0,2.0,0.0,,1.0,1.0,1.0,0.0,0.0,73.0,59.0,67.0,61.0,,0.0,0.01,0.36,0.04,1.15,37.42,15.42,0.015,0.716,0.342,1.0,26.68,36.37,41.2,88.27,7.56,110.24,93.64,0.87,23.16,1.82,48.6,0.0,0.0,238.9,0.181,16.92,4.239,12.85,0.073,1.581,3.75,13.47,49.67,67.5,1.353,0.552,28.3,,2.569,3.543,64.7,0.781,3.29,23.5,5.095,34.5,1.33,17.65,1.862,180.32,,1.298,,,0.837,9.22,77.85,2.675,214.2,4.79,23.6,0
47.0,1.0,40.0,1.0,,36.0,,6.0,21.0,78.3,119.2,79.0,50.0,45.0,72.0,65.2,20.3405,87.0,179.0,97.0,22.5,23.2,2.2,2.4,13.6,10.9,10.9,9.2,21.8,19.6,1.2,0.9,4.2,2.8,4.4,4.2,15.7,5.8,38.0,31.8,8606.0,13.8,24.6,54.8,64.1,520.0,383.0,331.0,214.0,318.0,3.163285,2.995328,,665.073961,2.74,,,4.0,,250.0,2.0,,14.0,,3.0,2.0,,5.0,,2.0,,5.0,3.0,2.0,1.0,4.0,0.0,7.0,3.0,1.0,1.0,1.0,2.0,2.0,1.0,0.0,3.0,,0.0,,,1.0,9.0,3.0,0.0,22.0,8.0,1.0,1.0,0.0,2.0,3.0,1.0,2.0,1.0,3.0,0.0,0.0,0.0,1.0,4.0,2.0,6.0,15.0,16.0,10.0,16.0,,0.0,,0.0,2.0,2.0,,4.0,1.0,2.0,2.0,,2.0,,1.0,0.0,1.0,,39.0,,55.0,,1.0,,0.22,0.29,5.74,44.24,15.66,0.013,0.889,0.318,2.04,40.36,32.95,35.39,93.1,10.04,94.19,75.01,0.47,9.33,2.24,44.4,,0.0,386.6,0.388,16.26,4.752,11.84,0.031,1.924,5.06,19.03,40.28,67.7,1.471,0.746,18.9,0.84,2.481,4.927,51.7,0.737,1.57,23.5,,27.0,1.271,29.348,4.063,39.05,,1.268,,85.51,16.524,7.65,64.4,0.768,181.7,6.2,85.1,0
43.0,1.0,21.0,2.0,16.0,,,10.0,,104.4,110.6,92.6,54.0,56.0,103.0,72.7,21.7438,95.0,183.0,99.0,38.4,18.8,3.7,3.2,13.1,11.9,11.6,12.6,44.4,27.1,2.3,0.9,4.0,,3.6,4.3,22.0,25.7,36.3,40.1,7313.0,20.2,12.0,75.1,54.0,746.0,297.0,361.0,253.0,213.0,5.745795,3.493721,2.413,521.577534,2.78,,,,,26.0,3.0,,,288.0,,,2.0,5.0,6.0,7.0,5.0,6.0,7.0,2.0,1.0,3.0,1.0,6.0,4.0,,1.0,2.0,2.0,0.0,2.0,0.0,2.0,,1.0,0.0,0.0,4.0,0.0,,2.0,24.0,8.0,1.0,1.0,1.0,2.0,2.0,0.0,2.0,3.0,0.0,1.0,0.0,0.0,2.0,5.0,2.0,4.0,0.0,0.0,,0.0,0.0,,7.0,0.0,,2.0,0.0,2.0,,5.0,10.0,22.0,9.0,1.0,0.0,1.0,0.0,,,69.0,,,0.0,0.1,0.96,0.42,4.1,50.44,16.73,0.01,0.742,0.238,2.98,29.39,32.69,33.18,98.54,11.19,,83.78,0.26,2.6,6.39,62.9,0.0,0.0,243.8,0.273,17.38,5.119,15.65,0.059,1.421,10.15,56.77,46.09,87.2,1.815,0.593,20.7,0.65,2.195,5.097,65.2,0.876,3.02,139.0,9.888,68.8,1.234,,2.538,13.74,,0.922,,11.48,20.027,7.86,71.61,0.63,435.0,4.56,76.3,0
40.0,1.0,21.0,2.0,2.0,,,,16.0,73.7,,59.3,15.0,18.0,88.0,60.3,25.9373,110.0,152.0,91.0,35.5,19.4,2.5,3.8,10.1,9.4,10.2,7.9,,17.9,1.0,0.7,2.2,2.0,2.3,1.9,23.3,13.6,21.8,20.1,4691.0,17.8,23.2,37.0,26.2,431.0,278.0,241.0,181.0,195.0,3.74226,3.59257,1.318,580.919414,,,,,5.0,35.0,4.0,6.0,18.0,,3.0,3.0,1.0,3.0,6.0,7.0,0.0,6.0,,2.0,0.0,0.0,0.0,9.0,2.0,1.0,1.0,1.0,,0.0,0.0,0.0,2.0,,1.0,0.0,0.0,2.0,6.0,1.0,0.0,9.0,4.0,10.0,2.0,0.0,2.0,3.0,2.0,2.0,3.0,0.0,4.0,3.0,3.0,1.0,4.0,2.0,3.0,10.0,17.0,,4.0,2.0,,2.0,6.0,3.0,3.0,,5.0,1.0,5.0,5.0,17.0,45.0,0.0,0.0,0.0,1.0,86.0,68.0,,,0.0,0.0,0.01,0.15,0.56,6.99,43.11,12.67,0.008,0.376,0.232,3.45,43.07,27.98,29.4,95.16,8.48,129.62,100.25,0.75,,3.23,40.4,0.0,0.0,189.0,0.16,17.67,4.53,13.04,0.058,2.242,8.0,8.1,46.59,126.3,1.587,0.842,20.5,2.27,2.267,5.969,52.3,0.645,1.05,17.7,4.862,48.8,1.317,34.134,3.343,17.88,,0.939,,128.24,14.784,3.96,,3.55,216.3,,41.7,0
62.0,0.0,8.0,20.0,4.0,36.0,38.0,5.0,,89.1,150.2,95.4,24.0,27.0,110.0,65.2,25.9438,95.0,159.0,64.0,19.8,32.7,2.5,2.2,6.7,9.0,7.9,6.4,27.3,25.9,0.4,1.2,1.8,2.3,3.2,2.1,16.1,13.1,21.6,23.0,6059.0,24.7,37.6,42.4,27.6,563.0,443.0,367.0,297.0,278.0,5.635387,4.525737,2.128,,2.37,1.0,,,4.0,,,2.0,,242.0,,,4.0,7.0,1.0,7.0,7.0,5.0,5.0,3.0,4.0,1.0,0.0,6.0,2.0,2.0,1.0,1.0,2.0,3.0,2.0,0.0,2.0,58.678,0.0,3.0,5.0,0.0,2.0,1.0,5.0,10.0,4.0,4.0,5.0,1.0,3.0,5.0,4.0,2.0,2.0,1.0,2.0,2.0,3.0,2.0,4.0,1.0,4.0,,,,17.0,3.0,1.0,6.0,0.0,6.0,2.0,,2.0,1.0,4.0,0.0,16.0,43.0,0.0,1.0,0.0,0.0,,87.0,78.0,,,,0.13,1.18,0.1,0.91,46.15,13.78,0.025,0.302,0.281,3.67,33.14,26.21,29.87,87.74,12.04,108.37,75.75,0.37,3.32,6.82,61.5,0.0,0.0,585.7,0.579,17.09,5.259,13.86,0.121,1.815,11.09,11.18,45.61,30.4,1.252,1.542,18.8,14.64,,8.497,,0.674,3.72,32.5,4.219,30.1,1.389,24.718,5.532,17.11,308.9,1.034,,37.5,2.627,10.46,,1.286,213.4,6.12,13.7,0
41.0,1.0,38.0,5.0,46.0,,35.0,3.0,24.0,66.6,164.6,,55.0,36.0,109.0,75.0,22.5051,110.0,183.0,89.0,29.6,30.8,3.6,4.0,10.1,13.3,11.8,10.8,20.7,41.1,1.1,1.5,3.8,4.6,3.2,4.3,34.0,14.7,22.6,31.3,10018.0,22.6,45.5,49.3,36.7,510.0,221.0,242.0,193.0,193.0,4.50061,3.110471,,474.833531,,,,,2.0,,,,12.0,271.0,4.0,,2.0,5.0,0.0,7.0,0.0,1.0,4.0,3.0,1.0,2.0,1.0,5.0,2.0,1.0,3.0,3.0,2.0,1.0,2.0,1.0,2.0,,0.0,0.0,0.0,1.0,1.0,3.0,0.0,34.0,4.0,1.0,1.0,0.0,1.0,2.0,3.0,4.0,2.0,3.0,1.0,1.0,4.0,3.0,4.0,1.0,6.0,,17.0,9.0,21.0,5.0,,1.0,1.0,1.0,4.0,,3.0,2.0,4.0,8.0,22.0,2.0,1.0,1.0,0.0,1.0,,43.0,,,,0.0,0.01,0.12,0.07,0.76,43.96,16.36,,0.547,0.437,2.89,31.12,32.77,37.23,88.03,8.09,120.72,87.19,,2.21,6.12,65.8,0.0,0.0,133.9,0.108,15.62,4.994,14.67,0.125,2.799,,25.96,47.6,,1.482,0.678,17.1,5.49,2.194,,67.6,1.168,1.22,16.6,3.715,29.1,,30.084,2.227,21.98,,0.504,12.0,19.0,18.082,4.6,,1.413,274.7,6.43,57.4,0
52.0,1.0,1.0,3.0,,,,10.0,20.0,70.6,151.4,60.8,55.0,31.0,104.0,81.2,25.755,88.0,178.0,99.0,35.5,33.9,7.3,6.2,11.2,21.2,13.1,12.5,54.6,39.2,1.5,3.1,3.9,4.5,3.4,4.4,32.4,25.4,31.5,29.3,10173.0,27.4,32.1,71.0,57.9,524.0,287.0,234.0,217.0,217.0,5.434315,4.690876,2.376,,4.05,,1.0,3.0,,,,,,22.0,3.0,4.0,2.0,2.0,5.0,3.0,5.0,1.0,0.0,2.0,1.0,1.0,1.0,8.0,3.0,3.0,1.0,1.0,1.0,,0.0,0.0,4.0,,0.0,9.0,0.0,7.0,2.0,2.0,0.0,3.0,5.0,1.0,8.0,1.0,3.0,2.0,2.0,2.0,5.0,2.0,1.0,1.0,3.0,2.0,5.0,2.0,2.0,1.0,1.0,22.0,0.0,,,7.0,6.0,3.0,1.0,0.0,3.0,2.0,4.0,10.0,22.0,11.0,0.0,1.0,1.0,0.0,,88.0,,83.0,,0.0,0.02,0.22,0.04,0.48,45.61,16.56,0.019,0.133,0.303,2.33,30.4,30.21,36.3,83.22,8.6,113.97,87.62,0.34,4.38,4.95,64.5,0.0,0.0,220.5,0.19,17.28,5.481,12.96,0.032,0.782,7.67,33.05,45.91,43.8,1.302,1.17,56.1,0.19,2.41,6.525,96.4,1.353,2.2,123.4,5.215,52.4,0.802,16.674,4.618,,,1.003,,39.83,17.579,15.21,76.17,0.995,299.0,8.94,93.2,0
60.0,0.0,38.0,22.0,2.0,,,0.0,22.0,68.7,139.4,48.8,24.0,33.0,119.0,112.3,40.9569,98.0,166.0,90.0,41.8,42.0,6.5,6.6,6.3,7.4,9.5,8.3,34.6,31.6,0.8,0.8,1.7,2.9,3.0,2.2,32.5,22.9,23.3,21.1,7151.0,35.8,40.0,42.9,29.3,554.0,262.0,247.0,179.0,174.0,1.896615,1.072931,-1.209,122.166955,3.58,4.0,1.0,4.0,,,,,,308.0,3.0,3.0,2.0,1.0,1.0,0.0,0.0,2.0,7.0,2.0,,1.0,1.0,10.0,3.0,3.0,1.0,2.0,2.0,0.0,1.0,0.0,4.0,,1.0,7.0,0.0,0.0,2.0,5.0,0.0,6.0,3.0,3.0,1.0,8.0,2.0,2.0,3.0,4.0,0.0,1.0,1.0,2.0,,3.0,4.0,2.0,4.0,,15.0,24.0,0.0,3.0,,8.0,0.0,2.0,2.0,,2.0,1.0,1.0,10.0,31.0,2.0,0.0,1.0,1.0,,,,,,,0.0,0.15,1.23,0.41,3.28,47.04,12.69,0.013,0.21,0.192,,29.25,25.42,26.98,94.23,7.45,99.63,88.83,0.85,6.79,,59.4,0.0,0.0,203.2,0.151,16.64,4.992,12.76,0.052,,,,,63.0,,0.819,28.9,2.77,2.26,4.145,,0.759,,19.1,4.77,31.3,,20.028,2.011,62.63,,0.816,,24.37,0.718,13.8,66.46,0.656,307.8,4.47,74.7,0
54.0,0.0,28.0,3.0,,,,7.0,16.0,62.3,117.6,68.8,2.0,11.0,69.0,55.1,24.4294,87.0,150.0,79.0,13.0,15.8,2.5,3.7,6.5,6.0,5.8,6.0,16.7,37.6,0.8,0.5,2.1,1.9,2.0,1.9,12.5,,21.3,19.8,5101.0,27.5,27.3,38.9,26.8,619.0,453.0,413.0,291.0,297.0,4.110561,1.089839,1.455,138.709996,4.3,2.0,5.0,,5.0,350.0,4.0,,161.0,,,,0.0,3.0,7.0,7.0,0.0,7.0,6.0,3.0,0.0,0.0,0.0,6.0,1.0,1.0,1.0,2.0,2.0,1.0,0.0,0.0,3.0,58.23,2.0,4.0,0.0,3.0,2.0,0.0,1.0,22.0,2.0,5.0,0.0,1.0,3.0,3.0,1.0,2.0,2.0,0.0,1.0,2.0,2.0,1.0,3.0,2.0,5.0,,1.0,,0.0,0.0,,0.0,0.0,1.0,4.0,,3.0,1.0,3.0,1.0,25.0,37.0,,0.0,0.0,0.0,,80.0,,,,0.0,0.01,0.21,0.5,7.54,49.71,11.95,0.009,0.172,0.214,1.38,20.68,27.67,24.04,115.09,8.94,122.75,95.81,0.3,4.55,4.48,67.0,0.0,0.0,167.5,0.15,16.08,4.319,,0.048,1.184,6.69,14.86,41.51,81.5,,,23.9,18.23,2.48,8.125,47.5,,1.41,16.1,4.096,32.3,3.777,11.546,4.528,,,0.988,,,,5.05,67.88,2.867,193.1,3.3,50.6,0
67.0,1.0,12.0,3.0,,,,2.0,17.0,83.9,148.2,92.9,41.0,23.0,75.0,94.5,34.5578,92.0,165.0,84.0,36.4,38.8,2.5,4.0,8.2,8.1,6.5,7.3,26.5,27.1,2.0,0.7,2.1,1.8,1.7,1.4,33.0,7.5,21.1,,5225.0,35.1,9.0,65.2,26.3,640.0,320.0,286.0,258.0,194.0,2.703018,2.520207,,151.320112,,2.0,,2.0,,21.0,3.0,4.0,3.0,10.0,3.0,3.0,4.0,2.0,0.0,5.0,6.0,0.0,1.0,2.0,3.0,0.0,2.0,9.0,4.0,2.0,2.0,3.0,2.0,2.0,1.0,2.0,4.0,5.871,2.0,,0.0,1.0,2.0,4.0,0.0,8.0,4.0,6.0,1.0,28.0,2.0,1.0,4.0,0.0,2.0,2.0,3.0,0.0,3.0,1.0,5.0,2.0,3.0,21.0,,,,4.0,1.0,,,1.0,2.0,0.0,1.0,1.0,1.0,0.0,,,0.0,1.0,1.0,0.0,,91.0,65.0,,,0.0,0.19,1.91,0.11,1.14,36.01,11.98,0.031,0.975,0.197,2.89,29.14,31.78,33.26,95.55,8.9,87.28,84.06,1.0,10.07,5.73,57.7,0.0,,330.6,0.294,17.53,3.769,13.07,0.119,1.982,9.92,59.24,44.39,155.9,1.378,1.175,40.9,,2.337,5.624,71.1,0.654,1.42,71.8,3.606,27.0,,31.231,4.18,9.07,,,,68.64,12.028,,79.55,7.184,402.6,8.09,87.4,0
50.0,1.0,20.0,5.0,91.0,,,3.0,,94.1,,59.8,13.0,11.0,115.0,106.9,39.8653,119.0,164.0,94.0,48.3,40.2,7.2,3.8,9.2,7.2,6.7,7.5,20.6,40.9,2.3,1.2,1.8,2.2,2.5,1.8,41.7,18.1,30.4,20.2,6204.0,48.6,15.3,46.6,28.4,751.0,327.0,451.0,310.0,238.0,5.460585,2.635813,1.234,352.76805,4.74,3.0,,,,,2.0,,17.0,232.0,3.0,,1.0,5.0,1.0,7.0,1.0,1.0,1.0,3.0,4.0,,0.0,5.0,2.0,3.0,1.0,2.0,2.0,1.0,0.0,1.0,2.0,40.209,1.0,0.0,0.0,8.0,14.0,4.0,0.0,25.0,1.0,0.0,1.0,5.0,2.0,3.0,0.0,1.0,3.0,0.0,0.0,0.0,3.0,1.0,3.0,1.0,3.0,2.0,1.0,0.0,1.0,0.0,1.0,4.0,4.0,4.0,3.0,8.0,4.0,2.0,4.0,0.0,,3.0,1.0,0.0,0.0,1.0,68.0,51.0,63.0,36.0,0.0,0.0,0.0,0.02,0.64,6.88,40.08,,0.038,0.292,0.186,1.38,14.76,28.69,30.17,95.07,7.91,112.06,72.98,,1.96,7.12,76.4,0.0,0.0,282.2,0.223,17.92,4.215,14.75,0.04,1.242,9.32,60.22,47.86,100.9,,1.948,41.4,1.22,2.488,7.987,105.7,0.793,2.51,32.4,,58.8,,25.53,4.845,12.13,,,,40.64,9.878,10.52,68.83,3.805,311.9,8.0,15.5,0
43.0,1.0,20.0,6.0,,,43.0,1.0,16.0,105.3,223.1,97.6,20.0,50.0,77.0,68.0,25.8148,96.0,162.0,87.0,42.9,49.3,1.9,3.4,13.0,12.9,9.4,8.4,27.2,42.9,0.6,1.5,2.4,4.2,3.7,3.1,44.5,7.3,31.9,39.5,5944.0,29.7,36.1,41.5,34.4,581.0,323.0,318.0,270.0,217.0,16.303934,4.425502,3.143,676.285355,,,1.0,6.0,4.0,29.0,1.0,,,10.0,,1.0,,2.0,4.0,6.0,6.0,0.0,2.0,1.0,0.0,1.0,0.0,8.0,4.0,1.0,1.0,2.0,2.0,1.0,2.0,2.0,4.0,,1.0,11.0,1.0,7.0,2.0,6.0,0.0,16.0,4.0,1.0,2.0,2.0,3.0,2.0,3.0,3.0,1.0,0.0,1.0,0.0,2.0,2.0,5.0,2.0,3.0,1.0,0.0,1.0,0.0,0.0,,1.0,1.0,4.0,2.0,0.0,2.0,2.0,2.0,0.0,16.0,2.0,0.0,,1.0,0.0,,,,,0.0,0.0,0.0,0.04,0.49,5.17,46.92,16.81,0.021,0.208,0.379,1.73,18.41,33.74,35.83,94.16,8.24,95.89,85.4,0.29,3.07,6.88,73.3,0.0,0.0,192.7,0.159,,4.983,,0.04,0.96,9.39,11.37,51.43,141.4,1.324,0.784,23.9,,2.35,5.859,88.8,0.749,1.54,51.7,9.567,59.9,0.973,33.575,2.173,8.53,,1.204,80.6,14.36,13.727,12.17,,3.615,398.9,9.17,21.8,0
63.0,1.0,32.0,5.0,4.0,17.0,,4.0,19.0,74.5,132.7,,25.0,24.0,105.0,91.6,38.0142,113.0,155.0,82.0,30.0,40.7,9.5,7.4,12.8,6.0,6.5,6.2,30.3,29.5,3.4,3.8,3.3,1.8,2.4,1.7,30.8,16.0,21.4,19.7,5380.0,36.4,15.2,43.9,32.3,802.0,332.0,398.0,306.0,324.0,3.417334,2.452679,-0.584,428.19576,2.1,5.0,,,,66.0,7.0,5.0,12.0,8.0,3.0,,,3.0,5.0,7.0,0.0,,2.0,1.0,2.0,0.0,1.0,5.0,1.0,3.0,1.0,2.0,2.0,1.0,1.0,1.0,2.0,,1.0,11.0,,0.0,1.0,1.0,1.0,4.0,2.0,1.0,3.0,1.0,2.0,1.0,2.0,2.0,3.0,1.0,4.0,1.0,3.0,1.0,4.0,0.0,3.0,,6.0,,0.0,,1.0,7.0,6.0,1.0,2.0,0.0,5.0,1.0,4.0,0.0,29.0,2.0,1.0,1.0,1.0,1.0,,59.0,69.0,80.0,,0.0,0.15,2.38,0.46,7.29,37.06,15.58,0.007,,0.072,3.04,47.8,41.0,42.02,97.56,7.65,105.16,89.45,,5.57,2.35,37.0,0.0,0.0,389.3,0.298,15.53,3.799,14.01,0.054,0.992,6.37,37.04,48.98,80.4,1.194,0.886,50.2,6.32,,7.174,66.5,0.803,3.88,155.3,5.915,,0.875,13.15,4.579,,,1.258,16.9,91.83,18.771,24.22,76.15,1.3,289.8,4.2,38.2,0
63.0,1.0,11.0,2.0,,,,1.0,24.0,61.1,81.8,,22.0,12.0,66.0,63.1,19.6678,88.0,179.0,87.0,17.8,19.2,1.6,1.8,6.7,6.2,7.2,7.9,21.4,14.5,0.6,0.6,3.2,2.1,1.8,2.1,15.1,10.3,30.7,20.0,5084.0,13.5,8.1,38.2,31.6,620.0,427.0,433.0,325.0,269.0,4.18805,4.020528,,381.208592,4.1,3.0,,,,288.0,,4.0,,,1.0,5.0,4.0,3.0,,6.0,5.0,1.0,1.0,2.0,2.0,2.0,1.0,4.0,2.0,,1.0,2.0,1.0,2.0,0.0,1.0,4.0,,,16.0,0.0,5.0,3.0,5.0,5.0,1.0,2.0,11.0,7.0,0.0,3.0,2.0,3.0,2.0,1.0,1.0,1.0,4.0,5.0,3.0,5.0,2.0,6.0,24.0,3.0,28.0,9.0,1.0,,1.0,1.0,2.0,1.0,195.0,2.0,1.0,1.0,,29.0,12.0,1.0,,1.0,1.0,67.0,55.0,82.0,89.0,,0.0,0.09,0.91,0.2,1.93,37.29,15.15,0.031,0.952,0.271,1.74,16.92,33.73,40.64,83.01,8.81,91.01,72.09,0.48,4.72,7.76,75.5,0.0,0.0,279.0,0.246,15.57,4.492,13.31,0.039,0.891,10.28,8.04,48.82,127.5,1.542,1.044,24.6,13.05,2.354,3.866,58.6,1.044,3.3,20.5,,34.1,1.197,30.665,,15.39,274.7,1.246,,,7.898,7.27,,4.075,126.0,3.24,14.0,0
50.0,1.0,15.0,3.0,56.0,,37.0,1.0,16.0,95.6,,77.5,29.0,47.0,68.0,61.4,20.9831,90.0,171.0,89.0,20.4,27.1,2.0,2.4,11.5,7.8,10.5,12.5,36.1,30.0,0.4,0.4,2.2,2.5,1.8,4.2,17.1,7.0,36.2,23.2,6720.0,29.6,19.9,65.4,52.0,689.0,261.0,337.0,211.0,210.0,2.436263,2.338812,0.781,451.498919,4.21,5.0,,,,,1.0,,,246.0,4.0,1.0,1.0,6.0,6.0,6.0,4.0,5.0,4.0,1.0,1.0,1.0,1.0,6.0,2.0,2.0,1.0,3.0,2.0,2.0,1.0,0.0,1.0,73.18,0.0,0.0,6.0,4.0,1.0,1.0,0.0,28.0,5.0,1.0,4.0,4.0,2.0,3.0,3.0,2.0,0.0,1.0,3.0,2.0,4.0,1.0,5.0,1.0,1.0,,,1.0,0.0,0.0,,2.0,9.0,1.0,2.0,,6.0,2.0,2.0,6.0,21.0,3.0,0.0,0.0,0.0,1.0,,79.0,,,,1.0,0.17,3.1,0.09,,32.13,15.47,0.007,0.22,0.273,0.93,17.05,41.55,48.13,86.33,11.59,120.52,89.3,0.7,12.83,3.57,65.3,0.0,0.0,195.3,0.226,16.36,3.722,14.56,0.078,1.292,5.47,,,106.5,1.731,0.864,51.6,1.42,2.351,4.141,,1.037,1.99,133.7,3.693,17.5,2.46,16.655,2.96,12.58,,1.113,,4.48,17.902,52.18,69.32,4.521,334.7,4.05,26.1,0
41.0,1.0,10.0,5.0,,,,1.0,15.0,74.6,159.8,62.1,75.0,59.0,85.0,120.4,34.1461,99.0,188.0,112.0,31.8,45.7,5.5,5.8,19.3,14.0,12.9,,20.2,25.5,1.1,1.5,5.0,5.5,4.6,4.5,22.0,22.8,42.0,41.8,10005.0,27.4,40.4,80.1,51.3,457.0,230.0,269.0,200.0,173.0,6.135315,5.889903,,,,2.0,2.0,5.0,,7.0,4.0,4.0,,27.0,,3.0,3.0,6.0,1.0,6.0,0.0,0.0,1.0,3.0,1.0,2.0,0.0,7.0,2.0,2.0,1.0,1.0,1.0,1.0,1.0,0.0,3.0,0.692,0.0,,1.0,0.0,2.0,2.0,0.0,1.0,7.0,0.0,5.0,8.0,1.0,0.0,2.0,3.0,2.0,1.0,1.0,1.0,3.0,1.0,3.0,2.0,4.0,,,21.0,8.0,0.0,0.0,2.0,0.0,1.0,2.0,13.0,3.0,2.0,3.0,10.0,17.0,3.0,1.0,1.0,1.0,1.0,64.0,85.0,,,0.0,0.0,0.02,0.36,0.03,0.59,33.98,13.57,0.034,0.208,,2.79,51.24,32.34,39.92,81.02,8.67,98.17,,0.33,6.15,2.27,41.7,0.0,0.0,150.3,0.13,17.3,4.194,12.22,0.043,0.602,5.44,43.78,44.49,117.3,2.189,0.744,,4.76,2.502,4.574,,1.034,1.52,137.2,3.819,33.8,2.281,23.509,4.675,112.55,,0.776,,53.04,7.566,5.52,71.08,2.451,,3.66,36.0,0
48.0,1.0,13.0,1.0,,,30.0,,21.0,102.9,154.8,61.9,29.0,44.0,70.0,86.9,31.3389,106.0,167.0,92.0,36.1,46.3,6.8,2.8,9.9,8.2,12.6,6.8,30.7,,2.5,2.2,2.5,3.7,2.9,2.8,46.2,17.4,30.3,32.3,7285.0,17.4,19.7,75.3,55.6,551.0,295.0,318.0,185.0,197.0,5.212105,3.638721,,558.450039,,,,2.0,,285.0,,3.0,,276.0,4.0,,4.0,7.0,1.0,7.0,5.0,1.0,1.0,3.0,,,0.0,8.0,2.0,2.0,1.0,3.0,2.0,3.0,0.0,0.0,3.0,,1.0,7.0,1.0,1.0,1.0,5.0,1.0,35.0,6.0,0.0,0.0,8.0,2.0,4.0,2.0,0.0,3.0,4.0,5.0,1.0,3.0,1.0,4.0,2.0,2.0,8.0,,0.0,0.0,,1.0,4.0,3.0,2.0,4.0,,2.0,1.0,3.0,,15.0,,0.0,0.0,0.0,0.0,,85.0,,76.0,,0.0,,0.05,0.19,1.06,39.16,15.41,0.013,0.829,0.419,14.01,76.24,35.38,39.35,89.9,10.3,103.32,75.74,0.56,3.03,3.6,19.6,0.0,0.0,210.5,0.217,16.32,4.356,12.92,0.102,1.817,18.38,51.77,45.48,154.9,1.246,1.068,23.2,6.71,2.52,6.129,90.1,0.864,,12.7,9.295,61.4,1.326,35.329,2.538,9.68,309.6,1.167,,32.03,15.626,14.12,81.8,5.018,497.5,7.36,73.8,0
65.0,1.0,4.0,1.0,,,,7.0,20.0,84.2,128.4,60.6,39.0,21.0,123.0,68.8,23.9517,127.0,169.0,93.0,23.6,25.4,9.4,,11.4,10.4,7.7,8.1,52.0,36.6,3.4,2.6,2.1,4.2,2.1,2.4,37.6,22.7,32.2,21.8,8179.0,,49.5,49.7,,434.0,257.0,339.0,168.0,189.0,2.960464,2.842046,-1.067,215.690218,4.63,,4.0,,3.0,353.0,5.0,,155.0,,3.0,3.0,0.0,2.0,4.0,7.0,0.0,6.0,0.0,3.0,1.0,0.0,1.0,5.0,3.0,1.0,3.0,2.0,2.0,0.0,0.0,0.0,3.0,6.627,2.0,0.0,0.0,1.0,2.0,5.0,5.0,14.0,5.0,1.0,3.0,1.0,2.0,5.0,1.0,0.0,,1.0,1.0,2.0,1.0,3.0,4.0,1.0,4.0,1.0,0.0,,0.0,,1.0,9.0,1.0,3.0,2.0,0.0,4.0,1.0,2.0,12.0,16.0,44.0,1.0,0.0,1.0,0.0,,,81.0,85.0,,0.0,0.19,5.43,0.12,3.38,44.6,14.07,0.016,0.298,0.195,0.84,23.41,29.76,31.55,94.32,11.79,101.19,,0.36,10.18,2.06,57.6,0.0,0.0,352.2,0.415,,4.729,13.28,0.056,0.848,3.57,18.68,40.13,74.7,1.806,,440.0,1.04,2.335,7.058,46.1,0.674,2.77,24.3,6.988,33.4,,20.661,4.329,,1727.4,1.427,,,13.201,24.98,,4.601,173.3,4.62,25.6,0
60.0,0.0,5.0,2.0,2.0,2.0,35.0,5.0,,61.4,118.1,60.0,34.0,32.0,81.0,69.9,21.0806,95.0,182.0,94.0,33.4,35.8,1.9,1.8,6.7,9.8,7.3,12.3,19.0,20.6,0.2,0.6,2.5,4.1,2.2,4.2,21.0,7.0,39.9,25.4,8438.0,28.8,18.3,70.5,57.7,555.0,257.0,293.0,236.0,231.0,4.11428,1.637349,,661.995511,,4.0,,,,,,6.0,21.0,,4.0,3.0,2.0,6.0,1.0,6.0,6.0,1.0,7.0,2.0,1.0,2.0,1.0,7.0,3.0,4.0,1.0,2.0,,2.0,2.0,0.0,,76.112,0.0,1.0,4.0,1.0,10.0,14.0,2.0,5.0,8.0,1.0,1.0,10.0,2.0,1.0,1.0,3.0,2.0,1.0,1.0,0.0,3.0,2.0,5.0,1.0,3.0,1.0,11.0,0.0,2.0,,1.0,1.0,,3.0,1.0,0.0,3.0,2.0,4.0,3.0,13.0,,1.0,1.0,0.0,1.0,,,92.0,,0.0,1.0,0.02,0.14,0.4,,32.9,11.96,0.133,0.885,0.363,1.56,14.03,28.88,36.34,79.48,7.8,67.15,,0.58,5.25,8.55,77.0,0.0,0.0,196.5,0.153,15.21,4.14,15.14,0.036,2.242,11.11,8.51,46.87,147.5,,0.882,34.6,13.47,2.559,6.994,104.8,0.929,1.8,109.4,4.229,34.5,1.857,20.364,5.695,,,1.105,,31.25,0.779,4.96,67.97,5.464,268.4,8.75,,0
67.0,1.0,33.0,1.0,6.0,26.0,,,23.0,82.7,157.1,99.4,56.0,54.0,104.0,,23.5157,99.0,173.0,100.0,15.6,19.6,2.6,2.6,13.1,10.2,10.0,12.5,17.8,28.3,0.4,,4.8,4.7,3.8,2.7,25.3,13.5,39.6,36.4,8694.0,13.4,15.2,74.5,53.4,738.0,438.0,402.0,240.0,308.0,4.73908,3.699925,-0.984,265.819486,3.95,1.0,2.0,,,258.0,,,,,,,2.0,4.0,7.0,6.0,0.0,0.0,5.0,3.0,0.0,,1.0,6.0,3.0,2.0,2.0,1.0,2.0,0.0,1.0,0.0,3.0,45.643,1.0,9.0,7.0,4.0,2.0,4.0,0.0,0.0,5.0,2.0,0.0,0.0,2.0,5.0,1.0,5.0,1.0,0.0,2.0,2.0,3.0,3.0,5.0,2.0,3.0,4.0,,5.0,7.0,0.0,1.0,2.0,8.0,1.0,1.0,5.0,2.0,3.0,2.0,7.0,19.0,18.0,1.0,1.0,0.0,0.0,87.0,90.0,82.0,50.0,0.0,0.0,0.0,0.01,0.64,5.69,44.49,16.7,0.028,0.101,0.153,1.18,10.49,32.52,37.54,86.62,,88.13,74.97,2.58,,6.83,60.9,0.0,0.0,311.0,0.277,17.49,5.136,12.05,0.028,1.152,11.23,16.06,50.19,129.5,,0.619,54.8,12.67,2.418,4.031,87.2,0.88,4.5,152.6,3.714,26.0,1.85,,2.043,4.07,,0.848,,,12.903,16.53,83.17,1.108,353.1,8.07,65.0,0
57.0,0.0,26.0,1.0,,,44.0,4.0,,73.9,133.9,53.1,11.0,30.0,93.0,65.4,28.0395,114.0,153.0,94.0,33.7,34.5,3.7,8.5,6.6,6.3,9.4,10.9,30.9,33.9,1.4,1.0,2.0,2.1,1.9,3.4,46.9,20.2,31.7,26.2,5845.0,20.3,12.6,48.0,39.1,588.0,258.0,295.0,197.0,238.0,3.135802,2.002465,1.529,,,,4.0,1.0,4.0,302.0,,,,11.0,,5.0,1.0,6.0,1.0,2.0,18.0,3.0,7.0,2.0,4.0,0.0,1.0,7.0,4.0,,2.0,3.0,2.0,0.0,0.0,1.0,3.0,,1.0,11.0,0.0,1.0,3.0,2.0,2.0,0.0,2.0,13.0,5.0,0.0,2.0,1.0,5.0,4.0,,4.0,3.0,0.0,3.0,3.0,2.0,2.0,5.0,1.0,,21.0,0.0,,,4.0,3.0,2.0,2.0,3.0,2.0,2.0,3.0,254.0,23.0,45.0,1.0,,0.0,0.0,,41.0,92.0,,1.0,0.0,0.02,0.42,0.18,4.53,53.78,16.93,0.019,0.141,0.202,1.64,40.99,31.08,31.48,98.73,11.77,115.96,95.15,0.39,9.69,1.78,44.4,0.0,0.0,359.1,0.423,,5.447,14.93,0.097,1.581,4.0,14.09,40.48,140.4,,0.645,40.5,21.71,2.201,4.962,58.9,1.389,1.14,19.8,9.23,45.4,1.174,24.625,2.276,52.63,,0.906,,77.93,,14.28,73.69,1.043,421.6,,101.2,0
66.0,1.0,37.0,4.0,3.0,7.0,,,14.0,,177.1,,10.0,20.0,91.0,53.2,22.5718,108.0,153.0,91.0,19.7,30.0,5.3,3.5,8.1,6.5,8.4,6.7,17.9,24.0,1.2,2.2,1.8,1.9,1.5,4.2,41.7,7.9,21.9,19.9,5273.0,40.4,27.8,73.5,27.4,800.0,375.0,362.0,282.0,171.0,2.678549,2.571407,1.74,619.711067,2.01,,,,,22.0,,,31.0,12.0,,,2.0,1.0,0.0,3.0,0.0,2.0,1.0,2.0,0.0,0.0,0.0,9.0,2.0,2.0,1.0,1.0,2.0,2.0,0.0,2.0,,,2.0,7.0,0.0,2.0,3.0,6.0,0.0,22.0,7.0,7.0,1.0,7.0,2.0,5.0,1.0,1.0,2.0,1.0,0.0,4.0,4.0,2.0,2.0,1.0,2.0,,,0.0,0.0,0.0,1.0,7.0,6.0,2.0,1.0,6.0,1.0,2.0,1.0,,16.0,37.0,0.0,1.0,1.0,1.0,84.0,93.0,90.0,96.0,0.0,0.0,0.02,0.32,1.65,28.4,52.24,11.71,0.024,0.705,0.237,1.86,32.01,22.5,23.08,100.39,,117.89,88.83,0.22,3.79,2.06,35.5,0.0,0.0,,0.125,16.4,5.203,13.31,,0.759,5.81,17.69,50.43,45.1,1.81,,19.2,10.21,2.483,4.094,49.1,0.649,1.07,20.5,5.648,56.1,1.187,21.263,2.682,,,1.192,,57.83,,7.8,,0.665,222.3,3.68,66.3,0
66.0,1.0,2.0,2.0,,36.0,48.0,8.0,18.0,89.5,174.2,84.2,41.0,54.0,109.0,108.5,31.9374,118.0,184.0,99.0,40.6,39.2,9.9,2.5,12.0,13.7,7.6,9.4,49.0,25.3,3.1,1.3,3.4,2.1,4.7,3.1,47.5,21.9,40.9,28.5,9014.0,38.7,44.0,58.8,51.4,649.0,410.0,260.0,288.0,221.0,6.027851,4.159023,0.599,693.885701,,,2.0,3.0,3.0,,,,,284.0,2.0,,3.0,3.0,1.0,3.0,0.0,4.0,4.0,2.0,,0.0,0.0,10.0,4.0,2.0,1.0,2.0,2.0,0.0,1.0,0.0,3.0,,2.0,11.0,0.0,,1.0,5.0,2.0,22.0,5.0,2.0,0.0,0.0,2.0,0.0,2.0,2.0,0.0,2.0,0.0,2.0,1.0,1.0,4.0,1.0,3.0,1.0,4.0,0.0,,0.0,1.0,5.0,,3.0,4.0,2.0,4.0,1.0,,0.0,30.0,48.0,,1.0,0.0,0.0,71.0,61.0,96.0,82.0,0.0,0.0,0.0,0.09,0.14,3.65,45.39,13.82,0.025,1.017,0.401,1.8,45.43,27.94,30.44,91.79,10.51,101.57,91.36,0.18,4.43,1.84,46.4,0.0,0.0,369.9,0.389,16.03,4.945,16.03,0.112,2.564,,54.1,,131.8,1.517,1.484,,4.58,2.336,8.409,111.4,,,,4.753,51.9,1.607,10.53,5.087,178.07,,1.318,,,16.223,10.73,73.95,0.971,428.3,6.28,42.6,0
64.0,0.0,16.0,2.0,,21.0,41.0,,15.0,79.4,115.8,85.6,33.0,41.0,107.0,103.8,36.8115,97.0,168.0,84.0,48.1,24.4,3.8,3.8,8.2,7.2,6.3,10.3,41.1,46.3,1.6,1.9,2.3,3.7,3.5,2.2,47.2,12.7,25.9,30.6,7459.0,38.7,37.7,52.0,36.3,785.0,450.0,435.0,306.0,273.0,,2.529039,-0.163,147.299201,4.7,,,5.0,2.0,,,5.0,89.0,22.0,,3.0,2.0,4.0,7.0,7.0,4.0,1.0,3.0,3.0,0.0,0.0,0.0,10.0,2.0,1.0,1.0,2.0,1.0,1.0,1.0,1.0,4.0,,0.0,0.0,0.0,5.0,1.0,0.0,4.0,1.0,5.0,4.0,2.0,0.0,1.0,0.0,4.0,5.0,0.0,0.0,1.0,0.0,3.0,1.0,5.0,2.0,3.0,0.0,0.0,,,0.0,1.0,2.0,6.0,3.0,2.0,,1.0,,3.0,0.0,16.0,2.0,0.0,0.0,1.0,,76.0,84.0,85.0,89.0,,0.0,0.01,0.14,0.02,0.34,34.84,15.41,0.028,0.193,0.363,2.38,39.25,37.32,44.23,84.36,10.24,87.49,92.66,,15.29,2.73,,0.0,,369.6,0.378,17.98,4.13,12.86,0.092,1.062,6.06,71.49,45.3,54.1,1.938,0.589,,19.03,,5.013,63.0,0.856,1.32,26.0,9.011,37.9,,,4.247,,,0.961,13.8,23.82,1.813,14.28,78.51,4.931,,,102.1,0
58.0,1.0,1.0,4.0,,9.0,,8.0,15.0,96.7,162.2,87.5,69.0,56.0,72.0,71.3,20.2108,93.0,188.0,95.0,27.7,24.1,2.9,5.3,13.0,12.5,13.1,9.8,18.4,12.8,0.5,0.6,4.7,3.2,3.3,,33.5,5.0,42.3,39.3,9470.0,26.2,26.6,74.7,55.8,643.0,406.0,369.0,311.0,321.0,,,-0.495,,,3.0,3.0,1.0,4.0,45.0,,,,105.0,,3.0,5.0,6.0,6.0,4.0,0.0,1.0,3.0,2.0,1.0,,0.0,7.0,2.0,3.0,1.0,1.0,1.0,0.0,0.0,2.0,3.0,4.19,0.0,0.0,0.0,5.0,8.0,4.0,7.0,22.0,4.0,10.0,6.0,12.0,1.0,3.0,2.0,2.0,4.0,0.0,1.0,4.0,0.0,1.0,5.0,2.0,4.0,2.0,0.0,0.0,0.0,2.0,1.0,5.0,4.0,3.0,2.0,0.0,6.0,1.0,5.0,0.0,17.0,3.0,1.0,,0.0,0.0,,62.0,,86.0,,1.0,0.18,3.42,0.03,0.55,39.9,12.54,0.008,1.029,0.205,1.53,28.73,31.27,31.42,99.53,11.26,113.25,93.08,0.2,3.83,3.39,63.5,0.0,0.0,138.8,0.156,16.11,4.009,15.72,0.055,1.734,5.34,69.89,50.39,66.0,,,18.5,0.46,2.588,8.107,104.2,1.337,1.9,14.5,5.339,32.7,1.769,20.803,3.397,15.52,,,,82.92,11.345,12.27,72.83,3.334,509.5,,,0
59.0,1.0,10.0,1.0,4.0,,,6.0,,89.8,117.6,94.0,33.0,24.0,73.0,69.7,22.8292,91.0,175.0,86.0,40.2,13.0,2.4,2.9,10.6,6.4,11.1,7.5,20.7,20.7,1.0,0.8,3.6,1.8,1.6,2.1,27.6,6.9,28.7,27.6,5328.0,24.3,11.3,54.0,35.9,577.0,243.0,268.0,210.0,182.0,2.904313,2.005114,-0.703,578.267811,4.7,,,4.0,,,4.0,,,355.0,,,3.0,2.0,7.0,2.0,5.0,5.0,6.0,3.0,2.0,1.0,2.0,9.0,1.0,1.0,2.0,2.0,2.0,0.0,0.0,1.0,,,0.0,0.0,0.0,2.0,2.0,5.0,6.0,11.0,1.0,11.0,1.0,20.0,2.0,3.0,2.0,3.0,1.0,2.0,1.0,0.0,4.0,1.0,1.0,2.0,2.0,0.0,1.0,1.0,,0.0,1.0,2.0,0.0,1.0,4.0,,3.0,1.0,1.0,0.0,,46.0,1.0,0.0,0.0,0.0,,88.0,,,0.0,0.0,0.19,3.59,0.11,2.07,48.49,12.2,0.015,0.464,0.575,1.86,,23.69,25.15,,12.07,121.77,82.32,0.44,8.36,2.7,50.9,0.0,0.0,181.8,0.219,,5.148,12.17,0.125,1.952,5.3,21.87,41.58,135.1,,1.568,44.3,15.61,2.22,7.76,117.1,0.853,,42.7,4.746,28.8,0.911,20.91,5.014,128.32,,0.991,,,15.366,4.47,65.75,4.635,249.9,7.73,34.5,0
49.0,1.0,33.0,1.0,,16.0,,,14.0,,163.8,71.0,58.0,56.0,122.0,136.1,39.0485,128.0,187.0,99.0,40.0,43.5,7.4,,11.7,13.8,13.1,13.4,43.3,42.7,3.7,2.7,4.1,4.6,4.2,4.5,42.7,20.9,49.0,37.8,10195.0,44.2,28.6,89.4,54.7,433.0,226.0,236.0,170.0,199.0,2.008695,,0.567,366.112951,1.56,3.0,,,2.0,95.0,3.0,,,,2.0,6.0,3.0,,2.0,6.0,6.0,1.0,5.0,2.0,1.0,,0.0,6.0,3.0,2.0,1.0,1.0,1.0,0.0,2.0,1.0,4.0,,0.0,0.0,6.0,1.0,1.0,1.0,0.0,17.0,3.0,14.0,6.0,4.0,2.0,0.0,3.0,5.0,2.0,1.0,2.0,4.0,3.0,1.0,5.0,0.0,2.0,18.0,9.0,0.0,,2.0,0.0,1.0,0.0,4.0,1.0,1.0,4.0,1.0,2.0,,17.0,40.0,,0.0,0.0,,,81.0,86.0,,,0.0,0.0,0.04,0.48,5.5,45.12,16.95,0.021,0.292,0.284,1.08,12.36,33.81,37.55,90.03,7.72,112.17,92.99,0.77,8.84,6.4,73.3,0.0,0.0,,0.224,16.34,5.012,12.5,0.043,2.439,8.73,50.37,39.75,151.8,,1.493,33.1,,2.463,6.741,86.2,0.713,2.03,29.1,5.526,40.8,1.852,,5.037,17.39,,,,13.23,15.657,9.65,77.58,1.054,191.2,4.62,97.8,0
59.0,0.0,26.0,2.0,3.0,8.0,,6.0,23.0,81.1,142.3,74.7,11.0,23.0,117.0,102.4,38.6466,97.0,163.0,93.0,49.1,47.2,5.8,3.7,6.5,10.2,7.3,6.6,19.2,35.6,1.7,1.1,2.5,3.1,1.7,2.4,38.4,26.7,25.7,24.7,6115.0,22.5,28.9,40.7,33.5,949.0,461.0,457.0,331.0,308.0,3.336457,2.725123,,353.455044,,,,1.0,1.0,22.0,,4.0,98.0,76.0,,6.0,4.0,6.0,,5.0,0.0,6.0,8.0,1.0,0.0,0.0,0.0,5.0,2.0,3.0,1.0,1.0,2.0,0.0,0.0,0.0,3.0,,0.0,0.0,0.0,2.0,0.0,5.0,0.0,21.0,1.0,1.0,6.0,0.0,2.0,4.0,3.0,2.0,4.0,1.0,1.0,2.0,2.0,1.0,5.0,2.0,4.0,0.0,0.0,0.0,,,,4.0,0.0,2.0,4.0,0.0,2.0,1.0,3.0,8.0,14.0,,0.0,0.0,1.0,1.0,,85.0,75.0,96.0,,0.0,0.01,0.14,0.29,2.84,49.76,18.93,0.124,1.008,0.195,3.05,29.53,35.56,38.05,93.46,11.24,118.6,91.97,0.24,2.32,6.73,65.2,0.0,0.0,191.3,0.215,16.94,5.325,14.0,0.115,2.785,10.33,56.9,45.11,115.0,1.186,0.806,41.0,5.44,,4.896,97.8,0.825,1.35,141.3,5.001,41.1,1.062,16.076,2.533,18.69,,1.0,,22.35,1.659,13.35,79.22,1.406,301.3,5.14,95.3,0
59.0,0.0,38.0,2.0,4.0,8.0,,,,85.6,122.2,55.4,42.0,41.0,87.0,75.9,24.2748,119.0,177.0,91.0,24.9,25.8,3.9,7.7,6.7,11.8,6.2,8.8,40.5,32.7,1.2,2.4,4.4,2.6,4.2,2.0,21.0,12.0,31.7,24.0,7547.0,40.4,19.9,52.2,53.7,678.0,300.0,256.0,193.0,210.0,2.980005,1.628318,,298.11754,,,,3.0,1.0,197.0,3.0,4.0,119.0,271.0,,3.0,3.0,5.0,3.0,4.0,0.0,7.0,5.0,2.0,2.0,4.0,0.0,9.0,3.0,1.0,3.0,3.0,1.0,2.0,0.0,0.0,2.0,,1.0,14.0,,3.0,6.0,4.0,0.0,4.0,3.0,13.0,7.0,1.0,2.0,2.0,3.0,2.0,5.0,1.0,1.0,2.0,3.0,1.0,4.0,1.0,6.0,16.0,0.0,,0.0,0.0,1.0,1.0,5.0,2.0,1.0,0.0,2.0,1.0,3.0,4.0,14.0,2.0,0.0,0.0,0.0,0.0,,81.0,,,,0.0,0.01,0.16,0.02,0.28,45.93,15.26,0.023,,,1.48,16.7,29.42,33.23,88.52,,90.83,85.49,0.98,11.12,6.34,71.7,0.0,0.0,262.3,0.225,15.9,5.189,12.53,0.101,1.927,8.84,8.65,50.27,65.5,1.354,1.113,40.5,11.97,2.411,7.003,90.3,1.138,,13.1,,58.3,0.898,18.562,5.057,14.07,,1.039,,3.94,1.49,14.7,78.61,0.93,403.9,6.59,98.4,0
67.0,0.0,31.0,5.0,31.0,41.0,,5.0,16.0,104.1,182.6,,10.0,26.0,119.0,54.1,22.9931,119.0,153.0,80.0,48.4,42.6,2.2,7.2,6.6,8.2,7.2,4.5,34.2,41.3,2.2,1.9,2.4,1.9,1.9,2.4,30.4,12.4,25.4,20.1,5024.0,37.1,50.0,32.4,35.6,808.0,468.0,974.0,455.0,378.0,1.924263,,-1.323,99.628996,,3.0,,4.0,6.0,32.0,,,,27.0,2.0,3.0,0.0,,,0.0,0.0,3.0,3.0,1.0,5.0,0.0,0.0,5.0,1.0,2.0,3.0,3.0,1.0,3.0,1.0,1.0,3.0,,1.0,0.0,,1.0,1.0,1.0,7.0,37.0,1.0,0.0,1.0,6.0,1.0,3.0,2.0,2.0,2.0,3.0,0.0,0.0,4.0,1.0,3.0,1.0,6.0,,,4.0,0.0,,1.0,2.0,8.0,2.0,2.0,52.0,2.0,1.0,2.0,9.0,26.0,2.0,,1.0,0.0,1.0,69.0,53.0,,45.0,,1.0,0.01,0.13,0.21,2.18,39.58,13.53,0.013,0.353,0.279,1.27,13.12,33.19,34.17,97.12,8.74,115.88,86.23,0.71,7.29,7.49,77.3,0.0,0.0,225.7,0.197,15.89,4.076,13.11,0.055,1.726,9.69,17.65,46.12,82.7,2.411,0.779,22.3,19.54,2.539,3.62,92.7,0.682,1.86,17.2,4.24,47.5,2.497,24.808,4.33,76.45,370.2,1.09,,19.72,,4.97,80.17,1.083,278.4,2.32,,0
42.0,0.0,12.0,3.0,,5.0,,4.0,15.0,69.1,94.0,72.1,27.0,45.0,73.0,71.2,23.4714,101.0,174.0,93.0,39.7,27.9,2.2,2.6,11.6,12.4,10.0,8.4,17.9,21.6,0.8,0.7,4.2,3.3,4.6,3.7,19.1,22.1,35.8,41.7,9958.0,23.4,26.8,62.7,56.0,675.0,248.0,301.0,256.0,272.0,5.466382,4.215605,,687.571095,3.81,,,,,279.0,,,,192.0,,3.0,1.0,3.0,6.0,6.0,0.0,0.0,1.0,3.0,5.0,1.0,1.0,7.0,3.0,2.0,2.0,3.0,2.0,2.0,0.0,0.0,4.0,17.574,,0.0,7.0,1.0,4.0,0.0,6.0,1.0,1.0,9.0,7.0,1.0,2.0,3.0,4.0,3.0,5.0,2.0,1.0,3.0,3.0,1.0,4.0,2.0,3.0,1.0,4.0,17.0,21.0,,,,6.0,3.0,2.0,14.0,2.0,1.0,5.0,0.0,30.0,1.0,0.0,1.0,0.0,1.0,,38.0,,82.0,,0.0,0.0,0.01,0.13,2.21,44.28,13.99,0.038,1.006,,2.53,43.18,31.99,31.58,101.29,6.79,124.14,95.59,0.17,2.99,3.02,51.6,0.0,0.0,403.3,0.274,17.1,4.371,13.81,0.114,2.322,5.85,13.1,40.22,137.2,,0.771,22.1,0.33,2.558,7.45,115.4,1.329,1.09,112.1,8.954,99.6,,32.985,3.967,18.05,,0.862,,141.72,1.296,16.35,65.97,,505.5,7.2,16.3,0
56.0,0.0,9.0,3.0,,0.0,,7.0,17.0,68.9,168.6,56.6,9.0,17.0,113.0,85.1,33.9732,90.0,158.0,78.0,42.9,38.7,6.4,4.8,6.2,6.8,6.7,6.0,26.1,44.2,3.6,1.9,1.7,2.5,1.9,1.6,27.8,22.2,19.9,21.0,4699.0,47.7,50.5,36.4,32.9,648.0,423.0,396.0,271.0,300.0,,4.255111,0.91,510.4371,4.66,,,5.0,,267.0,3.0,2.0,9.0,23.0,3.0,1.0,5.0,1.0,1.0,,0.0,0.0,1.0,2.0,2.0,2.0,0.0,9.0,3.0,2.0,2.0,1.0,2.0,0.0,0.0,1.0,2.0,13.557,0.0,0.0,2.0,9.0,5.0,1.0,0.0,9.0,9.0,4.0,0.0,3.0,1.0,0.0,2.0,0.0,2.0,0.0,1.0,1.0,3.0,2.0,5.0,1.0,5.0,1.0,11.0,2.0,,,,8.0,,1.0,3.0,,2.0,3.0,4.0,0.0,20.0,18.0,0.0,1.0,0.0,,,58.0,,68.0,,0.0,0.11,,0.1,1.94,45.44,12.49,0.039,0.745,0.418,3.12,57.94,25.25,27.49,91.86,11.73,,74.5,0.22,4.16,,34.0,0.0,0.0,270.5,0.317,17.42,4.947,12.13,0.106,1.332,5.39,18.07,45.93,71.7,1.32,0.946,30.8,14.91,,3.407,115.1,1.156,,63.7,,57.5,1.103,31.821,2.128,,,0.945,,,1.748,5.99,91.96,0.585,288.2,6.53,,0
51.0,1.0,11.0,4.0,,,,1.0,14.0,89.1,106.1,,43.0,18.0,95.0,70.4,23.8973,87.0,172.0,85.0,22.1,15.7,4.5,2.2,4.5,6.6,5.8,7.0,14.4,14.9,0.6,0.6,2.2,1.7,,,,9.9,24.3,20.0,3949.0,7.2,16.9,52.3,27.5,439.0,321.0,281.0,280.0,230.0,3.147023,2.851983,1.186,123.403539,3.01,,2.0,,,24.0,3.0,5.0,,42.0,1.0,6.0,2.0,3.0,6.0,4.0,0.0,0.0,7.0,1.0,5.0,,0.0,7.0,4.0,3.0,1.0,3.0,2.0,0.0,1.0,0.0,3.0,,0.0,,0.0,5.0,1.0,4.0,0.0,3.0,0.0,11.0,,4.0,2.0,5.0,3.0,2.0,1.0,2.0,4.0,0.0,5.0,1.0,5.0,2.0,1.0,2.0,1.0,17.0,5.0,,1.0,2.0,4.0,2.0,4.0,119.0,3.0,2.0,2.0,1.0,20.0,41.0,,0.0,1.0,1.0,79.0,91.0,76.0,,,1.0,0.13,,0.08,0.91,36.4,12.08,0.006,0.394,0.182,3.46,,32.71,33.2,98.53,8.28,123.33,93.37,0.27,3.06,4.8,54.9,0.0,0.0,230.0,0.191,15.69,,16.22,0.065,0.468,8.73,23.26,39.99,55.5,,0.557,42.6,4.78,2.198,4.029,62.8,1.167,1.26,19.2,3.583,27.7,2.203,15.059,2.605,185.39,,1.246,,112.5,16.167,14.4,68.67,3.586,435.7,6.28,79.3,0
44.0,0.0,37.0,2.0,110.0,,7.0,9.0,20.0,76.1,103.0,59.9,33.0,21.0,69.0,55.1,21.3476,93.0,161.0,81.0,12.8,37.1,2.5,1.7,8.4,7.0,12.1,11.8,12.8,22.2,0.5,0.8,,3.5,2.1,4.3,16.7,4.5,26.0,22.2,6377.0,17.9,11.7,43.4,27.3,501.0,301.0,276.0,235.0,224.0,2.144006,2.058246,,404.316117,4.07,5.0,,,6.0,,,,,58.0,6.0,2.0,3.0,1.0,1.0,7.0,3.0,1.0,3.0,2.0,0.0,1.0,0.0,5.0,3.0,2.0,3.0,3.0,2.0,0.0,0.0,1.0,4.0,,0.0,0.0,0.0,4.0,1.0,2.0,6.0,24.0,4.0,3.0,5.0,0.0,2.0,3.0,1.0,3.0,2.0,2.0,3.0,1.0,3.0,2.0,5.0,2.0,2.0,1.0,1.0,,,,,2.0,1.0,2.0,1.0,,3.0,1.0,3.0,0.0,25.0,49.0,0.0,0.0,0.0,1.0,,39.0,,83.0,,0.0,0.14,1.39,0.5,5.08,,11.43,0.011,0.347,0.151,,27.23,26.58,27.59,96.35,7.72,101.85,74.68,,2.9,6.18,63.4,0.0,0.0,395.2,0.305,15.35,4.299,12.62,0.074,,9.74,11.63,,61.0,1.146,0.767,20.7,16.74,2.227,4.251,49.2,0.741,,37.1,4.298,28.8,,31.284,2.62,12.71,,,,152.92,1.458,9.95,72.16,1.437,159.7,3.22,86.7,0
64.0,0.0,0.0,2.0,2.0,10.0,46.0,,16.0,84.2,159.4,,22.0,36.0,72.0,63.0,22.5611,92.0,167.0,78.0,21.8,18.2,3.4,3.2,7.3,,7.8,6.3,,14.1,0.5,0.9,1.7,2.1,2.1,1.6,27.9,6.2,23.7,19.9,4721.0,30.4,36.0,49.8,27.4,529.0,419.0,362.0,312.0,282.0,,0.158609,-1.384,16.154817,3.4,,,1.0,3.0,218.0,3.0,,167.0,114.0,4.0,4.0,0.0,6.0,6.0,7.0,1.0,1.0,7.0,1.0,2.0,1.0,1.0,9.0,2.0,,1.0,2.0,,2.0,1.0,0.0,4.0,16.628,0.0,0.0,0.0,4.0,1.0,5.0,0.0,32.0,7.0,2.0,1.0,7.0,2.0,4.0,,2.0,4.0,3.0,2.0,1.0,2.0,3.0,4.0,0.0,3.0,25.0,,1.0,21.0,4.0,1.0,6.0,0.0,3.0,2.0,0.0,3.0,1.0,3.0,0.0,16.0,2.0,0.0,1.0,0.0,0.0,,40.0,72.0,81.0,,0.0,0.01,0.07,0.09,1.13,54.19,16.83,0.005,0.179,0.254,1.56,19.15,25.53,31.07,82.2,,93.29,86.99,0.64,7.86,5.86,71.8,,0.0,277.0,0.217,16.37,6.592,14.97,0.074,1.889,8.17,63.74,45.51,153.3,1.273,0.835,50.6,0.21,2.253,5.713,62.4,0.962,1.3,105.2,7.837,47.2,,20.294,2.849,118.82,179.0,0.839,,,,22.01,69.83,1.704,300.4,3.07,38.2,0
60.0,0.0,11.0,5.0,,4.0,,8.0,,81.3,150.1,65.3,20.0,54.0,80.0,59.3,23.8679,110.0,158.0,88.0,39.6,20.7,2.8,2.9,11.6,10.8,9.7,11.2,30.7,26.4,1.5,0.6,2.9,4.1,2.4,3.2,25.6,10.5,42.3,39.3,9141.0,22.9,10.1,47.9,53.8,474.0,264.0,233.0,235.0,220.0,4.259213,2.842558,-0.181,568.080668,4.08,5.0,,4.0,,,6.0,,,16.0,3.0,3.0,2.0,5.0,1.0,6.0,2.0,2.0,2.0,1.0,3.0,1.0,0.0,6.0,3.0,4.0,1.0,2.0,2.0,0.0,0.0,1.0,1.0,,0.0,,7.0,8.0,4.0,1.0,0.0,6.0,7.0,0.0,0.0,2.0,2.0,1.0,2.0,4.0,1.0,1.0,1.0,2.0,2.0,2.0,5.0,2.0,3.0,25.0,14.0,,21.0,4.0,0.0,2.0,1.0,4.0,2.0,6.0,2.0,1.0,4.0,8.0,32.0,2.0,1.0,,0.0,0.0,,68.0,,41.0,1.0,0.0,0.08,0.8,0.3,2.98,36.46,11.58,0.009,,0.344,1.91,18.84,27.03,31.75,85.13,11.26,115.76,83.15,0.51,5.05,7.33,72.3,0.0,0.0,289.6,0.326,15.64,,12.2,0.028,0.583,10.14,37.02,48.11,69.5,2.314,1.369,19.0,18.77,2.237,6.885,50.3,0.691,2.29,20.9,,32.7,2.555,20.473,5.13,5.28,258.2,1.416,,,0.757,5.54,71.27,1.053,262.3,4.11,,0
60.0,0.0,9.0,1.0,59.0,4.0,32.0,10.0,,72.7,127.4,81.6,9.0,39.0,69.0,65.3,24.5502,116.0,163.0,93.0,37.0,39.3,4.1,3.8,7.3,8.0,7.0,10.8,24.2,21.2,0.8,1.0,3.2,2.3,2.2,2.1,27.1,14.1,21.4,35.8,5693.0,36.3,24.0,44.5,39.3,538.0,340.0,424.0,235.0,288.0,4.07395,2.003232,1.3,415.480471,,5.0,,,,166.0,,3.0,20.0,,,3.0,2.0,3.0,1.0,3.0,0.0,1.0,1.0,1.0,0.0,1.0,0.0,10.0,4.0,1.0,1.0,2.0,1.0,0.0,2.0,0.0,1.0,,,3.0,,3.0,6.0,1.0,0.0,18.0,0.0,2.0,6.0,5.0,1.0,2.0,2.0,2.0,2.0,0.0,1.0,0.0,4.0,2.0,,1.0,2.0,3.0,0.0,0.0,,0.0,1.0,5.0,0.0,1.0,2.0,,1.0,2.0,,12.0,22.0,28.0,0.0,1.0,1.0,1.0,,95.0,64.0,63.0,0.0,0.0,0.1,1.55,0.09,1.51,50.46,15.6,0.01,,0.3,2.56,40.75,,30.91,95.87,10.04,103.79,88.78,0.67,10.63,2.86,45.6,0.0,0.0,133.6,0.134,,5.264,14.85,0.082,2.114,6.29,17.41,,50.4,2.197,1.146,,17.36,,4.168,103.9,1.371,,38.1,4.611,29.4,,35.748,4.606,92.25,967.5,0.867,,42.04,,4.01,,0.803,346.5,5.39,16.0,0
52.0,0.0,1.0,6.0,,15.0,56.0,2.0,18.0,84.8,,70.4,52.0,50.0,82.0,71.8,26.0917,91.0,166.0,93.0,16.5,20.8,2.9,4.8,10.5,12.8,11.7,7.7,20.8,18.0,0.6,0.7,4.5,3.8,4.0,3.4,16.8,18.3,25.1,26.5,9404.0,29.5,31.7,76.5,51.9,505.0,290.0,249.0,230.0,267.0,1.608542,1.5442,,260.874002,,2.0,,,,300.0,,5.0,,,,,2.0,3.0,6.0,7.0,4.0,0.0,8.0,2.0,1.0,0.0,2.0,7.0,1.0,3.0,2.0,3.0,2.0,3.0,0.0,0.0,,,0.0,0.0,0.0,0.0,2.0,7.0,0.0,3.0,6.0,6.0,6.0,1.0,3.0,0.0,2.0,1.0,2.0,4.0,0.0,1.0,2.0,1.0,5.0,2.0,3.0,70.0,17.0,,,5.0,0.0,2.0,4.0,2.0,1.0,2.0,4.0,1.0,1.0,0.0,15.0,21.0,0.0,1.0,0.0,0.0,,41.0,80.0,84.0,,1.0,0.01,0.09,0.52,4.69,39.93,13.13,0.018,0.154,0.172,2.66,,32.42,32.89,98.58,9.07,123.01,90.8,0.99,8.97,,62.2,0.0,0.0,131.7,0.119,17.76,,12.68,0.034,0.457,11.07,66.65,42.98,81.8,1.08,0.944,17.2,12.09,3.257,5.942,80.0,0.879,,18.5,3.938,30.8,1.105,24.332,5.119,16.8,,,,86.76,,7.68,77.1,1.378,494.8,,29.7,0
41.0,1.0,41.0,1.0,,12.0,,4.0,14.0,61.6,149.7,99.0,56.0,47.0,65.0,70.1,22.948,89.0,175.0,115.0,17.8,12.3,0.8,2.1,12.1,7.9,10.1,13.0,19.5,15.7,0.4,0.4,4.6,5.8,4.4,4.4,26.7,14.3,42.7,39.4,10215.0,16.6,11.7,67.6,55.5,660.0,393.0,406.0,226.0,287.0,,5.332882,2.383,688.434182,2.74,3.0,4.0,2.0,1.0,203.0,3.0,5.0,34.0,17.0,,3.0,5.0,6.0,6.0,7.0,0.0,0.0,2.0,3.0,0.0,0.0,0.0,,3.0,2.0,1.0,2.0,2.0,1.0,0.0,0.0,3.0,12.317,2.0,15.0,,1.0,2.0,2.0,0.0,17.0,8.0,7.0,0.0,1.0,2.0,0.0,0.0,3.0,4.0,3.0,5.0,2.0,,2.0,4.0,,2.0,,,,2.0,0.0,,9.0,1.0,5.0,1.0,12.0,2.0,2.0,3.0,7.0,,45.0,0.0,0.0,0.0,0.0,,77.0,,,1.0,1.0,,1.78,0.0,,,15.94,0.045,0.83,0.403,1.72,19.27,29.28,29.39,99.65,11.95,106.36,93.61,0.65,7.25,,71.7,0.0,0.0,153.0,0.183,16.89,5.442,15.46,0.091,1.844,8.94,15.88,42.91,117.9,1.345,0.844,17.3,16.89,2.405,4.88,72.9,0.987,,22.1,3.454,26.3,1.872,28.45,3.857,99.7,,,,13.58,,6.21,78.08,,,4.22,49.7,0
62.0,1.0,41.0,1.0,2.0,41.0,,,14.0,86.4,158.4,65.2,50.0,65.0,71.0,83.3,24.0567,109.0,186.0,100.0,19.3,35.3,2.0,5.2,12.0,8.2,9.3,12.2,33.2,22.0,2.0,0.8,2.5,4.7,2.5,3.9,33.5,20.0,39.9,41.8,8985.0,24.5,13.8,63.2,53.1,789.0,309.0,450.0,318.0,316.0,3.245612,1.814467,-0.052,390.989073,3.89,3.0,,5.0,,23.0,1.0,2.0,,412.0,,,1.0,4.0,1.0,6.0,0.0,7.0,7.0,2.0,1.0,2.0,2.0,7.0,2.0,2.0,1.0,1.0,2.0,2.0,0.0,1.0,4.0,55.996,2.0,11.0,4.0,1.0,2.0,1.0,1.0,13.0,5.0,1.0,5.0,7.0,1.0,1.0,0.0,3.0,4.0,2.0,2.0,1.0,4.0,2.0,3.0,0.0,3.0,,,,0.0,2.0,0.0,,8.0,2.0,4.0,0.0,6.0,,5.0,0.0,25.0,3.0,1.0,1.0,0.0,0.0,,45.0,,83.0,,0.0,0.07,1.08,0.11,1.7,31.78,15.69,0.008,,0.155,2.29,,41.5,49.36,84.08,8.52,141.16,90.47,0.27,4.22,3.57,56.7,0.0,9.0,149.9,0.128,16.73,3.78,14.08,0.057,,6.3,12.77,,107.3,1.269,1.458,35.3,,2.532,,95.9,0.75,,19.7,8.451,46.6,0.922,11.812,4.678,,,1.473,,39.14,,4.22,72.23,4.33,327.2,2.97,76.5,0
66.0,1.0,43.0,2.0,,,26.0,4.0,,125.0,196.3,66.0,54.0,51.0,102.0,84.4,33.7664,112.0,158.0,99.0,37.5,39.0,1.7,3.1,9.2,7.9,10.0,12.2,28.4,24.8,1.1,1.6,4.5,2.3,3.0,3.9,32.8,6.0,40.8,25.0,5410.0,29.2,32.0,48.8,,,466.0,457.0,266.0,272.0,1.853222,1.389672,,109.214453,,,,,2.0,,,3.0,,8.0,2.0,4.0,1.0,2.0,1.0,6.0,5.0,5.0,2.0,2.0,1.0,,0.0,4.0,3.0,1.0,3.0,2.0,,0.0,0.0,0.0,4.0,,1.0,0.0,0.0,2.0,1.0,0.0,0.0,1.0,5.0,0.0,0.0,0.0,1.0,4.0,3.0,4.0,2.0,1.0,3.0,0.0,4.0,2.0,5.0,2.0,2.0,1.0,,,,2.0,,2.0,3.0,1.0,2.0,9.0,3.0,1.0,4.0,0.0,14.0,,1.0,1.0,1.0,1.0,,80.0,82.0,78.0,,1.0,0.04,0.56,0.57,7.65,41.55,15.85,0.008,0.264,0.17,1.5,20.31,36.06,38.15,94.52,11.15,99.34,88.6,,11.67,4.42,59.8,0.0,0.0,,0.375,17.42,4.396,16.86,0.1,1.045,7.39,,41.24,88.6,1.267,1.196,15.1,0.94,2.457,7.161,,0.819,3.01,139.6,6.359,37.0,1.248,11.352,3.98,7.67,,0.87,,20.17,,18.24,67.18,0.808,208.2,4.27,52.2,0
60.0,1.0,22.0,5.0,45.0,2.0,61.0,7.0,14.0,49.1,104.0,47.9,12.0,14.0,119.0,81.0,35.8568,105.0,150.0,85.0,39.8,43.8,3.5,6.7,8.1,6.0,9.0,6.5,47.3,29.8,0.8,,2.0,2.0,1.9,1.7,45.3,,17.4,22.0,5521.0,26.4,38.4,43.7,25.4,762.0,305.0,286.0,238.0,267.0,2.521989,2.158395,-0.649,263.664081,2.54,,1.0,,4.0,27.0,,,89.0,309.0,1.0,3.0,1.0,5.0,4.0,6.0,0.0,9.0,3.0,2.0,1.0,,0.0,5.0,3.0,2.0,1.0,2.0,2.0,0.0,1.0,2.0,4.0,,1.0,0.0,4.0,0.0,5.0,1.0,1.0,6.0,1.0,0.0,1.0,1.0,2.0,2.0,2.0,2.0,2.0,0.0,3.0,0.0,2.0,2.0,5.0,1.0,3.0,8.0,1.0,,16.0,5.0,1.0,2.0,1.0,2.0,4.0,0.0,2.0,1.0,4.0,0.0,22.0,39.0,0.0,,0.0,1.0,84.0,,67.0,,,0.0,0.11,1.74,0.08,1.36,39.28,14.14,0.01,0.831,0.256,2.93,48.42,36.5,,101.37,10.68,127.8,85.99,0.94,15.52,2.0,33.0,0.0,0.0,204.1,0.218,16.24,3.875,12.64,0.049,1.732,6.06,15.8,51.33,139.0,1.781,1.46,29.7,5.15,2.502,7.939,70.1,0.802,1.28,117.5,9.827,36.8,2.015,32.806,5.643,20.36,,1.439,,,11.876,20.89,76.81,0.677,303.0,8.07,24.6,0
69.0,0.0,14.0,4.0,,,32.0,8.0,,77.1,113.2,55.2,30.0,28.0,75.0,59.5,19.8814,86.0,173.0,93.0,15.1,10.0,1.4,1.6,7.2,8.2,8.4,8.7,14.3,16.1,0.4,0.4,1.9,2.3,2.1,1.7,7.5,4.0,25.1,34.7,,17.0,17.7,46.4,37.0,728.0,328.0,321.0,236.0,260.0,3.523508,1.339584,3.086,484.304011,2.86,4.0,,2.0,,70.0,3.0,,23.0,183.0,1.0,3.0,0.0,5.0,,2.0,1.0,0.0,2.0,2.0,0.0,,2.0,6.0,3.0,2.0,1.0,3.0,2.0,0.0,2.0,1.0,3.0,,1.0,6.0,0.0,3.0,7.0,3.0,4.0,7.0,8.0,28.0,1.0,9.0,2.0,2.0,0.0,3.0,0.0,0.0,1.0,3.0,3.0,1.0,2.0,2.0,1.0,,,25.0,4.0,1.0,,2.0,5.0,2.0,2.0,5.0,1.0,1.0,4.0,2.0,14.0,1.0,0.0,0.0,0.0,0.0,,62.0,,80.0,,0.0,0.0,0.03,0.09,1.0,44.29,16.52,0.008,0.272,0.198,1.84,,32.37,37.3,86.78,9.7,88.15,82.47,0.48,5.33,6.53,73.0,0.0,0.0,226.3,0.219,15.79,5.104,12.17,0.074,,8.94,61.37,50.76,42.8,1.493,1.019,33.3,12.69,2.483,7.483,65.4,1.152,1.31,149.0,5.531,54.5,1.32,15.33,3.976,129.17,,1.486,42.9,217.93,,23.59,62.4,1.418,475.7,6.49,73.7,0
65.0,0.0,22.0,6.0,,8.0,30.0,4.0,22.0,67.6,113.8,49.2,31.0,41.0,79.0,63.0,26.1363,119.0,155.0,88.0,35.3,43.0,5.6,,8.1,6.1,6.8,6.2,27.5,19.8,2.5,2.6,2.7,2.3,1.6,2.0,39.7,13.8,28.6,24.2,7284.0,25.5,37.0,43.5,50.0,763.0,433.0,385.0,269.0,275.0,2.054162,0.655078,-1.378,,4.72,,,,,,,,7.0,23.0,,3.0,1.0,5.0,0.0,2.0,0.0,0.0,7.0,3.0,3.0,,0.0,6.0,4.0,3.0,1.0,2.0,2.0,0.0,0.0,0.0,4.0,,0.0,5.0,5.0,,9.0,3.0,0.0,10.0,5.0,3.0,3.0,4.0,2.0,1.0,5.0,2.0,2.0,2.0,1.0,1.0,4.0,2.0,3.0,2.0,5.0,0.0,,0.0,6.0,0.0,,4.0,,2.0,3.0,11.0,1.0,1.0,2.0,10.0,27.0,,0.0,1.0,1.0,1.0,,75.0,96.0,83.0,,1.0,0.02,,0.08,1.03,34.05,16.9,,0.701,0.4,2.46,32.27,40.43,49.62,81.48,8.39,89.48,82.91,0.45,5.86,4.61,,0.0,0.0,197.9,0.166,16.41,4.179,15.7,0.08,0.896,7.62,18.72,40.31,,1.346,0.91,26.3,0.98,2.275,6.497,115.3,1.307,1.03,113.6,,,1.124,22.063,,9.53,,1.291,,34.01,1.509,18.2,,1.019,337.6,9.18,50.8,0
49.0,0.0,25.0,4.0,,,62.0,2.0,24.0,93.9,150.9,81.6,14.0,2.0,106.0,81.8,35.1056,98.0,153.0,79.0,50.0,33.2,3.8,15.6,6.0,6.1,4.5,5.2,22.9,36.6,1.5,2.1,1.7,1.8,1.7,1.9,42.8,8.8,20.3,21.1,4868.0,45.2,36.6,39.8,29.7,762.0,430.0,362.0,334.0,288.0,4.260389,2.531609,-0.726,468.467661,1.58,,,,,313.0,,,,29.0,5.0,5.0,4.0,4.0,0.0,5.0,0.0,5.0,3.0,1.0,2.0,2.0,1.0,9.0,3.0,,2.0,2.0,2.0,1.0,0.0,0.0,2.0,,0.0,0.0,,0.0,1.0,0.0,5.0,12.0,1.0,13.0,4.0,3.0,1.0,3.0,1.0,1.0,2.0,2.0,2.0,1.0,3.0,3.0,5.0,1.0,3.0,13.0,14.0,24.0,7.0,,,1.0,0.0,2.0,4.0,0.0,3.0,3.0,3.0,10.0,25.0,1.0,0.0,1.0,0.0,0.0,,70.0,79.0,,,0.0,,0.61,0.37,5.56,11.65,11.44,0.015,0.272,0.349,3.05,46.34,87.51,87.64,94.79,8.42,118.31,78.3,0.19,2.89,2.93,,0.0,0.0,373.8,,16.76,1.229,13.11,0.086,,6.58,40.52,43.21,,1.619,0.629,21.3,0.27,,4.437,79.6,1.302,1.57,21.0,3.883,27.9,1.714,33.853,2.166,112.72,,1.474,,62.07,,6.99,70.68,1.848,481.9,5.22,44.5,0
51.0,1.0,22.0,3.0,,2.0,10.0,1.0,15.0,97.9,151.7,84.8,38.0,25.0,95.0,77.9,35.427,92.0,148.0,85.0,43.2,20.9,5.8,3.0,6.9,8.3,6.8,8.7,48.7,24.8,1.0,1.0,1.7,2.4,2.0,2.4,39.9,16.6,35.1,20.3,6567.0,25.6,19.8,36.1,50.6,760.0,396.0,,321.0,218.0,3.876091,1.754239,1.321,236.624446,,,,,4.0,240.0,2.0,6.0,23.0,26.0,1.0,6.0,0.0,0.0,1.0,6.0,1.0,7.0,2.0,3.0,,0.0,2.0,6.0,3.0,2.0,1.0,2.0,1.0,1.0,0.0,0.0,1.0,,0.0,3.0,,9.0,0.0,5.0,0.0,1.0,9.0,1.0,4.0,8.0,2.0,3.0,2.0,2.0,3.0,0.0,5.0,1.0,0.0,1.0,3.0,0.0,2.0,18.0,11.0,26.0,14.0,3.0,,3.0,1.0,1.0,2.0,12.0,3.0,1.0,1.0,6.0,28.0,,0.0,,0.0,,,43.0,,,,0.0,0.07,,0.44,3.95,39.51,13.97,0.005,0.632,,3.66,32.5,31.63,35.37,89.43,9.86,121.42,89.07,0.79,7.01,6.29,55.9,0.0,0.0,,0.408,15.61,4.418,12.76,0.04,1.012,11.25,58.36,43.16,63.0,,,15.1,,2.317,4.656,94.3,0.976,3.65,125.7,4.769,34.2,1.181,14.415,4.163,100.55,,1.25,,49.23,16.446,22.46,64.15,3.356,,,82.9,0
51.0,1.0,21.0,5.0,,7.0,,5.0,16.0,117.7,157.4,89.9,53.0,56.0,94.0,87.2,24.1746,103.0,190.0,98.0,23.6,36.2,5.5,3.6,10.5,10.0,12.6,11.2,45.2,23.8,0.5,0.8,4.8,4.9,1.8,2.0,12.9,11.3,41.4,33.6,7355.0,35.1,18.4,66.7,51.6,535.0,327.0,379.0,224.0,210.0,5.048654,3.249073,-0.207,625.4339,,,1.0,3.0,,,,6.0,112.0,24.0,2.0,2.0,1.0,2.0,3.0,6.0,1.0,4.0,6.0,3.0,5.0,,0.0,9.0,4.0,1.0,1.0,2.0,1.0,1.0,2.0,1.0,2.0,53.398,2.0,0.0,,1.0,6.0,1.0,6.0,15.0,4.0,4.0,0.0,1.0,2.0,0.0,2.0,2.0,3.0,1.0,2.0,5.0,,3.0,3.0,2.0,3.0,,,0.0,,,,10.0,7.0,6.0,1.0,,3.0,2.0,3.0,5.0,17.0,2.0,1.0,,0.0,0.0,,71.0,85.0,52.0,,1.0,0.19,2.21,0.02,0.23,32.21,11.51,0.005,0.387,0.194,1.62,18.74,30.08,35.73,,7.79,94.36,88.88,0.49,5.66,6.34,73.2,0.0,0.0,,0.152,15.84,3.825,,0.074,0.557,8.66,42.02,,72.0,2.295,1.466,38.8,20.98,2.61,7.34,55.3,0.852,1.69,15.6,3.885,28.6,2.494,33.682,3.429,8.49,,1.291,,90.45,16.944,,70.28,2.871,255.6,3.25,97.1,0
50.0,1.0,45.0,4.0,,28.0,30.0,,16.0,55.8,82.3,72.3,37.0,46.0,83.0,44.7,19.3391,82.0,152.0,89.0,31.5,14.9,4.0,1.5,12.5,7.0,7.9,7.8,15.9,19.6,0.4,0.8,2.1,3.1,2.2,3.0,17.7,13.1,29.6,,5464.0,23.2,17.0,57.9,52.2,790.0,433.0,355.0,263.0,266.0,6.002927,3.446076,2.66,604.60623,4.16,,,3.0,,19.0,,,,28.0,2.0,1.0,2.0,4.0,1.0,7.0,3.0,0.0,7.0,1.0,3.0,,0.0,8.0,1.0,,2.0,3.0,1.0,0.0,0.0,1.0,2.0,,0.0,0.0,0.0,0.0,3.0,3.0,0.0,18.0,2.0,7.0,1.0,7.0,1.0,2.0,2.0,2.0,2.0,0.0,0.0,1.0,3.0,4.0,4.0,0.0,5.0,26.0,9.0,21.0,,,0.0,5.0,1.0,2.0,2.0,7.0,4.0,1.0,5.0,11.0,17.0,18.0,1.0,,1.0,,,105.0,90.0,,,1.0,0.0,0.03,0.05,0.5,51.29,15.25,0.003,0.298,0.368,1.9,21.0,,29.73,100.73,9.39,107.55,86.93,0.61,6.73,6.5,71.7,0.0,0.0,292.9,0.275,15.79,5.092,12.9,0.076,0.499,9.07,11.7,,128.4,2.002,0.949,,3.58,2.523,5.439,77.8,1.362,4.3,101.8,,,1.278,24.596,3.558,,,1.094,,42.22,12.27,25.52,74.03,5.886,493.3,7.45,65.5,0
42.0,1.0,24.0,5.0,108.0,,,9.0,16.0,78.3,137.4,90.1,18.0,15.0,110.0,73.5,24.9882,92.0,171.0,80.0,34.7,27.7,3.3,5.9,10.0,8.4,7.0,8.0,28.5,33.6,3.4,1.0,1.8,2.4,2.3,1.7,18.2,7.8,21.6,24.0,8422.0,25.0,38.2,,33.2,590.0,352.0,384.0,313.0,229.0,4.890192,3.628669,-1.177,356.906868,4.27,,2.0,,3.0,,,3.0,,342.0,,2.0,2.0,5.0,7.0,6.0,0.0,0.0,3.0,3.0,1.0,0.0,0.0,9.0,3.0,2.0,1.0,2.0,1.0,0.0,1.0,2.0,2.0,,2.0,1.0,,3.0,4.0,31.0,7.0,10.0,0.0,0.0,1.0,1.0,3.0,1.0,2.0,3.0,2.0,4.0,1.0,0.0,2.0,1.0,5.0,0.0,2.0,16.0,16.0,27.0,15.0,5.0,1.0,3.0,,2.0,1.0,0.0,2.0,1.0,2.0,10.0,17.0,,,1.0,1.0,1.0,,93.0,,78.0,,1.0,0.02,0.14,0.09,0.79,36.84,13.26,0.005,0.151,0.202,2.8,25.22,30.19,36.0,83.86,12.45,89.03,80.07,0.86,7.71,7.34,66.1,0.0,0.0,132.7,0.165,16.12,,,0.02,0.48,11.09,17.04,42.88,129.0,1.173,0.718,22.1,61.73,2.584,5.257,61.2,0.667,2.14,,8.401,,0.785,34.494,1.973,16.08,,0.999,,64.51,13.602,6.55,57.85,0.954,377.6,4.11,80.1,0
60.0,0.0,14.0,1.0,103.0,,47.0,2.0,18.0,104.7,,43.4,41.0,38.0,69.0,106.1,32.4796,110.0,181.0,92.0,17.0,17.1,5.2,5.9,7.4,12.0,11.5,8.1,28.6,23.4,0.5,2.0,3.7,2.0,3.1,4.0,31.9,13.1,38.7,26.9,6148.0,27.5,19.9,58.6,40.1,480.0,275.0,240.0,203.0,205.0,4.887139,4.496299,,,4.74,,,,,,2.0,3.0,177.0,50.0,,5.0,5.0,6.0,0.0,7.0,3.0,7.0,4.0,2.0,,,0.0,6.0,,2.0,1.0,2.0,1.0,0.0,0.0,0.0,4.0,,1.0,,6.0,1.0,5.0,7.0,5.0,10.0,6.0,13.0,1.0,1.0,2.0,1.0,2.0,4.0,,0.0,1.0,1.0,3.0,4.0,5.0,2.0,1.0,2.0,13.0,1.0,2.0,1.0,,4.0,7.0,3.0,2.0,0.0,5.0,1.0,3.0,10.0,17.0,1.0,0.0,,0.0,,,86.0,,77.0,,1.0,0.19,3.75,0.09,1.74,44.52,12.99,0.015,0.316,0.324,1.46,28.63,27.87,29.17,95.53,9.26,113.7,94.09,0.21,4.12,3.15,61.8,0.0,0.0,156.7,0.145,17.06,4.66,12.77,0.034,1.498,5.1,15.63,,82.4,1.178,1.07,33.5,10.41,2.307,,49.0,0.809,3.24,26.2,3.685,26.7,1.051,35.36,4.849,63.22,,0.828,,141.68,,7.51,76.39,3.169,104.2,4.02,21.7,0
65.0,0.0,14.0,1.0,44.0,20.0,48.0,6.0,,72.3,107.1,60.2,35.0,31.0,90.0,65.5,26.4627,117.0,157.0,94.0,38.5,12.7,2.6,2.5,6.7,11.3,6.8,6.8,53.6,52.5,2.1,2.2,2.3,2.5,4.5,2.2,43.4,25.8,32.2,39.4,4898.0,21.0,21.9,71.2,42.5,676.0,326.0,312.0,251.0,244.0,3.462521,3.024556,0.863,635.519662,4.37,3.0,1.0,5.0,6.0,38.0,,,12.0,16.0,,1.0,3.0,3.0,3.0,6.0,0.0,0.0,5.0,2.0,1.0,0.0,0.0,9.0,3.0,3.0,2.0,2.0,2.0,1.0,0.0,0.0,1.0,,0.0,0.0,8.0,0.0,4.0,1.0,0.0,21.0,6.0,9.0,0.0,7.0,2.0,3.0,2.0,0.0,2.0,1.0,2.0,1.0,1.0,2.0,5.0,2.0,3.0,,0.0,1.0,4.0,0.0,1.0,5.0,6.0,2.0,1.0,10.0,3.0,1.0,4.0,0.0,14.0,2.0,0.0,1.0,0.0,1.0,,86.0,,,,0.0,0.15,1.65,0.04,0.44,32.19,14.75,0.045,0.211,0.432,3.57,39.34,38.18,,83.3,9.91,101.66,72.95,0.27,3.03,5.05,55.5,0.0,0.0,244.6,0.242,17.26,3.864,16.08,0.085,1.036,,67.2,41.94,246.5,1.525,1.437,53.9,0.21,2.287,7.35,101.1,1.329,2.65,527.0,4.301,27.8,1.177,30.127,4.623,6.73,,,,,3.154,6.7,76.07,3.952,493.4,7.9,85.7,0
62.0,0.0,25.0,1.0,0.0,10.0,,2.0,18.0,94.4,169.5,82.3,30.0,35.0,84.0,76.4,32.2949,111.0,154.0,83.0,39.1,25.2,6.5,3.7,6.5,6.3,5.6,5.7,52.1,33.9,1.0,1.0,2.3,1.7,2.3,2.1,26.8,17.6,22.7,26.6,5700.0,27.0,16.0,37.6,35.1,538.0,340.0,355.0,197.0,315.0,2.950658,1.109876,-0.302,484.147637,4.1,,,,1.0,95.0,,4.0,,20.0,2.0,,2.0,5.0,2.0,6.0,6.0,5.0,6.0,1.0,1.0,1.0,0.0,8.0,4.0,2.0,1.0,3.0,2.0,1.0,0.0,0.0,2.0,,1.0,0.0,7.0,8.0,1.0,1.0,0.0,1.0,3.0,1.0,2.0,1.0,,3.0,2.0,1.0,1.0,1.0,2.0,0.0,5.0,1.0,2.0,0.0,1.0,,0.0,0.0,12.0,,1.0,1.0,1.0,1.0,3.0,0.0,6.0,1.0,2.0,0.0,14.0,11.0,0.0,1.0,1.0,0.0,,83.0,,,1.0,0.0,0.02,0.35,0.07,1.34,41.88,15.48,0.009,4.39,0.164,1.99,37.29,30.28,36.95,81.95,7.34,105.19,78.59,0.18,3.46,3.07,57.6,0.0,0.0,131.2,0.096,17.22,5.11,15.84,0.059,1.145,,19.17,44.53,86.3,,1.331,22.5,9.6,2.203,6.111,96.4,1.305,3.66,69.4,,41.7,,30.042,2.497,169.17,,0.777,,42.53,1.711,7.37,74.82,1.111,477.0,6.65,38.0,0
50.0,1.0,0.0,2.0,44.0,5.0,,,14.0,71.1,183.3,,56.0,56.0,79.0,78.7,20.6667,89.0,195.0,87.0,22.4,13.3,2.0,1.7,12.3,11.9,13.1,13.4,17.5,13.3,0.5,0.7,4.8,4.0,2.4,4.0,16.6,9.4,41.1,37.2,5647.0,18.4,17.8,71.3,51.7,633.0,451.0,287.0,313.0,262.0,5.118237,4.191724,3.077,615.133048,3.45,1.0,,4.0,4.0,217.0,3.0,,,,1.0,2.0,3.0,3.0,,7.0,0.0,7.0,3.0,3.0,1.0,0.0,0.0,5.0,3.0,2.0,,2.0,,1.0,0.0,2.0,4.0,,0.0,0.0,0.0,5.0,2.0,6.0,4.0,39.0,4.0,8.0,7.0,6.0,1.0,3.0,2.0,2.0,4.0,1.0,1.0,2.0,4.0,1.0,5.0,2.0,1.0,0.0,0.0,1.0,0.0,,0.0,6.0,9.0,3.0,4.0,0.0,5.0,1.0,3.0,0.0,21.0,33.0,,,0.0,0.0,,57.0,,93.0,,0.0,0.01,0.12,0.12,1.51,46.99,16.69,,0.22,0.153,2.76,35.04,30.36,35.51,85.5,8.43,115.21,95.7,0.39,4.89,4.61,58.4,0.0,0.0,389.4,0.328,17.88,5.497,12.08,0.047,0.612,7.88,53.33,47.53,58.8,2.209,0.684,55.1,17.57,2.525,6.37,92.6,0.691,3.74,,3.913,,2.493,26.332,3.417,175.78,,1.306,,24.75,17.143,15.52,73.07,0.647,323.6,8.17,54.0,0
52.0,0.0,13.0,2.0,,,,7.0,15.0,61.5,102.3,53.9,45.0,47.0,82.0,72.8,22.876,87.0,178.0,99.0,13.8,15.4,1.4,7.4,12.5,10.9,11.4,12.5,13.2,13.5,0.7,0.6,4.1,2.1,4.6,4.0,39.4,5.3,33.9,32.9,7587.0,20.4,11.7,61.3,36.0,484.0,352.0,391.0,304.0,327.0,3.671104,2.79543,0.508,283.907919,,3.0,1.0,,,,,,134.0,195.0,3.0,,,0.0,0.0,1.0,0.0,1.0,1.0,2.0,1.0,0.0,0.0,7.0,3.0,2.0,1.0,2.0,,0.0,0.0,2.0,3.0,,1.0,0.0,1.0,9.0,9.0,4.0,2.0,6.0,1.0,3.0,8.0,0.0,1.0,4.0,2.0,2.0,1.0,2.0,0.0,1.0,5.0,1.0,5.0,2.0,4.0,0.0,,1.0,,0.0,1.0,9.0,0.0,3.0,1.0,0.0,3.0,2.0,3.0,0.0,14.0,3.0,0.0,1.0,1.0,0.0,76.0,,,52.0,,1.0,0.13,1.43,0.02,0.26,43.45,12.76,0.044,1.013,0.424,2.87,31.4,28.75,29.37,97.9,10.58,112.8,81.33,0.83,9.13,5.27,57.8,0.0,0.0,391.3,0.414,,4.438,13.94,0.116,26.292,9.13,64.11,,66.4,1.783,,21.0,19.59,2.63,3.494,64.2,0.874,1.12,,6.206,56.9,2.152,33.236,1.799,42.43,,1.178,,,2.406,10.73,82.82,2.477,300.8,5.47,67.4,0
65.0,1.0,38.0,4.0,5.0,,39.0,,14.0,100.6,135.4,80.3,57.0,68.0,104.0,84.7,23.695,101.0,189.0,96.0,25.5,36.9,5.8,6.2,12.6,13.9,12.6,13.2,37.2,36.4,0.6,2.8,4.7,4.9,5.1,3.0,29.4,8.2,41.1,42.2,10126.0,34.2,34.1,68.1,40.9,433.0,235.0,229.0,180.0,127.0,1.772865,1.701951,-0.345,146.212852,3.11,,2.0,3.0,,13.0,,,20.0,27.0,,3.0,3.0,0.0,3.0,6.0,0.0,1.0,3.0,1.0,5.0,,0.0,8.0,3.0,4.0,1.0,2.0,2.0,0.0,1.0,1.0,2.0,,2.0,0.0,0.0,6.0,,4.0,0.0,0.0,5.0,2.0,6.0,2.0,2.0,1.0,2.0,3.0,2.0,1.0,2.0,2.0,0.0,1.0,1.0,0.0,2.0,,0.0,1.0,0.0,0.0,,,0.0,5.0,2.0,,6.0,2.0,3.0,12.0,28.0,3.0,1.0,1.0,0.0,1.0,,43.0,,81.0,,,0.01,0.15,0.05,1.06,43.46,15.65,0.007,,0.225,1.81,39.32,31.84,36.01,88.42,8.43,101.48,74.27,0.7,15.17,2.04,44.3,0.0,0.0,161.9,,17.69,4.916,12.98,0.082,0.738,4.6,13.57,45.25,124.7,1.714,0.722,16.6,11.93,2.183,3.534,112.3,1.333,1.16,15.2,6.35,29.9,,25.856,2.944,12.18,,0.955,,33.01,18.473,9.66,76.81,1.17,404.4,5.19,33.1,0
45.0,0.0,39.0,1.0,0.0,,60.0,,22.0,92.6,153.8,36.4,38.0,40.0,73.0,54.4,20.5494,88.0,163.0,81.0,16.7,19.2,2.0,1.4,7.6,10.2,6.5,11.2,13.9,15.4,0.4,0.6,1.9,2.7,3.1,3.9,17.2,7.4,34.5,23.3,6103.0,21.3,10.9,52.6,49.3,745.0,462.0,435.0,333.0,333.0,2.450871,2.352836,,250.186142,4.11,3.0,,,5.0,18.0,,5.0,219.0,27.0,4.0,3.0,2.0,5.0,3.0,0.0,6.0,1.0,,2.0,1.0,0.0,0.0,6.0,3.0,4.0,3.0,2.0,1.0,1.0,2.0,1.0,1.0,41.028,2.0,9.0,,2.0,1.0,1.0,4.0,2.0,10.0,13.0,4.0,1.0,3.0,4.0,1.0,2.0,2.0,4.0,4.0,3.0,4.0,3.0,5.0,1.0,5.0,8.0,,,0.0,0.0,,7.0,0.0,2.0,2.0,2.0,5.0,2.0,2.0,0.0,14.0,2.0,,0.0,0.0,,,87.0,,37.0,,1.0,0.01,0.12,,4.63,38.64,12.13,,0.471,0.22,2.97,29.18,30.33,31.39,96.62,11.15,123.72,113.45,0.37,,6.35,62.5,0.0,0.0,187.3,0.209,17.12,3.999,12.01,0.035,0.633,10.16,8.51,45.82,76.9,1.681,1.605,40.6,6.3,2.491,8.246,108.2,1.079,1.46,13.1,5.854,32.5,1.19,34.071,5.725,13.39,,,16.8,130.17,,23.8,81.42,1.914,354.1,,28.3,0
41.0,1.0,2.0,3.0,96.0,,,8.0,,61.0,104.9,64.9,44.0,37.0,92.0,121.2,34.8787,92.0,186.0,98.0,34.7,40.6,4.8,3.4,13.1,13.7,11.0,12.6,46.5,46.9,1.9,2.5,4.3,3.9,4.1,3.5,38.0,13.8,49.6,32.9,9838.0,,49.1,55.4,58.3,599.0,284.0,373.0,201.0,220.0,3.699193,3.551225,2.517,,4.28,5.0,,,,175.0,,,129.0,23.0,2.0,,4.0,6.0,,7.0,6.0,5.0,2.0,3.0,0.0,2.0,0.0,8.0,2.0,1.0,2.0,1.0,1.0,0.0,0.0,1.0,4.0,,0.0,0.0,0.0,5.0,9.0,1.0,0.0,1.0,3.0,2.0,1.0,3.0,1.0,2.0,3.0,1.0,2.0,4.0,1.0,1.0,4.0,1.0,5.0,2.0,2.0,18.0,1.0,17.0,,,,4.0,0.0,3.0,2.0,,3.0,2.0,1.0,2.0,21.0,,,1.0,1.0,0.0,,91.0,89.0,,0.0,0.0,0.12,1.61,0.03,0.42,44.51,16.69,,0.145,0.225,0.87,11.35,32.76,37.5,87.38,8.75,89.07,71.4,0.37,4.86,6.3,81.8,0.0,0.0,208.1,0.182,,5.094,13.69,0.069,0.527,7.7,18.11,45.31,79.6,,0.991,22.3,1.17,2.382,3.867,114.4,1.09,,23.7,5.767,52.0,1.533,18.871,,20.82,292.2,1.219,,17.98,15.829,,76.12,4.655,468.1,9.23,40.0,0
67.0,1.0,4.0,2.0,,7.0,37.0,2.0,,100.9,,51.5,9.0,20.0,98.0,73.6,34.5767,107.0,146.0,75.0,21.0,35.8,4.0,4.1,7.8,7.0,5.9,6.7,27.2,24.5,2.6,1.1,2.3,2.4,1.9,1.8,29.7,22.7,,19.7,4877.0,31.8,53.6,41.4,32.6,683.0,310.0,251.0,229.0,285.0,,1.868276,-1.051,405.805307,,2.0,3.0,7.0,,39.0,,4.0,,,,4.0,1.0,3.0,0.0,5.0,2.0,0.0,5.0,2.0,2.0,3.0,0.0,6.0,3.0,3.0,3.0,2.0,1.0,0.0,0.0,0.0,1.0,,0.0,0.0,0.0,1.0,1.0,5.0,5.0,4.0,7.0,2.0,0.0,2.0,2.0,2.0,1.0,0.0,3.0,0.0,2.0,0.0,3.0,1.0,5.0,0.0,2.0,28.0,,21.0,,4.0,,0.0,1.0,,4.0,0.0,4.0,1.0,3.0,0.0,16.0,14.0,0.0,1.0,1.0,0.0,78.0,43.0,82.0,,,1.0,0.0,0.0,,1.04,31.49,11.56,0.022,0.639,0.151,0.81,11.07,29.89,36.72,81.4,11.51,111.61,94.83,0.24,3.32,6.21,84.6,0.0,0.0,144.0,0.166,16.09,3.868,12.27,0.042,1.058,7.35,23.94,,106.9,2.084,1.556,29.6,9.1,2.301,6.247,72.5,0.676,4.52,12.2,4.24,36.8,,12.138,,124.71,,1.166,,14.13,11.416,9.86,80.72,2.097,473.3,6.39,47.7,0
42.0,0.0,17.0,2.0,107.0,34.0,53.0,5.0,,,184.7,71.5,37.0,31.0,120.0,116.6,41.9581,132.0,,89.0,36.6,49.6,8.4,8.7,6.5,6.2,6.7,5.6,52.8,51.4,2.9,3.6,1.9,2.3,1.6,1.8,48.6,25.8,21.0,23.8,6138.0,45.7,48.4,42.7,32.9,688.0,402.0,482.0,,301.0,3.650605,2.371371,-0.405,648.981876,4.62,,,,3.0,,,1.0,27.0,31.0,7.0,2.0,2.0,4.0,0.0,3.0,4.0,,3.0,1.0,0.0,0.0,0.0,5.0,4.0,,1.0,1.0,2.0,0.0,0.0,0.0,3.0,,1.0,7.0,,9.0,0.0,7.0,0.0,35.0,2.0,1.0,0.0,4.0,2.0,0.0,4.0,0.0,0.0,5.0,2.0,1.0,2.0,1.0,4.0,1.0,6.0,,,12.0,,,1.0,2.0,0.0,2.0,2.0,6.0,2.0,1.0,4.0,0.0,21.0,3.0,0.0,1.0,0.0,1.0,,47.0,,44.0,1.0,0.0,0.17,1.71,0.41,4.09,43.37,13.88,0.005,0.816,,1.81,17.95,30.68,31.99,95.89,8.89,,89.98,0.81,8.06,6.88,68.2,0.0,0.0,107.0,0.095,16.02,4.523,13.8,0.124,0.922,10.09,72.26,45.25,143.4,1.705,0.667,23.2,9.68,2.366,3.399,86.3,1.059,,123.6,5.566,29.2,2.004,26.599,3.482,82.5,1032.6,0.966,,51.52,1.673,24.92,65.94,5.017,310.2,6.1,72.0,0
59.0,0.0,1.0,2.0,33.0,38.0,,3.0,,70.9,119.0,69.8,12.0,15.0,,92.4,38.3583,87.0,155.0,80.0,26.2,24.2,5.4,5.1,5.1,5.9,6.6,4.3,42.7,23.1,0.6,2.8,2.2,1.7,2.1,1.6,25.2,13.9,18.0,20.0,4208.0,37.7,43.7,47.9,30.6,599.0,448.0,422.0,319.0,322.0,2.696556,2.000019,,238.9643,2.16,,,2.0,,319.0,3.0,,,129.0,,2.0,2.0,5.0,5.0,6.0,0.0,0.0,0.0,3.0,1.0,3.0,2.0,8.0,4.0,1.0,1.0,1.0,2.0,1.0,0.0,0.0,,,0.0,0.0,7.0,3.0,9.0,1.0,6.0,1.0,7.0,11.0,7.0,2.0,2.0,2.0,1.0,3.0,1.0,0.0,1.0,1.0,1.0,2.0,3.0,0.0,4.0,1.0,11.0,14.0,11.0,0.0,0.0,7.0,0.0,1.0,4.0,10.0,4.0,1.0,3.0,112.0,14.0,1.0,0.0,0.0,0.0,0.0,,40.0,95.0,79.0,0.0,1.0,0.16,1.59,0.35,3.5,43.3,13.32,,0.497,0.207,2.6,25.85,27.91,30.76,90.73,11.47,96.82,87.5,0.3,2.97,6.64,66.1,0.0,0.0,321.4,0.369,17.37,4.772,14.42,0.057,1.66,10.04,14.37,46.72,105.2,2.291,0.866,18.6,0.75,2.547,7.66,85.4,1.203,1.44,16.4,7.842,56.5,1.596,12.606,4.363,69.61,,1.466,,54.06,2.808,4.79,75.95,1.941,311.4,4.43,100.3,0
67.0,1.0,7.0,3.0,53.0,6.0,,4.0,,93.5,126.2,64.0,17.0,20.0,85.0,76.3,27.8884,97.0,165.0,91.0,,33.6,9.9,5.4,8.7,8.2,7.5,10.2,27.4,24.5,1.0,3.1,2.3,2.4,1.9,2.2,34.2,16.7,,25.2,6098.0,33.2,,57.6,27.7,572.0,335.0,337.0,245.0,242.0,4.444955,1.708806,-1.089,262.308805,,,1.0,4.0,5.0,82.0,,4.0,170.0,368.0,4.0,,2.0,2.0,7.0,,7.0,2.0,5.0,3.0,1.0,0.0,1.0,8.0,4.0,1.0,2.0,3.0,2.0,,2.0,1.0,3.0,,0.0,14.0,4.0,2.0,7.0,1.0,0.0,6.0,1.0,3.0,0.0,8.0,3.0,1.0,2.0,2.0,2.0,1.0,0.0,1.0,0.0,2.0,5.0,0.0,4.0,2.0,2.0,,0.0,,,,0.0,2.0,2.0,8.0,6.0,2.0,3.0,8.0,28.0,2.0,1.0,1.0,0.0,0.0,,56.0,,50.0,,0.0,0.01,0.15,0.05,0.6,34.55,11.3,0.024,0.295,0.377,1.02,12.53,31.21,32.71,95.41,8.44,97.7,92.05,0.88,10.86,6.16,75.9,0.0,0.0,381.7,0.322,15.81,3.621,13.25,0.033,2.693,8.12,69.46,48.94,125.8,1.67,1.134,23.9,0.9,,4.277,112.9,1.318,1.11,84.6,7.817,28.6,1.359,34.342,3.637,11.07,,0.92,,138.56,4.709,6.38,66.41,,624.5,8.77,26.8,0
43.0,1.0,6.0,1.0,,,43.0,3.0,14.0,94.3,118.1,85.6,11.0,26.0,75.0,77.3,21.7487,89.0,189.0,85.0,27.8,20.2,1.2,1.4,8.5,7.6,7.9,9.1,13.5,13.9,0.4,0.5,3.0,4.6,2.3,3.2,12.6,3.0,40.0,25.5,9112.0,5.6,16.0,43.7,57.4,639.0,284.0,380.0,251.0,221.0,,2.528354,,241.862139,,,,,2.0,114.0,5.0,5.0,78.0,9.0,,2.0,3.0,,5.0,6.0,5.0,0.0,3.0,1.0,1.0,2.0,2.0,10.0,4.0,2.0,1.0,2.0,2.0,0.0,1.0,0.0,4.0,,0.0,0.0,0.0,5.0,1.0,0.0,0.0,14.0,5.0,10.0,1.0,6.0,3.0,4.0,0.0,1.0,3.0,2.0,2.0,1.0,5.0,2.0,5.0,0.0,1.0,1.0,,15.0,0.0,0.0,1.0,0.0,1.0,3.0,4.0,0.0,4.0,1.0,3.0,0.0,16.0,15.0,1.0,0.0,1.0,1.0,84.0,97.0,75.0,,,0.0,0.17,2.19,0.58,7.55,28.5,15.09,0.025,0.284,0.272,2.63,34.42,37.68,52.94,71.18,11.04,83.77,80.56,0.33,4.34,3.93,51.5,0.0,0.0,338.5,0.374,16.26,4.004,12.99,0.051,,7.63,16.97,,86.7,,1.562,53.1,1.33,,5.452,58.5,,2.12,20.8,3.831,27.1,1.763,29.419,4.157,7.98,1185.9,1.263,,40.43,17.61,7.61,68.71,0.798,399.3,3.88,23.1,0
43.0,0.0,7.0,3.0,,29.0,,,21.0,99.9,183.4,78.0,40.0,48.0,155.0,169.4,47.4443,169.0,189.0,90.0,47.9,51.3,8.7,7.9,13.1,10.1,12.8,10.1,50.9,65.6,3.0,3.5,4.3,4.8,4.3,3.8,49.0,28.2,32.8,41.6,6181.0,43.1,54.4,41.6,33.3,456.0,365.0,260.0,206.0,206.0,,4.11772,2.946,679.416176,4.45,,3.0,,,134.0,,3.0,68.0,,3.0,1.0,2.0,2.0,2.0,1.0,0.0,1.0,3.0,3.0,0.0,1.0,1.0,9.0,4.0,3.0,2.0,3.0,2.0,1.0,1.0,0.0,3.0,,2.0,7.0,,0.0,5.0,2.0,3.0,9.0,3.0,6.0,1.0,8.0,1.0,3.0,1.0,0.0,1.0,4.0,1.0,1.0,3.0,2.0,3.0,,4.0,1.0,1.0,0.0,,0.0,,8.0,,6.0,1.0,10.0,2.0,3.0,2.0,6.0,29.0,48.0,0.0,1.0,1.0,1.0,,51.0,72.0,,0.0,0.0,0.01,0.08,0.33,4.0,31.27,,0.032,0.441,0.185,1.01,12.14,32.95,54.64,,11.91,72.56,72.89,0.35,4.17,6.63,79.6,0.0,,207.5,0.247,16.16,5.186,13.63,0.078,,8.33,8.84,42.11,107.4,,1.535,18.1,0.24,2.337,9.259,46.8,0.815,1.05,12.2,7.391,33.7,1.721,10.296,4.828,,266.8,0.803,,102.58,0.996,11.85,69.54,0.637,204.2,6.64,62.3,0
50.0,1.0,1.0,3.0,1.0,,34.0,,14.0,101.2,142.8,84.8,14.0,28.0,101.0,64.7,22.944,95.0,168.0,92.0,23.6,35.4,2.9,6.1,11.0,12.2,8.4,12.3,28.7,17.6,1.1,2.4,,3.7,2.5,2.8,21.9,11.9,31.2,26.7,5402.0,28.5,33.7,45.8,37.4,470.0,,248.0,181.0,182.0,,3.742138,,469.713041,,3.0,,,3.0,,,,133.0,,1.0,3.0,1.0,6.0,0.0,6.0,0.0,2.0,1.0,1.0,3.0,0.0,0.0,6.0,1.0,2.0,2.0,2.0,2.0,1.0,1.0,0.0,3.0,79.032,1.0,8.0,0.0,10.0,5.0,1.0,0.0,6.0,3.0,0.0,0.0,2.0,3.0,1.0,2.0,2.0,5.0,1.0,2.0,2.0,5.0,1.0,4.0,2.0,3.0,26.0,,,24.0,1.0,1.0,1.0,7.0,2.0,2.0,3.0,3.0,1.0,4.0,,14.0,35.0,1.0,1.0,1.0,,,,,78.0,,1.0,,0.19,0.47,6.85,31.28,11.97,0.015,0.984,0.336,2.83,41.34,30.68,38.28,80.14,10.08,87.59,,0.47,6.91,3.06,44.7,0.0,0.0,235.7,0.238,17.47,3.903,15.01,0.125,2.172,6.85,11.2,44.57,117.2,1.078,1.117,22.9,2.21,,,98.4,,3.28,14.6,6.015,30.4,0.885,28.987,3.012,18.0,279.5,0.756,,121.5,7.876,4.71,75.92,3.064,424.1,8.42,70.2,0
48.0,0.0,45.0,4.0,99.0,27.0,36.0,,,85.1,153.2,75.1,14.0,26.0,112.0,60.3,26.6462,97.0,150.0,80.0,41.2,24.3,2.8,8.4,11.0,9.2,7.2,9.1,24.4,14.0,1.0,1.0,,2.9,2.0,1.8,43.1,18.7,28.2,33.0,6256.0,41.3,11.0,61.0,33.3,579.0,427.0,363.0,305.0,265.0,5.36186,2.622539,2.168,616.989165,,,,,3.0,9.0,,,,6.0,,1.0,0.0,,0.0,0.0,0.0,6.0,0.0,1.0,2.0,0.0,1.0,6.0,2.0,2.0,2.0,3.0,2.0,3.0,2.0,0.0,3.0,,0.0,0.0,2.0,6.0,6.0,2.0,5.0,0.0,3.0,1.0,3.0,6.0,3.0,3.0,1.0,1.0,2.0,2.0,2.0,2.0,2.0,1.0,2.0,2.0,1.0,22.0,15.0,19.0,13.0,,,8.0,,3.0,1.0,1.0,3.0,3.0,3.0,0.0,11.0,27.0,0.0,1.0,0.0,0.0,,,72.0,85.0,1.0,0.0,0.0,,0.34,5.21,34.84,13.7,,0.852,0.398,1.51,23.28,31.89,39.31,81.12,7.32,107.25,,0.51,7.8,4.14,63.7,0.0,0.0,157.5,,15.88,4.295,15.17,0.102,2.754,6.5,9.78,43.78,42.7,1.223,0.989,23.1,1.18,2.528,2.885,87.7,0.832,1.67,20.1,4.814,31.9,,28.173,1.92,5.19,,1.16,,,1.364,4.07,77.65,1.18,,4.04,29.7,0
48.0,0.0,11.0,2.0,4.0,,18.0,,19.0,,133.1,65.9,15.0,32.0,77.0,91.0,30.3234,107.0,173.0,80.0,41.2,42.8,1.6,2.9,,6.1,5.8,7.7,44.5,26.8,1.1,0.7,,2.1,1.8,1.8,32.1,21.5,22.0,24.8,4889.0,43.6,27.8,46.7,35.5,746.0,283.0,409.0,303.0,294.0,2.226255,1.436498,-3.598,,2.0,,,3.0,,12.0,,,,217.0,3.0,,1.0,1.0,4.0,4.0,7.0,1.0,1.0,2.0,0.0,1.0,1.0,6.0,2.0,3.0,1.0,2.0,1.0,0.0,0.0,0.0,4.0,62.87,1.0,,1.0,7.0,3.0,2.0,0.0,3.0,7.0,3.0,7.0,0.0,2.0,1.0,3.0,2.0,1.0,1.0,0.0,0.0,3.0,1.0,5.0,0.0,6.0,1.0,1.0,,17.0,1.0,,1.0,1.0,2.0,1.0,,1.0,,3.0,9.0,25.0,2.0,1.0,0.0,1.0,0.0,,43.0,87.0,82.0,,1.0,0.07,1.06,0.05,0.84,39.04,12.21,0.013,0.603,0.272,,13.54,28.37,31.27,90.72,8.62,120.07,80.69,0.98,14.95,4.55,69.6,0.0,0.0,134.7,0.116,16.62,4.303,15.12,,0.487,6.54,18.11,40.77,,1.183,1.284,20.1,12.27,2.188,6.417,110.4,,1.17,91.3,3.665,28.4,0.894,24.152,2.624,18.74,,1.198,,13.88,1.561,4.48,68.4,0.776,496.4,19.33,,0
62.0,0.0,3.0,3.0,2.0,3.0,34.0,,17.0,71.6,182.5,80.9,29.0,17.0,94.0,117.3,35.118,126.0,183.0,81.0,31.3,38.2,2.3,9.2,6.5,6.2,6.2,6.0,26.9,28.9,3.0,3.5,2.0,2.5,2.3,1.8,41.0,24.8,22.6,20.2,5000.0,28.0,39.0,36.9,29.1,663.0,,430.0,262.0,308.0,3.115412,1.676923,,170.664872,2.94,,1.0,,5.0,18.0,,,10.0,12.0,2.0,,3.0,2.0,3.0,2.0,0.0,6.0,1.0,1.0,1.0,1.0,2.0,6.0,2.0,3.0,3.0,1.0,1.0,0.0,1.0,0.0,3.0,,0.0,1.0,4.0,3.0,2.0,1.0,8.0,35.0,3.0,2.0,1.0,1.0,2.0,2.0,2.0,1.0,1.0,3.0,2.0,1.0,5.0,3.0,5.0,2.0,3.0,17.0,0.0,0.0,0.0,0.0,1.0,1.0,5.0,5.0,,10.0,4.0,2.0,4.0,4.0,31.0,,0.0,1.0,0.0,0.0,,80.0,,92.0,,0.0,0.12,2.85,0.51,11.81,43.17,15.37,0.005,0.143,0.28,1.43,33.18,34.69,35.6,97.44,9.61,112.24,,0.43,9.93,1.82,42.2,0.0,0.0,158.2,0.152,16.48,4.431,13.4,0.047,0.883,4.31,10.68,46.78,152.6,,,35.4,1.03,2.562,2.417,106.9,0.728,2.95,,4.905,41.0,1.06,35.864,2.152,45.97,,1.314,,43.13,2.095,7.71,77.3,4.196,468.5,,70.9,0
65.0,1.0,11.0,5.0,,,27.0,,,75.3,168.7,79.6,25.0,30.0,101.0,97.3,36.3943,116.0,163.0,65.0,47.0,27.7,3.5,3.6,6.4,7.5,6.6,6.8,,33.1,3.0,2.7,2.0,1.8,1.7,2.0,29.7,19.4,21.5,27.0,5942.0,45.3,35.2,43.4,37.9,534.0,412.0,406.0,304.0,298.0,2.079843,1.996649,-0.732,287.124101,,6.0,,,4.0,64.0,,,,27.0,2.0,4.0,3.0,5.0,,6.0,0.0,0.0,1.0,3.0,1.0,1.0,0.0,9.0,3.0,2.0,1.0,2.0,2.0,0.0,1.0,1.0,4.0,,0.0,11.0,0.0,1.0,0.0,2.0,4.0,36.0,6.0,2.0,3.0,1.0,3.0,0.0,3.0,0.0,1.0,0.0,2.0,0.0,3.0,3.0,5.0,1.0,2.0,1.0,13.0,3.0,0.0,,,8.0,0.0,3.0,2.0,11.0,5.0,2.0,1.0,0.0,25.0,2.0,0.0,0.0,0.0,0.0,69.0,61.0,72.0,75.0,,1.0,0.16,3.26,0.15,2.99,38.96,11.56,0.014,0.322,0.169,1.84,36.89,29.85,29.68,100.55,,120.98,91.26,0.28,5.67,2.55,51.2,0.0,0.0,223.9,0.24,16.07,3.874,16.89,0.031,1.239,4.98,,47.44,,2.194,1.625,33.6,17.32,2.27,8.349,116.6,1.343,,22.9,6.536,,2.05,27.621,5.67,126.88,,1.151,,23.83,12.249,4.88,79.14,0.677,343.0,8.56,23.9,0
48.0,0.0,20.0,3.0,72.0,24.0,17.0,,14.0,74.7,130.4,,35.0,27.0,76.0,50.4,19.6569,94.0,160.0,96.0,17.5,35.3,1.3,1.8,8.4,9.6,7.6,7.0,28.7,17.1,1.1,0.5,2.2,1.8,2.2,2.7,32.5,5.3,21.1,21.6,5989.0,19.4,6.1,61.8,29.1,728.0,434.0,271.0,222.0,311.0,4.441904,1.92408,0.734,153.930726,1.4,4.0,,,4.0,17.0,,3.0,109.0,,2.0,3.0,2.0,1.0,5.0,7.0,0.0,2.0,2.0,2.0,1.0,1.0,1.0,5.0,3.0,3.0,3.0,2.0,1.0,3.0,0.0,0.0,3.0,,0.0,0.0,0.0,7.0,0.0,4.0,0.0,40.0,0.0,12.0,0.0,1.0,3.0,0.0,3.0,3.0,2.0,0.0,0.0,0.0,1.0,3.0,3.0,2.0,5.0,0.0,,0.0,,,,7.0,5.0,4.0,4.0,3.0,3.0,1.0,3.0,1.0,34.0,1.0,0.0,1.0,0.0,1.0,,67.0,,46.0,,1.0,0.0,0.04,0.55,4.83,37.92,16.21,0.022,0.916,,,15.27,38.4,42.75,89.82,10.16,117.58,79.26,0.53,4.64,8.61,75.2,0.0,0.0,346.7,0.352,15.71,4.222,16.93,0.079,1.184,11.45,37.7,43.89,138.4,1.033,1.567,23.1,1.18,,7.868,62.0,,,74.1,,33.7,0.803,20.537,5.204,,,0.938,,70.56,1.616,7.81,,1.256,332.0,4.6,93.4,0
67.0,1.0,4.0,6.0,2.0,5.0,38.0,1.0,19.0,81.8,,61.9,8.0,22.0,88.0,103.3,40.5975,117.0,160.0,80.0,19.6,21.8,2.0,2.9,7.5,8.6,6.3,8.3,18.9,29.4,1.1,0.7,2.0,4.6,2.3,1.8,37.8,7.1,17.4,26.0,6917.0,37.4,31.7,48.5,36.1,655.0,433.0,326.0,278.0,276.0,4.046352,1.550779,0.831,296.460059,,4.0,1.0,,4.0,8.0,,,2.0,70.0,4.0,2.0,4.0,1.0,1.0,2.0,1.0,6.0,2.0,2.0,1.0,0.0,0.0,5.0,1.0,3.0,1.0,2.0,1.0,1.0,0.0,0.0,3.0,18.394,1.0,10.0,0.0,3.0,3.0,5.0,0.0,30.0,7.0,2.0,1.0,2.0,2.0,4.0,4.0,3.0,2.0,1.0,0.0,4.0,1.0,2.0,3.0,1.0,3.0,11.0,,,22.0,,1.0,9.0,9.0,6.0,4.0,0.0,5.0,1.0,3.0,7.0,23.0,1.0,,0.0,0.0,0.0,,64.0,86.0,75.0,,1.0,,0.34,0.07,2.15,35.2,16.53,0.011,0.133,0.436,,33.89,39.15,46.97,83.36,8.75,95.29,84.39,0.24,7.4,1.83,56.2,0.0,0.0,214.3,0.188,16.75,4.222,14.71,0.046,1.363,3.26,16.72,45.87,70.4,1.074,1.618,15.5,54.39,2.286,7.476,58.3,1.254,1.06,9.6,,26.9,0.929,23.247,4.862,,,1.369,,,17.205,5.37,71.98,0.915,401.4,4.78,,0
42.0,1.0,14.0,1.0,,,8.0,,16.0,73.0,130.4,48.3,57.0,50.0,77.0,73.3,20.8836,105.0,187.0,99.0,36.0,40.4,3.7,7.5,11.7,18.2,13.0,13.9,29.1,16.1,0.6,0.8,5.7,4.8,4.2,3.5,42.1,21.9,42.6,41.9,10189.0,36.4,38.9,94.6,57.7,567.0,412.0,438.0,303.0,214.0,4.509827,,,658.504258,,,5.0,,3.0,11.0,,,,31.0,4.0,,3.0,3.0,1.0,3.0,6.0,1.0,2.0,1.0,2.0,0.0,2.0,6.0,3.0,4.0,3.0,2.0,1.0,0.0,0.0,1.0,3.0,,0.0,9.0,2.0,3.0,1.0,0.0,0.0,9.0,4.0,1.0,6.0,2.0,2.0,3.0,2.0,4.0,2.0,0.0,1.0,2.0,1.0,1.0,5.0,2.0,6.0,,2.0,9.0,4.0,0.0,1.0,1.0,0.0,2.0,3.0,,2.0,1.0,2.0,0.0,29.0,2.0,0.0,0.0,0.0,0.0,,,,,,0.0,0.03,0.25,0.07,0.55,39.26,11.27,,0.467,0.437,2.95,,27.43,28.69,95.61,8.58,96.09,93.9,0.23,1.9,8.69,72.7,0.0,0.0,654.8,0.562,17.49,4.107,12.25,0.042,1.678,11.96,46.59,43.19,68.7,1.778,1.527,57.7,,2.512,8.252,69.9,1.18,2.09,13.5,10.077,45.2,0.908,26.141,6.923,8.37,,0.775,,99.79,10.107,5.13,65.04,1.221,209.1,3.45,24.8,0
58.0,1.0,12.0,2.0,,,23.0,,16.0,66.2,136.5,74.1,32.0,34.0,63.0,77.8,23.4834,95.0,182.0,84.0,13.6,12.9,1.7,1.6,13.0,11.4,6.1,8.4,23.7,13.4,0.5,0.5,2.8,3.4,3.8,2.5,11.9,4.0,32.0,31.2,8454.0,14.4,8.9,73.7,38.3,726.0,339.0,320.0,281.0,246.0,4.604734,4.035726,,294.734749,4.78,2.0,1.0,2.0,1.0,20.0,1.0,5.0,26.0,20.0,4.0,,1.0,,4.0,6.0,0.0,2.0,1.0,2.0,2.0,0.0,0.0,10.0,2.0,1.0,2.0,2.0,,0.0,2.0,0.0,3.0,,2.0,,7.0,0.0,0.0,2.0,4.0,16.0,5.0,2.0,6.0,0.0,2.0,1.0,5.0,0.0,3.0,2.0,3.0,3.0,1.0,,5.0,1.0,6.0,1.0,0.0,0.0,,0.0,0.0,3.0,1.0,2.0,1.0,0.0,4.0,3.0,1.0,0.0,,37.0,1.0,1.0,0.0,0.0,,72.0,,,,0.0,0.1,1.35,0.13,1.83,40.21,15.73,0.018,0.355,0.213,1.56,,37.65,39.11,96.27,7.42,118.15,83.58,0.97,13.33,,62.2,0.0,0.0,162.6,0.121,16.43,4.177,14.5,0.031,0.66,7.31,,49.45,66.5,1.065,1.619,15.2,1.07,2.852,8.344,77.1,1.209,2.84,24.5,6.036,33.5,0.997,28.955,5.74,168.77,392.8,1.239,,,13.131,31.94,,5.29,397.2,8.17,99.3,0
47.0,1.0,35.0,1.0,4.0,4.0,53.0,8.0,15.0,64.4,110.3,60.2,33.0,50.0,71.0,53.9,20.0008,88.0,164.0,113.0,19.6,17.9,2.2,1.5,7.0,,10.8,7.9,24.9,18.4,1.2,0.5,2.9,3.9,2.8,2.0,14.2,7.5,26.1,23.0,7266.0,32.4,22.8,56.7,52.1,652.0,277.0,263.0,,199.0,3.347612,3.213708,0.075,524.164632,4.03,,2.0,3.0,2.0,28.0,,,,211.0,1.0,4.0,2.0,2.0,1.0,6.0,4.0,1.0,3.0,2.0,5.0,1.0,1.0,,3.0,2.0,2.0,2.0,2.0,1.0,0.0,1.0,,4.38,0.0,0.0,,1.0,4.0,1.0,0.0,1.0,9.0,9.0,3.0,0.0,3.0,1.0,3.0,2.0,2.0,1.0,5.0,5.0,1.0,1.0,2.0,2.0,2.0,,,0.0,0.0,0.0,,7.0,0.0,2.0,3.0,9.0,4.0,1.0,2.0,0.0,24.0,,0.0,1.0,0.0,0.0,83.0,74.0,,,,0.0,0.12,1.91,1.0,15.43,52.43,15.34,0.04,0.785,0.315,1.98,30.51,28.86,29.26,98.62,7.63,104.27,87.49,0.61,9.46,2.77,42.7,0.0,0.0,164.7,0.126,15.86,5.317,12.46,0.129,2.323,6.49,19.75,50.06,111.0,1.782,1.344,17.2,12.07,2.288,6.431,54.5,0.698,1.03,17.5,9.863,51.5,1.564,32.554,4.602,,,,,60.3,14.874,5.73,76.84,0.75,,3.79,62.1,0
60.0,1.0,3.0,3.0,,,17.0,8.0,,71.9,107.7,87.7,80.0,57.0,73.0,88.5,24.7392,89.0,189.0,98.0,18.1,12.0,1.6,1.7,13.7,21.2,18.9,19.5,17.3,17.1,0.7,0.4,5.0,6.2,5.6,4.6,12.4,4.2,43.9,42.1,13528.0,22.4,11.7,64.0,68.0,483.0,244.0,271.0,258.0,254.0,5.406406,5.190149,,693.085837,,,,,,32.0,,4.0,,393.0,,6.0,2.0,2.0,6.0,5.0,7.0,3.0,4.0,2.0,5.0,1.0,0.0,8.0,4.0,2.0,1.0,1.0,2.0,1.0,0.0,0.0,3.0,23.021,0.0,15.0,6.0,2.0,0.0,1.0,,17.0,2.0,14.0,6.0,9.0,2.0,3.0,2.0,2.0,0.0,2.0,1.0,1.0,2.0,1.0,5.0,2.0,3.0,0.0,0.0,0.0,4.0,,1.0,1.0,3.0,3.0,3.0,10.0,3.0,2.0,4.0,0.0,14.0,,1.0,0.0,1.0,0.0,,40.0,80.0,94.0,,0.0,0.06,0.53,0.56,4.77,40.23,16.85,0.043,0.369,0.285,2.83,24.13,34.8,41.87,83.12,8.09,119.27,78.85,0.75,6.4,7.52,64.2,0.0,0.0,143.7,0.116,16.65,4.84,13.61,0.087,1.011,11.72,8.08,49.0,99.1,1.056,1.016,20.2,1.24,2.428,4.351,,1.342,1.19,23.8,4.76,30.4,0.863,28.173,2.055,,,1.486,,44.21,18.67,4.19,78.82,3.709,,8.2,23.9,0
56.0,0.0,24.0,5.0,1.0,5.0,55.0,2.0,15.0,84.7,171.3,67.7,31.0,28.0,87.0,42.9,18.7099,87.0,151.0,99.0,34.0,24.3,2.0,2.0,7.2,7.2,6.8,10.7,22.8,20.5,0.6,1.1,1.9,2.6,2.6,,17.8,,22.6,23.6,9291.0,15.1,19.0,44.3,32.7,676.0,282.0,377.0,257.0,295.0,3.637628,2.669162,0.472,218.000759,3.41,,,,,71.0,6.0,1.0,10.0,15.0,3.0,,1.0,6.0,1.0,6.0,0.0,5.0,2.0,2.0,,0.0,0.0,8.0,3.0,2.0,2.0,2.0,2.0,0.0,2.0,0.0,,,1.0,,7.0,2.0,6.0,1.0,,30.0,1.0,3.0,1.0,4.0,2.0,3.0,2.0,1.0,1.0,2.0,1.0,3.0,3.0,1.0,3.0,2.0,1.0,,,0.0,0.0,,,5.0,,1.0,2.0,14.0,2.0,,1.0,0.0,15.0,1.0,0.0,0.0,0.0,0.0,,,,85.0,0.0,0.0,0.01,0.24,0.47,9.11,43.87,12.21,0.023,0.467,0.317,1.03,19.92,,27.84,97.13,8.28,103.43,94.78,,13.48,2.96,57.3,0.0,0.0,413.7,0.343,17.49,4.517,12.62,0.1,1.427,5.16,17.94,42.42,66.6,,0.552,20.0,0.61,2.237,3.936,116.4,1.29,,133.4,7.336,48.2,,43.413,2.282,15.5,,1.065,,46.37,,5.85,77.19,4.678,,24.3,85.9,0
65.0,0.0,30.0,5.0,,,35.0,,15.0,79.2,158.1,55.5,25.0,27.0,68.0,47.7,19.3082,92.0,157.0,84.0,13.8,16.6,2.0,2.5,9.5,7.4,10.5,6.8,21.8,15.8,0.5,0.8,2.3,4.0,3.0,3.1,13.9,18.6,29.3,21.1,5632.0,9.7,8.9,48.9,37.6,703.0,391.0,306.0,224.0,189.0,2.676896,1.216025,,192.310335,4.33,4.0,,,2.0,207.0,3.0,,,412.0,2.0,5.0,0.0,0.0,3.0,6.0,2.0,0.0,3.0,2.0,0.0,4.0,0.0,5.0,2.0,2.0,1.0,3.0,2.0,1.0,0.0,1.0,,,0.0,14.0,0.0,1.0,1.0,5.0,0.0,35.0,4.0,13.0,2.0,2.0,3.0,2.0,2.0,3.0,3.0,3.0,3.0,2.0,3.0,1.0,5.0,2.0,3.0,8.0,,,12.0,1.0,0.0,,1.0,2.0,3.0,14.0,2.0,1.0,3.0,103.0,17.0,20.0,0.0,0.0,0.0,0.0,,54.0,,92.0,,0.0,0.19,2.63,0.23,3.21,33.63,12.78,0.007,0.339,0.156,2.49,34.8,30.31,37.98,79.79,11.21,73.25,79.1,0.43,5.95,3.82,53.4,,0.0,383.3,0.43,17.03,4.215,14.03,0.049,0.471,7.16,12.09,,129.5,1.4,0.558,,,2.219,3.926,99.3,1.091,1.55,,3.838,28.5,0.873,10.184,1.505,,,0.915,,24.24,1.16,,,0.934,382.5,7.51,55.7,0
66.0,1.0,30.0,1.0,14.0,,11.0,,,61.9,102.9,67.7,23.0,40.0,79.0,75.8,32.9211,100.0,152.0,89.0,43.0,33.9,8.1,4.9,8.0,7.6,6.5,6.1,28.0,39.1,1.8,2.8,2.8,2.4,2.3,4.5,37.2,5.1,23.8,21.7,6304.0,25.0,21.7,48.5,27.4,776.0,328.0,298.0,329.0,196.0,0.270532,0.25971,,65.338249,,,,1.0,,301.0,4.0,,,404.0,5.0,3.0,2.0,3.0,1.0,7.0,0.0,6.0,7.0,2.0,0.0,1.0,2.0,5.0,4.0,,1.0,1.0,2.0,0.0,1.0,1.0,1.0,11.295,0.0,0.0,3.0,7.0,1.0,6.0,0.0,34.0,10.0,3.0,4.0,7.0,3.0,2.0,4.0,0.0,2.0,4.0,0.0,1.0,2.0,2.0,4.0,,5.0,,,0.0,9.0,0.0,,5.0,4.0,2.0,3.0,10.0,5.0,3.0,3.0,12.0,,,1.0,1.0,0.0,0.0,,,84.0,,,0.0,0.01,0.14,0.51,4.91,44.97,14.52,0.022,0.173,0.167,1.27,12.13,31.54,32.29,97.66,12.29,119.16,80.75,,6.57,7.99,76.3,0.0,0.0,,0.331,16.89,,12.39,0.02,0.976,10.48,47.85,48.15,64.9,1.394,0.882,55.7,10.31,2.493,6.015,51.5,0.717,,185.0,,54.1,0.842,15.124,3.092,88.39,,0.974,,27.09,8.848,6.89,69.6,0.689,353.5,1.74,14.9,0
47.0,1.0,3.0,2.0,1.0,,33.0,7.0,,99.5,166.6,63.7,52.0,70.0,72.0,78.9,23.8874,89.0,182.0,97.0,19.2,,3.3,1.6,14.1,16.0,20.0,13.0,13.7,34.5,0.9,0.6,4.6,3.1,4.7,4.6,16.6,7.0,35.8,41.6,10058.0,15.0,14.9,80.9,52.9,437.0,216.0,233.0,186.0,126.0,3.399919,3.263923,2.814,607.979807,,4.0,,,,225.0,2.0,,,223.0,,5.0,2.0,,0.0,6.0,0.0,0.0,8.0,3.0,1.0,,2.0,4.0,3.0,1.0,3.0,3.0,1.0,0.0,0.0,2.0,3.0,16.948,,7.0,0.0,1.0,1.0,2.0,0.0,3.0,2.0,1.0,0.0,4.0,2.0,1.0,2.0,2.0,2.0,2.0,0.0,1.0,2.0,2.0,4.0,2.0,1.0,11.0,,4.0,0.0,0.0,,9.0,2.0,1.0,1.0,0.0,4.0,,3.0,2.0,30.0,,0.0,1.0,0.0,0.0,91.0,80.0,,,,0.0,0.0,0.02,0.29,6.0,43.04,14.43,0.013,0.404,0.304,1.82,37.48,27.82,33.52,83.0,7.63,85.69,72.57,0.32,6.69,2.42,49.8,0.0,0.0,398.0,,17.84,5.186,12.85,0.042,2.715,4.86,35.32,51.33,109.9,2.069,0.906,22.3,,2.189,4.056,103.9,0.769,,141.1,9.263,43.7,2.315,13.193,3.648,,,1.187,,27.75,,17.43,,5.262,429.0,6.86,16.6,0
54.0,0.0,26.0,2.0,,1.0,46.0,4.0,15.0,106.9,174.2,62.9,20.0,48.0,79.0,113.8,35.6333,96.0,179.0,85.0,22.4,13.1,6.8,3.3,10.1,8.5,6.7,8.2,23.5,19.6,1.2,0.9,2.1,3.6,2.1,1.8,33.9,14.7,31.6,34.2,6623.0,21.8,23.7,52.5,28.9,744.0,,285.0,252.0,,0.642974,0.617255,-0.818,152.251508,3.76,,2.0,,,22.0,,,216.0,22.0,,3.0,4.0,2.0,2.0,6.0,5.0,5.0,1.0,,0.0,,2.0,6.0,3.0,2.0,2.0,3.0,1.0,1.0,0.0,0.0,2.0,,0.0,4.0,0.0,8.0,5.0,5.0,0.0,5.0,2.0,3.0,3.0,2.0,2.0,0.0,3.0,0.0,1.0,1.0,0.0,,,1.0,5.0,0.0,4.0,,,,6.0,2.0,1.0,3.0,7.0,1.0,3.0,0.0,2.0,,3.0,0.0,19.0,1.0,0.0,1.0,1.0,0.0,82.0,87.0,,84.0,0.0,0.0,0.01,0.14,0.08,1.0,38.06,14.25,0.014,0.145,,1.16,14.79,31.59,37.45,84.35,8.07,107.73,88.15,0.92,11.74,5.69,72.3,0.0,0.0,223.6,0.18,17.7,4.513,14.96,0.019,0.654,7.87,39.62,44.11,74.9,1.223,1.049,20.5,14.35,2.267,8.002,65.4,0.899,4.74,13.0,8.739,45.5,1.144,23.842,4.103,,599.6,0.889,,85.04,2.976,5.31,78.34,3.325,435.7,3.42,33.7,0
42.0,1.0,14.0,1.0,,41.0,26.0,,,93.9,186.8,,49.0,51.0,68.0,59.2,20.6748,111.0,169.0,98.0,37.3,23.0,2.1,1.4,9.7,11.9,12.7,12.6,25.2,27.1,1.6,1.5,2.0,4.0,4.5,3.2,27.0,16.4,33.3,32.9,9012.0,28.1,17.7,53.5,40.8,638.0,392.0,377.0,308.0,281.0,4.362992,2.410794,1.745,588.04388,3.74,2.0,,6.0,,,,,,12.0,4.0,,3.0,1.0,0.0,1.0,0.0,0.0,6.0,1.0,0.0,0.0,0.0,10.0,,3.0,3.0,2.0,2.0,0.0,0.0,2.0,4.0,,0.0,0.0,,0.0,,7.0,0.0,3.0,2.0,1.0,6.0,5.0,2.0,1.0,3.0,2.0,3.0,1.0,0.0,1.0,1.0,2.0,5.0,2.0,4.0,1.0,,0.0,0.0,,,5.0,0.0,2.0,2.0,3.0,3.0,1.0,4.0,6.0,28.0,2.0,0.0,1.0,0.0,1.0,,17.0,,,1.0,0.0,0.0,0.03,0.05,0.9,44.3,16.1,,0.728,,2.18,36.24,32.83,36.35,90.31,9.78,112.0,73.38,0.43,7.12,3.35,55.7,0.0,0.0,334.4,0.327,16.38,4.905,16.5,0.094,2.054,6.01,58.85,40.9,86.6,2.102,0.862,46.2,19.77,2.636,,91.0,1.112,2.09,22.3,6.67,33.8,2.281,14.182,4.778,,,1.473,,77.72,11.14,7.46,78.72,,220.0,3.08,25.1,0
63.0,1.0,8.0,1.0,,4.0,51.0,,24.0,71.5,132.2,100.2,22.0,44.0,90.0,50.5,20.6614,111.0,156.0,86.0,36.6,32.8,9.4,4.8,10.0,11.0,6.4,9.4,49.0,39.1,1.1,2.4,2.7,4.4,3.9,2.6,46.4,13.3,26.4,25.1,8351.0,47.9,35.0,40.2,33.0,593.0,305.0,316.0,230.0,248.0,2.37868,2.283533,,523.130676,2.42,,,4.0,,75.0,,5.0,,12.0,3.0,2.0,2.0,,1.0,7.0,5.0,6.0,4.0,3.0,,2.0,0.0,6.0,1.0,4.0,1.0,2.0,2.0,1.0,0.0,0.0,4.0,,0.0,2.0,,3.0,0.0,4.0,0.0,39.0,6.0,5.0,5.0,1.0,2.0,2.0,2.0,2.0,2.0,1.0,0.0,1.0,1.0,2.0,4.0,1.0,2.0,26.0,6.0,15.0,17.0,,1.0,9.0,21.0,4.0,4.0,,3.0,1.0,3.0,0.0,28.0,,0.0,0.0,0.0,1.0,83.0,97.0,,82.0,,0.0,0.08,1.43,,0.97,43.7,14.59,0.022,0.577,0.332,2.59,45.57,29.97,33.39,89.76,7.82,113.69,73.08,0.79,13.92,2.17,38.1,0.0,0.0,256.4,0.2,16.7,4.868,15.28,0.048,2.601,5.69,39.46,43.43,105.5,,1.124,40.0,,2.22,,58.9,0.778,3.45,11.0,3.946,28.2,0.929,,3.93,4.94,,0.842,,,,21.86,78.39,1.413,445.0,26.19,18.2,0
44.0,1.0,15.0,5.0,43.0,,,9.0,,78.4,168.5,66.3,41.0,47.0,92.0,73.2,24.1261,103.0,174.0,84.0,47.8,32.2,6.8,4.8,7.3,9.6,7.5,9.7,32.4,18.5,1.9,0.7,3.2,3.3,4.4,2.8,44.3,15.8,28.8,36.9,4910.0,32.2,37.4,58.3,46.6,715.0,438.0,418.0,320.0,258.0,,3.391053,,365.800734,3.25,,5.0,3.0,,16.0,,4.0,234.0,294.0,,4.0,0.0,,5.0,6.0,4.0,2.0,6.0,3.0,0.0,0.0,2.0,7.0,3.0,2.0,3.0,3.0,2.0,1.0,1.0,1.0,4.0,5.253,1.0,14.0,2.0,10.0,1.0,0.0,1.0,9.0,6.0,3.0,1.0,6.0,2.0,2.0,5.0,1.0,1.0,1.0,2.0,3.0,4.0,3.0,5.0,1.0,1.0,0.0,13.0,,,0.0,0.0,5.0,4.0,2.0,2.0,5.0,3.0,1.0,3.0,2.0,32.0,1.0,1.0,0.0,1.0,0.0,,104.0,,92.0,,0.0,0.09,0.94,0.04,0.49,42.44,15.92,0.028,0.848,0.362,1.75,19.2,32.09,37.51,85.54,8.18,117.94,76.92,,9.26,6.38,70.1,0.0,0.0,546.8,0.447,16.08,4.961,13.13,0.04,1.573,,9.12,45.36,68.6,1.429,0.78,,7.87,,7.134,59.9,0.645,,16.3,4.859,34.5,,35.25,2.975,15.42,,0.996,,33.92,,17.65,78.43,0.82,,3.63,85.0,0
62.0,1.0,12.0,2.0,27.0,35.0,,,17.0,80.0,,71.3,30.0,51.0,66.0,65.7,25.3682,88.0,161.0,94.0,17.2,14.0,2.6,2.8,6.9,8.5,11.0,7.8,15.4,32.1,0.4,1.0,3.2,2.6,2.1,4.2,19.2,4.6,23.2,31.7,7714.0,23.1,17.5,72.0,29.0,504.0,316.0,266.0,270.0,202.0,1.984314,1.524152,,135.663276,,3.0,1.0,3.0,,,4.0,,,29.0,3.0,,3.0,6.0,3.0,4.0,0.0,0.0,3.0,3.0,5.0,,1.0,8.0,4.0,2.0,1.0,1.0,2.0,0.0,1.0,1.0,3.0,,0.0,0.0,7.0,0.0,4.0,0.0,1.0,3.0,9.0,3.0,7.0,2.0,2.0,2.0,1.0,1.0,2.0,1.0,1.0,0.0,4.0,2.0,4.0,2.0,4.0,,1.0,,23.0,0.0,,3.0,6.0,6.0,3.0,0.0,2.0,1.0,4.0,0.0,16.0,3.0,0.0,1.0,0.0,,,91.0,,88.0,,0.0,0.14,,0.13,,30.47,11.23,0.037,0.456,0.351,1.36,22.22,31.05,36.85,84.25,8.98,102.0,80.02,0.33,5.4,4.16,68.0,0.0,0.0,216.5,0.194,16.96,3.616,15.77,0.05,0.617,6.12,29.17,41.32,,1.297,0.578,16.8,14.91,2.315,5.974,48.1,0.84,1.31,68.4,,36.9,1.734,13.271,2.978,9.41,1444.5,1.526,,31.46,,7.18,67.03,0.698,266.5,6.16,74.8,0
42.0,0.0,16.0,5.0,,,54.0,6.0,,63.9,132.7,55.5,15.0,23.0,70.0,54.9,19.8691,88.0,166.0,82.0,16.3,12.5,1.5,2.2,10.2,7.2,6.1,8.1,17.3,15.6,0.7,0.9,2.3,,1.9,2.8,18.4,5.7,23.1,26.5,5845.0,16.2,19.5,38.6,30.6,699.0,427.0,284.0,278.0,255.0,2.278218,2.187089,-0.983,252.132083,3.18,3.0,,3.0,,12.0,2.0,5.0,,14.0,,3.0,4.0,0.0,0.0,0.0,1.0,6.0,1.0,1.0,3.0,0.0,1.0,6.0,2.0,2.0,1.0,2.0,1.0,2.0,1.0,0.0,4.0,,2.0,,3.0,1.0,1.0,7.0,0.0,17.0,4.0,1.0,1.0,9.0,2.0,2.0,3.0,4.0,5.0,1.0,1.0,1.0,0.0,3.0,3.0,1.0,4.0,,,1.0,,3.0,1.0,2.0,4.0,1.0,2.0,5.0,3.0,2.0,3.0,0.0,27.0,1.0,0.0,1.0,0.0,0.0,,,,77.0,,0.0,0.14,1.22,0.47,4.15,41.01,12.81,0.015,0.363,0.397,2.85,25.2,30.75,31.23,98.47,10.0,92.12,,0.35,3.05,7.51,66.4,0.0,0.0,273.5,0.273,18.72,4.165,13.09,,0.714,11.32,70.4,,103.7,2.225,0.693,15.0,7.15,2.472,5.999,35.6,0.711,,25.3,1.588,26.2,,30.13,2.969,7.44,,,,40.02,2.564,6.35,74.74,5.182,166.2,3.15,24.4,0
63.0,1.0,7.0,3.0,1.0,7.0,,5.0,20.0,66.5,107.0,68.6,53.0,54.0,119.0,104.7,29.1356,111.0,190.0,95.0,42.0,33.5,2.6,2.5,13.6,12.8,13.0,8.4,54.9,,1.7,3.0,5.6,4.5,3.6,4.4,45.5,15.1,37.8,42.2,9405.0,41.2,47.4,70.8,54.5,620.0,411.0,295.0,294.0,305.0,3.809992,3.657592,0.235,214.307113,,,2.0,2.0,3.0,23.0,1.0,,,24.0,,4.0,3.0,5.0,2.0,7.0,6.0,0.0,0.0,2.0,0.0,2.0,0.0,6.0,3.0,2.0,1.0,2.0,2.0,0.0,0.0,0.0,2.0,,0.0,2.0,,10.0,3.0,2.0,0.0,24.0,7.0,5.0,5.0,6.0,2.0,2.0,2.0,5.0,3.0,0.0,0.0,1.0,4.0,1.0,4.0,0.0,5.0,,,,0.0,3.0,,2.0,7.0,2.0,2.0,,3.0,1.0,3.0,0.0,25.0,20.0,,,1.0,0.0,,53.0,67.0,,0.0,1.0,0.1,1.13,0.13,1.38,31.28,12.83,0.03,0.234,0.213,1.42,15.41,32.58,41.03,79.42,9.42,82.97,71.5,0.96,10.37,6.63,71.7,0.0,0.0,355.6,0.335,17.54,3.939,17.0,0.05,2.164,9.25,34.12,41.46,107.3,1.738,1.488,18.5,0.76,2.278,7.59,94.2,0.647,3.31,79.2,6.337,34.3,2.393,28.001,2.582,7.8,,,,,17.326,26.55,77.95,2.896,172.6,5.58,18.9,0
60.0,0.0,41.0,6.0,6.0,9.0,,,21.0,79.8,117.8,74.8,12.0,11.0,111.0,94.1,38.3171,110.0,157.0,80.0,50.8,51.4,7.7,5.3,6.3,6.8,10.0,5.5,55.0,23.4,2.0,2.5,1.8,2.2,1.7,1.7,29.2,25.2,20.4,20.0,5154.0,47.4,42.4,32.5,,731.0,399.0,310.0,319.0,291.0,4.215391,2.374039,0.311,590.637001,3.85,5.0,,,,,,,13.0,26.0,,5.0,0.0,2.0,,5.0,5.0,0.0,1.0,3.0,0.0,,2.0,6.0,1.0,2.0,1.0,1.0,2.0,0.0,0.0,0.0,4.0,,1.0,14.0,0.0,1.0,9.0,4.0,8.0,14.0,0.0,7.0,2.0,1.0,2.0,0.0,3.0,2.0,0.0,3.0,4.0,0.0,4.0,1.0,5.0,2.0,2.0,1.0,1.0,,,2.0,,1.0,0.0,4.0,4.0,0.0,2.0,1.0,2.0,12.0,,,0.0,0.0,0.0,0.0,75.0,74.0,,86.0,,,0.1,2.11,0.02,0.42,52.72,16.09,0.029,0.99,,1.58,31.77,29.29,30.52,95.97,12.1,103.99,88.1,0.38,7.57,2.9,58.1,0.0,0.0,287.5,0.348,15.9,5.493,,0.067,1.991,4.98,,40.03,72.2,1.564,,,0.37,2.048,7.77,35.0,0.755,1.48,134.2,6.102,30.9,0.964,17.779,5.12,,,1.413,,127.07,1.606,13.3,69.93,4.154,181.9,4.83,16.8,0
50.0,0.0,9.0,5.0,,,11.0,1.0,15.0,93.4,184.3,77.7,19.0,38.0,70.0,102.1,31.7874,95.0,179.0,83.0,36.8,12.8,2.7,3.3,10.9,10.6,10.7,10.1,22.2,27.7,0.9,0.6,3.2,2.1,3.7,2.1,21.4,13.8,26.2,38.6,9353.0,20.1,8.2,69.8,27.8,513.0,423.0,448.0,309.0,244.0,3.859832,3.705439,,352.458222,,,2.0,3.0,3.0,15.0,,5.0,68.0,6.0,,4.0,1.0,2.0,4.0,7.0,4.0,1.0,8.0,3.0,4.0,0.0,0.0,9.0,1.0,2.0,2.0,2.0,1.0,0.0,0.0,2.0,1.0,,0.0,0.0,6.0,1.0,1.0,7.0,0.0,37.0,0.0,4.0,0.0,7.0,3.0,4.0,3.0,2.0,3.0,1.0,1.0,2.0,5.0,2.0,5.0,0.0,4.0,1.0,0.0,0.0,0.0,0.0,,2.0,3.0,1.0,2.0,7.0,4.0,2.0,5.0,5.0,28.0,33.0,1.0,1.0,0.0,1.0,82.0,47.0,,90.0,0.0,0.0,0.09,1.29,0.13,1.87,31.54,12.77,0.011,0.951,0.347,2.61,38.75,33.61,40.49,83.01,8.88,116.05,78.89,0.84,12.51,3.07,45.6,0.0,0.0,172.7,0.153,15.77,3.799,15.64,0.086,1.678,6.73,18.97,,87.5,1.177,0.582,29.0,21.49,2.212,3.37,48.1,0.673,1.68,24.7,9.39,33.8,,29.545,2.57,122.9,1275.0,1.169,14.7,,4.285,5.49,78.58,4.628,168.3,3.52,33.4,0
40.0,0.0,37.0,1.0,3.0,,43.0,8.0,14.0,80.9,106.4,51.1,29.0,20.0,98.0,77.6,29.7378,96.0,162.0,97.0,32.3,17.7,8.9,8.7,6.4,9.0,6.7,9.8,44.7,,1.0,2.1,1.8,2.0,3.6,2.2,39.1,12.8,34.3,31.1,4735.0,22.4,23.2,46.6,43.8,477.0,337.0,321.0,226.0,214.0,5.707547,3.586086,1.18,366.503822,4.61,2.0,4.0,2.0,4.0,326.0,3.0,3.0,12.0,230.0,,3.0,4.0,3.0,1.0,7.0,2.0,5.0,7.0,3.0,0.0,2.0,1.0,9.0,4.0,2.0,2.0,3.0,1.0,2.0,0.0,1.0,2.0,,0.0,0.0,,1.0,9.0,1.0,6.0,15.0,2.0,6.0,0.0,1.0,2.0,,4.0,5.0,2.0,4.0,3.0,1.0,3.0,4.0,4.0,2.0,4.0,,3.0,1.0,11.0,0.0,1.0,2.0,1.0,2.0,3.0,,2.0,1.0,4.0,0.0,16.0,,,1.0,0.0,0.0,,47.0,72.0,,,0.0,0.0,0.02,0.24,2.07,51.56,16.18,0.011,0.109,0.055,2.96,25.44,31.25,31.37,99.59,7.81,118.59,93.77,0.71,6.07,7.73,66.4,0.0,0.0,205.3,0.16,16.34,5.177,,0.022,0.513,11.65,19.03,49.13,68.5,1.327,0.714,54.3,0.95,2.312,,99.7,0.955,3.91,126.5,9.004,63.1,,10.723,2.018,123.82,311.6,,,126.04,1.817,11.41,65.54,0.557,360.2,4.11,64.9,0
68.0,1.0,10.0,1.0,,6.0,,,24.0,90.6,134.6,87.5,19.0,24.0,90.0,80.6,24.7099,97.0,181.0,88.0,25.9,23.4,2.9,2.0,8.8,13.7,5.6,7.8,34.5,24.3,1.0,0.7,2.4,4.2,2.2,2.0,29.8,7.2,28.3,22.8,9032.0,13.6,36.3,64.8,38.8,552.0,303.0,,207.0,184.0,8.437557,3.577724,2.235,,3.47,,,3.0,,179.0,4.0,,178.0,382.0,3.0,3.0,5.0,3.0,4.0,4.0,0.0,1.0,0.0,3.0,1.0,,2.0,6.0,3.0,3.0,3.0,2.0,,0.0,1.0,0.0,3.0,,2.0,13.0,4.0,1.0,1.0,5.0,2.0,1.0,1.0,14.0,5.0,0.0,1.0,2.0,4.0,2.0,2.0,3.0,2.0,1.0,3.0,2.0,5.0,2.0,1.0,,,16.0,0.0,0.0,,2.0,3.0,1.0,3.0,0.0,2.0,3.0,3.0,0.0,19.0,2.0,0.0,1.0,1.0,1.0,78.0,42.0,93.0,53.0,0.0,0.0,0.14,2.56,0.32,5.92,39.74,16.78,0.022,0.351,0.199,1.71,31.6,34.13,42.23,80.82,11.64,98.24,80.18,0.96,17.77,2.27,42.1,0.0,0.0,375.2,0.437,17.17,4.917,13.07,0.034,1.757,5.4,32.35,46.24,74.6,1.257,1.21,19.1,1.06,2.248,5.087,65.9,,1.15,153.5,4.702,34.3,0.93,14.377,2.751,,,1.157,,105.62,11.746,22.31,64.95,5.549,438.7,3.61,55.8,0
65.0,1.0,31.0,6.0,,29.0,21.0,6.0,14.0,102.5,185.9,81.3,9.0,12.0,66.0,61.7,24.7231,98.0,158.0,80.0,39.0,24.0,6.1,2.9,6.1,8.1,7.3,5.9,47.7,17.9,1.1,0.8,2.0,1.8,2.6,1.7,32.4,18.9,17.6,28.1,4963.0,31.6,23.2,37.7,32.8,732.0,412.0,302.0,277.0,322.0,2.867643,2.752938,-0.558,275.10041,,2.0,,6.0,,23.0,,3.0,25.0,17.0,3.0,5.0,2.0,0.0,3.0,6.0,0.0,6.0,4.0,3.0,2.0,0.0,0.0,9.0,2.0,1.0,1.0,1.0,2.0,2.0,0.0,2.0,2.0,61.313,0.0,0.0,0.0,0.0,4.0,4.0,1.0,16.0,5.0,14.0,1.0,4.0,1.0,2.0,2.0,0.0,4.0,2.0,4.0,2.0,3.0,1.0,5.0,1.0,2.0,15.0,0.0,18.0,0.0,,,6.0,3.0,3.0,2.0,,3.0,3.0,2.0,0.0,25.0,34.0,0.0,,0.0,1.0,,,93.0,93.0,,0.0,0.07,0.95,0.11,1.42,35.01,11.7,0.032,0.255,0.278,1.79,23.83,27.91,33.43,83.51,8.84,98.05,89.92,0.22,2.96,5.32,70.8,0.0,0.0,229.8,0.203,,4.193,12.86,0.114,0.509,7.51,,,73.5,1.484,,35.2,0.4,2.188,4.148,100.5,1.165,,20.0,,62.3,1.855,26.485,2.989,10.37,,,,101.93,17.743,5.68,66.92,1.008,492.4,11.78,71.6,0
41.0,0.0,22.0,2.0,2.0,12.0,30.0,,15.0,96.6,159.5,86.0,14.0,11.0,144.0,95.7,38.233,101.0,158.0,83.0,48.4,49.6,9.0,6.5,6.0,6.4,7.3,12.4,51.9,34.0,1.7,2.1,1.8,1.7,1.6,1.9,43.5,26.0,21.5,31.2,6307.0,49.7,31.6,57.8,29.4,721.0,449.0,323.0,325.0,315.0,1.982924,1.186164,,344.865763,3.59,,1.0,3.0,4.0,26.0,,,66.0,93.0,,5.0,2.0,2.0,2.0,7.0,0.0,6.0,0.0,3.0,,0.0,1.0,9.0,4.0,2.0,3.0,1.0,2.0,0.0,0.0,0.0,2.0,,1.0,,0.0,1.0,3.0,1.0,3.0,9.0,3.0,10.0,1.0,0.0,2.0,3.0,2.0,0.0,3.0,1.0,4.0,1.0,4.0,2.0,5.0,1.0,3.0,15.0,15.0,20.0,0.0,,,2.0,1.0,2.0,2.0,0.0,4.0,1.0,4.0,10.0,15.0,2.0,1.0,1.0,0.0,1.0,,46.0,,82.0,,0.0,0.01,0.11,0.53,5.07,46.45,13.29,0.013,0.146,0.303,2.1,20.03,24.65,28.61,86.15,7.87,100.0,79.03,0.81,7.77,7.01,67.0,,0.0,228.4,0.18,17.24,5.392,14.31,0.057,1.804,10.46,13.33,42.58,74.7,1.303,0.924,15.9,15.69,2.614,6.864,60.8,,4.59,24.2,,55.2,2.046,15.822,3.187,15.21,,1.393,,84.39,1.822,19.46,67.29,,184.7,6.25,,0
66.0,1.0,2.0,3.0,,10.0,56.0,2.0,20.0,84.8,107.7,74.6,42.0,56.0,117.0,135.4,39.294,130.0,186.0,96.0,43.6,24.9,9.6,5.1,12.6,13.9,,12.8,53.1,46.3,3.1,1.8,4.6,4.7,5.3,4.6,33.2,14.4,43.9,39.1,9795.0,,47.6,73.0,58.3,538.0,300.0,253.0,260.0,271.0,4.047592,3.885688,0.139,636.790193,3.55,,2.0,,4.0,15.0,,,25.0,17.0,2.0,1.0,3.0,0.0,0.0,4.0,7.0,4.0,1.0,1.0,1.0,,1.0,10.0,4.0,2.0,1.0,2.0,,1.0,1.0,0.0,1.0,11.649,1.0,0.0,,10.0,6.0,3.0,0.0,13.0,8.0,3.0,2.0,9.0,2.0,3.0,0.0,2.0,2.0,1.0,2.0,0.0,4.0,2.0,4.0,2.0,4.0,19.0,1.0,1.0,,2.0,,3.0,1.0,6.0,1.0,0.0,3.0,1.0,3.0,0.0,,1.0,,,0.0,0.0,67.0,62.0,,,,0.0,0.01,0.09,0.38,3.18,44.98,12.81,0.005,0.117,0.216,3.23,26.98,29.54,28.48,103.73,7.67,106.31,93.3,,2.54,8.05,67.2,0.0,0.0,,0.261,,4.337,12.26,0.055,0.507,11.99,36.18,44.09,,1.086,0.663,19.2,6.5,,4.932,69.7,2.211,,,3.923,29.5,0.889,10.16,4.229,77.01,,1.319,,,6.637,4.87,71.86,0.673,519.5,,62.7,0
47.0,0.0,4.0,2.0,,6.0,10.0,,,102.6,157.9,99.4,12.0,13.0,117.0,86.4,38.1457,126.0,150.0,79.0,48.8,49.7,9.4,10.0,6.2,6.3,7.0,4.9,50.6,29.5,2.4,3.6,2.4,2.0,1.8,1.6,36.5,27.1,21.2,20.3,4818.0,,53.1,38.0,33.8,543.0,294.0,308.0,258.0,273.0,2.486106,2.365279,1.503,256.702156,2.27,3.0,3.0,,,16.0,,,83.0,15.0,3.0,3.0,1.0,2.0,0.0,1.0,5.0,1.0,0.0,2.0,0.0,1.0,1.0,9.0,3.0,,2.0,3.0,2.0,1.0,0.0,0.0,3.0,,0.0,2.0,0.0,2.0,1.0,1.0,0.0,,9.0,1.0,4.0,7.0,3.0,5.0,3.0,3.0,3.0,1.0,2.0,0.0,4.0,3.0,5.0,2.0,4.0,2.0,1.0,2.0,,0.0,0.0,1.0,0.0,4.0,3.0,4.0,6.0,1.0,3.0,4.0,,1.0,0.0,1.0,1.0,1.0,,80.0,89.0,,,0.0,0.09,0.91,0.11,1.16,47.82,15.78,0.006,0.488,0.195,1.51,15.56,30.02,33.0,90.99,9.06,118.22,87.17,0.88,9.09,7.1,73.3,0.0,0.0,211.9,0.192,15.69,5.256,12.35,0.024,0.65,9.69,66.47,44.33,,2.278,0.828,35.7,,2.569,4.668,101.3,1.312,4.83,63.2,3.845,29.9,3.637,17.864,3.347,19.38,,,,37.41,2.125,5.2,64.63,1.026,,7.3,27.7,0
63.0,1.0,14.0,2.0,,3.0,50.0,,,71.6,122.1,71.9,36.0,28.0,91.0,94.0,35.8268,90.0,162.0,96.0,24.1,18.2,2.1,5.3,11.8,9.1,12.4,11.6,17.6,20.3,1.1,0.7,,4.7,4.3,3.8,29.6,16.3,39.9,41.8,7876.0,38.7,41.8,41.7,35.2,578.0,399.0,434.0,310.0,331.0,3.903427,1.374163,,387.918927,3.86,,,,,233.0,,4.0,,31.0,4.0,4.0,2.0,,1.0,1.0,0.0,2.0,0.0,1.0,5.0,0.0,0.0,5.0,4.0,1.0,1.0,1.0,1.0,1.0,1.0,1.0,3.0,,0.0,0.0,0.0,0.0,6.0,0.0,2.0,,2.0,11.0,3.0,2.0,1.0,2.0,1.0,0.0,2.0,1.0,3.0,5.0,3.0,2.0,5.0,2.0,2.0,1.0,1.0,,,3.0,1.0,3.0,0.0,1.0,4.0,0.0,3.0,2.0,4.0,7.0,14.0,2.0,1.0,1.0,1.0,1.0,70.0,69.0,83.0,,0.0,0.0,,0.26,0.08,1.1,35.56,14.19,0.004,0.58,0.191,0.91,12.94,32.08,39.9,80.41,8.8,95.27,77.72,0.76,10.85,5.24,74.8,0.0,0.0,166.7,0.147,16.36,4.422,16.83,0.036,1.127,7.0,19.87,46.54,57.2,1.071,,54.8,21.42,,4.879,95.6,0.822,,13.7,4.495,34.6,0.936,20.457,4.058,,,1.113,,15.35,17.434,23.66,82.48,0.959,248.3,4.62,87.6,0
63.0,1.0,34.0,1.0,5.0,26.0,,6.0,14.0,,159.4,98.6,48.0,40.0,107.0,67.4,24.5244,101.0,166.0,92.0,26.3,33.9,1.9,,7.7,,7.6,5.9,39.9,22.7,0.8,1.1,1.8,2.3,3.0,2.4,29.9,13.1,27.5,29.8,6225.0,25.0,11.4,67.5,38.8,799.0,455.0,416.0,296.0,283.0,4.096176,3.932329,3.033,586.957488,4.25,5.0,,3.0,4.0,46.0,4.0,2.0,186.0,181.0,3.0,3.0,3.0,5.0,3.0,6.0,0.0,6.0,6.0,1.0,1.0,,2.0,5.0,4.0,2.0,2.0,1.0,2.0,1.0,0.0,1.0,3.0,,1.0,0.0,,1.0,1.0,4.0,7.0,3.0,5.0,2.0,4.0,0.0,2.0,1.0,1.0,3.0,4.0,3.0,3.0,1.0,2.0,1.0,4.0,0.0,3.0,,1.0,0.0,0.0,0.0,,2.0,9.0,1.0,2.0,15.0,2.0,1.0,3.0,11.0,13.0,2.0,1.0,1.0,0.0,1.0,,56.0,61.0,68.0,,1.0,0.03,0.45,0.51,7.17,43.36,15.21,0.005,0.096,,1.14,16.16,29.34,35.09,83.63,10.99,109.05,73.15,0.34,4.75,5.05,,0.0,0.0,224.1,0.246,15.6,5.185,13.19,0.014,0.662,7.06,29.67,39.3,48.5,,0.866,22.8,19.0,2.336,4.138,110.5,0.7,,26.2,9.542,38.8,1.603,12.1,3.483,132.57,,1.474,,49.97,13.052,16.67,71.0,0.667,469.8,6.97,43.2,0
49.0,0.0,10.0,2.0,3.0,,40.0,10.0,15.0,61.2,115.5,56.1,31.0,18.0,102.0,76.8,32.3768,121.0,154.0,89.0,40.2,36.6,3.4,4.3,6.2,6.0,5.6,5.6,52.5,27.1,0.8,2.8,2.0,2.2,1.7,1.8,19.2,17.4,20.8,21.8,5985.0,22.4,46.2,45.3,27.7,688.0,354.0,374.0,328.0,302.0,1.578384,1.191367,,200.109728,2.42,,,4.0,1.0,150.0,,,,8.0,3.0,2.0,0.0,2.0,1.0,2.0,3.0,1.0,0.0,3.0,2.0,2.0,2.0,5.0,4.0,,2.0,2.0,,0.0,2.0,0.0,2.0,42.517,0.0,0.0,0.0,2.0,3.0,2.0,0.0,35.0,1.0,11.0,0.0,5.0,2.0,2.0,2.0,2.0,3.0,0.0,2.0,0.0,2.0,1.0,1.0,2.0,4.0,7.0,,26.0,20.0,,0.0,4.0,1.0,1.0,2.0,9.0,4.0,2.0,3.0,0.0,21.0,44.0,0.0,1.0,0.0,,,,68.0,,1.0,1.0,0.15,1.37,0.41,3.69,40.84,12.99,0.003,0.246,0.395,1.86,16.76,29.81,31.81,93.73,7.92,88.45,76.0,0.68,6.08,8.02,,0.0,0.0,286.8,0.227,16.71,4.357,12.05,,1.245,11.12,11.97,42.15,102.6,1.95,1.286,20.8,13.46,2.335,8.182,76.0,,4.9,97.1,10.055,55.6,2.435,33.196,5.436,55.36,,0.819,77.1,40.68,1.47,11.95,,1.644,273.2,7.39,121.1,0
50.0,1.0,33.0,2.0,,,18.0,,22.0,76.1,111.8,69.0,25.0,56.0,97.0,70.6,20.375,95.0,186.0,95.0,35.9,40.8,2.4,8.6,11.5,11.7,16.5,11.2,19.0,15.4,2.1,1.1,4.5,4.6,4.2,4.7,22.3,10.5,42.9,38.1,7993.0,14.1,,74.1,56.8,735.0,371.0,381.0,254.0,253.0,4.721161,,1.023,566.576144,3.58,,,4.0,1.0,66.0,5.0,,,25.0,3.0,3.0,2.0,6.0,1.0,6.0,2.0,6.0,7.0,3.0,2.0,3.0,0.0,9.0,4.0,2.0,1.0,1.0,1.0,1.0,0.0,0.0,1.0,,,,0.0,1.0,0.0,1.0,4.0,7.0,10.0,0.0,0.0,7.0,1.0,2.0,1.0,2.0,2.0,4.0,0.0,2.0,4.0,2.0,5.0,2.0,2.0,1.0,,,9.0,1.0,,6.0,1.0,,1.0,5.0,2.0,2.0,1.0,,43.0,32.0,0.0,,1.0,0.0,,87.0,72.0,54.0,,1.0,0.18,3.55,0.24,4.78,53.05,16.49,0.011,0.746,0.276,1.93,38.14,31.33,31.08,100.79,9.92,117.63,82.86,0.83,16.37,1.88,37.2,0.0,0.0,369.8,0.367,16.04,,12.55,0.938,0.831,5.06,8.88,,123.0,,1.046,12.2,2.66,,7.847,56.7,0.919,,10.5,3.628,18.2,1.928,20.546,5.166,169.89,,1.11,,,13.013,4.0,77.77,,373.1,3.48,40.4,0
58.0,1.0,1.0,5.0,60.0,33.0,,,,87.2,126.1,89.9,48.0,51.0,66.0,75.9,24.6179,74.0,176.0,98.0,37.0,,2.4,1.6,8.6,14.0,13.0,13.2,17.6,27.3,2.4,0.8,4.7,4.8,4.7,2.3,40.5,8.9,35.7,39.5,9126.0,32.6,23.2,71.9,72.6,436.0,239.0,254.0,215.0,175.0,4.247993,4.078073,,693.735404,3.71,,,2.0,2.0,,,,,364.0,,2.0,2.0,5.0,0.0,6.0,0.0,1.0,7.0,2.0,1.0,0.0,1.0,9.0,3.0,1.0,1.0,2.0,,1.0,0.0,0.0,2.0,,2.0,5.0,,2.0,0.0,1.0,7.0,2.0,4.0,2.0,0.0,9.0,1.0,4.0,0.0,5.0,4.0,0.0,1.0,2.0,5.0,1.0,4.0,2.0,1.0,,,1.0,0.0,0.0,,1.0,7.0,5.0,2.0,14.0,2.0,2.0,3.0,0.0,14.0,2.0,0.0,1.0,0.0,1.0,65.0,77.0,,77.0,,1.0,0.11,1.4,0.54,7.09,41.67,12.83,0.032,0.474,0.354,1.82,23.81,30.64,30.8,99.5,7.9,118.93,96.19,0.65,8.46,4.54,59.2,0.0,,348.4,0.275,17.46,4.188,15.99,0.049,1.39,7.66,14.61,43.78,120.6,,0.94,21.7,0.32,2.428,4.61,94.8,1.255,2.9,23.0,10.361,61.1,2.328,14.506,2.475,,,1.49,,111.2,17.704,4.6,71.92,4.05,243.4,9.12,70.6,0
62.0,1.0,39.0,2.0,3.0,30.0,20.0,,,65.4,106.4,50.7,23.0,24.0,75.0,87.1,25.8286,92.0,184.0,88.0,37.0,27.4,2.6,4.9,7.6,6.4,6.4,9.4,26.6,13.5,0.7,0.8,2.2,3.7,2.6,2.8,15.2,,30.2,32.7,9680.0,29.1,19.6,41.2,28.3,669.0,432.0,424.0,292.0,293.0,3.153278,,0.118,336.401592,3.61,5.0,2.0,4.0,,,,4.0,140.0,1100.0,3.0,4.0,5.0,7.0,5.0,7.0,0.0,,8.0,3.0,1.0,0.0,1.0,7.0,4.0,2.0,1.0,1.0,1.0,1.0,0.0,0.0,3.0,,1.0,12.0,0.0,3.0,9.0,3.0,0.0,8.0,9.0,5.0,1.0,4.0,2.0,2.0,2.0,2.0,1.0,2.0,3.0,1.0,3.0,2.0,2.0,0.0,2.0,2.0,1.0,,15.0,,,3.0,12.0,5.0,3.0,,2.0,1.0,5.0,0.0,16.0,,1.0,1.0,0.0,0.0,86.0,59.0,75.0,56.0,,0.0,0.0,0.0,0.12,1.02,45.85,16.26,,0.839,0.317,3.21,27.02,33.55,35.45,,8.95,119.21,91.67,0.37,3.08,8.17,68.9,,0.0,134.4,0.12,16.93,4.845,12.87,0.039,2.634,11.87,25.35,40.57,125.6,1.161,0.607,33.3,17.51,2.527,4.767,85.9,1.237,,110.9,10.354,62.4,1.278,,2.845,159.74,219.0,0.79,,146.57,12.431,5.75,,2.953,247.6,4.27,97.5,0
44.0,0.0,7.0,2.0,1.0,,44.0,,20.0,69.9,106.2,68.3,13.0,23.0,102.0,61.0,22.004,93.0,166.0,87.0,39.0,28.7,5.8,2.2,7.6,8.2,6.5,7.4,44.0,21.1,0.5,3.3,1.8,2.3,1.7,3.0,44.6,24.3,25.1,27.3,5435.0,18.7,39.3,36.3,30.2,600.0,436.0,395.0,284.0,266.0,1.792345,1.720651,-1.152,158.806595,2.7,5.0,,3.0,,330.0,2.0,4.0,,11.0,4.0,,2.0,4.0,0.0,7.0,4.0,1.0,1.0,3.0,1.0,1.0,,2.0,1.0,2.0,1.0,2.0,2.0,2.0,0.0,2.0,2.0,49.269,2.0,,,2.0,1.0,0.0,0.0,5.0,4.0,1.0,1.0,0.0,2.0,2.0,0.0,5.0,3.0,1.0,3.0,0.0,2.0,2.0,5.0,2.0,5.0,12.0,1.0,11.0,,0.0,,6.0,1.0,1.0,2.0,9.0,4.0,1.0,3.0,1.0,29.0,36.0,0.0,0.0,0.0,1.0,,,,77.0,,0.0,0.01,0.28,0.23,4.69,31.1,11.3,0.018,0.525,0.328,1.96,39.06,29.54,36.33,81.31,,89.74,81.05,0.53,10.67,2.27,45.3,0.0,0.0,159.5,0.136,15.67,3.824,15.01,0.052,0.784,5.0,11.78,48.43,121.0,1.161,0.928,48.7,0.8,2.094,6.356,47.9,0.772,,126.8,7.998,31.5,1.336,33.304,3.69,,,1.311,,79.35,1.077,7.63,71.14,5.23,165.8,3.2,84.2,0
51.0,1.0,22.0,6.0,,6.0,,9.0,24.0,77.6,122.9,76.1,54.0,38.0,71.0,55.0,20.5981,99.0,163.0,100.0,29.0,20.6,1.9,3.6,13.8,11.2,12.5,13.3,19.0,20.4,0.6,0.4,4.4,4.6,2.2,4.7,26.5,7.1,30.9,36.7,9325.0,23.5,11.9,79.0,42.4,777.0,279.0,306.0,241.0,285.0,4.620401,3.540738,2.359,286.376689,,,,2.0,,9.0,3.0,2.0,1.0,15.0,3.0,3.0,3.0,0.0,0.0,0.0,,2.0,4.0,1.0,2.0,1.0,0.0,9.0,3.0,2.0,1.0,1.0,1.0,,0.0,1.0,1.0,,0.0,0.0,2.0,0.0,8.0,1.0,5.0,23.0,4.0,2.0,1.0,3.0,2.0,4.0,2.0,3.0,2.0,2.0,2.0,1.0,4.0,2.0,5.0,0.0,1.0,1.0,,4.0,0.0,0.0,1.0,8.0,8.0,2.0,1.0,7.0,4.0,1.0,3.0,10.0,,10.0,0.0,1.0,1.0,0.0,,26.0,79.0,86.0,,0.0,0.0,0.03,0.15,2.19,40.83,15.78,0.009,0.134,0.261,3.19,45.87,,38.64,81.3,9.87,86.64,88.6,0.49,7.06,3.12,44.9,0.0,0.0,290.8,0.287,17.64,5.023,12.3,0.038,0.641,6.96,13.58,42.72,63.9,1.217,1.098,24.6,1.27,2.612,5.071,93.8,0.781,1.33,7.0,3.923,27.1,1.333,25.209,3.129,7.72,282.4,0.802,11.7,32.86,15.466,4.56,,0.838,290.7,3.58,86.1,0
65.0,1.0,20.0,3.0,,,20.0,,23.0,85.6,168.5,,22.0,25.0,117.0,76.0,30.9393,105.0,157.0,88.0,18.4,30.9,4.3,4.9,7.3,7.1,6.6,6.3,22.2,26.9,1.3,1.7,1.9,2.7,3.4,3.7,29.8,13.6,27.3,27.1,5042.0,17.6,34.9,74.4,42.7,580.0,354.0,327.0,259.0,287.0,4.826622,4.633557,2.198,649.07572,,,1.0,5.0,,37.0,,,,274.0,,,0.0,3.0,6.0,6.0,0.0,5.0,1.0,2.0,1.0,0.0,0.0,7.0,4.0,1.0,1.0,2.0,2.0,0.0,1.0,1.0,4.0,,0.0,13.0,0.0,1.0,0.0,1.0,,23.0,6.0,6.0,4.0,4.0,3.0,2.0,1.0,0.0,2.0,1.0,2.0,1.0,2.0,2.0,2.0,2.0,3.0,1.0,1.0,1.0,,,,8.0,0.0,2.0,2.0,8.0,5.0,3.0,1.0,0.0,20.0,29.0,0.0,0.0,0.0,0.0,,,,37.0,0.0,0.0,0.15,,0.46,4.75,32.0,13.36,0.005,0.27,0.418,2.44,25.03,33.2,41.75,79.52,11.13,89.87,50.91,0.57,5.82,6.13,62.9,0.0,0.0,196.6,0.219,17.43,4.024,14.73,0.084,1.446,9.75,35.35,46.32,67.8,,0.588,34.7,18.64,,3.82,111.4,0.689,,,6.515,79.7,0.795,13.314,1.859,144.61,,0.92,,124.74,16.985,25.83,68.59,0.963,674.7,4.83,41.6,0
69.0,0.0,34.0,4.0,,24.0,,3.0,16.0,63.0,117.1,96.4,17.0,14.0,91.0,75.2,29.9761,103.0,158.0,83.0,38.7,21.6,8.2,3.3,7.6,10.6,5.5,6.9,30.8,29.3,0.8,1.0,2.2,1.7,2.5,1.9,44.3,10.7,20.9,25.3,4465.0,43.8,21.8,37.6,27.7,804.0,385.0,360.0,326.0,306.0,2.963098,2.844574,0.302,155.622238,,,,2.0,1.0,175.0,2.0,,143.0,,3.0,4.0,2.0,6.0,5.0,7.0,1.0,0.0,3.0,2.0,2.0,3.0,0.0,8.0,4.0,2.0,1.0,2.0,2.0,1.0,1.0,0.0,3.0,,0.0,5.0,5.0,8.0,1.0,2.0,0.0,1.0,1.0,6.0,0.0,0.0,1.0,4.0,2.0,4.0,3.0,1.0,4.0,3.0,5.0,1.0,4.0,2.0,4.0,,7.0,,,2.0,0.0,6.0,1.0,4.0,4.0,0.0,1.0,2.0,1.0,7.0,15.0,34.0,0.0,1.0,0.0,0.0,,56.0,,,,0.0,0.0,0.0,0.12,1.23,38.05,14.97,0.007,0.124,0.188,1.57,15.61,37.37,39.34,94.99,11.56,109.72,89.66,0.41,4.04,7.94,79.1,0.0,0.0,163.2,0.189,16.87,4.006,13.17,0.101,0.526,10.04,49.37,43.66,81.4,1.969,0.855,31.7,13.39,2.37,3.472,75.1,0.664,1.46,85.5,3.653,54.7,2.307,23.147,3.796,55.75,,,,146.29,1.108,,79.27,1.048,328.2,6.35,57.1,0
48.0,0.0,38.0,4.0,52.0,,54.0,,16.0,78.1,129.4,,8.0,3.0,103.0,84.0,37.166,125.0,150.0,80.0,35.5,44.9,8.7,8.6,6.1,6.2,8.2,6.1,24.6,28.1,3.8,2.0,1.7,1.7,1.6,1.9,46.0,25.8,24.7,20.0,4568.0,47.3,33.7,39.0,,761.0,433.0,441.0,326.0,327.0,4.425827,,1.475,345.763738,2.4,3.0,1.0,,,7.0,3.0,,10.0,,3.0,,1.0,0.0,0.0,0.0,0.0,0.0,2.0,1.0,1.0,0.0,2.0,5.0,3.0,,1.0,1.0,1.0,1.0,0.0,0.0,3.0,,0.0,0.0,3.0,2.0,1.0,5.0,1.0,8.0,7.0,7.0,0.0,1.0,1.0,4.0,1.0,4.0,2.0,3.0,1.0,0.0,3.0,2.0,4.0,2.0,4.0,,2.0,10.0,,0.0,0.0,3.0,8.0,3.0,2.0,14.0,3.0,2.0,2.0,0.0,27.0,,1.0,1.0,0.0,0.0,,64.0,,,1.0,1.0,,0.6,0.29,3.54,45.4,16.52,0.031,0.476,0.418,2.92,36.11,30.98,36.39,85.13,12.42,98.98,73.2,0.83,10.25,,49.5,,0.0,151.2,0.188,16.79,5.333,12.98,0.129,2.014,8.1,16.0,44.36,44.4,1.436,1.05,12.1,16.35,2.341,3.405,70.1,0.82,1.15,17.5,7.323,57.7,1.048,21.836,2.496,15.64,,,54.4,147.57,2.862,3.93,80.09,0.662,248.1,7.66,36.1,0
69.0,0.0,37.0,4.0,,3.0,56.0,,24.0,99.2,181.4,65.9,46.0,21.0,107.0,96.3,32.8859,102.0,171.0,91.0,,42.3,4.4,9.5,10.1,8.0,6.7,9.9,20.0,34.5,1.0,1.6,1.7,2.1,1.9,2.5,40.7,21.3,26.2,22.7,7660.0,41.7,24.0,39.7,35.1,520.0,338.0,377.0,283.0,208.0,2.198759,1.130699,,,,5.0,,,3.0,31.0,,,110.0,27.0,4.0,4.0,2.0,4.0,1.0,7.0,4.0,3.0,2.0,2.0,4.0,3.0,1.0,9.0,3.0,1.0,3.0,3.0,2.0,3.0,1.0,0.0,4.0,,0.0,15.0,0.0,1.0,1.0,3.0,0.0,34.0,5.0,0.0,1.0,1.0,3.0,1.0,2.0,2.0,2.0,2.0,2.0,5.0,0.0,2.0,3.0,2.0,4.0,1.0,,1.0,,0.0,,,0.0,1.0,2.0,12.0,2.0,3.0,4.0,0.0,14.0,,0.0,,0.0,1.0,64.0,,74.0,,,0.0,0.02,0.22,0.52,5.71,43.42,16.13,0.041,0.859,0.348,2.45,26.95,32.73,37.15,88.09,12.01,97.86,81.44,,3.72,5.77,63.4,0.0,0.0,195.0,0.234,18.0,4.929,14.1,0.067,2.151,9.1,32.7,43.65,149.6,1.893,0.718,23.7,1.2,2.342,4.033,108.6,0.987,,151.7,3.681,15.7,2.108,16.415,1.885,110.05,,1.261,,55.9,0.8,14.67,77.09,5.534,310.0,6.22,58.9,0
59.0,1.0,21.0,1.0,,7.0,41.0,,15.0,75.3,124.9,76.0,20.0,24.0,65.0,73.7,23.1625,89.0,178.0,96.0,16.8,16.2,1.7,1.6,7.7,11.8,7.7,6.3,21.8,13.4,0.8,0.5,3.0,3.1,2.4,3.0,16.4,19.8,20.9,25.7,5352.0,15.0,9.5,57.9,33.4,525.0,286.0,409.0,248.0,232.0,2.173583,2.08664,-0.588,544.053037,4.24,3.0,,3.0,,311.0,,,,,,5.0,2.0,5.0,0.0,4.0,0.0,0.0,7.0,1.0,1.0,0.0,0.0,5.0,1.0,,2.0,1.0,2.0,0.0,1.0,2.0,4.0,3.888,,,0.0,1.0,1.0,2.0,0.0,3.0,8.0,1.0,1.0,1.0,2.0,1.0,3.0,3.0,2.0,0.0,3.0,1.0,3.0,2.0,5.0,2.0,3.0,1.0,0.0,1.0,4.0,0.0,0.0,1.0,0.0,4.0,1.0,4.0,3.0,2.0,3.0,0.0,18.0,7.0,1.0,1.0,0.0,0.0,69.0,58.0,,,,0.0,0.01,0.14,0.55,7.86,52.42,15.09,0.025,1.0,0.282,1.79,25.7,27.65,28.78,96.09,7.49,89.19,86.59,0.41,5.91,4.21,60.4,0.0,0.0,414.3,0.31,17.9,5.456,16.23,0.049,0.574,6.98,72.88,46.89,44.6,1.274,0.551,21.0,0.87,2.587,3.794,54.8,0.777,1.85,,6.961,41.3,1.828,13.729,1.83,176.85,,1.061,,44.23,,5.12,81.29,8.216,141.5,6.85,52.0,0
51.0,1.0,4.0,1.0,4.0,21.0,6.0,0.0,21.0,101.2,162.0,,18.0,44.0,90.0,74.6,28.5134,115.0,162.0,94.0,45.8,38.3,8.4,4.3,6.8,7.3,8.0,7.5,23.1,45.2,2.8,3.3,2.6,2.6,3.5,2.3,36.1,17.3,35.1,25.3,5992.0,37.7,54.2,46.2,41.8,580.0,386.0,405.0,247.0,218.0,1.554451,1.492273,,216.517288,,,2.0,,,,,4.0,28.0,10.0,5.0,2.0,2.0,0.0,5.0,3.0,5.0,0.0,6.0,2.0,2.0,0.0,0.0,7.0,1.0,1.0,1.0,3.0,2.0,1.0,2.0,0.0,3.0,,0.0,10.0,6.0,8.0,2.0,1.0,0.0,29.0,8.0,10.0,1.0,2.0,3.0,3.0,1.0,3.0,1.0,0.0,1.0,1.0,3.0,2.0,5.0,2.0,3.0,,,0.0,0.0,,0.0,,,3.0,3.0,0.0,4.0,1.0,5.0,,16.0,1.0,0.0,1.0,0.0,,,35.0,,34.0,0.0,0.0,0.01,0.19,0.31,5.14,34.28,14.54,0.041,0.339,0.353,1.26,21.17,34.77,42.41,81.99,8.76,91.96,77.7,0.74,12.35,3.64,61.2,0.0,0.0,203.3,0.178,15.82,4.181,15.56,0.033,1.365,5.95,11.63,49.13,122.8,2.1,1.602,18.7,0.46,2.553,7.992,60.5,0.873,1.09,7.5,,57.8,,34.345,5.555,124.86,,1.362,,,17.391,,76.89,1.376,182.2,5.98,52.5,0
62.0,0.0,9.0,1.0,,3.0,9.0,1.0,23.0,,133.6,88.5,10.0,22.0,123.0,60.6,26.3067,122.0,152.0,82.0,43.1,47.2,7.6,7.6,6.2,6.6,5.9,,46.3,44.3,3.5,3.3,2.0,2.6,1.7,2.6,35.8,25.5,23.4,25.5,,37.4,25.0,39.7,36.5,693.0,396.0,453.0,316.0,332.0,3.71875,2.401962,0.132,520.127451,3.57,4.0,2.0,2.0,1.0,15.0,,,,9.0,,3.0,5.0,1.0,0.0,2.0,4.0,2.0,,1.0,1.0,0.0,1.0,7.0,3.0,2.0,1.0,2.0,1.0,3.0,2.0,0.0,4.0,,0.0,0.0,5.0,0.0,9.0,1.0,0.0,1.0,2.0,3.0,1.0,6.0,1.0,3.0,3.0,1.0,3.0,1.0,4.0,3.0,2.0,1.0,4.0,2.0,3.0,27.0,19.0,3.0,,3.0,,2.0,1.0,1.0,1.0,11.0,3.0,1.0,,5.0,18.0,2.0,0.0,1.0,1.0,0.0,,,71.0,,,0.0,0.15,3.06,0.09,1.78,49.18,,0.013,1.62,0.294,1.12,23.28,26.58,28.88,92.05,9.39,95.39,73.56,0.76,15.8,2.69,56.1,0.0,0.0,304.2,0.286,17.58,5.343,,0.131,2.533,4.8,17.5,49.95,48.8,2.267,1.022,40.7,0.56,2.577,4.208,52.5,1.093,4.43,19.1,8.68,34.0,1.577,12.653,3.146,,,1.347,,,2.496,9.99,77.46,0.805,170.2,3.3,54.2,0
56.0,1.0,9.0,3.0,,,,6.0,20.0,93.8,119.2,49.7,55.0,30.0,93.0,124.4,37.059,98.0,183.0,99.0,42.9,43.8,7.7,3.0,12.4,7.9,12.6,11.0,52.4,48.7,1.7,1.0,3.2,4.9,2.6,5.4,48.4,17.7,37.1,36.5,8113.0,39.3,41.0,74.9,58.0,603.0,434.0,309.0,268.0,261.0,12.365221,,3.832,1193.245232,2.01,,,,,31.0,4.0,4.0,79.0,318.0,,4.0,0.0,,5.0,6.0,2.0,0.0,4.0,2.0,1.0,,1.0,8.0,1.0,3.0,2.0,2.0,2.0,3.0,0.0,0.0,3.0,,1.0,0.0,5.0,2.0,1.0,1.0,0.0,1.0,8.0,1.0,5.0,8.0,3.0,5.0,4.0,0.0,4.0,3.0,3.0,0.0,1.0,1.0,5.0,1.0,4.0,0.0,,1.0,0.0,2.0,,3.0,0.0,3.0,2.0,,5.0,2.0,4.0,0.0,30.0,2.0,0.0,0.0,1.0,0.0,,83.0,,83.0,,0.0,0.18,4.13,0.23,5.22,44.67,13.36,0.013,0.499,0.32,1.69,38.67,29.99,29.9,100.31,8.14,104.32,94.76,0.48,11.03,1.79,41.0,0.0,0.0,164.6,0.134,16.49,4.453,12.45,0.051,1.911,,15.9,47.44,57.4,1.789,,28.7,0.8,2.236,6.896,68.4,,,25.9,5.767,56.1,1.442,6.749,3.3,81.39,,,,44.3,15.547,7.77,71.01,1.02,390.0,3.54,,0
63.0,1.0,24.0,1.0,28.0,36.0,,4.0,15.0,81.8,149.6,68.3,14.0,18.0,82.0,64.2,24.3846,129.0,162.0,86.0,43.2,46.7,2.2,5.3,6.7,7.8,5.7,5.6,29.3,43.2,0.8,2.5,1.9,2.7,1.6,1.7,36.9,11.1,27.7,26.5,5268.0,33.3,39.1,,29.4,678.0,278.0,246.0,192.0,226.0,1.8694,1.113645,-0.568,,,,2.0,5.0,,22.0,,,42.0,9.0,2.0,2.0,0.0,2.0,5.0,,0.0,2.0,1.0,1.0,,0.0,0.0,5.0,3.0,1.0,2.0,1.0,1.0,0.0,0.0,0.0,3.0,,0.0,0.0,5.0,2.0,1.0,7.0,5.0,21.0,1.0,12.0,0.0,9.0,2.0,2.0,2.0,2.0,1.0,1.0,3.0,2.0,4.0,1.0,5.0,1.0,5.0,2.0,,,,1.0,,3.0,,2.0,3.0,,3.0,2.0,5.0,11.0,21.0,,0.0,1.0,1.0,,,54.0,,41.0,,0.0,0.0,0.02,0.03,0.3,41.73,13.48,0.005,,,1.55,17.48,30.9,32.3,95.69,12.2,110.73,90.79,0.39,4.41,,77.8,0.0,0.0,213.1,0.26,15.95,4.361,12.34,0.036,1.178,8.86,55.97,47.9,54.1,1.432,1.177,18.0,10.53,2.352,5.473,56.5,1.045,4.61,84.8,9.287,35.1,1.513,22.15,3.426,43.1,,,,36.2,12.093,19.85,68.61,2.486,286.3,5.76,79.1,0
43.0,0.0,19.0,1.0,14.0,,15.0,9.0,15.0,,119.5,50.6,9.0,32.0,80.0,81.2,25.3593,88.0,179.0,88.0,17.5,16.3,4.9,2.5,8.6,9.1,10.1,12.3,15.9,17.4,0.8,0.6,2.2,4.1,2.1,2.3,20.2,5.4,34.4,22.8,6428.0,31.0,17.3,42.1,34.0,567.0,368.0,425.0,191.0,209.0,4.07432,3.587831,,662.434662,2.98,,,,,,3.0,,,50.0,5.0,3.0,4.0,6.0,0.0,6.0,6.0,5.0,7.0,2.0,1.0,,1.0,5.0,4.0,1.0,2.0,2.0,2.0,1.0,0.0,0.0,4.0,,0.0,0.0,0.0,1.0,0.0,1.0,0.0,10.0,7.0,3.0,3.0,0.0,2.0,3.0,2.0,3.0,2.0,3.0,2.0,2.0,5.0,4.0,5.0,2.0,2.0,2.0,1.0,1.0,0.0,0.0,,10.0,7.0,1.0,1.0,1.0,3.0,1.0,4.0,0.0,14.0,1.0,1.0,1.0,1.0,,92.0,35.0,,,,0.0,0.14,2.53,0.25,4.52,45.95,12.64,0.011,0.121,0.305,1.22,22.24,26.33,27.52,95.69,8.27,119.16,76.07,0.71,12.97,3.16,57.7,0.0,0.0,354.9,0.293,16.41,4.802,14.29,0.039,2.344,5.47,15.27,49.18,125.8,2.245,0.943,35.8,13.03,2.611,4.524,56.2,1.089,1.4,22.5,4.03,26.9,2.518,25.326,2.977,16.67,675.3,1.137,,,1.345,4.31,67.2,1.831,371.3,5.42,60.1,0
60.0,0.0,57.0,1.0,,9.0,49.0,8.0,15.0,,105.7,72.0,52.0,13.0,108.0,74.0,24.9034,98.0,172.0,93.0,49.7,22.1,7.2,6.8,8.3,9.1,6.0,10.1,26.9,,0.9,0.6,3.4,3.2,,2.6,31.5,21.1,27.3,28.5,4617.0,32.3,23.2,54.5,42.4,697.0,385.0,408.0,322.0,271.0,4.566598,3.647784,1.126,463.621377,,,1.0,,4.0,,2.0,2.0,58.0,,4.0,5.0,4.0,7.0,7.0,7.0,6.0,0.0,5.0,3.0,1.0,0.0,1.0,6.0,4.0,4.0,1.0,2.0,2.0,2.0,1.0,0.0,3.0,63.599,0.0,0.0,0.0,4.0,7.0,0.0,6.0,6.0,1.0,3.0,1.0,1.0,2.0,3.0,3.0,1.0,3.0,0.0,1.0,1.0,3.0,1.0,3.0,2.0,3.0,15.0,,,0.0,0.0,1.0,7.0,0.0,4.0,1.0,0.0,3.0,1.0,3.0,11.0,20.0,25.0,1.0,0.0,0.0,,,94.0,87.0,,,0.0,0.0,0.0,,6.78,41.49,11.71,0.01,0.938,0.318,3.14,39.47,26.72,28.21,94.7,12.97,115.98,86.73,0.29,3.68,,50.1,0.0,0.0,400.2,0.519,15.81,4.381,12.07,0.088,,7.95,9.69,,45.5,1.308,0.68,15.1,,2.297,6.035,96.4,0.72,1.3,10.4,3.802,26.9,0.885,28.687,,,,1.334,,60.75,,3.89,,0.666,306.7,6.91,30.2,0
47.0,0.0,43.0,5.0,,,45.0,,15.0,94.5,121.5,82.9,29.0,34.0,77.0,64.9,20.3744,88.0,178.0,,27.4,13.3,2.3,2.3,10.0,13.7,7.3,12.3,17.0,13.2,1.0,0.7,3.7,2.6,3.9,2.2,15.1,10.1,41.1,31.7,8955.0,,12.5,65.6,38.6,568.0,333.0,301.0,275.0,220.0,5.402448,4.307978,-0.409,505.761506,,,,3.0,6.0,,,1.0,,18.0,3.0,1.0,0.0,1.0,1.0,4.0,2.0,3.0,4.0,2.0,1.0,1.0,2.0,4.0,2.0,3.0,3.0,3.0,2.0,2.0,1.0,2.0,3.0,,1.0,0.0,0.0,2.0,2.0,2.0,0.0,8.0,8.0,1.0,5.0,1.0,3.0,4.0,2.0,1.0,1.0,1.0,4.0,1.0,3.0,1.0,3.0,2.0,1.0,,1.0,,10.0,4.0,1.0,,4.0,1.0,2.0,7.0,6.0,3.0,3.0,0.0,19.0,2.0,1.0,0.0,0.0,1.0,,89.0,,,0.0,0.0,0.04,0.88,0.3,6.33,34.56,14.28,0.023,,0.203,1.02,21.22,37.23,41.31,90.14,8.83,98.2,80.32,0.76,15.87,2.68,55.7,0.0,0.0,282.1,0.249,15.8,3.835,15.52,0.059,0.525,4.81,14.17,43.81,60.7,2.2,1.405,24.5,0.45,2.267,7.097,57.1,1.234,3.26,23.3,3.605,16.3,2.453,26.363,3.924,10.92,,1.022,,24.76,0.861,4.44,77.39,4.772,268.3,3.25,93.7,0
45.0,0.0,12.0,2.0,,,49.0,,,78.9,178.8,88.4,21.0,31.0,80.0,68.0,22.3005,90.0,175.0,86.0,34.0,24.1,3.7,7.0,12.5,11.6,6.5,7.3,20.8,43.1,1.0,2.2,2.2,4.6,2.2,,38.0,8.5,41.3,39.4,8074.0,30.4,17.0,42.6,45.7,575.0,306.0,276.0,244.0,281.0,3.735745,2.712955,0.715,669.038044,3.51,,,,2.0,136.0,3.0,5.0,,,,3.0,2.0,7.0,6.0,4.0,4.0,1.0,1.0,2.0,,,0.0,6.0,3.0,2.0,1.0,2.0,2.0,0.0,1.0,0.0,,3.434,,,0.0,2.0,2.0,0.0,2.0,32.0,4.0,12.0,3.0,0.0,3.0,1.0,4.0,3.0,2.0,3.0,1.0,1.0,0.0,1.0,2.0,2.0,4.0,6.0,18.0,,,5.0,,1.0,8.0,3.0,2.0,0.0,2.0,2.0,4.0,0.0,16.0,1.0,0.0,1.0,0.0,,89.0,92.0,,59.0,0.0,1.0,0.0,0.01,0.65,5.9,42.48,12.52,0.026,0.156,0.298,1.23,11.14,29.07,29.48,98.6,7.42,119.04,100.77,0.79,7.17,8.35,75.8,0.0,0.0,214.6,0.159,,4.308,14.0,0.132,2.565,11.02,29.29,50.78,77.7,1.519,0.756,56.9,0.77,2.205,7.056,51.3,0.785,,126.5,5.152,33.9,1.682,35.46,3.369,,248.3,1.15,,,1.678,12.63,73.33,1.836,164.5,3.19,27.6,0
42.0,0.0,26.0,3.0,,,,9.0,,71.3,128.4,69.8,26.0,15.0,95.0,70.3,29.6122,127.0,154.0,94.0,45.0,42.0,2.7,6.0,9.1,8.8,9.0,7.3,24.2,39.0,3.0,2.3,2.1,4.0,3.9,2.2,42.3,10.3,29.5,22.7,8234.0,34.3,38.1,45.0,44.3,613.0,285.0,268.0,262.0,233.0,,,,228.233352,3.71,,,,,,2.0,,183.0,25.0,4.0,4.0,4.0,6.0,0.0,6.0,0.0,10.0,1.0,2.0,2.0,0.0,0.0,9.0,4.0,2.0,1.0,3.0,2.0,0.0,1.0,1.0,3.0,,2.0,15.0,0.0,7.0,0.0,1.0,0.0,11.0,5.0,5.0,0.0,0.0,2.0,1.0,5.0,5.0,3.0,5.0,0.0,4.0,,1.0,4.0,1.0,2.0,,10.0,22.0,,,,8.0,0.0,2.0,3.0,14.0,3.0,,2.0,8.0,17.0,,1.0,1.0,0.0,,,83.0,83.0,,,1.0,0.02,0.3,1.92,34.94,35.47,12.34,0.028,0.764,0.386,1.36,24.76,33.61,34.8,96.56,9.01,112.16,79.52,,6.39,1.85,33.6,0.0,0.0,307.4,0.277,15.61,3.673,15.52,,2.225,5.49,30.47,42.08,345.1,1.77,0.884,16.6,0.34,2.555,6.13,99.5,0.841,1.25,17.2,9.821,61.8,1.27,24.221,4.781,,,1.253,,120.95,1.356,13.68,70.97,1.117,207.1,3.7,27.4,0
68.0,0.0,40.0,4.0,,10.0,39.0,,22.0,104.5,123.9,68.1,29.0,31.0,113.0,76.1,33.7627,120.0,150.0,90.0,34.1,40.6,3.4,7.6,5.9,8.0,13.1,5.7,30.7,,2.8,2.3,1.8,1.7,1.8,2.2,30.6,9.6,22.2,22.6,4987.0,33.2,49.0,36.7,32.8,677.0,329.0,384.0,222.0,296.0,1.546425,1.484568,-1.34,314.123167,,3.0,2.0,,3.0,,,3.0,,315.0,2.0,3.0,1.0,6.0,5.0,2.0,5.0,4.0,7.0,1.0,2.0,1.0,0.0,8.0,3.0,2.0,1.0,3.0,2.0,0.0,0.0,2.0,4.0,,1.0,,0.0,7.0,1.0,1.0,0.0,5.0,9.0,10.0,4.0,1.0,3.0,2.0,2.0,3.0,4.0,3.0,2.0,1.0,4.0,1.0,2.0,1.0,3.0,,1.0,0.0,,,,5.0,1.0,1.0,4.0,0.0,4.0,,5.0,2.0,,34.0,0.0,0.0,0.0,1.0,79.0,,,81.0,,,0.1,,,1.67,,15.0,0.011,0.201,0.29,1.08,14.87,,41.42,87.32,8.13,104.78,85.16,0.95,13.08,5.01,69.0,0.0,0.0,201.9,0.164,17.51,4.147,16.59,0.024,1.096,7.27,18.63,41.91,102.8,,0.966,,2.93,2.351,4.015,88.0,0.986,2.38,16.2,4.017,29.0,2.518,21.206,2.245,165.08,,0.896,,38.3,0.866,4.64,,4.766,295.3,7.4,25.0,0
55.0,1.0,46.0,5.0,5.0,5.0,41.0,2.0,18.0,72.6,122.9,54.9,27.0,41.0,99.0,62.5,19.7968,94.0,178.0,92.0,19.8,25.9,1.7,2.1,12.5,10.1,13.2,8.2,13.7,24.5,0.4,0.5,4.5,2.1,3.1,4.3,19.9,6.2,33.6,28.9,8074.0,22.0,17.6,58.4,46.2,714.0,313.0,392.0,321.0,314.0,2.162685,1.654341,0.002,134.93712,,3.0,,,,,,4.0,,159.0,4.0,1.0,4.0,3.0,1.0,6.0,0.0,1.0,3.0,1.0,1.0,0.0,0.0,9.0,3.0,2.0,1.0,2.0,2.0,,0.0,0.0,3.0,,0.0,15.0,0.0,1.0,9.0,1.0,0.0,6.0,7.0,2.0,3.0,2.0,1.0,3.0,2.0,2.0,0.0,1.0,4.0,4.0,2.0,3.0,,2.0,3.0,0.0,0.0,0.0,0.0,0.0,1.0,3.0,8.0,2.0,3.0,0.0,1.0,,3.0,,18.0,1.0,,1.0,0.0,0.0,,80.0,,89.0,1.0,,0.07,0.7,0.11,1.07,,15.25,0.024,0.296,0.199,2.0,19.21,,38.54,91.81,,103.85,74.2,0.38,3.6,7.86,75.4,0.0,0.0,403.9,0.317,15.57,4.309,25.81,,1.123,10.42,,40.83,,1.394,1.38,49.3,0.83,2.526,5.3,59.3,0.747,1.43,12.1,4.628,29.0,1.329,28.791,4.296,5.13,,,,66.81,17.335,16.7,76.29,4.282,286.2,7.1,18.8,0
40.0,0.0,12.0,1.0,,,55.0,9.0,16.0,84.1,168.2,51.9,45.0,25.0,90.0,82.5,35.561,91.0,152.0,91.0,42.6,30.8,1.7,2.2,7.8,7.7,10.1,6.6,26.1,19.3,0.9,1.0,2.5,2.4,1.9,3.9,20.8,4.6,36.2,27.3,5631.0,23.0,11.6,67.0,31.8,433.0,225.0,,170.0,132.0,3.195362,2.323808,-0.494,,,6.0,,,3.0,271.0,,5.0,,232.0,3.0,2.0,2.0,2.0,2.0,5.0,0.0,0.0,6.0,1.0,1.0,2.0,0.0,7.0,2.0,1.0,2.0,2.0,1.0,2.0,0.0,1.0,3.0,10.237,0.0,0.0,6.0,6.0,2.0,1.0,6.0,13.0,8.0,9.0,6.0,9.0,3.0,0.0,2.0,4.0,1.0,1.0,0.0,3.0,3.0,2.0,5.0,2.0,3.0,1.0,0.0,1.0,0.0,0.0,0.0,6.0,5.0,3.0,2.0,0.0,4.0,2.0,1.0,0.0,,14.0,0.0,,0.0,1.0,,42.0,,57.0,,1.0,0.01,0.73,0.14,7.72,,16.71,0.011,0.475,0.219,0.96,54.35,37.44,39.42,94.96,15.12,117.75,92.67,0.58,32.52,0.08,4.7,0.0,0.0,142.8,0.216,17.14,4.462,12.32,0.045,0.133,1.77,61.47,40.58,135.2,1.442,0.62,46.7,0.27,2.248,,63.4,1.027,4.18,16.6,4.857,47.6,1.071,,2.836,9.82,,1.062,,98.58,1.153,4.42,76.88,2.482,411.1,5.22,63.4,0
49.0,0.0,19.0,2.0,,13.0,,,16.0,92.6,142.8,84.2,31.0,40.0,83.0,50.8,19.1413,88.0,163.0,87.0,15.5,13.9,2.2,3.1,8.3,,9.7,7.9,21.1,,0.4,1.3,2.9,,2.8,2.4,17.0,14.1,32.2,32.9,6295.0,21.7,17.5,38.8,34.2,446.0,235.0,143.0,188.0,176.0,3.235611,3.106187,,568.742149,6.9,,,,3.0,23.0,,,12.0,9.0,5.0,6.0,1.0,3.0,1.0,5.0,0.0,4.0,5.0,1.0,1.0,1.0,2.0,10.0,3.0,3.0,3.0,3.0,2.0,1.0,2.0,0.0,2.0,,0.0,13.0,,9.0,8.0,3.0,0.0,3.0,3.0,9.0,1.0,1.0,2.0,1.0,2.0,2.0,2.0,0.0,1.0,1.0,3.0,3.0,4.0,2.0,4.0,0.0,2.0,3.0,8.0,,,1.0,0.0,3.0,3.0,,6.0,,2.0,0.0,,,1.0,0.0,0.0,0.0,,44.0,,94.0,,0.0,0.01,0.13,0.0,0.0,36.12,12.64,,,0.345,1.9,19.04,33.66,34.99,96.19,8.53,113.31,94.02,0.22,2.16,7.84,78.7,0.0,0.0,251.6,0.215,16.49,3.755,12.05,0.035,2.297,9.97,66.81,,56.4,1.485,0.586,41.1,1.46,2.272,3.792,93.7,1.068,2.83,146.0,4.04,46.6,0.984,11.679,4.634,,,1.374,,123.13,2.349,5.2,79.2,3.44,188.1,6.76,88.9,0
67.0,1.0,27.0,3.0,,9.0,25.0,,15.0,72.9,167.9,87.2,32.0,11.0,96.0,53.8,19.9655,106.0,164.0,81.0,18.6,32.4,2.8,3.4,5.9,7.0,5.8,6.0,15.5,24.3,1.8,0.8,2.2,2.3,1.9,1.8,15.3,8.5,22.3,28.7,5109.0,43.5,18.2,46.4,22.7,712.0,269.0,335.0,286.0,210.0,6.134513,5.709543,3.079,458.958177,4.6,,1.0,,,,,,27.0,267.0,,,1.0,7.0,6.0,7.0,3.0,1.0,5.0,2.0,0.0,0.0,0.0,9.0,2.0,1.0,2.0,3.0,2.0,0.0,1.0,0.0,3.0,,2.0,0.0,0.0,2.0,14.0,1.0,7.0,5.0,8.0,4.0,0.0,2.0,3.0,4.0,3.0,4.0,2.0,2.0,3.0,1.0,4.0,3.0,2.0,2.0,3.0,7.0,0.0,0.0,0.0,,,1.0,1.0,,2.0,,3.0,1.0,1.0,,,,1.0,,1.0,0.0,,83.0,,,,1.0,0.0,0.03,0.14,1.69,43.75,16.58,0.047,0.365,0.407,3.43,41.93,32.53,37.91,85.81,11.79,91.57,76.94,0.67,8.23,3.94,48.1,0.0,0.0,325.4,,15.87,5.099,13.63,0.114,0.991,8.18,14.55,49.73,77.7,2.159,0.905,51.2,5.59,2.633,5.215,,1.113,4.24,106.2,3.885,30.8,1.499,24.069,3.085,,272.5,,,25.77,,6.63,77.46,3.655,261.2,3.36,63.4,0
51.0,1.0,4.0,1.0,4.0,,,8.0,14.0,74.0,144.6,82.6,54.0,35.0,74.0,63.3,21.956,91.0,170.0,93.0,14.2,39.2,3.4,2.1,11.1,13.8,8.0,11.5,16.1,17.7,1.1,0.9,4.2,3.4,3.4,2.4,15.3,15.9,43.2,27.6,8815.0,42.1,11.3,75.7,51.2,687.0,325.0,421.0,242.0,257.0,2.633267,2.209455,,651.799028,3.46,,,2.0,,31.0,1.0,,71.0,303.0,,4.0,2.0,6.0,1.0,7.0,0.0,1.0,0.0,2.0,,1.0,1.0,5.0,3.0,3.0,1.0,2.0,2.0,2.0,0.0,1.0,4.0,16.311,0.0,1.0,0.0,5.0,2.0,1.0,7.0,30.0,2.0,0.0,7.0,6.0,2.0,0.0,0.0,1.0,1.0,3.0,1.0,2.0,4.0,3.0,5.0,1.0,2.0,,12.0,24.0,24.0,5.0,,7.0,0.0,3.0,2.0,0.0,4.0,2.0,4.0,1.0,,3.0,1.0,0.0,0.0,0.0,,85.0,,,,0.0,0.16,2.78,0.06,0.94,36.88,11.82,,0.988,0.245,3.26,54.97,28.28,32.06,88.23,7.71,114.84,71.93,0.24,4.13,2.21,37.2,0.0,0.0,190.7,0.147,16.12,4.18,12.17,0.08,1.071,5.93,14.38,56.08,77.5,1.675,,22.9,8.03,2.508,5.858,99.9,0.692,1.46,17.1,3.746,30.0,,34.75,3.146,181.76,,1.075,,108.59,17.292,5.59,,1.452,160.2,3.51,51.4,0
62.0,1.0,6.0,4.0,1.0,5.0,,7.0,,,122.9,,42.0,49.0,111.0,97.1,27.9343,98.0,186.0,90.0,21.7,35.8,3.7,8.5,,13.8,7.6,11.6,31.1,27.9,1.2,1.1,2.9,4.5,3.3,4.5,44.9,19.4,35.3,34.2,9387.0,36.1,13.3,45.2,55.4,763.0,406.0,448.0,344.0,310.0,2.197763,1.780627,,134.677739,,,,1.0,,35.0,,1.0,23.0,11.0,,1.0,1.0,1.0,2.0,7.0,5.0,7.0,3.0,1.0,2.0,,1.0,5.0,3.0,1.0,2.0,1.0,2.0,2.0,1.0,0.0,3.0,,0.0,0.0,0.0,0.0,1.0,4.0,0.0,8.0,7.0,4.0,7.0,1.0,2.0,1.0,2.0,0.0,1.0,1.0,0.0,1.0,3.0,3.0,2.0,0.0,4.0,23.0,,16.0,,2.0,0.0,1.0,,2.0,2.0,0.0,1.0,,1.0,3.0,19.0,,0.0,1.0,1.0,0.0,85.0,94.0,,40.0,,0.0,0.02,0.32,0.63,10.56,32.85,3.24,0.014,0.566,0.276,1.05,17.5,18.65,23.08,90.38,9.17,106.14,90.79,0.98,16.41,3.3,55.2,0.0,0.0,373.8,0.343,17.14,3.635,15.71,0.033,,5.98,53.3,39.97,60.0,,0.808,18.2,12.81,,7.439,70.9,1.173,,102.6,9.501,33.1,,21.752,4.897,129.78,1747.2,0.905,,26.19,,11.18,64.58,3.036,280.4,5.64,35.3,0
57.0,1.0,10.0,1.0,75.0,8.0,,9.0,22.0,101.0,167.6,95.1,30.0,45.0,88.0,70.6,20.062,97.0,188.0,100.0,18.6,33.7,,3.7,12.6,13.2,10.9,9.3,25.7,24.6,2.1,0.8,4.5,2.7,4.1,3.9,16.1,8.4,37.4,28.4,7614.0,16.7,28.9,78.8,53.6,447.0,,267.0,220.0,235.0,4.916123,4.398841,2.269,536.826791,3.45,,,3.0,5.0,,2.0,2.0,,100.0,4.0,5.0,3.0,,0.0,6.0,0.0,1.0,1.0,2.0,1.0,0.0,2.0,8.0,3.0,2.0,2.0,1.0,1.0,0.0,0.0,0.0,4.0,,2.0,8.0,0.0,2.0,4.0,7.0,3.0,32.0,5.0,1.0,0.0,2.0,1.0,4.0,2.0,5.0,3.0,3.0,4.0,3.0,1.0,2.0,5.0,2.0,1.0,14.0,4.0,25.0,12.0,3.0,1.0,,1.0,2.0,2.0,13.0,4.0,3.0,3.0,0.0,13.0,34.0,0.0,1.0,1.0,1.0,79.0,,,87.0,,1.0,0.05,0.98,0.59,12.51,41.8,16.28,0.006,0.165,0.358,1.81,38.23,31.0,38.94,79.62,11.08,86.16,51.46,0.32,6.83,1.96,41.5,0.0,0.0,366.1,0.406,15.98,5.25,12.39,0.026,0.49,4.73,34.11,44.41,137.7,,0.578,33.9,14.66,2.412,5.257,100.5,0.937,2.1,138.3,4.8,45.2,1.192,32.808,2.846,,1508.9,1.414,,155.21,13.345,16.14,72.15,4.284,342.6,3.9,69.8,0
62.0,0.0,31.0,1.0,58.0,5.0,,,20.0,74.6,108.0,48.5,28.0,26.0,76.0,58.2,21.432,120.0,165.0,80.0,37.3,37.8,3.0,2.6,,12.1,7.5,7.5,17.5,17.0,2.3,0.8,2.1,2.6,3.5,2.5,29.8,16.9,25.4,23.0,6333.0,27.5,19.8,63.3,,717.0,297.0,449.0,343.0,321.0,3.756106,1.994454,,211.774697,,,2.0,,,30.0,,,,14.0,2.0,1.0,2.0,4.0,6.0,5.0,4.0,5.0,2.0,2.0,1.0,0.0,0.0,8.0,3.0,2.0,1.0,1.0,2.0,0.0,1.0,1.0,4.0,14.138,0.0,,0.0,4.0,2.0,6.0,0.0,8.0,3.0,11.0,3.0,5.0,2.0,2.0,3.0,3.0,2.0,1.0,1.0,2.0,4.0,1.0,5.0,2.0,4.0,,8.0,1.0,11.0,3.0,1.0,8.0,0.0,3.0,2.0,0.0,1.0,1.0,1.0,1.0,25.0,14.0,0.0,,0.0,1.0,,62.0,84.0,60.0,,0.0,0.09,1.3,0.21,2.9,31.17,14.6,0.008,0.141,0.177,1.2,16.49,39.29,46.84,83.89,6.77,106.98,82.71,0.19,2.68,5.56,76.6,0.0,0.0,255.4,0.173,15.92,3.716,16.11,0.03,0.85,7.26,9.48,40.24,78.3,2.261,0.757,25.3,21.03,2.448,,77.2,0.784,,111.7,8.644,34.5,2.289,16.294,2.117,,199.3,1.458,,39.23,,21.77,67.58,2.682,510.2,8.52,18.5,0
41.0,0.0,,2.0,6.0,1.0,9.0,3.0,,76.0,141.3,85.9,15.0,28.0,66.0,50.2,20.7737,108.0,155.0,80.0,13.4,28.8,2.2,5.0,7.1,6.0,5.8,7.7,25.0,18.6,1.2,0.4,2.4,1.7,1.8,1.0,13.2,4.8,26.0,17.1,5336.0,29.3,17.2,37.4,29.1,,323.0,319.0,258.0,330.0,4.483809,2.673259,0.238,216.626244,3.62,7.0,,4.0,2.0,25.0,2.0,5.0,,7.0,,,0.0,2.0,1.0,4.0,5.0,1.0,3.0,1.0,1.0,2.0,1.0,7.0,4.0,,1.0,2.0,2.0,0.0,0.0,0.0,2.0,,0.0,11.0,2.0,1.0,9.0,3.0,7.0,5.0,5.0,8.0,6.0,3.0,2.0,2.0,3.0,3.0,2.0,1.0,0.0,1.0,3.0,3.0,5.0,0.0,2.0,0.0,1.0,0.0,0.0,0.0,1.0,,,2.0,4.0,9.0,4.0,1.0,3.0,,14.0,3.0,0.0,1.0,0.0,,,,88.0,91.0,,1.0,0.0,0.05,,5.26,53.09,16.47,,,0.279,3.46,39.11,29.96,,96.56,8.96,123.48,91.48,0.19,2.09,4.73,53.5,0.0,0.0,172.8,0.155,17.04,5.498,14.54,0.055,0.504,8.85,16.15,50.75,113.1,1.105,1.115,32.1,0.39,2.313,6.181,62.1,1.03,1.77,99.3,6.821,52.9,0.932,16.639,4.101,12.38,,0.864,,,1.858,6.8,78.5,0.893,447.1,5.21,17.5,0
43.0,0.0,21.0,3.0,54.0,,40.0,10.0,,106.2,135.5,86.5,11.0,15.0,105.0,97.6,29.5841,101.0,182.0,80.0,41.7,40.0,8.6,7.4,9.9,8.7,5.6,7.9,27.1,24.3,3.0,,2.7,2.4,2.2,2.2,38.9,17.7,26.1,20.7,5465.0,37.5,50.0,52.8,27.1,454.0,346.0,249.0,195.0,,1.834241,1.760871,-0.493,312.788386,2.6,,,,,,3.0,,,114.0,4.0,3.0,2.0,,1.0,2.0,2.0,1.0,2.0,2.0,4.0,0.0,0.0,5.0,4.0,2.0,2.0,2.0,1.0,1.0,0.0,1.0,2.0,,0.0,12.0,4.0,8.0,0.0,4.0,6.0,21.0,4.0,7.0,0.0,3.0,2.0,1.0,2.0,2.0,2.0,0.0,1.0,1.0,4.0,2.0,5.0,1.0,2.0,,1.0,,0.0,,,0.0,1.0,2.0,2.0,3.0,2.0,2.0,1.0,0.0,17.0,3.0,0.0,,0.0,1.0,,,,,,1.0,0.0,0.02,0.35,3.56,47.16,14.83,0.018,0.361,0.322,1.43,14.65,30.73,31.45,97.71,11.86,115.13,78.24,0.87,8.98,7.09,72.8,0.0,0.0,182.6,0.217,18.07,4.827,16.85,0.048,1.877,,11.32,50.72,82.5,1.784,0.822,17.4,1.0,2.526,6.064,112.3,,1.3,54.6,4.939,61.1,1.084,35.236,4.327,9.24,,0.809,,36.99,1.385,9.45,67.56,0.821,498.9,8.43,33.5,0
54.0,0.0,20.0,2.0,7.0,7.0,51.0,6.0,15.0,73.5,158.1,67.7,18.0,43.0,86.0,93.5,38.3272,122.0,156.0,79.0,48.9,47.6,4.2,8.8,8.2,8.5,,7.1,49.7,46.8,2.5,2.8,2.1,1.8,1.8,2.5,38.1,9.3,23.0,20.5,4589.0,37.9,43.8,46.2,34.3,589.0,297.0,388.0,280.0,313.0,2.319265,2.226494,,579.656221,3.79,3.0,,,5.0,,5.0,,,13.0,,3.0,2.0,0.0,0.0,1.0,1.0,8.0,5.0,1.0,2.0,1.0,0.0,7.0,1.0,,2.0,1.0,2.0,,0.0,0.0,2.0,,0.0,0.0,3.0,6.0,1.0,2.0,0.0,8.0,1.0,0.0,1.0,5.0,3.0,0.0,2.0,2.0,1.0,0.0,0.0,1.0,4.0,1.0,5.0,1.0,3.0,2.0,,1.0,,3.0,,2.0,6.0,2.0,1.0,1.0,3.0,,4.0,0.0,20.0,2.0,0.0,1.0,0.0,,,80.0,,,,1.0,0.02,,0.05,0.41,,16.9,0.038,0.945,0.386,2.72,23.52,34.54,38.31,90.14,8.55,90.19,86.37,0.79,6.78,8.01,69.1,0.0,0.0,205.0,0.175,16.86,4.892,13.17,0.068,0.979,11.58,15.01,39.88,71.9,1.323,0.603,37.1,21.01,2.272,3.321,94.8,1.311,1.34,13.5,9.577,59.5,,34.677,1.893,,1538.4,1.144,,,1.799,2.66,70.19,1.11,356.0,6.4,45.0,0
42.0,1.0,42.0,2.0,3.0,41.0,45.0,,15.0,66.3,127.0,85.0,56.0,34.0,90.0,95.1,30.5616,103.0,176.0,91.0,17.8,,2.1,2.7,10.1,12.3,7.7,10.4,40.9,24.3,1.0,1.1,4.4,2.7,2.4,2.6,35.2,9.0,37.1,40.4,6140.0,24.1,19.6,72.5,50.0,427.0,285.0,227.0,103.0,170.0,8.37923,4.207721,3.476,565.751571,2.03,4.0,,,,11.0,2.0,4.0,6.0,23.0,6.0,4.0,0.0,5.0,1.0,4.0,2.0,3.0,4.0,2.0,,0.0,2.0,10.0,4.0,4.0,1.0,1.0,1.0,0.0,0.0,0.0,3.0,6.633,0.0,9.0,7.0,9.0,,6.0,0.0,16.0,5.0,4.0,5.0,0.0,3.0,2.0,0.0,2.0,5.0,2.0,0.0,0.0,2.0,2.0,5.0,2.0,5.0,13.0,,,0.0,3.0,0.0,6.0,0.0,3.0,2.0,0.0,5.0,1.0,5.0,0.0,15.0,37.0,1.0,,1.0,1.0,,45.0,,38.0,1.0,0.0,0.0,0.04,0.33,3.16,45.56,16.14,0.014,0.886,0.411,3.59,34.71,32.1,35.42,90.65,10.37,,82.49,,7.3,5.67,54.8,0.0,0.0,165.4,0.172,15.82,5.026,16.85,0.082,1.109,10.35,9.76,40.2,146.5,1.447,1.306,48.2,13.53,2.642,4.705,53.4,0.642,,36.6,8.328,44.8,,11.524,4.86,,,1.236,,39.09,14.808,6.99,73.0,0.604,178.9,3.95,46.3,0
68.0,1.0,8.0,3.0,,16.0,,,,103.0,170.7,49.9,37.0,49.0,97.0,71.6,29.376,94.0,156.0,83.0,39.3,18.9,8.4,3.8,8.8,10.4,11.6,9.1,15.2,42.7,1.6,2.0,2.3,2.8,2.0,2.9,39.3,5.2,34.7,28.6,7683.0,31.7,19.7,40.4,30.9,662.0,364.0,332.0,325.0,312.0,2.688616,1.477214,-0.621,115.279799,2.68,,,,,69.0,,3.0,,106.0,3.0,3.0,1.0,3.0,2.0,2.0,,1.0,1.0,2.0,5.0,0.0,1.0,5.0,3.0,4.0,1.0,1.0,2.0,0.0,0.0,1.0,,14.187,0.0,14.0,0.0,1.0,2.0,2.0,0.0,3.0,7.0,4.0,8.0,6.0,2.0,3.0,0.0,3.0,2.0,1.0,0.0,1.0,3.0,1.0,4.0,1.0,3.0,2.0,,15.0,0.0,,1.0,1.0,0.0,2.0,1.0,0.0,1.0,2.0,4.0,0.0,27.0,5.0,1.0,,0.0,,,,,,,1.0,0.14,1.16,0.56,4.52,30.5,11.3,0.014,0.946,0.432,2.75,22.21,31.41,37.04,84.81,10.08,95.2,74.22,0.76,6.11,8.17,66.0,0.0,0.0,249.8,0.252,15.54,3.596,13.14,0.112,2.428,12.38,37.01,41.44,127.9,1.402,,19.3,18.58,2.285,6.063,68.6,0.915,4.19,188.8,3.647,31.7,1.752,32.117,1.858,120.12,,1.41,,19.72,8.063,15.79,63.81,4.799,285.3,8.8,45.6,0
53.0,0.0,7.0,1.0,4.0,33.0,49.0,,14.0,,142.8,,20.0,18.0,88.0,105.9,40.0701,125.0,163.0,82.0,50.7,43.4,3.9,8.2,7.5,6.3,7.1,7.7,53.5,32.4,1.7,0.9,2.1,2.2,1.8,2.5,39.0,23.0,22.7,21.2,5015.0,39.8,40.4,37.5,30.8,743.0,406.0,352.0,232.0,265.0,4.653818,2.391822,-0.329,374.777183,3.14,2.0,2.0,,4.0,305.0,,4.0,675.0,457.0,,,0.0,5.0,3.0,7.0,0.0,0.0,2.0,3.0,0.0,2.0,0.0,15.0,3.0,3.0,1.0,1.0,1.0,0.0,0.0,0.0,3.0,,0.0,0.0,0.0,2.0,1.0,5.0,6.0,38.0,3.0,4.0,7.0,9.0,2.0,1.0,3.0,2.0,1.0,0.0,0.0,2.0,3.0,2.0,5.0,2.0,2.0,0.0,,,,1.0,,0.0,1.0,4.0,3.0,0.0,2.0,1.0,4.0,0.0,18.0,,1.0,0.0,0.0,,,,,,0.0,1.0,,0.21,0.0,0.04,38.78,16.33,0.002,0.148,0.293,1.35,,37.05,42.12,87.96,8.64,99.19,83.88,0.31,8.26,2.1,55.7,0.0,0.0,194.9,0.168,17.76,4.409,11.82,0.024,0.518,3.76,14.86,40.06,90.2,1.304,0.768,28.2,0.31,2.374,5.223,103.9,1.313,1.24,128.4,5.743,28.6,,35.203,2.706,,,1.389,16.9,28.36,2.193,5.12,72.36,1.459,435.7,,46.4,0
45.0,0.0,23.0,3.0,,17.0,47.0,7.0,,73.7,106.2,75.0,18.0,31.0,87.0,97.4,36.9952,114.0,162.0,79.0,41.0,34.1,3.9,4.5,6.4,7.5,7.6,5.7,50.4,22.0,1.0,1.5,1.7,4.0,1.9,2.5,27.8,26.6,25.3,19.6,6967.0,34.1,16.6,54.5,30.5,477.0,286.0,255.0,230.0,212.0,4.332557,4.159254,0.928,677.764398,,,1.0,,2.0,103.0,,,142.0,20.0,,,3.0,2.0,5.0,6.0,1.0,6.0,2.0,2.0,,0.0,2.0,8.0,1.0,4.0,1.0,1.0,1.0,0.0,1.0,0.0,2.0,,0.0,1.0,0.0,2.0,3.0,2.0,7.0,37.0,6.0,1.0,7.0,0.0,2.0,3.0,2.0,4.0,4.0,2.0,3.0,1.0,4.0,1.0,4.0,2.0,3.0,1.0,,,,0.0,,1.0,2.0,2.0,2.0,,5.0,1.0,2.0,8.0,,1.0,0.0,1.0,0.0,1.0,70.0,53.0,,,,0.0,0.02,0.2,0.22,2.61,50.29,16.07,0.044,0.605,0.435,,32.82,30.25,31.95,94.68,10.92,109.18,90.01,0.87,,4.56,54.1,0.0,0.0,276.7,0.302,16.2,5.312,13.3,0.124,2.337,8.42,54.07,45.28,54.3,1.183,0.675,29.4,0.33,2.227,4.623,60.5,0.853,,21.4,3.875,30.9,1.019,19.947,4.923,9.11,,1.251,,149.53,,,,2.689,175.9,3.57,87.0,0
41.0,1.0,0.0,3.0,10.0,14.0,,,20.0,48.1,82.2,91.6,49.0,46.0,90.0,77.3,22.9358,88.0,184.0,86.0,14.3,14.2,2.3,1.6,8.1,10.5,11.3,7.2,23.5,19.8,0.7,0.9,3.2,3.4,2.7,3.4,12.4,11.9,33.6,22.4,8077.0,15.5,14.1,52.1,32.7,428.0,245.0,280.0,140.0,180.0,2.787951,,1.529,,,,2.0,,,32.0,,6.0,115.0,,4.0,,2.0,0.0,2.0,4.0,0.0,0.0,7.0,1.0,5.0,,0.0,9.0,3.0,,2.0,3.0,2.0,2.0,0.0,0.0,3.0,63.181,,12.0,0.0,0.0,10.0,7.0,1.0,1.0,2.0,3.0,6.0,2.0,1.0,4.0,1.0,2.0,4.0,2.0,2.0,1.0,4.0,1.0,4.0,1.0,3.0,20.0,0.0,,11.0,1.0,1.0,20.0,1.0,2.0,1.0,8.0,3.0,2.0,3.0,7.0,28.0,2.0,0.0,,0.0,1.0,,47.0,,,,0.0,0.01,0.11,0.6,8.13,35.98,11.65,0.006,0.651,0.322,3.55,47.83,30.73,32.38,94.9,12.45,91.15,76.3,0.39,5.3,2.87,38.6,0.0,0.0,168.3,0.21,15.97,3.791,12.24,0.096,0.756,7.43,48.67,44.15,164.4,1.449,1.038,23.5,,2.457,4.893,102.3,1.187,3.33,,,33.7,1.022,25.61,3.186,13.97,,1.021,60.3,31.31,8.412,11.62,74.34,2.143,278.2,4.95,31.4,0
66.0,1.0,8.0,5.0,,2.0,46.0,0.0,15.0,75.9,146.2,48.9,44.0,46.0,67.0,93.0,24.6093,100.0,194.0,98.0,24.4,19.0,5.9,2.3,8.2,10.2,10.8,8.3,20.6,16.2,0.8,0.7,4.6,4.2,3.1,3.9,24.2,5.4,43.6,31.4,7440.0,29.3,18.8,78.1,53.2,452.0,306.0,303.0,243.0,191.0,3.993499,2.074342,2.464,627.293238,,,,,,,,,5.0,6.0,,4.0,2.0,1.0,2.0,1.0,0.0,0.0,4.0,1.0,1.0,1.0,0.0,9.0,3.0,2.0,2.0,2.0,2.0,0.0,0.0,1.0,,,2.0,9.0,0.0,8.0,1.0,1.0,0.0,4.0,5.0,1.0,2.0,4.0,1.0,3.0,2.0,2.0,2.0,1.0,2.0,2.0,3.0,2.0,5.0,2.0,1.0,1.0,12.0,1.0,,3.0,1.0,3.0,4.0,2.0,4.0,2.0,3.0,2.0,3.0,8.0,16.0,2.0,1.0,,0.0,0.0,,94.0,,81.0,0.0,0.0,0.01,0.16,0.54,9.33,39.13,14.34,0.046,0.972,0.378,2.6,44.79,35.42,36.64,,11.42,105.56,74.95,0.19,3.3,2.46,42.4,0.0,0.0,356.6,0.407,15.45,4.049,14.02,0.088,1.687,5.81,12.38,48.44,,2.21,1.637,20.0,0.24,2.183,8.061,87.1,1.177,3.72,180.7,8.333,39.1,2.547,11.463,4.453,65.69,,,,,8.695,6.28,76.03,3.726,486.1,6.08,24.7,0
64.0,0.0,19.0,1.0,,2.0,54.0,,15.0,89.2,158.4,72.3,17.0,9.0,120.0,79.0,34.9124,110.0,150.0,80.0,41.0,48.0,6.8,6.6,6.8,6.1,4.9,5.7,46.5,39.1,1.8,2.3,2.5,1.8,1.8,1.6,27.9,22.0,20.6,19.7,4782.0,34.9,51.8,36.7,27.3,631.0,460.0,379.0,311.0,312.0,2.43631,2.338857,,631.775215,4.8,,,,3.0,297.0,2.0,,8.0,353.0,,3.0,0.0,5.0,3.0,2.0,0.0,1.0,3.0,1.0,1.0,0.0,1.0,6.0,2.0,3.0,2.0,3.0,2.0,2.0,1.0,0.0,3.0,,0.0,14.0,,3.0,8.0,2.0,4.0,40.0,7.0,10.0,6.0,2.0,2.0,3.0,0.0,1.0,4.0,1.0,1.0,0.0,0.0,1.0,4.0,2.0,2.0,1.0,,1.0,,0.0,,1.0,0.0,2.0,1.0,0.0,1.0,3.0,2.0,0.0,21.0,480.0,1.0,0.0,0.0,,,56.0,,,,,0.01,0.37,0.1,2.73,36.97,12.08,0.014,0.234,0.432,1.09,29.49,32.87,32.69,100.55,7.81,109.96,92.49,0.22,6.08,2.26,61.3,0.0,,206.7,0.161,17.15,3.676,15.01,0.052,2.214,3.69,23.34,,62.5,1.347,1.117,26.8,6.38,2.301,4.946,48.7,0.982,1.32,,6.035,,,18.225,,10.93,,1.061,,18.81,1.711,5.75,69.18,2.021,207.8,9.21,38.0,0
59.0,1.0,18.0,5.0,6.0,34.0,,4.0,20.0,96.5,106.2,91.1,49.0,31.0,72.0,71.8,22.5083,86.0,179.0,84.0,14.0,16.7,1.3,1.4,,11.4,11.6,8.2,13.1,19.1,1.1,0.9,2.8,3.2,4.4,2.7,27.9,5.7,34.8,29.1,5530.0,15.1,8.3,44.9,38.6,,261.0,237.0,196.0,186.0,5.263598,3.743996,,501.938581,,1.0,,3.0,4.0,5.0,2.0,1.0,134.0,49.0,5.0,4.0,2.0,4.0,0.0,2.0,1.0,0.0,6.0,2.0,0.0,1.0,1.0,5.0,2.0,2.0,1.0,2.0,2.0,1.0,0.0,1.0,,,1.0,0.0,0.0,,2.0,5.0,3.0,18.0,8.0,1.0,0.0,6.0,1.0,3.0,1.0,3.0,3.0,2.0,0.0,2.0,3.0,1.0,5.0,2.0,1.0,1.0,,21.0,22.0,,1.0,0.0,2.0,2.0,2.0,0.0,4.0,1.0,3.0,12.0,,1.0,1.0,,0.0,,91.0,92.0,64.0,63.0,,0.0,0.16,1.65,0.02,0.23,51.5,14.68,0.024,0.255,0.322,2.26,23.26,28.41,28.51,99.65,,112.82,93.54,0.71,,,67.5,0.0,0.0,147.2,0.162,15.74,5.168,13.35,0.603,1.049,9.71,18.41,43.62,129.8,1.87,1.045,19.9,5.17,2.268,7.621,74.0,1.256,,115.8,6.808,40.8,1.312,16.127,3.662,,,,11.7,,14.378,20.46,63.82,3.898,,4.42,91.2,0
55.0,1.0,43.0,2.0,,,,3.0,21.0,64.9,105.1,90.4,35.0,30.0,79.0,75.2,25.5215,100.0,172.0,85.0,22.7,42.5,3.9,4.4,9.1,12.7,9.0,12.1,54.7,48.0,0.9,1.0,3.5,2.9,1.8,4.3,31.4,14.9,42.6,34.3,7348.0,32.0,42.0,77.8,34.1,764.0,426.0,344.0,286.0,303.0,2.866353,2.751699,2.505,364.120919,,,,,4.0,,6.0,5.0,201.0,189.0,,3.0,0.0,2.0,3.0,6.0,1.0,5.0,0.0,2.0,1.0,0.0,0.0,8.0,3.0,3.0,1.0,3.0,1.0,0.0,0.0,0.0,4.0,20.722,0.0,13.0,0.0,,1.0,1.0,3.0,8.0,4.0,6.0,8.0,1.0,3.0,3.0,1.0,2.0,2.0,1.0,0.0,5.0,5.0,1.0,4.0,2.0,3.0,,2.0,1.0,11.0,0.0,1.0,,6.0,2.0,2.0,0.0,3.0,3.0,3.0,0.0,23.0,44.0,1.0,0.0,0.0,0.0,74.0,81.0,,42.0,,1.0,,3.77,0.39,7.98,45.12,12.63,0.01,0.311,0.205,1.7,35.13,24.07,,85.97,7.31,100.98,80.49,0.41,8.54,2.15,44.6,0.0,0.0,229.5,0.168,16.09,5.248,14.01,0.051,0.995,4.83,10.13,48.51,43.1,2.219,1.636,30.6,0.21,2.293,8.26,91.7,1.287,1.78,66.4,4.489,39.9,2.359,10.693,4.355,167.63,,,,109.14,14.878,23.97,82.77,,462.8,,24.1,0
57.0,0.0,9.0,3.0,,,11.0,,16.0,78.8,169.1,51.6,11.0,30.0,74.0,57.2,22.753,107.0,159.0,84.0,34.7,18.7,3.9,5.3,8.7,,9.1,6.2,20.5,39.3,0.9,1.9,4.5,2.5,4.0,3.0,21.6,21.3,38.1,29.2,8269.0,30.3,49.8,46.3,36.5,499.0,238.0,251.0,210.0,192.0,4.282857,3.440982,,647.53232,3.44,,,3.0,,,2.0,4.0,51.0,53.0,2.0,2.0,2.0,1.0,2.0,5.0,0.0,1.0,0.0,2.0,2.0,0.0,0.0,4.0,3.0,4.0,1.0,2.0,2.0,1.0,1.0,1.0,4.0,72.148,,0.0,0.0,10.0,2.0,2.0,0.0,11.0,8.0,5.0,1.0,8.0,1.0,4.0,3.0,0.0,2.0,1.0,4.0,1.0,0.0,2.0,5.0,2.0,2.0,15.0,,,0.0,3.0,,2.0,5.0,4.0,2.0,0.0,6.0,2.0,3.0,4.0,18.0,3.0,0.0,1.0,0.0,,69.0,64.0,,,,0.0,0.09,,0.09,0.77,42.71,12.85,0.015,0.303,0.319,,20.98,26.25,,87.22,9.09,86.18,73.63,0.73,6.15,8.46,71.3,0.0,0.0,377.2,0.343,16.07,4.897,13.73,0.063,1.181,,17.75,43.13,97.7,2.25,0.708,43.4,0.78,2.409,7.114,50.6,0.74,3.93,991.6,4.063,27.4,2.289,16.861,3.748,9.6,,1.077,,148.55,1.599,25.85,82.45,1.59,197.2,5.1,65.1,0
59.0,0.0,33.0,2.0,,4.0,10.0,,16.0,,185.4,64.8,15.0,35.0,116.0,95.7,40.8066,133.0,153.0,85.0,46.3,50.4,9.9,12.2,6.6,8.3,6.8,6.6,66.5,52.0,3.8,2.4,3.9,2.5,2.0,2.3,46.2,27.6,23.9,24.1,5383.0,46.2,84.6,62.4,48.1,523.0,327.0,327.0,245.0,252.0,1.910886,1.83445,-0.276,180.347922,3.33,4.0,2.0,2.0,,19.0,5.0,,25.0,6.0,,5.0,2.0,0.0,0.0,2.0,0.0,1.0,7.0,2.0,1.0,0.0,0.0,9.0,3.0,4.0,1.0,2.0,2.0,0.0,1.0,0.0,3.0,81.609,0.0,10.0,0.0,10.0,9.0,4.0,3.0,15.0,8.0,8.0,0.0,1.0,3.0,1.0,4.0,3.0,3.0,3.0,0.0,0.0,0.0,2.0,5.0,1.0,1.0,0.0,,0.0,,0.0,1.0,2.0,6.0,2.0,3.0,0.0,4.0,,4.0,2.0,17.0,,1.0,,1.0,0.0,,80.0,,79.0,,0.0,0.0,0.03,0.07,0.51,35.71,13.48,0.004,0.267,0.329,0.8,5.48,34.43,37.75,91.19,10.2,102.07,90.06,0.99,6.74,12.77,87.2,0.0,0.0,293.1,0.299,15.68,3.916,14.25,0.053,1.188,14.64,11.94,,142.8,1.713,1.23,17.5,1.33,2.635,5.12,74.3,0.712,,,4.601,27.9,1.454,32.613,3.44,36.87,,1.47,,44.06,1.409,7.35,,0.822,511.2,5.97,39.1,0
63.0,0.0,17.0,3.0,2.0,,62.0,,24.0,123.5,182.0,64.0,58.0,58.0,122.0,124.3,41.7413,123.0,173.0,98.0,51.0,50.7,11.3,9.8,14.1,12.1,11.6,10.6,53.1,51.7,3.8,3.4,4.7,3.6,4.7,2.7,57.9,26.5,39.9,33.4,9951.0,47.2,52.7,70.9,54.7,468.0,243.0,240.0,213.0,182.0,3.026643,2.505707,1.435,309.203457,4.05,2.0,4.0,3.0,1.0,136.0,1.0,,,23.0,3.0,2.0,3.0,4.0,1.0,6.0,1.0,0.0,3.0,2.0,1.0,,2.0,9.0,3.0,2.0,2.0,2.0,2.0,0.0,0.0,1.0,3.0,,0.0,0.0,1.0,9.0,5.0,3.0,0.0,3.0,3.0,13.0,2.0,8.0,1.0,3.0,4.0,3.0,0.0,1.0,0.0,1.0,1.0,2.0,3.0,2.0,5.0,1.0,,7.0,0.0,2.0,0.0,,7.0,2.0,2.0,6.0,1.0,1.0,1.0,0.0,20.0,,0.0,0.0,0.0,1.0,,38.0,,95.0,,0.0,0.07,0.72,0.2,2.1,39.77,13.49,0.014,0.567,0.301,2.18,23.2,28.1,33.93,82.82,9.16,105.93,78.62,0.6,6.4,6.35,,0.0,0.0,263.3,0.241,16.67,4.801,12.7,0.101,0.52,9.4,49.79,,62.5,,0.672,39.3,17.97,2.617,3.808,46.3,,3.16,128.6,7.528,60.9,1.14,34.222,2.259,,2011.8,0.861,62.4,27.74,,5.84,80.35,3.211,201.6,1.94,26.8,0
54.0,0.0,23.0,2.0,0.0,,,1.0,11.0,104.6,171.3,92.7,28.0,28.0,113.0,99.5,33.5964,126.0,172.0,79.0,48.3,40.7,6.4,,6.0,8.0,5.6,7.2,54.0,47.6,4.9,3.1,3.6,2.1,2.4,1.6,42.1,27.8,22.5,20.5,5196.0,49.5,16.1,43.7,36.2,432.0,,258.0,221.0,169.0,5.208339,3.955736,2.551,,4.78,,3.0,3.0,5.0,344.0,3.0,4.0,,5.0,,,4.0,3.0,5.0,6.0,0.0,5.0,14.0,3.0,2.0,0.0,2.0,6.0,4.0,2.0,1.0,2.0,1.0,2.0,1.0,1.0,1.0,,0.0,5.0,4.0,2.0,2.0,2.0,0.0,18.0,9.0,1.0,0.0,1.0,2.0,2.0,2.0,2.0,5.0,3.0,2.0,1.0,3.0,1.0,4.0,2.0,3.0,18.0,11.0,21.0,0.0,1.0,,9.0,0.0,1.0,1.0,9.0,4.0,1.0,3.0,8.0,19.0,3.0,0.0,1.0,1.0,1.0,,65.0,,,,,0.02,0.42,0.07,1.66,47.84,15.6,0.004,0.094,0.188,1.42,32.85,29.72,32.6,91.16,,101.28,85.08,0.36,8.26,2.46,,0.0,0.0,351.5,0.362,15.57,5.248,13.62,0.025,,4.32,4.38,47.65,58.8,1.13,1.371,17.6,1.27,2.209,8.232,64.2,1.092,1.29,129.8,4.798,30.4,1.128,22.598,4.206,11.72,,1.254,,22.02,0.697,4.87,69.4,4.661,286.2,4.26,84.6,0
69.0,1.0,10.0,4.0,,,,1.0,17.0,96.3,125.3,52.6,37.0,31.0,76.0,65.2,20.956,88.0,176.0,100.0,31.7,17.9,2.0,2.0,13.5,13.1,11.8,11.8,24.1,17.3,0.7,1.1,3.5,4.8,4.6,4.5,,9.1,39.2,33.9,7364.0,20.2,16.6,77.7,47.3,480.0,250.0,258.0,180.0,201.0,4.839236,3.723087,0.739,333.595586,3.35,,1.0,,,221.0,2.0,4.0,,241.0,6.0,3.0,3.0,4.0,5.0,7.0,6.0,4.0,1.0,3.0,1.0,2.0,0.0,5.0,3.0,1.0,1.0,3.0,1.0,0.0,2.0,0.0,1.0,,,0.0,0.0,6.0,1.0,3.0,3.0,6.0,3.0,10.0,1.0,1.0,3.0,2.0,1.0,1.0,2.0,2.0,2.0,,4.0,2.0,5.0,2.0,4.0,22.0,,,5.0,4.0,1.0,6.0,4.0,4.0,2.0,,6.0,,5.0,0.0,18.0,2.0,0.0,0.0,1.0,0.0,88.0,,66.0,82.0,,0.0,0.16,3.58,0.07,1.53,42.68,14.27,0.017,0.742,0.324,1.05,23.33,30.01,33.43,89.79,10.1,87.83,90.02,0.45,9.94,2.77,,0.0,3.0,239.5,0.242,16.03,4.753,15.52,0.051,1.784,4.5,17.13,48.62,151.6,1.104,1.313,54.7,21.12,2.302,7.318,,0.68,,36.1,5.596,26.8,0.926,18.768,5.373,,,1.217,,55.36,,4.76,67.67,3.556,192.5,8.31,90.0,0
62.0,1.0,1.0,1.0,4.0,23.0,,9.0,22.0,67.0,151.3,76.3,67.0,59.0,107.0,140.7,39.2075,88.0,189.0,99.0,40.6,29.4,6.1,8.8,12.4,14.2,16.0,12.8,17.0,41.9,2.4,0.5,,4.5,4.6,6.1,39.7,8.2,32.2,37.0,9521.0,37.2,27.7,79.8,49.3,579.0,325.0,269.0,175.0,170.0,3.86915,1.58865,,454.375963,2.69,,1.0,,,126.0,1.0,,3.0,233.0,3.0,,3.0,2.0,7.0,,4.0,3.0,6.0,3.0,,0.0,0.0,6.0,4.0,4.0,2.0,2.0,2.0,0.0,0.0,0.0,3.0,,1.0,11.0,0.0,2.0,2.0,1.0,7.0,1.0,7.0,9.0,6.0,3.0,3.0,2.0,1.0,0.0,3.0,2.0,,1.0,3.0,1.0,5.0,0.0,4.0,,,0.0,,0.0,1.0,1.0,1.0,2.0,2.0,7.0,1.0,1.0,4.0,0.0,18.0,20.0,1.0,1.0,1.0,0.0,91.0,84.0,,48.0,,1.0,,2.05,0.64,8.54,39.61,14.09,0.015,0.614,0.33,3.09,41.55,28.81,35.56,,9.35,92.27,,0.72,9.64,2.85,38.2,0.0,0.0,304.7,0.285,17.8,4.89,12.77,0.028,1.355,7.44,16.75,41.66,67.5,2.156,0.837,20.7,0.23,2.452,7.083,90.3,0.722,3.09,50.4,,35.1,3.096,24.348,2.977,5.37,,0.864,,130.85,12.717,26.81,70.97,0.739,237.3,6.08,34.7,0
46.0,1.0,5.0,2.0,3.0,,48.0,9.0,15.0,92.5,126.7,47.6,35.0,57.0,68.0,71.1,20.9296,90.0,184.0,94.0,13.5,15.5,1.3,2.2,14.1,12.2,11.9,12.1,14.0,4.3,0.6,0.5,4.0,4.5,2.1,4.6,18.0,3.8,32.2,30.4,5574.0,13.3,10.6,59.0,58.9,771.0,448.0,448.0,288.0,262.0,5.212334,2.477524,-1.306,561.617499,2.44,3.0,,,,54.0,,,,390.0,2.0,4.0,0.0,6.0,7.0,6.0,2.0,4.0,3.0,3.0,,0.0,1.0,10.0,3.0,1.0,2.0,1.0,2.0,0.0,1.0,0.0,3.0,,0.0,0.0,2.0,3.0,1.0,3.0,0.0,17.0,9.0,5.0,0.0,7.0,2.0,1.0,0.0,2.0,3.0,0.0,2.0,4.0,4.0,1.0,4.0,1.0,3.0,1.0,,6.0,11.0,1.0,1.0,5.0,3.0,4.0,3.0,0.0,5.0,2.0,2.0,0.0,25.0,39.0,0.0,1.0,0.0,1.0,64.0,78.0,,,,0.0,0.01,0.11,0.53,5.88,43.96,11.77,0.004,0.158,0.159,3.64,40.29,26.28,26.76,98.18,8.92,118.95,85.34,0.32,3.49,,50.2,0.0,0.0,197.6,0.176,16.28,4.478,18.04,0.029,1.376,9.02,24.24,51.44,77.1,1.258,1.095,52.6,0.3,2.452,6.001,109.2,0.817,3.85,26.2,3.828,27.1,0.842,12.6,2.731,154.87,,1.038,,,9.746,12.6,78.79,,385.4,5.7,38.2,0
43.0,0.0,30.0,2.0,,,49.0,8.0,17.0,,183.1,76.4,52.0,53.0,113.0,130.3,37.9405,109.0,185.0,100.0,50.6,47.8,,6.5,10.8,13.3,10.3,13.4,45.2,45.4,3.7,2.7,2.5,4.9,4.6,2.0,44.6,14.9,34.0,38.3,8612.0,40.1,43.8,48.1,59.1,487.0,232.0,230.0,172.0,,2.193997,2.106237,1.884,269.215825,3.95,,,,,291.0,6.0,,,25.0,3.0,3.0,2.0,2.0,2.0,6.0,0.0,7.0,3.0,2.0,1.0,4.0,0.0,5.0,3.0,1.0,1.0,3.0,,0.0,1.0,0.0,,,0.0,0.0,0.0,5.0,2.0,1.0,0.0,7.0,5.0,14.0,6.0,1.0,2.0,1.0,2.0,4.0,0.0,2.0,2.0,1.0,3.0,2.0,4.0,2.0,3.0,1.0,0.0,,0.0,0.0,,4.0,5.0,1.0,3.0,,3.0,2.0,3.0,10.0,25.0,2.0,0.0,,1.0,0.0,,,,,,,0.06,1.47,0.11,2.62,39.35,13.39,0.038,0.695,0.175,0.87,20.83,31.46,34.02,92.46,7.53,116.88,83.46,,,2.25,53.6,0.0,0.0,234.5,0.177,16.53,4.255,12.76,0.042,0.934,4.19,15.97,45.92,41.8,,1.627,53.8,17.97,2.515,9.474,55.0,0.661,4.27,146.3,25.11,61.5,,22.363,5.49,20.27,,,,134.03,0.458,36.77,,0.702,362.8,3.71,15.7,0
57.0,1.0,19.0,2.0,,20.0,,1.0,,61.3,136.6,69.5,32.0,15.0,61.0,64.0,21.8267,74.0,171.0,95.0,15.4,13.5,1.4,1.6,9.2,5.9,,,12.8,3.1,0.4,0.5,3.6,2.1,1.9,2.0,9.8,1.3,32.8,36.0,4805.0,7.3,10.0,41.0,27.6,700.0,350.0,309.0,217.0,317.0,3.887242,2.040698,-0.479,231.78195,,,,,3.0,,3.0,3.0,,31.0,5.0,3.0,1.0,2.0,0.0,3.0,0.0,6.0,2.0,2.0,4.0,2.0,0.0,7.0,4.0,2.0,2.0,1.0,1.0,0.0,0.0,0.0,2.0,29.111,0.0,3.0,5.0,0.0,0.0,1.0,0.0,32.0,6.0,0.0,3.0,2.0,3.0,3.0,3.0,2.0,2.0,1.0,1.0,0.0,4.0,4.0,5.0,1.0,4.0,24.0,14.0,20.0,,3.0,0.0,6.0,1.0,4.0,2.0,,3.0,,4.0,9.0,21.0,23.0,0.0,,1.0,,,88.0,73.0,88.0,0.0,0.0,0.2,2.12,0.04,0.44,35.6,15.13,0.012,0.179,0.207,1.8,19.38,41.15,42.49,96.83,8.3,104.22,94.66,0.68,7.35,6.57,70.7,0.0,0.0,156.5,0.13,16.07,3.676,15.63,0.02,1.51,9.3,55.49,41.56,54.8,1.288,1.086,264.9,11.4,2.46,6.617,112.3,1.349,,133.6,4.365,32.5,1.126,31.452,4.378,40.13,,0.969,13.1,43.99,,26.4,78.85,1.195,460.6,8.53,20.8,0
66.0,0.0,46.0,2.0,,2.0,36.0,,,77.7,114.2,75.4,22.0,17.0,71.0,62.9,22.7186,91.0,166.0,86.0,15.6,26.7,1.7,1.4,6.7,9.8,7.7,8.1,16.7,15.8,0.6,0.8,2.0,2.2,2.2,2.2,13.0,8.4,26.1,26.6,5952.0,20.9,14.7,52.6,26.8,789.0,375.0,383.0,251.0,274.0,1.843535,1.769793,-0.617,155.145216,,,2.0,3.0,,132.0,2.0,,69.0,28.0,3.0,,2.0,5.0,4.0,6.0,0.0,5.0,1.0,2.0,0.0,2.0,1.0,6.0,2.0,3.0,2.0,2.0,1.0,0.0,0.0,2.0,3.0,,1.0,0.0,0.0,6.0,9.0,1.0,6.0,34.0,5.0,11.0,1.0,3.0,1.0,3.0,3.0,2.0,1.0,0.0,1.0,0.0,2.0,1.0,4.0,0.0,2.0,,,10.0,,4.0,,2.0,1.0,5.0,3.0,10.0,5.0,2.0,2.0,0.0,17.0,2.0,0.0,0.0,1.0,0.0,,78.0,84.0,,,1.0,0.18,3.78,0.03,,33.15,13.58,0.033,,0.031,1.83,37.81,35.86,40.97,87.54,11.44,95.55,69.85,0.4,8.17,2.41,49.6,0.0,0.0,144.4,0.165,16.39,3.787,13.02,0.039,1.075,4.85,17.78,45.43,68.3,1.875,0.512,21.5,1.26,2.3,,50.3,0.695,1.38,18.3,7.094,34.9,1.384,,2.504,17.44,,0.978,,140.04,,11.2,,,230.6,4.43,99.1,0
49.0,1.0,23.0,1.0,,0.0,,,,73.7,116.2,99.0,16.0,48.0,80.0,71.2,30.35,89.0,153.0,87.0,25.3,36.0,5.4,2.3,8.9,6.8,9.3,11.5,26.1,17.9,,0.7,3.1,2.2,4.0,3.5,20.5,18.6,20.9,28.3,5785.0,20.4,24.5,44.0,35.3,717.0,425.0,430.0,306.0,318.0,5.565094,3.118208,2.159,569.523535,4.65,2.0,2.0,,,,,,161.0,228.0,5.0,5.0,4.0,6.0,1.0,7.0,0.0,0.0,7.0,1.0,,2.0,0.0,9.0,4.0,,1.0,3.0,2.0,3.0,2.0,0.0,3.0,,0.0,1.0,0.0,7.0,0.0,2.0,5.0,12.0,3.0,2.0,0.0,5.0,2.0,0.0,1.0,2.0,1.0,3.0,1.0,4.0,4.0,2.0,3.0,1.0,5.0,1.0,0.0,,,,0.0,1.0,0.0,6.0,4.0,,3.0,1.0,2.0,6.0,17.0,27.0,0.0,0.0,0.0,0.0,,,,,,0.0,0.08,1.24,0.05,0.71,41.31,12.2,0.021,0.199,0.211,3.63,57.31,27.25,29.53,92.29,,119.07,91.28,0.22,3.48,2.36,37.3,0.0,0.0,335.4,0.404,17.04,4.476,12.86,0.062,2.533,6.33,10.96,,,2.104,1.075,,0.31,2.202,,93.7,0.731,1.41,56.8,5.012,35.6,2.561,,,9.77,223.4,1.054,,16.65,18.466,6.97,71.06,,294.3,6.7,69.3,0
43.0,0.0,31.0,4.0,,32.0,10.0,6.0,15.0,61.1,103.3,59.7,48.0,63.0,72.0,66.7,20.1215,94.0,182.0,101.0,16.8,8.5,1.5,2.1,13.8,14.1,13.0,17.1,13.8,15.6,0.8,0.3,5.0,4.8,4.6,4.3,19.8,,30.4,34.4,9705.0,10.8,9.2,59.6,29.8,461.0,252.0,229.0,,181.0,5.021307,3.078409,2.13,616.830438,2.28,2.0,,,6.0,38.0,3.0,4.0,0.0,70.0,3.0,1.0,4.0,4.0,1.0,4.0,0.0,5.0,1.0,1.0,,0.0,1.0,5.0,3.0,2.0,1.0,2.0,2.0,0.0,0.0,0.0,3.0,,1.0,0.0,5.0,2.0,1.0,0.0,6.0,17.0,8.0,12.0,5.0,1.0,2.0,1.0,2.0,4.0,1.0,0.0,1.0,3.0,3.0,2.0,5.0,1.0,3.0,25.0,,26.0,,4.0,1.0,6.0,1.0,4.0,2.0,3.0,2.0,3.0,2.0,0.0,27.0,2.0,1.0,1.0,0.0,0.0,,45.0,90.0,,,0.0,0.19,1.64,0.21,1.86,43.7,15.41,0.028,0.321,0.334,2.58,,31.89,35.26,90.44,8.03,95.23,87.44,0.37,3.22,8.11,70.7,0.0,0.0,266.0,0.214,16.67,4.832,16.77,0.045,0.95,11.46,9.04,,44.5,2.135,0.713,15.8,0.95,,3.717,98.6,0.683,3.39,16.2,3.131,17.2,,13.138,2.366,7.22,,0.885,69.3,71.53,2.22,7.63,67.88,2.572,209.0,4.3,102.2,0
60.0,0.0,6.0,2.0,,,36.0,,21.0,99.0,135.8,61.4,16.0,15.0,81.0,57.4,26.2046,98.0,148.0,85.0,36.3,45.7,8.1,3.1,9.8,7.2,6.0,7.0,41.4,31.0,2.9,1.0,2.1,1.8,1.9,2.1,34.8,12.8,22.5,20.2,4803.0,24.7,17.1,39.8,30.3,698.0,455.0,458.0,,328.0,5.972138,4.487213,0.092,,1.64,6.0,,,,27.0,5.0,2.0,14.0,15.0,,3.0,4.0,3.0,0.0,3.0,7.0,1.0,0.0,2.0,1.0,0.0,2.0,7.0,3.0,3.0,1.0,3.0,,2.0,0.0,2.0,4.0,,,,0.0,5.0,3.0,0.0,0.0,1.0,2.0,2.0,5.0,4.0,3.0,1.0,2.0,2.0,4.0,2.0,1.0,1.0,2.0,2.0,2.0,1.0,3.0,1.0,20.0,22.0,18.0,0.0,,8.0,9.0,1.0,2.0,13.0,5.0,1.0,4.0,6.0,17.0,2.0,0.0,1.0,0.0,1.0,80.0,39.0,,45.0,,0.0,0.19,1.34,0.57,4.09,44.59,15.52,0.021,0.687,0.26,1.68,12.0,33.06,34.81,94.99,10.89,106.91,84.68,0.81,5.79,10.74,76.8,0.0,0.0,308.3,0.336,15.57,4.694,15.48,0.071,1.713,13.99,8.9,44.28,134.9,1.187,0.708,33.9,1.16,,4.357,74.7,1.199,1.47,10.7,4.173,27.5,,13.414,2.668,,1618.6,1.051,,40.32,0.915,4.37,80.1,0.632,350.9,7.97,67.0,0
42.0,0.0,31.0,2.0,,,18.0,9.0,15.0,90.7,,54.7,21.0,29.0,78.0,52.0,19.8081,96.0,162.0,81.0,28.8,30.7,2.0,3.2,6.3,6.8,7.0,6.6,21.9,23.8,0.8,0.7,1.8,2.2,2.2,3.6,31.2,9.1,26.8,23.3,5618.0,15.3,13.0,64.0,41.3,512.0,282.0,250.0,176.0,199.0,2.367323,2.27263,0.354,,2.81,,3.0,,,111.0,,5.0,46.0,360.0,,,1.0,3.0,6.0,5.0,0.0,1.0,2.0,2.0,3.0,0.0,1.0,6.0,4.0,,2.0,1.0,1.0,0.0,1.0,0.0,4.0,,1.0,2.0,0.0,1.0,1.0,6.0,1.0,13.0,4.0,1.0,5.0,6.0,2.0,1.0,0.0,2.0,2.0,5.0,2.0,1.0,1.0,2.0,2.0,0.0,2.0,3.0,,,0.0,0.0,,4.0,4.0,1.0,3.0,,1.0,1.0,3.0,7.0,,23.0,0.0,1.0,0.0,0.0,80.0,72.0,,73.0,1.0,1.0,0.03,0.49,0.27,3.93,40.12,14.85,0.009,0.168,0.256,2.28,33.42,35.95,37.02,97.11,9.79,108.22,96.01,0.52,7.61,3.72,54.5,0.0,0.0,253.9,0.249,16.93,4.131,14.81,0.026,1.499,6.81,24.66,46.38,90.8,1.519,1.168,22.3,18.43,2.488,,80.8,0.786,1.82,120.5,3.941,29.4,0.908,18.164,2.425,,,0.964,,145.88,1.578,22.94,,2.41,193.9,4.53,27.3,0
56.0,1.0,5.0,4.0,,,,7.0,21.0,83.3,157.9,78.5,74.0,49.0,74.0,65.7,23.2829,90.0,168.0,99.0,13.9,13.4,1.4,,18.4,12.9,11.9,13.1,22.1,27.5,0.8,0.4,2.4,4.9,3.7,4.1,24.9,4.4,35.9,28.4,9890.0,16.4,13.2,77.1,56.0,520.0,292.0,239.0,195.0,232.0,2.165894,1.434023,-0.717,541.3192,,,2.0,2.0,3.0,29.0,2.0,,,,,1.0,1.0,1.0,1.0,3.0,7.0,0.0,2.0,2.0,,0.0,0.0,5.0,4.0,2.0,2.0,3.0,2.0,0.0,0.0,0.0,,36.401,1.0,5.0,0.0,5.0,2.0,2.0,5.0,5.0,9.0,2.0,0.0,2.0,1.0,2.0,1.0,4.0,2.0,2.0,1.0,2.0,2.0,1.0,5.0,2.0,4.0,,0.0,0.0,11.0,0.0,,6.0,3.0,2.0,2.0,5.0,3.0,3.0,3.0,0.0,24.0,43.0,1.0,1.0,1.0,1.0,75.0,78.0,,95.0,,0.0,0.01,0.17,0.0,0.02,40.75,13.5,0.009,0.093,0.162,1.28,18.64,33.56,33.13,101.27,8.18,129.98,93.78,0.76,11.04,4.8,70.1,,0.0,,0.165,15.65,4.024,15.44,0.066,1.053,6.85,72.3,45.09,51.0,1.383,0.785,51.4,6.05,2.233,3.653,86.6,0.818,4.24,486.2,10.383,49.8,0.947,13.406,2.776,172.05,,1.414,,31.19,8.502,41.04,79.95,1.328,248.1,7.31,57.7,0
53.0,0.0,7.0,3.0,,,,1.0,20.0,94.0,112.1,60.3,49.0,53.0,81.0,69.2,22.16,118.0,177.0,97.0,40.9,27.0,3.8,5.7,9.5,9.7,10.0,13.1,21.0,17.9,,0.6,3.5,5.0,5.4,4.6,21.4,10.7,35.5,40.0,10152.0,25.9,21.2,60.3,59.6,518.0,289.0,283.0,195.0,204.0,2.574251,2.471281,2.959,533.180225,3.6,4.0,,,,23.0,,,162.0,,3.0,,3.0,5.0,6.0,3.0,0.0,2.0,7.0,3.0,,1.0,1.0,4.0,3.0,3.0,1.0,3.0,2.0,0.0,1.0,1.0,1.0,,1.0,0.0,0.0,8.0,3.0,4.0,0.0,2.0,7.0,2.0,1.0,1.0,,3.0,3.0,2.0,0.0,2.0,1.0,4.0,2.0,2.0,4.0,2.0,4.0,,,8.0,1.0,,,6.0,1.0,1.0,1.0,0.0,5.0,1.0,3.0,0.0,30.0,13.0,0.0,,0.0,0.0,,90.0,72.0,58.0,,0.0,0.12,1.33,0.34,3.69,40.12,15.21,0.009,0.403,0.235,1.55,16.77,35.87,37.91,94.64,7.32,91.3,92.21,0.67,7.23,6.54,71.0,0.0,0.0,404.7,0.296,18.05,4.24,15.05,0.032,1.032,9.22,,39.54,66.2,1.53,0.883,39.1,,,5.309,62.1,1.186,,16.1,4.644,29.0,1.294,35.772,3.982,173.83,,1.041,,149.24,0.565,4.22,,0.631,437.1,7.05,36.1,0
67.0,1.0,40.0,2.0,,,47.0,10.0,17.0,75.8,115.2,63.5,17.0,28.0,79.0,70.5,22.3074,95.0,178.0,91.0,17.6,30.7,1.8,2.8,6.1,6.7,6.4,6.3,20.2,15.3,2.7,1.0,2.3,2.0,1.9,2.5,33.3,6.4,31.9,24.5,4980.0,22.7,24.1,59.0,33.9,741.0,376.0,375.0,288.0,,,1.572445,0.745,161.858412,,3.0,,,5.0,19.0,,,86.0,23.0,,3.0,5.0,3.0,0.0,1.0,4.0,1.0,7.0,2.0,,0.0,0.0,8.0,1.0,2.0,2.0,2.0,2.0,0.0,0.0,2.0,3.0,,0.0,0.0,0.0,9.0,9.0,2.0,2.0,6.0,0.0,8.0,7.0,7.0,2.0,2.0,3.0,1.0,2.0,0.0,1.0,1.0,3.0,1.0,5.0,2.0,1.0,2.0,1.0,1.0,0.0,,1.0,7.0,7.0,1.0,2.0,4.0,4.0,1.0,1.0,9.0,17.0,39.0,0.0,1.0,1.0,1.0,67.0,,95.0,94.0,1.0,1.0,0.04,0.73,0.39,7.6,41.25,16.96,0.012,0.212,0.181,0.98,19.09,34.64,41.12,84.24,6.48,91.52,72.53,0.24,4.72,,67.9,0.0,,142.7,0.092,15.6,4.896,14.69,0.063,,5.14,71.5,40.63,73.0,1.156,1.027,31.8,1.29,,,75.9,0.927,2.48,154.7,3.794,41.3,0.947,18.287,1.943,18.5,,1.301,,43.67,15.902,20.35,67.58,2.784,193.7,6.09,58.4,0
58.0,1.0,26.0,4.0,85.0,32.0,,0.0,,105.5,132.2,57.4,27.0,38.0,108.0,116.6,38.5921,104.0,174.0,92.0,38.4,40.8,7.7,8.3,8.5,12.6,10.7,10.7,28.1,,2.7,1.1,2.9,3.2,1.9,3.3,48.6,18.6,37.5,31.1,9055.0,40.9,49.7,49.0,48.7,700.0,301.0,275.0,274.0,286.0,4.717179,4.437402,1.123,665.811064,2.77,,4.0,1.0,2.0,,3.0,6.0,,22.0,5.0,6.0,5.0,5.0,3.0,5.0,3.0,5.0,11.0,2.0,1.0,,0.0,16.0,3.0,2.0,3.0,3.0,2.0,0.0,0.0,0.0,1.0,,2.0,6.0,4.0,10.0,1.0,3.0,5.0,13.0,10.0,2.0,1.0,0.0,1.0,3.0,2.0,1.0,2.0,0.0,0.0,2.0,4.0,2.0,5.0,2.0,4.0,1.0,4.0,,0.0,0.0,1.0,1.0,4.0,2.0,3.0,0.0,3.0,1.0,2.0,0.0,24.0,,,1.0,1.0,1.0,,,65.0,94.0,,0.0,0.0,0.01,0.1,2.0,35.59,11.26,0.008,0.174,0.268,2.09,42.5,28.63,31.65,90.46,11.45,90.15,83.11,,4.66,,50.8,0.0,0.0,194.9,0.223,15.73,3.934,13.97,0.036,,4.91,42.96,,55.3,1.44,0.875,21.9,0.19,2.247,5.387,61.6,0.841,,25.2,,46.1,1.179,25.88,3.331,7.3,,1.237,,18.5,,7.18,68.53,3.708,413.7,5.13,43.8,0
68.0,0.0,14.0,5.0,6.0,,18.0,,18.0,106.2,203.9,59.1,62.0,29.0,118.0,111.0,35.0083,100.0,178.0,98.0,27.7,47.6,8.2,9.2,13.7,9.5,12.4,9.0,47.1,37.0,3.9,3.4,4.1,2.4,3.5,3.9,37.5,27.1,,,6027.0,44.8,39.6,89.7,42.9,674.0,242.0,241.0,173.0,183.0,4.385224,4.209815,,574.982153,,,,1.0,,,3.0,,9.0,9.0,,,1.0,0.0,1.0,3.0,19.0,3.0,0.0,1.0,0.0,1.0,2.0,7.0,2.0,3.0,1.0,3.0,1.0,1.0,1.0,1.0,3.0,,1.0,0.0,0.0,4.0,9.0,0.0,1.0,6.0,8.0,8.0,0.0,1.0,2.0,1.0,1.0,1.0,2.0,3.0,1.0,1.0,3.0,2.0,5.0,0.0,3.0,26.0,5.0,24.0,,,,5.0,,2.0,1.0,0.0,3.0,2.0,2.0,3.0,20.0,,0.0,0.0,1.0,0.0,,48.0,,,,1.0,0.19,2.79,0.0,0.0,36.35,13.75,0.015,0.48,0.377,3.29,49.47,36.45,,96.39,7.1,114.95,93.0,0.31,4.68,2.87,43.1,0.0,0.0,180.8,0.128,17.34,3.771,13.3,0.031,1.657,6.65,35.1,39.66,61.1,,0.663,35.4,0.29,2.417,4.636,70.1,4.329,4.71,21.1,9.904,62.6,1.028,,,7.96,,1.513,,,1.837,25.17,65.23,0.991,274.0,5.22,39.5,0
61.0,1.0,34.0,5.0,103.0,,52.0,,15.0,100.1,169.1,53.7,49.0,36.0,118.0,93.8,30.1395,131.0,176.0,100.0,31.9,51.2,9.5,6.5,11.2,8.6,11.1,13.0,53.0,48.0,2.4,0.9,2.8,4.5,3.5,2.4,55.1,26.7,41.6,43.3,5846.0,32.7,41.1,55.9,56.4,487.0,237.0,320.0,233.0,208.0,3.3681,1.977022,-1.367,125.820487,,3.0,,5.0,,13.0,,5.0,,10.0,3.0,2.0,2.0,1.0,3.0,6.0,0.0,1.0,7.0,1.0,1.0,3.0,2.0,9.0,3.0,4.0,1.0,2.0,1.0,0.0,1.0,2.0,2.0,,1.0,3.0,0.0,1.0,2.0,3.0,0.0,26.0,8.0,2.0,1.0,1.0,3.0,1.0,1.0,1.0,0.0,1.0,0.0,4.0,3.0,2.0,5.0,1.0,5.0,10.0,9.0,10.0,,0.0,,10.0,1.0,2.0,2.0,,3.0,,4.0,5.0,,,0.0,,1.0,0.0,81.0,,,79.0,,0.0,0.2,2.45,0.1,1.23,44.68,14.9,0.016,0.245,0.394,1.58,19.51,28.34,33.34,84.99,9.03,118.62,91.99,0.42,5.17,5.78,71.6,0.0,0.0,382.1,0.345,16.76,5.258,12.4,0.027,0.625,8.07,12.14,46.92,109.9,1.42,0.998,16.7,8.51,,4.155,58.7,0.793,3.94,12.7,5.002,39.5,1.206,14.9,3.335,6.11,,0.914,,37.06,14.924,5.49,66.21,1.144,225.8,4.48,,0
68.0,1.0,44.0,2.0,,12.0,44.0,,14.0,66.9,115.7,59.6,12.0,30.0,123.0,113.5,40.3513,127.0,168.0,87.0,35.9,43.9,6.4,5.9,6.1,8.2,6.3,6.0,52.6,26.6,2.8,1.1,2.0,2.9,2.3,3.1,36.0,22.5,26.4,25.8,4974.0,47.5,32.8,43.6,31.6,574.0,279.0,291.0,201.0,236.0,1.847481,1.42834,0.345,,,,2.0,,,225.0,,4.0,9.0,24.0,2.0,2.0,5.0,4.0,0.0,7.0,0.0,2.0,1.0,1.0,0.0,0.0,0.0,5.0,4.0,1.0,1.0,3.0,2.0,0.0,0.0,0.0,4.0,5.96,0.0,0.0,0.0,9.0,10.0,6.0,6.0,11.0,5.0,1.0,2.0,3.0,3.0,2.0,2.0,1.0,5.0,2.0,0.0,0.0,5.0,1.0,1.0,1.0,5.0,,,0.0,0.0,0.0,,3.0,0.0,1.0,2.0,7.0,1.0,,2.0,4.0,13.0,2.0,1.0,1.0,0.0,,,62.0,,93.0,0.0,0.0,0.02,0.43,0.01,0.14,48.26,,0.028,0.624,0.339,1.35,29.89,32.69,33.64,97.18,7.67,110.54,91.35,0.42,9.32,2.72,60.2,0.0,0.0,325.7,0.25,17.05,4.966,15.81,0.111,1.009,4.52,11.58,50.16,68.2,2.448,1.46,32.5,0.86,2.601,4.868,,1.362,4.82,25.3,8.813,40.9,3.986,19.608,4.856,,,0.873,,20.52,12.772,6.49,77.45,2.673,486.3,,30.1,0
50.0,0.0,18.0,6.0,2.0,,20.0,3.0,,73.7,121.9,86.9,35.0,32.0,108.0,125.7,39.017,112.0,179.0,82.0,18.7,27.4,2.5,4.7,,8.0,6.5,6.0,26.4,23.2,1.1,1.3,2.1,3.5,1.9,3.7,26.5,7.7,22.4,30.6,8902.0,38.9,34.4,51.4,54.5,576.0,328.0,383.0,294.0,292.0,5.913249,,3.032,558.98957,1.78,,,,,36.0,,4.0,86.0,7.0,3.0,3.0,1.0,2.0,1.0,2.0,0.0,2.0,4.0,2.0,,1.0,2.0,5.0,2.0,2.0,1.0,3.0,1.0,0.0,2.0,0.0,4.0,14.092,0.0,0.0,0.0,2.0,0.0,1.0,0.0,13.0,9.0,8.0,1.0,2.0,2.0,3.0,2.0,0.0,1.0,2.0,1.0,1.0,4.0,1.0,4.0,0.0,1.0,5.0,,1.0,13.0,2.0,,0.0,1.0,4.0,2.0,0.0,4.0,2.0,5.0,0.0,18.0,,0.0,,0.0,1.0,,44.0,74.0,,,0.0,0.11,0.97,0.25,,41.78,14.94,0.008,0.798,0.242,1.99,17.59,29.86,35.76,83.51,7.85,108.41,76.66,0.86,7.62,8.12,71.6,0.0,0.0,383.3,0.301,16.69,5.003,18.26,0.096,1.984,11.34,14.57,,101.5,1.747,1.462,18.4,60.51,2.513,8.369,55.4,0.711,1.61,119.5,3.739,,1.643,19.897,4.894,,,,,148.17,1.161,,71.97,1.592,240.8,5.08,96.8,0
52.0,1.0,31.0,1.0,,6.0,17.0,4.0,15.0,68.1,,86.4,15.0,16.0,62.0,61.0,23.4793,86.0,161.0,88.0,32.6,33.6,2.5,2.4,6.5,7.5,7.4,6.9,46.6,15.6,0.7,0.7,4.2,2.7,1.9,2.7,29.3,9.8,,19.7,5309.0,20.5,11.3,68.5,31.3,696.0,337.0,380.0,309.0,317.0,4.888581,4.177616,1.752,339.926883,4.81,,4.0,,,201.0,,4.0,,51.0,5.0,2.0,2.0,5.0,1.0,7.0,0.0,1.0,3.0,3.0,2.0,0.0,,9.0,3.0,4.0,1.0,1.0,1.0,0.0,2.0,1.0,3.0,,0.0,0.0,0.0,4.0,6.0,5.0,8.0,6.0,9.0,4.0,7.0,0.0,1.0,3.0,3.0,4.0,4.0,2.0,2.0,2.0,2.0,1.0,5.0,2.0,4.0,,,,0.0,,0.0,4.0,7.0,5.0,3.0,12.0,3.0,,5.0,0.0,,42.0,1.0,0.0,0.0,0.0,,71.0,,43.0,,0.0,0.01,0.13,0.38,3.68,48.45,13.59,0.022,0.309,0.189,1.59,15.39,26.16,28.05,93.25,11.19,115.89,91.96,0.37,3.62,7.97,77.2,0.0,0.0,373.0,0.417,,5.196,12.49,0.054,0.871,10.33,30.73,,154.6,1.359,1.293,32.5,1.27,2.209,,96.3,4.506,2.78,28.0,,30.6,1.779,24.26,3.791,138.73,,1.002,,88.8,19.395,7.96,81.75,2.469,403.9,19.15,24.3,0
50.0,1.0,17.0,6.0,,33.0,9.0,,,105.0,,92.2,26.0,35.0,68.0,73.4,24.4411,95.0,173.0,96.0,13.9,14.7,1.8,2.0,13.4,7.0,10.8,10.8,14.1,16.2,0.4,0.6,2.2,2.6,2.0,2.1,36.5,16.3,23.1,29.1,9306.0,18.8,13.4,63.5,46.6,566.0,296.0,372.0,231.0,280.0,3.834921,,2.041,397.884354,,,,2.0,,13.0,1.0,6.0,,,,3.0,1.0,1.0,,3.0,0.0,2.0,3.0,2.0,1.0,1.0,0.0,9.0,3.0,4.0,3.0,3.0,2.0,2.0,1.0,1.0,3.0,,2.0,14.0,0.0,1.0,1.0,1.0,0.0,11.0,30.0,2.0,0.0,9.0,2.0,1.0,1.0,0.0,4.0,4.0,1.0,2.0,3.0,4.0,5.0,1.0,3.0,1.0,17.0,16.0,9.0,,,1.0,8.0,3.0,4.0,2.0,1.0,2.0,4.0,0.0,30.0,,1.0,0.0,0.0,0.0,,85.0,,79.0,,0.0,0.01,0.21,0.32,,44.67,12.21,0.016,,0.274,2.95,41.7,27.33,27.34,99.98,7.3,120.23,,0.89,12.61,2.9,41.0,,0.0,376.5,0.275,15.9,4.467,,0.033,0.938,7.07,19.85,,47.1,2.057,1.055,,,2.401,4.949,46.9,0.925,1.22,10.6,9.917,59.4,2.413,13.506,2.447,78.17,,1.386,,84.86,12.981,4.73,74.67,4.175,489.6,4.28,101.7,0
63.0,0.0,30.0,1.0,0.0,,,6.0,15.0,63.3,111.7,54.3,36.0,22.0,118.0,103.0,32.1695,123.0,179.0,88.0,46.8,41.4,8.6,8.5,11.7,7.2,5.7,6.6,46.0,43.8,2.8,3.1,1.9,2.1,2.4,2.8,46.7,12.8,36.7,25.5,5334.0,47.8,26.6,38.1,26.7,803.0,407.0,460.0,335.0,298.0,2.126022,2.040981,,433.194909,,,2.0,,3.0,138.0,2.0,,210.0,192.0,3.0,2.0,3.0,,5.0,7.0,0.0,0.0,0.0,2.0,,0.0,0.0,7.0,3.0,1.0,1.0,2.0,2.0,0.0,0.0,0.0,1.0,,2.0,0.0,,4.0,,1.0,0.0,1.0,4.0,0.0,3.0,9.0,1.0,5.0,3.0,1.0,1.0,2.0,1.0,1.0,4.0,1.0,4.0,2.0,3.0,4.0,,,0.0,0.0,,1.0,2.0,3.0,3.0,3.0,4.0,1.0,4.0,0.0,26.0,,0.0,1.0,0.0,0.0,63.0,79.0,,,,0.0,0.16,1.6,0.21,2.08,38.64,12.31,0.008,,0.348,1.64,16.54,30.08,31.87,94.39,10.18,115.74,82.38,0.73,7.38,7.19,72.4,0.0,0.0,388.0,0.395,17.79,4.093,11.45,0.046,0.977,,14.87,51.08,,1.459,,22.4,,,3.692,55.5,0.793,1.46,55.9,,30.1,1.977,34.407,2.561,78.51,,1.5,,33.02,2.515,5.25,79.77,1.639,373.4,4.94,50.6,0
41.0,1.0,22.0,5.0,,0.0,,,16.0,78.9,102.8,49.0,55.0,15.0,88.0,112.0,36.0999,95.0,176.0,91.0,40.0,46.1,3.7,2.9,8.9,10.4,9.2,12.1,39.2,30.3,1.3,2.3,2.3,4.7,4.4,4.7,32.6,14.7,29.4,33.7,8751.0,29.5,28.8,48.4,58.0,757.0,359.0,381.0,293.0,297.0,5.229076,4.16577,1.85,677.786724,,,,2.0,,298.0,,,236.0,136.0,,,2.0,6.0,2.0,6.0,0.0,3.0,1.0,2.0,2.0,1.0,1.0,9.0,2.0,3.0,2.0,2.0,2.0,3.0,0.0,0.0,2.0,,2.0,,0.0,2.0,0.0,1.0,0.0,3.0,3.0,0.0,4.0,7.0,3.0,2.0,2.0,3.0,2.0,1.0,3.0,1.0,5.0,1.0,5.0,0.0,2.0,12.0,9.0,0.0,0.0,4.0,,5.0,1.0,2.0,3.0,2.0,3.0,1.0,4.0,5.0,16.0,4.0,1.0,1.0,1.0,0.0,,53.0,,41.0,,0.0,0.2,2.32,0.47,5.65,38.65,13.19,0.011,0.13,0.158,2.81,33.42,31.96,34.14,93.63,7.65,122.35,84.67,0.43,5.16,4.49,53.4,0.0,,239.3,0.183,15.56,4.127,12.71,0.025,0.464,8.4,66.91,,123.6,2.249,0.93,49.6,0.46,2.358,5.243,56.8,0.892,3.89,188.3,3.937,27.6,2.303,12.843,2.582,106.11,,0.883,,100.9,17.568,67.49,76.01,0.906,300.6,5.94,53.0,0
42.0,0.0,33.0,3.0,,11.0,,,,65.1,117.5,,31.0,23.0,69.0,60.4,19.8951,89.0,174.0,92.0,14.0,10.9,1.4,2.4,10.6,7.0,7.3,7.9,13.9,22.6,0.5,0.5,2.7,1.9,1.8,3.4,14.3,5.2,34.8,31.1,7231.0,14.0,22.7,38.9,33.9,797.0,451.0,455.0,456.0,328.0,2.996302,2.077226,-0.753,264.240639,1.89,,3.0,4.0,3.0,,1.0,3.0,,220.0,1.0,,2.0,6.0,4.0,4.0,0.0,,7.0,1.0,,0.0,0.0,6.0,4.0,1.0,3.0,2.0,2.0,3.0,1.0,2.0,3.0,14.308,1.0,3.0,5.0,1.0,1.0,6.0,6.0,1.0,8.0,2.0,0.0,1.0,1.0,4.0,5.0,1.0,3.0,0.0,3.0,0.0,4.0,4.0,2.0,0.0,2.0,0.0,0.0,,0.0,0.0,,1.0,1.0,1.0,2.0,0.0,4.0,1.0,4.0,2.0,27.0,,1.0,,0.0,1.0,,,74.0,93.0,,0.0,0.0,0.03,0.16,2.14,41.23,12.87,,,0.381,3.01,41.26,30.15,31.23,96.55,7.88,115.08,78.53,0.4,5.42,3.73,51.2,0.0,0.0,278.5,0.22,15.58,4.27,12.97,0.085,1.595,7.3,18.86,40.3,109.9,1.898,1.492,20.9,1.27,,,129.4,1.391,1.43,47.1,6.617,45.8,1.399,17.354,3.416,6.55,,1.494,,57.83,2.095,12.91,79.14,1.269,240.6,,17.5,0
61.0,1.0,46.0,5.0,,,48.0,,15.0,70.1,126.1,63.3,46.0,28.0,79.0,82.0,24.5373,99.0,183.0,91.0,21.3,,3.2,3.1,,10.0,9.4,12.1,25.3,14.5,1.2,1.0,3.3,3.3,4.2,3.1,25.8,5.4,27.7,37.1,6537.0,30.0,17.4,74.6,55.0,433.0,239.0,199.0,171.0,171.0,5.387154,4.287949,0.167,608.713165,2.15,,,3.0,3.0,175.0,,5.0,162.0,407.0,1.0,5.0,2.0,1.0,2.0,7.0,0.0,0.0,8.0,3.0,0.0,0.0,0.0,8.0,2.0,3.0,2.0,1.0,,1.0,1.0,0.0,1.0,,1.0,1.0,8.0,5.0,1.0,1.0,0.0,24.0,9.0,0.0,0.0,0.0,1.0,0.0,2.0,2.0,3.0,1.0,2.0,0.0,3.0,4.0,4.0,1.0,1.0,,0.0,0.0,,0.0,,4.0,1.0,4.0,1.0,0.0,3.0,1.0,4.0,0.0,14.0,2.0,0.0,0.0,1.0,0.0,,36.0,66.0,,,0.0,0.18,1.45,0.48,3.94,33.5,13.21,0.005,0.768,0.325,3.25,26.52,34.26,39.43,86.88,11.42,110.02,,0.76,6.18,7.58,61.9,0.0,0.0,341.3,0.39,17.1,3.856,13.29,0.113,2.404,12.25,16.7,,,1.254,1.222,24.1,16.4,2.522,6.987,77.1,0.893,3.75,55.7,4.657,55.1,1.04,20.699,5.372,14.52,,1.144,,135.29,,23.48,71.54,,476.4,6.38,10.4,0
60.0,0.0,0.0,2.0,63.0,30.0,,,15.0,102.0,181.3,66.1,34.0,,105.0,64.5,28.4208,117.0,151.0,86.0,30.0,37.4,3.8,3.2,7.4,6.8,9.1,8.0,13.6,47.3,2.6,2.7,2.4,2.0,1.7,1.8,39.3,11.9,21.4,26.1,4698.0,43.8,49.3,41.9,28.3,588.0,328.0,445.0,232.0,194.0,1.604866,,-1.425,,0.84,3.0,1.0,2.0,3.0,,,,1.0,20.0,1.0,3.0,1.0,1.0,1.0,5.0,0.0,1.0,6.0,2.0,,1.0,0.0,6.0,4.0,2.0,2.0,1.0,2.0,2.0,1.0,2.0,,,0.0,7.0,,0.0,1.0,6.0,0.0,91.0,8.0,12.0,6.0,4.0,3.0,2.0,0.0,0.0,1.0,3.0,3.0,1.0,2.0,1.0,4.0,1.0,6.0,1.0,9.0,8.0,0.0,0.0,1.0,3.0,1.0,3.0,2.0,,3.0,1.0,3.0,9.0,18.0,1.0,,0.0,1.0,,,,80.0,54.0,,1.0,0.01,0.04,0.6,4.89,56.11,16.92,0.034,0.344,0.212,2.13,17.53,28.89,28.78,100.41,,113.21,94.61,0.75,6.17,8.69,71.4,0.0,0.0,192.0,0.209,17.65,5.857,15.71,0.042,1.216,12.17,312.54,42.39,56.7,1.9,0.775,53.7,3.31,2.303,4.226,81.0,1.187,1.44,184.3,5.95,33.7,1.775,20.771,3.523,,,0.932,,95.2,1.216,5.37,64.02,1.023,514.5,4.1,21.0,0
60.0,1.0,16.0,2.0,103.0,,,,,106.8,186.1,,40.0,51.0,117.0,69.7,30.2711,103.0,152.0,94.0,32.6,45.8,3.9,8.1,11.5,8.3,12.5,9.7,49.9,44.2,1.1,2.9,4.1,3.1,2.9,2.8,36.6,13.2,32.9,30.6,9351.0,40.8,38.7,42.0,46.2,525.0,283.0,340.0,212.0,278.0,5.817667,3.213068,1.647,,3.44,,,,5.0,,6.0,,8.0,,4.0,,2.0,1.0,0.0,0.0,0.0,3.0,6.0,1.0,2.0,,1.0,7.0,2.0,,2.0,2.0,1.0,0.0,1.0,0.0,4.0,33.432,1.0,0.0,1.0,2.0,1.0,1.0,0.0,0.0,5.0,5.0,1.0,0.0,1.0,1.0,0.0,2.0,1.0,1.0,2.0,1.0,3.0,3.0,5.0,1.0,3.0,21.0,19.0,18.0,15.0,0.0,,9.0,0.0,1.0,4.0,0.0,3.0,2.0,2.0,3.0,23.0,,0.0,1.0,0.0,0.0,,76.0,,62.0,,,0.0,0.0,0.07,0.79,,12.1,0.035,0.953,,1.74,19.17,27.91,27.61,101.08,10.06,123.32,,0.34,3.72,6.92,76.3,0.0,0.0,174.3,,15.56,4.338,14.89,0.056,1.82,9.07,10.82,39.61,121.5,1.702,0.559,36.6,15.46,2.189,3.789,92.7,1.34,2.05,12.4,10.104,60.4,2.218,,2.956,,,1.005,15.0,29.66,14.186,5.59,,4.702,405.1,6.93,81.3,0
65.0,1.0,7.0,1.0,3.0,27.0,48.0,,15.0,75.3,112.6,51.9,50.0,53.0,114.0,90.0,30.0435,90.0,173.0,94.0,33.2,13.2,3.4,3.1,9.0,8.1,9.9,8.9,38.6,13.7,3.0,1.8,4.3,3.5,3.0,,28.3,12.9,34.6,28.6,9126.0,31.3,18.0,55.2,56.1,442.0,207.0,148.0,169.0,186.0,2.63332,1.222248,0.027,206.142744,4.15,5.0,,,3.0,326.0,,,188.0,271.0,3.0,,2.0,,5.0,7.0,2.0,3.0,1.0,3.0,1.0,1.0,0.0,9.0,3.0,4.0,1.0,3.0,2.0,0.0,0.0,0.0,1.0,,0.0,9.0,,2.0,1.0,0.0,4.0,1.0,9.0,1.0,0.0,9.0,2.0,4.0,3.0,1.0,2.0,1.0,0.0,3.0,4.0,4.0,5.0,0.0,3.0,,21.0,,,3.0,,5.0,2.0,2.0,2.0,5.0,2.0,1.0,3.0,1.0,17.0,,0.0,1.0,0.0,0.0,,28.0,,43.0,0.0,0.0,0.06,0.73,0.12,1.48,42.9,15.85,0.046,0.2,0.395,3.48,41.88,29.52,36.94,79.93,9.96,92.17,72.81,0.93,11.21,3.72,44.7,0.0,0.0,380.1,0.379,17.86,5.368,12.73,0.056,2.441,8.31,8.83,43.94,124.2,1.049,0.732,18.4,7.88,2.502,3.323,46.5,,2.2,90.8,4.681,41.6,0.82,11.912,2.04,104.67,270.9,1.236,,26.25,6.771,7.99,64.09,1.446,183.5,2.48,23.9,0
65.0,0.0,4.0,3.0,,,,6.0,20.0,99.0,138.1,55.6,25.0,47.0,113.0,166.6,55.9206,133.0,173.0,82.0,47.0,49.9,10.1,8.5,8.2,6.7,6.6,6.0,51.2,52.4,6.5,2.6,4.8,1.7,2.3,1.7,46.8,26.9,20.8,21.3,6075.0,37.5,48.1,43.6,54.6,532.0,401.0,286.0,292.0,213.0,2.917007,,-0.976,,,,,,3.0,320.0,4.0,5.0,,406.0,,,3.0,5.0,7.0,,0.0,0.0,4.0,3.0,1.0,1.0,1.0,8.0,3.0,,2.0,3.0,1.0,1.0,0.0,2.0,2.0,,0.0,0.0,4.0,9.0,7.0,6.0,0.0,23.0,5.0,13.0,5.0,5.0,3.0,1.0,4.0,3.0,0.0,3.0,3.0,1.0,4.0,1.0,5.0,2.0,4.0,7.0,0.0,,0.0,,,0.0,0.0,1.0,3.0,3.0,4.0,1.0,4.0,0.0,30.0,,0.0,,0.0,1.0,,,,,,0.0,,0.31,0.66,14.09,46.1,14.35,0.036,0.285,0.22,3.48,74.42,26.12,31.14,83.88,8.97,89.58,72.12,0.36,7.64,0.17,3.5,0.0,0.0,232.6,0.209,15.74,5.496,16.16,0.038,1.115,4.67,8.69,45.39,77.2,1.08,,,0.23,2.182,7.675,62.9,,1.44,,9.844,125.5,,10.078,5.56,18.6,,,,19.06,2.816,6.5,68.52,0.684,303.3,5.07,17.4,0
69.0,1.0,12.0,3.0,2.0,7.0,,9.0,22.0,95.5,,50.3,41.0,57.0,116.0,151.9,47.8348,133.0,178.0,96.0,51.1,48.6,8.2,7.8,11.9,12.1,12.9,7.8,43.1,39.1,1.1,2.4,4.6,4.2,4.0,2.1,46.5,18.6,32.7,39.4,9311.0,35.8,20.5,76.2,39.7,463.0,249.0,279.0,186.0,251.0,1.636202,1.570754,,170.164668,1.91,6.0,3.0,,,289.0,,,20.0,,3.0,3.0,2.0,2.0,4.0,7.0,5.0,4.0,7.0,2.0,3.0,0.0,0.0,8.0,3.0,1.0,1.0,3.0,,0.0,0.0,0.0,2.0,,0.0,15.0,4.0,2.0,9.0,4.0,5.0,5.0,8.0,22.0,0.0,1.0,1.0,4.0,1.0,3.0,0.0,1.0,4.0,0.0,5.0,2.0,3.0,1.0,2.0,11.0,,1.0,0.0,,,0.0,4.0,4.0,2.0,7.0,2.0,2.0,5.0,4.0,26.0,32.0,0.0,1.0,0.0,1.0,,93.0,,87.0,,0.0,0.08,0.67,0.55,4.85,45.71,15.67,0.046,0.26,0.385,2.07,18.34,,34.29,96.99,10.54,117.07,,0.31,2.73,,73.4,0.0,0.0,139.4,0.147,17.53,,12.94,0.113,2.706,11.28,13.85,49.63,154.0,1.704,0.762,47.7,17.83,,5.518,,0.735,1.31,22.1,4.821,45.3,1.286,17.562,2.565,,,1.136,,15.5,9.8,11.75,78.42,6.772,164.1,,102.9,0
51.0,0.0,27.0,1.0,,3.0,52.0,4.0,,98.3,112.5,91.8,26.0,11.0,106.0,56.0,24.8902,130.0,150.0,86.0,50.0,42.3,6.4,5.9,9.6,7.7,6.5,6.7,26.9,47.9,8.5,3.0,1.7,1.9,2.3,3.4,33.7,17.9,24.7,26.9,5338.0,39.3,17.7,38.8,31.8,516.0,345.0,364.0,219.0,287.0,2.135898,,1.408,183.322308,1.44,3.0,2.0,,,18.0,2.0,4.0,30.0,46.0,2.0,1.0,4.0,5.0,1.0,6.0,2.0,1.0,4.0,2.0,1.0,2.0,1.0,7.0,3.0,,2.0,3.0,1.0,0.0,0.0,0.0,1.0,15.135,0.0,,,5.0,5.0,4.0,0.0,35.0,2.0,1.0,3.0,2.0,2.0,1.0,4.0,1.0,3.0,0.0,1.0,2.0,3.0,2.0,5.0,2.0,1.0,2.0,19.0,0.0,4.0,0.0,,4.0,4.0,5.0,3.0,0.0,3.0,1.0,3.0,4.0,21.0,2.0,0.0,0.0,1.0,,,57.0,91.0,,0.0,0.0,0.01,0.17,0.0,0.0,32.7,12.92,,0.298,0.359,3.5,45.83,31.72,39.51,80.28,9.2,102.33,79.6,0.43,5.69,3.69,48.3,0.0,0.0,415.2,0.382,15.55,4.073,12.28,,1.878,7.63,20.87,47.33,144.6,1.036,1.016,26.1,6.38,,4.19,,,,343.0,6.47,33.6,,19.718,2.768,153.6,,0.849,,123.57,1.005,5.89,71.13,3.314,169.3,3.67,65.0,0
58.0,1.0,12.0,2.0,35.0,2.0,,4.0,14.0,,130.9,80.9,55.0,45.0,72.0,76.7,22.2665,105.0,186.0,96.0,34.3,47.1,6.8,9.4,14.1,11.9,11.0,12.5,26.5,45.9,1.1,0.9,4.5,4.8,4.0,4.3,35.6,16.9,36.2,37.2,6881.0,41.9,41.9,76.2,58.4,594.0,413.0,370.0,265.0,189.0,,4.508177,0.719,,,,1.0,2.0,2.0,8.0,2.0,,,10.0,,,2.0,3.0,0.0,7.0,0.0,4.0,5.0,2.0,0.0,0.0,0.0,6.0,3.0,2.0,1.0,2.0,1.0,1.0,0.0,1.0,2.0,,0.0,9.0,6.0,5.0,3.0,2.0,0.0,0.0,7.0,3.0,0.0,8.0,3.0,4.0,2.0,1.0,2.0,1.0,1.0,0.0,0.0,2.0,5.0,2.0,2.0,1.0,,0.0,,1.0,,2.0,7.0,2.0,1.0,15.0,4.0,2.0,2.0,0.0,19.0,21.0,0.0,0.0,1.0,0.0,90.0,77.0,73.0,80.0,,0.0,,0.09,0.09,1.22,,13.15,0.008,0.138,0.185,3.15,42.75,32.13,39.14,82.08,9.27,55.46,,0.24,3.25,3.89,52.7,0.0,0.0,,0.187,15.96,,14.68,0.041,0.567,7.38,15.06,49.63,73.8,1.202,0.702,17.3,0.39,2.387,7.094,64.2,0.945,3.5,24.5,9.602,28.6,0.831,22.409,4.533,96.4,288.7,1.0,,32.81,11.423,20.44,79.91,4.694,294.0,6.39,80.7,0
40.0,0.0,27.0,5.0,,36.0,47.0,,,97.3,161.7,,4.0,16.0,70.0,43.9,19.1627,90.0,151.0,84.0,13.8,16.1,2.3,1.9,6.4,5.9,6.5,5.8,22.5,26.0,0.6,0.4,,1.8,1.8,4.1,14.8,12.1,31.3,19.7,8475.0,14.0,13.1,39.6,33.3,607.0,328.0,389.0,283.0,244.0,5.407344,3.872453,,275.952102,1.41,4.0,2.0,3.0,2.0,354.0,1.0,,,353.0,,4.0,2.0,7.0,0.0,6.0,0.0,5.0,1.0,2.0,2.0,0.0,2.0,9.0,3.0,1.0,1.0,3.0,2.0,1.0,1.0,0.0,2.0,,0.0,,0.0,8.0,2.0,6.0,0.0,22.0,4.0,8.0,1.0,9.0,2.0,2.0,1.0,2.0,2.0,1.0,2.0,1.0,4.0,1.0,5.0,2.0,1.0,11.0,,,0.0,0.0,0.0,7.0,0.0,5.0,3.0,,3.0,2.0,3.0,11.0,18.0,,1.0,,0.0,1.0,,42.0,81.0,,,,0.01,,1.66,14.12,39.64,14.77,0.046,0.13,0.376,1.47,12.54,35.29,37.26,94.71,12.35,112.35,73.63,0.94,8.04,7.67,65.2,0.0,0.0,353.8,0.437,16.41,4.186,13.8,0.131,2.447,11.75,15.94,44.29,,1.454,1.45,36.9,,,8.139,91.1,0.868,3.66,19.8,4.259,33.3,1.421,,5.371,,,0.811,,42.39,1.0,4.72,69.87,,443.8,6.57,100.6,0
52.0,1.0,2.0,1.0,,,37.0,0.0,18.0,64.2,103.5,82.7,46.0,16.0,83.0,83.2,35.9048,94.0,152.0,82.0,29.8,30.0,1.9,3.0,9.8,6.0,7.2,6.8,22.5,15.8,0.4,0.9,2.0,1.9,2.9,3.2,34.1,4.8,26.1,33.3,5805.0,32.4,28.0,46.1,28.7,,448.0,434.0,213.0,244.0,4.702334,1.93551,,140.298619,4.12,,1.0,,,,,,,13.0,3.0,,1.0,0.0,0.0,0.0,0.0,4.0,5.0,1.0,3.0,2.0,1.0,6.0,1.0,3.0,1.0,2.0,1.0,0.0,0.0,1.0,3.0,40.149,0.0,7.0,0.0,3.0,9.0,0.0,0.0,6.0,9.0,1.0,8.0,1.0,3.0,3.0,1.0,0.0,2.0,1.0,5.0,1.0,2.0,1.0,5.0,2.0,4.0,,,,0.0,,,1.0,7.0,2.0,2.0,12.0,5.0,1.0,2.0,7.0,20.0,20.0,0.0,1.0,0.0,0.0,,,,85.0,,0.0,0.14,3.01,0.34,7.44,41.05,15.42,0.015,0.531,0.231,1.87,41.37,35.09,37.55,93.44,11.58,93.44,,,4.06,1.99,44.1,,2.0,156.3,0.181,15.64,4.393,15.5,0.121,1.905,4.52,13.03,49.68,62.1,,0.93,24.4,0.64,,,85.4,0.67,,12.0,4.488,29.6,1.022,18.477,3.386,4.34,,1.269,,48.75,18.348,6.45,80.85,0.776,474.2,3.8,45.6,0
44.0,0.0,42.0,2.0,67.0,0.0,57.0,6.0,,84.4,138.4,47.4,15.0,15.0,67.0,65.2,20.4487,89.0,179.0,92.0,14.7,13.3,2.0,3.5,11.6,9.8,10.3,11.6,13.3,14.2,1.0,0.5,3.3,3.2,4.0,2.3,30.8,5.8,31.6,33.9,7383.0,14.0,10.1,42.3,54.1,673.0,381.0,317.0,206.0,229.0,2.512614,2.412109,0.399,,,,2.0,3.0,1.0,204.0,,4.0,,13.0,5.0,2.0,4.0,1.0,0.0,1.0,4.0,1.0,0.0,3.0,2.0,1.0,1.0,9.0,1.0,2.0,2.0,2.0,1.0,1.0,1.0,0.0,2.0,,0.0,16.0,0.0,9.0,9.0,29.0,6.0,25.0,2.0,2.0,2.0,0.0,3.0,4.0,0.0,1.0,0.0,1.0,2.0,2.0,5.0,1.0,4.0,0.0,3.0,1.0,10.0,,,1.0,1.0,8.0,8.0,3.0,4.0,0.0,2.0,1.0,1.0,0.0,15.0,16.0,1.0,,1.0,0.0,65.0,74.0,,,,0.0,0.08,0.64,0.11,0.87,37.69,14.21,0.014,0.654,0.409,3.59,27.3,30.11,37.71,,10.91,85.6,72.02,,6.43,8.51,64.8,0.0,0.0,324.9,0.355,15.9,4.721,14.84,0.043,0.614,13.13,19.56,35.41,54.1,1.335,1.049,38.4,21.14,2.196,6.453,82.9,0.688,,101.5,9.158,48.2,1.756,33.597,,142.57,,,52.0,131.26,1.283,25.47,,1.303,238.3,3.37,13.5,0
65.0,1.0,18.0,4.0,5.0,,,8.0,15.0,105.7,180.2,65.2,,17.0,86.0,112.7,40.1831,116.0,168.0,91.0,28.4,34.9,3.9,6.9,10.3,8.6,,6.3,51.5,33.4,2.7,3.1,3.4,4.1,2.7,3.2,29.3,9.4,37.7,27.8,5307.0,32.4,21.5,41.5,31.9,576.0,426.0,394.0,320.0,319.0,4.35459,3.545398,2.89,636.233,2.37,,,1.0,3.0,8.0,3.0,4.0,,7.0,,2.0,3.0,1.0,1.0,4.0,6.0,1.0,1.0,1.0,2.0,0.0,1.0,5.0,4.0,2.0,1.0,1.0,1.0,0.0,2.0,0.0,3.0,13.556,0.0,,7.0,8.0,10.0,2.0,0.0,7.0,1.0,9.0,1.0,1.0,1.0,3.0,1.0,2.0,2.0,1.0,2.0,2.0,5.0,3.0,3.0,0.0,3.0,,,,12.0,,1.0,8.0,9.0,1.0,2.0,9.0,4.0,1.0,4.0,11.0,24.0,,0.0,0.0,1.0,1.0,,,,,,1.0,0.19,1.63,0.58,5.04,47.63,15.5,0.043,0.913,0.331,3.37,29.17,32.04,32.54,98.46,10.31,123.63,90.81,0.67,5.83,6.73,58.3,0.0,0.0,140.9,0.145,17.25,4.838,13.27,0.12,2.366,11.54,13.82,43.85,63.6,,0.799,54.6,18.14,2.534,4.233,77.7,0.753,1.44,23.4,9.391,60.1,0.933,17.523,,,,1.127,,14.29,17.681,26.97,67.53,1.29,450.0,4.76,43.2,0
62.0,1.0,10.0,2.0,4.0,,58.0,,15.0,101.3,186.6,89.2,28.0,21.0,124.0,84.2,34.0427,117.0,157.0,85.0,51.1,45.1,9.8,8.6,8.2,7.2,,6.9,,47.1,3.5,3.4,2.1,2.8,1.8,2.1,45.3,19.5,25.6,22.6,,57.2,41.4,43.0,28.9,613.0,446.0,429.0,327.0,318.0,4.167969,2.377673,-0.67,422.693344,3.93,,,,4.0,35.0,3.0,,5.0,22.0,,1.0,5.0,1.0,,0.0,3.0,3.0,0.0,1.0,3.0,1.0,0.0,6.0,4.0,2.0,2.0,2.0,2.0,3.0,0.0,1.0,3.0,,0.0,15.0,0.0,0.0,0.0,5.0,3.0,2.0,0.0,0.0,7.0,0.0,2.0,0.0,1.0,4.0,1.0,1.0,4.0,2.0,3.0,2.0,5.0,2.0,4.0,,16.0,1.0,0.0,0.0,1.0,5.0,5.0,2.0,3.0,0.0,3.0,2.0,5.0,11.0,26.0,11.0,0.0,0.0,1.0,0.0,,75.0,,51.0,,0.0,0.0,0.0,0.59,2.59,34.26,14.68,0.011,0.257,0.274,1.03,4.52,34.84,42.85,81.32,9.16,98.91,76.4,13.86,60.88,7.29,32.0,0.0,0.0,260.2,0.238,16.46,,12.1,0.049,1.692,22.77,19.72,,32.3,,1.43,20.7,21.18,2.588,6.915,64.1,0.75,2.88,17.7,9.155,,1.173,32.56,,5.5,,1.374,,14.53,13.628,4.26,73.13,4.597,234.2,5.25,14.6,0
51.0,0.0,41.0,2.0,1.0,8.0,,,29.0,75.1,128.8,57.5,54.0,44.0,78.0,79.0,22.0081,101.0,189.0,99.0,42.3,13.5,1.6,4.4,8.4,11.8,7.2,12.5,47.8,28.9,0.9,2.4,4.3,5.0,2.8,2.5,39.8,9.2,39.3,22.0,5322.0,25.1,13.7,52.1,42.6,539.0,313.0,346.0,203.0,179.0,4.21416,,,648.584353,,,3.0,2.0,4.0,18.0,3.0,,,14.0,1.0,3.0,0.0,0.0,6.0,1.0,4.0,6.0,2.0,1.0,0.0,2.0,0.0,9.0,3.0,4.0,1.0,2.0,2.0,1.0,2.0,1.0,4.0,,0.0,12.0,0.0,8.0,6.0,0.0,5.0,2.0,5.0,3.0,1.0,2.0,3.0,2.0,0.0,5.0,3.0,0.0,0.0,2.0,2.0,1.0,5.0,2.0,6.0,9.0,5.0,0.0,12.0,1.0,,6.0,0.0,1.0,1.0,7.0,1.0,2.0,3.0,0.0,16.0,3.0,1.0,1.0,0.0,1.0,82.0,,,,1.0,0.0,0.13,0.79,0.11,0.66,49.83,15.91,,3.819,0.42,1.31,8.19,31.93,31.93,100.0,12.26,108.67,81.55,0.34,2.09,,88.3,0.0,0.0,209.4,0.257,16.64,4.983,11.95,0.122,2.799,16.04,35.83,43.23,86.2,1.75,1.36,15.3,9.08,2.481,4.401,71.3,,1.41,34.3,,31.7,1.289,33.658,3.533,22.69,,1.225,,79.74,1.859,3.9,66.54,1.763,425.2,8.19,63.7,0
53.0,0.0,6.0,2.0,107.0,26.0,40.0,0.0,,62.9,172.7,69.2,22.0,11.0,70.0,54.6,23.4049,93.0,153.0,85.0,19.3,,1.6,1.3,6.7,5.9,5.5,6.0,13.1,16.0,0.5,0.4,1.8,1.8,1.7,1.7,11.7,6.7,23.1,15.9,4676.0,13.7,14.4,37.2,31.9,606.0,434.0,289.0,252.0,217.0,,4.345814,-0.108,306.498675,3.12,,,,,6.0,,,16.0,9.0,2.0,3.0,2.0,4.0,2.0,3.0,5.0,2.0,0.0,2.0,1.0,2.0,0.0,4.0,3.0,2.0,1.0,3.0,,2.0,0.0,1.0,3.0,,0.0,0.0,3.0,0.0,4.0,1.0,0.0,4.0,6.0,6.0,1.0,8.0,1.0,1.0,2.0,4.0,1.0,2.0,2.0,0.0,4.0,1.0,4.0,2.0,5.0,,13.0,9.0,0.0,,,9.0,1.0,1.0,2.0,,6.0,2.0,5.0,9.0,24.0,6.0,0.0,,0.0,,,89.0,,,0.0,0.0,0.0,0.03,0.08,1.34,33.36,11.61,0.047,0.22,0.338,2.89,47.8,30.68,34.8,88.16,9.13,99.47,,0.65,10.79,2.42,40.0,0.0,0.0,332.8,0.304,17.77,3.784,13.18,0.108,1.101,6.04,65.19,43.88,71.5,2.184,,46.8,15.22,2.364,6.903,103.8,1.248,,55.9,4.26,42.1,1.97,25.541,2.89,13.25,,1.457,,49.05,,7.6,71.5,2.166,218.4,6.35,93.2,0
59.0,1.0,10.0,2.0,0.0,4.0,,3.0,15.0,88.2,,97.1,54.0,59.0,63.0,67.0,19.8082,92.0,184.0,94.0,15.6,27.6,1.7,1.7,11.7,12.8,9.2,13.4,15.9,18.9,0.5,1.1,4.5,4.3,4.3,4.5,27.5,1.7,38.0,36.3,8500.0,14.5,14.1,69.0,53.9,684.0,388.0,284.0,268.0,260.0,6.100706,4.659531,,983.65328,,,4.0,3.0,,,3.0,4.0,224.0,110.0,1.0,2.0,2.0,4.0,4.0,5.0,2.0,1.0,4.0,2.0,4.0,0.0,1.0,4.0,1.0,2.0,1.0,2.0,2.0,0.0,2.0,2.0,3.0,,0.0,0.0,59.0,8.0,4.0,1.0,,,7.0,8.0,2.0,8.0,3.0,3.0,4.0,0.0,4.0,0.0,2.0,0.0,4.0,2.0,5.0,2.0,3.0,1.0,1.0,,,,1.0,0.0,0.0,3.0,1.0,,1.0,1.0,2.0,0.0,31.0,,,1.0,1.0,0.0,,,76.0,,1.0,0.0,0.01,0.11,0.48,7.78,50.47,15.81,0.018,0.551,0.379,1.8,29.29,30.16,31.33,96.26,7.6,122.73,92.72,0.41,6.6,3.46,56.2,0.0,7.0,132.8,0.101,16.89,5.243,12.35,0.027,0.745,6.16,,46.89,360.9,1.141,0.954,38.4,0.94,2.22,6.203,13.4,0.72,4.48,176.5,4.215,29.3,1.012,29.458,4.488,93.57,,,,139.69,17.408,24.52,79.12,4.841,254.8,2.33,70.1,0
55.0,0.0,45.0,4.0,,24.0,,7.0,,78.6,162.2,98.6,53.0,22.0,76.0,98.2,27.7752,111.0,188.0,99.0,39.0,26.8,9.2,9.1,9.0,11.2,7.4,12.4,39.8,18.7,3.1,3.3,3.9,2.0,2.7,2.5,36.0,14.8,22.5,21.3,5917.0,36.6,43.5,61.1,51.4,678.0,410.0,316.0,214.0,259.0,,2.139047,,273.205451,,,2.0,5.0,,,,3.0,,20.0,4.0,3.0,0.0,5.0,1.0,,0.0,3.0,6.0,1.0,1.0,0.0,0.0,7.0,2.0,,1.0,3.0,2.0,2.0,1.0,1.0,2.0,,1.0,9.0,3.0,0.0,1.0,2.0,0.0,25.0,6.0,10.0,0.0,10.0,2.0,4.0,2.0,2.0,2.0,1.0,2.0,0.0,1.0,2.0,5.0,2.0,3.0,2.0,,27.0,,4.0,,2.0,5.0,4.0,3.0,1.0,5.0,2.0,5.0,0.0,15.0,,1.0,1.0,0.0,1.0,,90.0,,,,0.0,0.09,0.86,0.55,5.25,24.35,13.01,0.015,0.173,0.261,2.37,22.43,53.47,53.45,100.04,7.89,121.07,93.43,0.74,7.0,6.81,64.5,0.0,0.0,166.4,0.131,16.52,2.434,12.7,0.035,1.68,10.56,19.3,43.37,,1.383,1.208,21.6,19.41,2.471,8.318,63.4,0.787,3.05,183.9,,,1.028,12.286,4.775,155.91,,0.945,,,1.596,24.17,77.88,5.423,222.4,4.17,27.7,0
50.0,1.0,20.0,5.0,0.0,9.0,44.0,5.0,24.0,81.2,179.0,56.0,36.0,55.0,72.0,66.7,19.5887,101.0,185.0,88.0,13.8,45.9,2.4,2.9,,11.7,9.7,9.0,16.4,,0.5,0.8,3.3,2.1,3.2,2.1,16.2,9.6,39.6,21.9,6142.0,23.7,17.0,45.3,33.8,498.0,290.0,231.0,211.0,170.0,2.915286,2.798674,-0.402,578.713331,3.12,,2.0,,5.0,136.0,5.0,,,100.0,,,1.0,,1.0,6.0,4.0,1.0,2.0,2.0,0.0,1.0,0.0,8.0,3.0,2.0,2.0,2.0,1.0,1.0,0.0,1.0,4.0,,0.0,0.0,0.0,6.0,1.0,5.0,6.0,28.0,6.0,0.0,1.0,9.0,1.0,4.0,2.0,3.0,2.0,,4.0,1.0,0.0,2.0,5.0,2.0,4.0,0.0,,,0.0,1.0,,5.0,2.0,2.0,1.0,0.0,2.0,,3.0,0.0,14.0,46.0,1.0,,0.0,1.0,,71.0,79.0,55.0,,0.0,0.0,0.01,0.0,0.0,31.13,11.8,0.006,0.162,0.159,2.33,21.17,31.41,37.9,82.87,10.12,89.13,73.56,0.85,7.73,7.84,71.1,0.0,0.0,311.5,0.315,16.23,3.756,12.07,0.038,0.957,11.02,58.02,,128.6,1.216,1.644,35.5,4.34,2.249,9.77,,1.043,,124.8,8.198,58.2,,34.719,4.323,17.55,,1.086,,147.07,13.549,,,4.868,367.8,4.68,,0
41.0,1.0,1.0,1.0,,5.0,41.0,,18.0,94.0,135.7,74.5,48.0,51.0,84.0,109.2,36.5955,95.0,173.0,95.0,22.3,40.3,7.5,8.5,12.3,11.9,11.0,12.8,24.0,15.6,1.5,1.1,2.5,4.4,4.1,4.4,32.8,17.7,37.8,27.6,8990.0,,48.9,52.3,38.5,475.0,246.0,240.0,193.0,228.0,3.313124,2.481959,-1.324,,3.65,,,,,33.0,,5.0,171.0,27.0,,,3.0,3.0,2.0,5.0,0.0,4.0,2.0,1.0,2.0,,1.0,6.0,3.0,3.0,3.0,3.0,1.0,2.0,0.0,0.0,3.0,,0.0,0.0,,8.0,4.0,2.0,4.0,10.0,9.0,0.0,1.0,5.0,2.0,,3.0,3.0,5.0,4.0,1.0,1.0,4.0,3.0,5.0,1.0,4.0,13.0,18.0,,22.0,3.0,,1.0,1.0,2.0,3.0,8.0,3.0,1.0,3.0,7.0,,30.0,0.0,1.0,1.0,1.0,75.0,,,,,1.0,0.01,0.14,0.2,2.19,32.63,11.93,0.038,1.017,0.422,1.28,14.08,33.05,36.55,,8.08,,89.62,0.53,5.82,7.07,77.8,0.0,0.0,219.6,0.177,17.39,3.609,16.49,0.127,2.67,9.09,7.59,44.69,153.4,1.953,0.828,18.2,1.06,,3.959,115.9,1.093,1.37,12.9,,54.8,1.965,23.178,3.389,,,1.45,,,9.426,18.86,71.48,0.917,520.4,4.89,39.5,0
65.0,1.0,13.0,2.0,,,,,14.0,92.6,130.0,93.3,25.0,50.0,111.0,81.7,27.1536,122.0,173.0,98.0,43.0,40.8,2.6,4.7,8.5,9.3,7.4,8.3,36.8,39.5,2.7,1.0,2.3,2.4,4.0,2.2,35.8,,33.3,27.2,5192.0,48.0,44.2,60.1,55.0,497.0,297.0,248.0,171.0,217.0,5.520098,3.831798,2.563,661.366062,,3.0,,3.0,,,5.0,,,18.0,1.0,3.0,4.0,1.0,2.0,0.0,4.0,6.0,7.0,1.0,0.0,1.0,0.0,5.0,3.0,2.0,1.0,1.0,1.0,0.0,0.0,0.0,3.0,,1.0,3.0,5.0,7.0,5.0,0.0,7.0,26.0,8.0,4.0,3.0,1.0,3.0,4.0,1.0,2.0,2.0,0.0,1.0,2.0,3.0,4.0,5.0,2.0,3.0,,,1.0,0.0,4.0,,7.0,4.0,3.0,4.0,0.0,5.0,3.0,2.0,0.0,21.0,,0.0,0.0,1.0,1.0,,,91.0,73.0,,1.0,0.01,0.11,0.09,0.98,45.31,17.01,0.047,0.971,0.434,1.38,15.78,31.36,37.55,83.51,9.89,98.99,73.46,0.97,11.05,6.31,72.1,0.0,0.0,226.5,0.224,15.81,5.425,12.8,0.123,2.648,8.76,49.86,47.56,57.6,1.464,,45.0,1.05,2.444,3.924,53.9,0.804,2.01,22.4,9.506,59.2,1.706,26.279,4.316,14.95,,1.506,,38.44,14.757,7.18,74.57,0.55,432.4,7.35,87.9,0
46.0,0.0,7.0,2.0,17.0,,,,16.0,62.5,103.1,97.4,34.0,29.0,68.0,56.5,20.0225,83.0,168.0,91.0,17.1,15.6,2.6,5.0,12.2,9.8,6.2,6.9,19.1,27.4,0.4,0.5,,2.6,2.3,2.2,15.0,9.9,21.8,26.3,5677.0,15.8,14.2,45.9,35.4,630.0,305.0,275.0,168.0,203.0,1.57244,1.509542,-1.174,292.719638,,,,,,155.0,3.0,,,,5.0,1.0,2.0,4.0,1.0,7.0,1.0,0.0,2.0,2.0,3.0,0.0,0.0,8.0,3.0,1.0,3.0,2.0,1.0,0.0,0.0,0.0,3.0,,0.0,0.0,0.0,10.0,1.0,2.0,7.0,22.0,0.0,13.0,2.0,2.0,3.0,2.0,2.0,2.0,0.0,0.0,3.0,1.0,2.0,1.0,5.0,1.0,3.0,1.0,15.0,,,,1.0,0.0,4.0,3.0,1.0,13.0,3.0,1.0,2.0,6.0,13.0,,0.0,,0.0,0.0,,91.0,81.0,,,0.0,0.09,0.91,0.13,1.42,42.43,12.78,0.007,0.334,0.287,1.54,16.33,24.35,30.11,80.86,12.15,,77.65,0.91,9.64,6.76,71.7,0.0,0.0,141.0,0.171,15.66,5.248,12.74,,0.957,9.42,10.76,51.36,52.4,1.034,0.965,16.4,0.53,2.201,8.199,63.1,0.981,1.12,21.5,10.37,61.9,0.782,34.992,,9.79,,1.165,67.2,87.25,1.254,5.4,80.87,0.717,248.6,5.29,31.2,0
69.0,1.0,32.0,2.0,,,,2.0,18.0,98.2,187.0,66.1,44.0,51.0,102.0,114.5,35.6444,104.0,179.0,94.0,42.6,45.8,5.9,3.6,13.5,12.1,8.8,10.4,31.6,24.3,1.0,3.3,,3.1,3.4,2.4,37.5,20.1,28.8,35.7,7996.0,17.5,42.4,49.4,57.0,808.0,700.0,453.0,451.0,438.0,1.552756,1.490646,-1.301,230.317646,3.79,,2.0,,,281.0,4.0,2.0,,,,2.0,1.0,3.0,3.0,7.0,0.0,6.0,7.0,3.0,1.0,0.0,2.0,9.0,,2.0,2.0,2.0,2.0,0.0,1.0,1.0,2.0,,0.0,1.0,,2.0,6.0,4.0,0.0,,7.0,1.0,0.0,6.0,1.0,2.0,3.0,1.0,1.0,1.0,2.0,1.0,2.0,1.0,4.0,2.0,3.0,18.0,,28.0,,5.0,,2.0,7.0,3.0,1.0,1.0,3.0,2.0,4.0,1.0,23.0,48.0,0.0,1.0,1.0,0.0,88.0,44.0,70.0,94.0,,0.0,0.02,0.23,0.5,7.01,35.39,6.41,0.013,0.125,0.152,1.06,14.8,18.65,23.08,96.98,8.14,106.81,85.4,0.99,,4.59,64.2,0.0,0.0,358.5,0.292,15.52,3.649,12.65,0.032,,,15.92,48.2,117.8,1.805,0.648,15.5,47.29,,4.732,78.9,0.812,3.24,12.2,4.865,33.7,1.405,23.943,3.88,34.98,1638.2,1.395,,16.08,12.23,6.63,73.96,2.817,372.7,6.51,,0
67.0,0.0,12.0,3.0,,,,1.0,23.0,100.6,167.9,72.1,27.0,13.0,99.0,76.3,31.8629,92.0,155.0,80.0,17.8,24.1,3.9,1.5,6.1,6.8,8.4,7.3,20.6,42.1,0.8,0.5,,1.7,2.1,2.0,35.5,8.5,22.8,20.8,5155.0,29.7,18.8,40.4,34.0,766.0,428.0,451.0,266.0,226.0,2.704151,1.498811,-1.267,188.551253,,,2.0,,3.0,11.0,,4.0,213.0,236.0,1.0,1.0,,4.0,,3.0,6.0,4.0,3.0,2.0,,,2.0,7.0,3.0,1.0,1.0,1.0,,0.0,1.0,2.0,3.0,,0.0,,1.0,3.0,1.0,3.0,7.0,23.0,7.0,13.0,1.0,1.0,1.0,2.0,0.0,2.0,3.0,2.0,1.0,1.0,3.0,2.0,1.0,2.0,2.0,,1.0,0.0,0.0,0.0,1.0,3.0,1.0,3.0,2.0,4.0,4.0,2.0,1.0,0.0,17.0,22.0,1.0,,0.0,0.0,,87.0,,86.0,,0.0,0.07,2.29,0.56,17.21,32.14,12.87,0.003,0.092,0.153,1.86,57.52,32.99,40.05,82.36,8.35,89.05,73.73,0.39,,0.35,10.9,0.0,0.0,210.0,0.175,17.97,3.903,15.28,0.037,1.038,3.23,65.87,42.92,91.3,2.275,0.649,53.0,0.2,2.632,3.758,88.2,0.787,3.75,168.9,9.373,30.2,,23.677,2.053,12.85,,1.262,,103.61,2.757,14.63,,1.698,477.0,8.81,16.2,0
61.0,0.0,6.0,2.0,,,,,15.0,82.2,176.0,61.3,9.0,13.0,100.0,61.6,24.2744,96.0,159.0,81.0,34.5,37.9,4.1,2.2,10.8,5.9,6.0,5.8,29.2,48.3,0.7,1.7,2.4,2.3,1.7,3.5,37.2,9.5,24.2,22.5,4778.0,21.7,33.3,37.5,32.3,586.0,430.0,268.0,178.0,231.0,2.603093,2.2474,0.22,135.943443,4.66,,1.0,,5.0,20.0,,2.0,57.0,118.0,5.0,2.0,4.0,3.0,6.0,5.0,0.0,4.0,6.0,1.0,4.0,0.0,2.0,5.0,2.0,2.0,1.0,3.0,2.0,0.0,1.0,0.0,1.0,,0.0,6.0,0.0,0.0,1.0,3.0,6.0,32.0,10.0,7.0,7.0,2.0,2.0,2.0,3.0,1.0,1.0,1.0,4.0,0.0,3.0,1.0,2.0,0.0,2.0,14.0,1.0,1.0,14.0,,1.0,2.0,7.0,4.0,3.0,15.0,2.0,2.0,3.0,0.0,26.0,3.0,,1.0,,,,81.0,83.0,68.0,,0.0,0.09,0.82,0.32,2.98,38.67,11.32,0.038,0.622,0.377,1.5,13.94,26.29,29.28,89.78,8.07,121.72,88.17,0.34,3.13,8.53,79.1,0.0,0.0,179.1,0.145,17.75,4.307,16.74,0.043,1.928,10.79,61.18,47.71,43.5,,1.214,18.7,0.76,2.41,5.398,57.2,0.745,1.56,14.3,4.356,46.4,1.822,,3.171,5.18,,,,,2.785,10.67,78.17,1.148,192.4,5.31,33.3,0
65.0,0.0,1.0,1.0,,9.0,44.0,4.0,23.0,94.7,129.5,78.0,20.0,25.0,74.0,76.4,24.7924,110.0,176.0,92.0,40.8,39.0,7.3,8.9,12.4,7.8,5.8,6.5,26.6,34.5,2.2,1.7,2.2,2.0,3.0,2.4,45.5,20.6,30.4,23.6,7627.0,36.5,22.4,43.4,26.3,561.0,392.0,348.0,243.0,304.0,,4.445975,0.83,701.610857,,2.0,,4.0,2.0,349.0,5.0,,215.0,407.0,4.0,5.0,3.0,6.0,,3.0,2.0,5.0,2.0,2.0,1.0,4.0,0.0,10.0,2.0,2.0,2.0,2.0,2.0,0.0,1.0,2.0,1.0,33.541,0.0,0.0,0.0,0.0,0.0,6.0,6.0,30.0,5.0,1.0,6.0,0.0,2.0,2.0,3.0,3.0,0.0,1.0,1.0,3.0,5.0,3.0,4.0,2.0,3.0,2.0,16.0,,0.0,1.0,,0.0,9.0,3.0,2.0,0.0,3.0,1.0,5.0,0.0,,17.0,0.0,1.0,0.0,0.0,,88.0,92.0,81.0,1.0,0.0,0.19,3.31,0.06,1.03,37.48,13.58,,0.271,0.238,2.95,50.93,,36.24,93.86,7.4,98.96,82.94,0.72,12.46,1.87,32.3,0.0,0.0,391.9,0.29,17.88,3.993,13.14,0.071,1.325,5.79,18.44,39.62,47.0,1.223,1.015,17.9,8.52,2.286,5.18,56.5,0.818,1.09,12.6,,33.8,,28.378,2.434,,,0.943,,67.16,1.696,4.42,68.32,3.671,212.4,8.38,81.2,0
42.0,0.0,28.0,4.0,,25.0,,,23.0,67.8,107.8,100.1,36.0,52.0,58.0,51.6,16.4629,87.0,177.0,83.0,7.1,13.7,1.2,0.7,10.3,10.3,11.9,6.1,17.8,21.4,0.4,0.6,2.2,2.0,4.1,2.1,11.7,1.5,39.9,20.4,8041.0,14.1,9.9,43.5,31.1,557.0,402.0,326.0,299.0,324.0,3.691364,2.586588,,285.222599,,,,,,34.0,3.0,,,11.0,3.0,2.0,2.0,2.0,4.0,7.0,0.0,2.0,6.0,2.0,0.0,2.0,0.0,6.0,3.0,1.0,1.0,2.0,2.0,0.0,1.0,2.0,3.0,,0.0,5.0,0.0,1.0,0.0,6.0,7.0,13.0,10.0,8.0,0.0,0.0,1.0,0.0,5.0,1.0,3.0,1.0,2.0,0.0,3.0,1.0,5.0,0.0,2.0,,,,0.0,,1.0,2.0,4.0,3.0,2.0,14.0,1.0,2.0,1.0,5.0,18.0,1.0,1.0,1.0,1.0,1.0,,,,92.0,,1.0,0.19,1.78,0.05,0.43,,14.91,0.032,,0.278,1.69,16.21,27.73,32.16,86.2,9.15,87.66,75.85,0.64,6.1,7.88,75.5,0.0,0.0,161.1,0.147,15.96,5.376,13.83,,0.811,10.44,9.63,45.44,89.1,2.095,0.767,49.2,18.53,2.24,4.296,91.1,0.923,1.13,59.6,3.78,31.1,1.765,16.911,,,311.0,,,81.89,2.458,4.35,71.45,0.995,416.7,4.33,16.8,0
39.0,0.0,8.0,1.0,,5.0,59.0,,,63.6,105.7,56.3,32.0,31.0,71.0,64.8,23.7249,95.0,165.0,81.0,46.9,32.1,3.2,8.2,6.9,8.5,6.3,6.0,28.8,51.9,0.9,0.8,1.9,2.6,4.2,3.0,41.9,15.0,21.5,23.5,7108.0,34.2,31.8,47.1,39.2,542.0,429.0,439.0,330.0,317.0,2.978961,1.914007,0.792,651.04336,,3.0,1.0,,2.0,,,,,389.0,,4.0,,7.0,1.0,7.0,0.0,0.0,2.0,1.0,0.0,0.0,0.0,5.0,4.0,2.0,1.0,2.0,2.0,0.0,0.0,0.0,3.0,,2.0,0.0,0.0,0.0,2.0,1.0,0.0,32.0,3.0,10.0,2.0,10.0,2.0,2.0,2.0,3.0,3.0,2.0,1.0,3.0,4.0,1.0,5.0,2.0,2.0,6.0,11.0,1.0,,2.0,,1.0,2.0,4.0,2.0,0.0,3.0,1.0,2.0,9.0,29.0,2.0,1.0,0.0,0.0,0.0,,50.0,,92.0,,1.0,0.01,0.15,,7.15,48.99,16.41,0.008,0.82,0.274,1.84,28.39,31.51,33.49,94.07,7.88,113.5,86.7,0.9,13.94,3.26,50.4,0.0,0.0,263.7,0.208,16.98,5.208,12.19,0.129,2.551,6.48,19.66,40.54,145.7,1.767,0.74,18.5,0.68,,3.395,65.3,0.724,1.16,17.1,3.654,26.5,1.508,34.44,2.112,17.87,,1.06,,82.79,,19.27,83.18,3.243,205.7,3.57,28.9,0
56.0,1.0,18.0,5.0,,7.0,7.0,7.0,,95.2,,100.6,50.0,45.0,124.0,117.8,37.9967,131.0,176.0,99.0,47.4,49.4,9.5,6.4,9.8,12.6,7.9,9.8,27.0,45.0,3.8,3.6,3.9,4.7,4.6,4.4,38.8,25.5,24.6,33.4,8438.0,45.9,49.5,73.8,39.8,478.0,261.0,338.0,235.0,219.0,2.134364,2.023525,0.972,531.333197,,,,3.0,4.0,426.0,4.0,2.0,,26.0,,,1.0,6.0,5.0,7.0,0.0,1.0,2.0,3.0,0.0,1.0,1.0,4.0,3.0,3.0,1.0,2.0,2.0,,0.0,0.0,3.0,43.925,1.0,0.0,,1.0,2.0,4.0,5.0,6.0,8.0,13.0,0.0,9.0,2.0,2.0,1.0,1.0,2.0,1.0,1.0,0.0,3.0,1.0,4.0,2.0,3.0,1.0,0.0,0.0,,0.0,,2.0,6.0,5.0,3.0,14.0,4.0,2.0,3.0,3.0,15.0,,,0.0,1.0,0.0,,35.0,88.0,57.0,0.0,0.0,0.15,1.67,0.06,0.68,34.88,12.39,0.034,,0.267,1.64,17.7,32.33,35.53,91.01,10.93,94.46,79.39,0.43,4.69,6.96,75.3,0.0,0.0,214.7,0.235,16.62,3.832,13.14,0.126,2.058,9.25,47.53,,43.7,1.692,1.512,18.9,0.71,2.495,,51.9,0.656,15.17,108.9,4.781,42.3,,24.65,5.488,,1856.3,1.275,,32.3,15.063,23.33,,3.09,186.9,,53.2,0
47.0,1.0,39.0,1.0,,,,2.0,25.0,54.7,131.3,78.1,52.0,49.0,56.0,60.0,16.7167,88.0,190.0,99.0,13.6,13.0,1.5,1.4,16.7,13.2,13.2,13.3,13.5,13.0,0.5,0.8,4.9,4.3,4.5,4.1,16.3,4.2,43.8,34.9,9830.0,12.4,11.0,79.8,58.1,729.0,415.0,392.0,322.0,329.0,2.665811,1.459558,1.48,389.248227,2.77,5.0,,,,311.0,,2.0,23.0,27.0,,2.0,2.0,1.0,0.0,6.0,0.0,1.0,13.0,1.0,2.0,1.0,0.0,7.0,3.0,,1.0,2.0,2.0,1.0,0.0,1.0,1.0,,1.0,0.0,2.0,1.0,1.0,1.0,0.0,29.0,0.0,1.0,1.0,9.0,1.0,2.0,2.0,3.0,3.0,1.0,1.0,2.0,3.0,1.0,4.0,1.0,4.0,,0.0,1.0,0.0,0.0,,0.0,0.0,4.0,2.0,0.0,5.0,1.0,4.0,0.0,19.0,23.0,1.0,1.0,0.0,1.0,73.0,92.0,80.0,77.0,,1.0,0.01,0.11,0.1,2.01,38.74,14.66,0.022,0.284,0.372,1.55,30.29,33.15,37.84,87.62,10.23,110.83,72.91,0.7,13.69,2.75,53.9,0.0,0.0,235.8,0.241,17.53,4.422,14.77,0.081,1.536,5.1,11.81,43.86,62.3,1.109,1.369,24.3,20.01,,5.049,80.7,1.224,,69.2,3.932,31.8,0.815,15.264,3.278,,671.4,1.293,,71.58,17.964,7.29,70.44,5.03,239.2,3.74,25.0,0
57.0,0.0,16.0,2.0,8.0,9.0,43.0,0.0,,,213.2,88.0,13.0,10.0,124.0,95.4,39.6356,123.0,155.0,82.0,51.2,51.0,8.7,9.1,6.9,6.9,5.5,5.8,53.5,51.2,3.1,1.7,2.0,1.7,1.9,2.0,29.2,13.2,23.8,21.1,4917.0,48.7,29.8,37.4,26.7,693.0,364.0,298.0,,278.0,,0.200571,,157.862051,,3.0,,,2.0,17.0,,3.0,15.0,24.0,3.0,3.0,2.0,2.0,7.0,2.0,0.0,6.0,1.0,2.0,2.0,,0.0,9.0,1.0,1.0,1.0,3.0,2.0,0.0,1.0,1.0,,,0.0,0.0,2.0,5.0,8.0,1.0,0.0,23.0,3.0,7.0,5.0,2.0,2.0,3.0,2.0,3.0,3.0,0.0,2.0,3.0,2.0,1.0,4.0,1.0,3.0,6.0,7.0,18.0,,,,1.0,0.0,2.0,3.0,0.0,2.0,1.0,5.0,9.0,15.0,,0.0,1.0,0.0,0.0,,90.0,72.0,86.0,,0.0,0.08,2.05,0.09,2.31,41.01,14.39,,0.14,0.23,0.85,22.56,32.69,35.08,93.17,8.72,98.76,81.44,0.25,6.68,2.5,66.4,0.0,0.0,259.2,0.226,15.91,4.402,16.72,0.056,0.713,3.76,15.58,44.06,60.9,,1.433,35.7,0.87,,5.908,64.5,1.365,1.16,35.3,7.72,32.9,1.191,12.873,4.618,83.89,,1.528,,36.63,2.036,8.62,73.7,0.708,252.0,,44.4,0
45.0,1.0,9.0,1.0,,,42.0,6.0,,106.4,176.2,59.6,27.0,26.0,121.0,131.2,41.4413,128.0,178.0,87.0,51.1,46.1,9.6,9.6,6.5,7.1,7.4,7.2,49.3,53.7,3.4,3.4,4.2,2.6,3.3,2.5,46.8,38.0,25.6,27.9,7320.0,49.8,54.4,45.6,51.1,557.0,345.0,366.0,323.0,291.0,4.661835,3.971295,2.861,289.593354,4.75,,1.0,6.0,3.0,105.0,,,,18.0,3.0,,2.0,4.0,1.0,6.0,4.0,1.0,1.0,2.0,,0.0,1.0,7.0,3.0,3.0,3.0,2.0,2.0,2.0,0.0,0.0,2.0,,0.0,0.0,0.0,7.0,5.0,7.0,0.0,13.0,1.0,13.0,0.0,3.0,2.0,2.0,2.0,4.0,2.0,1.0,,3.0,3.0,1.0,5.0,0.0,2.0,11.0,3.0,,21.0,3.0,,9.0,7.0,2.0,2.0,0.0,1.0,3.0,3.0,0.0,13.0,2.0,0.0,1.0,1.0,1.0,,56.0,,,,,0.01,0.11,0.03,0.21,48.13,16.12,0.015,0.273,0.208,,28.79,33.3,33.5,99.41,7.48,108.18,79.58,0.93,7.82,7.53,63.1,0.0,0.0,193.2,0.145,16.15,4.841,13.45,0.04,0.649,11.94,9.49,51.43,66.4,1.571,0.62,21.1,2.76,2.293,6.455,69.5,1.124,,12.7,8.967,47.2,1.994,24.905,4.787,,,1.179,,37.38,6.565,6.11,,,405.2,8.63,89.2,0
60.0,0.0,21.0,2.0,,14.0,22.0,,,101.5,153.7,,21.0,33.0,90.0,96.8,37.0973,164.0,162.0,85.0,40.3,39.1,9.8,7.6,13.2,6.0,9.6,9.4,27.8,37.1,5.3,2.5,2.6,4.4,1.7,1.9,42.5,19.6,37.2,23.9,7512.0,39.8,44.5,43.8,41.9,510.0,311.0,321.0,228.0,173.0,5.183062,,,513.136596,3.76,1.0,5.0,4.0,,,,5.0,,319.0,2.0,2.0,0.0,2.0,3.0,6.0,4.0,1.0,5.0,2.0,1.0,0.0,2.0,7.0,2.0,3.0,2.0,2.0,2.0,0.0,0.0,0.0,2.0,69.047,,,2.0,4.0,1.0,0.0,6.0,9.0,0.0,3.0,6.0,0.0,1.0,2.0,1.0,0.0,0.0,2.0,4.0,1.0,4.0,1.0,5.0,2.0,3.0,1.0,0.0,0.0,,0.0,0.0,0.0,7.0,5.0,4.0,13.0,3.0,1.0,1.0,0.0,15.0,1.0,0.0,1.0,1.0,0.0,,62.0,63.0,44.0,,1.0,0.0,0.05,0.02,0.23,36.5,16.21,0.028,0.756,0.317,1.22,15.7,35.96,44.42,80.96,8.47,86.69,77.27,0.4,5.17,6.12,78.8,0.0,0.0,186.3,0.158,15.78,4.508,15.52,0.126,1.135,,39.73,41.1,76.3,1.228,0.758,23.3,,2.593,,46.4,0.732,,23.7,4.091,43.9,0.881,28.843,2.936,13.72,,0.951,,95.0,1.807,20.92,69.25,1.411,,3.06,56.8,0
43.0,1.0,5.0,1.0,4.0,,47.0,2.0,,71.3,117.6,79.8,47.0,23.0,88.0,77.8,22.4928,86.0,186.0,95.0,19.3,18.0,2.4,6.1,8.3,7.7,10.2,12.5,20.0,16.3,,0.6,3.8,4.2,4.3,4.1,15.5,19.1,39.9,27.2,9027.0,20.5,17.7,53.2,53.8,453.0,243.0,,208.0,189.0,3.275153,2.722272,,421.358887,2.04,,,6.0,,226.0,,,,105.0,4.0,,1.0,1.0,2.0,5.0,0.0,2.0,4.0,2.0,3.0,1.0,0.0,9.0,3.0,3.0,2.0,3.0,2.0,1.0,0.0,0.0,3.0,70.007,1.0,0.0,2.0,0.0,0.0,0.0,0.0,10.0,8.0,13.0,0.0,0.0,1.0,2.0,2.0,4.0,5.0,2.0,1.0,1.0,4.0,2.0,4.0,2.0,5.0,25.0,14.0,19.0,,,0.0,4.0,0.0,1.0,3.0,0.0,3.0,2.0,,0.0,40.0,2.0,0.0,1.0,0.0,1.0,93.0,,,,0.0,0.0,0.17,2.27,0.34,4.7,45.69,14.54,0.018,0.455,0.367,2.75,37.62,29.49,31.83,92.63,7.77,112.78,79.57,,9.62,3.34,45.8,0.0,0.0,,0.28,16.54,4.932,13.15,0.055,2.037,7.3,18.59,46.91,131.7,1.93,0.821,50.2,17.29,2.215,6.102,60.9,0.97,1.08,,9.582,58.3,2.333,24.427,4.882,172.13,,0.839,,31.33,15.889,6.31,74.97,4.649,226.0,4.51,18.0,0
61.0,0.0,4.0,1.0,6.0,5.0,51.0,,19.0,93.2,167.0,88.2,10.0,34.0,106.0,102.7,32.4252,126.0,178.0,94.0,50.2,,8.8,9.6,11.5,14.0,10.1,11.8,45.0,51.1,3.8,0.9,3.2,2.7,4.1,2.4,,15.5,31.1,33.8,5040.0,32.0,22.6,70.0,36.9,434.0,266.0,233.0,197.0,203.0,3.651003,2.087049,-0.491,633.963836,4.36,3.0,3.0,5.0,2.0,219.0,3.0,,4.0,211.0,3.0,,4.0,3.0,2.0,7.0,4.0,7.0,4.0,1.0,5.0,3.0,1.0,7.0,2.0,4.0,3.0,2.0,2.0,0.0,1.0,1.0,1.0,,1.0,12.0,2.0,10.0,1.0,0.0,0.0,8.0,8.0,2.0,7.0,1.0,2.0,2.0,3.0,4.0,2.0,2.0,1.0,4.0,5.0,2.0,4.0,2.0,4.0,,13.0,24.0,1.0,4.0,1.0,5.0,0.0,1.0,4.0,4.0,2.0,,4.0,0.0,,,1.0,0.0,0.0,0.0,,77.0,80.0,88.0,1.0,0.0,0.01,0.14,0.53,7.64,37.74,13.44,0.013,0.282,0.37,1.87,26.82,31.88,35.62,89.5,9.9,104.23,95.86,0.95,13.59,3.61,51.8,0.0,0.0,,0.408,17.73,4.217,16.16,0.127,2.55,6.96,21.23,,116.3,1.68,0.816,25.1,0.61,2.33,4.004,101.8,0.958,2.84,135.4,3.592,38.6,2.326,19.595,1.908,10.29,,1.316,,,1.882,25.5,73.04,,451.7,,88.6,0
66.0,1.0,5.0,3.0,91.0,0.0,45.0,3.0,15.0,61.9,,58.8,12.0,21.0,72.0,73.9,30.2635,118.0,156.0,90.0,35.3,31.8,5.5,4.0,5.9,9.6,5.8,12.3,47.6,46.4,0.7,3.5,3.1,3.2,2.2,3.4,30.8,12.7,22.0,23.7,7604.0,40.5,39.8,,32.0,611.0,312.0,285.0,201.0,261.0,3.081418,2.403601,-0.51,497.249798,,,,,3.0,22.0,,,12.0,341.0,4.0,3.0,3.0,3.0,3.0,6.0,0.0,0.0,0.0,2.0,0.0,,0.0,5.0,1.0,,3.0,1.0,2.0,2.0,1.0,2.0,2.0,7.994,2.0,16.0,5.0,2.0,0.0,2.0,0.0,22.0,4.0,2.0,1.0,0.0,1.0,2.0,2.0,1.0,2.0,1.0,3.0,3.0,4.0,1.0,4.0,2.0,5.0,,,0.0,5.0,0.0,,5.0,1.0,3.0,2.0,3.0,2.0,1.0,3.0,6.0,13.0,,0.0,0.0,1.0,1.0,,68.0,,,,1.0,0.02,0.29,0.44,8.37,44.46,15.86,0.007,0.261,0.222,1.31,,28.91,35.67,81.06,7.81,,,0.21,4.05,3.28,62.4,0.0,0.0,279.2,0.218,16.77,5.485,16.32,0.04,1.185,5.26,,41.63,129.8,1.237,1.584,34.8,7.01,2.211,6.875,52.1,1.209,,168.0,,48.0,0.865,19.129,5.037,11.76,,1.159,,28.43,17.371,5.82,69.22,0.483,184.4,3.13,48.2,0
61.0,1.0,23.0,4.0,49.0,,32.0,,16.0,97.4,108.8,69.2,41.0,54.0,96.0,133.4,36.8751,103.0,190.0,108.0,23.0,30.2,7.5,6.0,14.0,14.1,10.6,14.7,35.2,16.4,1.1,,5.0,4.6,4.4,4.7,45.3,12.9,40.7,31.6,10129.0,33.4,38.2,77.2,55.8,665.0,310.0,314.0,252.0,262.0,4.640543,2.097143,-1.002,325.14752,3.48,,2.0,,,38.0,1.0,1.0,181.0,395.0,2.0,6.0,1.0,6.0,6.0,7.0,0.0,3.0,8.0,2.0,0.0,1.0,0.0,9.0,2.0,4.0,2.0,1.0,1.0,0.0,1.0,1.0,2.0,10.271,0.0,,,7.0,0.0,6.0,5.0,27.0,8.0,10.0,1.0,8.0,3.0,3.0,0.0,1.0,1.0,5.0,2.0,1.0,2.0,1.0,3.0,0.0,2.0,1.0,0.0,,0.0,0.0,,10.0,1.0,2.0,2.0,9.0,6.0,2.0,1.0,,24.0,29.0,0.0,,0.0,0.0,,60.0,,,,0.0,0.1,1.63,0.17,2.9,42.97,15.56,0.012,0.266,0.229,1.72,29.17,34.95,,96.51,9.27,91.58,87.12,0.41,6.92,3.5,59.4,0.0,0.0,384.5,0.356,17.27,4.453,12.87,0.086,1.734,5.89,23.67,49.25,136.9,1.11,1.274,17.4,6.55,2.579,4.803,83.0,1.149,,174.9,3.648,30.1,1.392,29.458,2.655,121.74,,1.296,52.3,17.75,,13.78,76.5,2.553,281.9,4.08,63.0,0
61.0,0.0,13.0,3.0,,,,1.0,15.0,82.7,138.6,52.9,50.0,50.0,119.0,71.1,26.4292,108.0,164.0,90.0,49.6,28.0,7.2,8.3,11.4,14.1,8.6,10.1,28.8,21.3,3.2,2.2,3.7,3.5,2.5,2.9,40.0,24.0,41.3,30.4,6123.0,38.5,37.1,58.4,42.0,760.0,275.0,321.0,265.0,258.0,,3.327086,,554.681328,,,,,3.0,15.0,,,11.0,94.0,,4.0,2.0,2.0,2.0,3.0,5.0,6.0,0.0,2.0,1.0,0.0,1.0,7.0,2.0,2.0,2.0,3.0,2.0,3.0,0.0,0.0,3.0,,0.0,0.0,0.0,9.0,2.0,7.0,0.0,30.0,0.0,1.0,5.0,2.0,3.0,0.0,2.0,3.0,2.0,0.0,1.0,1.0,3.0,1.0,5.0,2.0,3.0,,0.0,,,,,10.0,8.0,6.0,3.0,0.0,2.0,1.0,5.0,7.0,16.0,13.0,0.0,1.0,1.0,,,85.0,,83.0,,0.0,0.23,2.42,0.51,5.42,49.07,16.59,0.01,0.298,0.294,0.99,10.53,31.91,33.81,94.4,8.3,119.98,93.76,,3.44,7.34,78.2,0.0,0.0,360.3,0.299,17.51,5.198,16.17,0.116,2.787,9.38,12.54,41.52,41.8,1.436,1.378,37.8,1.13,2.515,4.01,69.9,0.956,1.24,23.7,10.292,,1.138,21.925,3.034,15.64,,1.346,,41.66,2.036,7.14,68.49,,366.4,7.63,,0
51.0,0.0,14.0,4.0,,17.0,,2.0,21.0,92.4,,79.9,4.0,16.0,80.0,58.5,29.0504,109.0,142.0,79.0,23.0,29.6,3.6,3.6,6.8,5.9,7.1,4.1,23.7,47.0,1.8,,1.7,,1.7,1.0,33.6,14.5,24.1,22.9,4618.0,26.4,39.9,39.5,26.7,502.0,454.0,347.0,283.0,259.0,3.481148,,,172.736888,2.81,,,7.0,3.0,,,,8.0,28.0,7.0,4.0,0.0,4.0,1.0,1.0,0.0,4.0,8.0,2.0,,4.0,0.0,10.0,3.0,2.0,1.0,2.0,,0.0,0.0,1.0,3.0,40.344,1.0,0.0,0.0,5.0,9.0,41.0,6.0,17.0,10.0,11.0,8.0,3.0,2.0,2.0,2.0,3.0,2.0,1.0,0.0,5.0,3.0,2.0,2.0,2.0,3.0,0.0,0.0,,0.0,,1.0,9.0,8.0,2.0,3.0,0.0,2.0,1.0,4.0,0.0,21.0,2.0,0.0,0.0,0.0,0.0,89.0,,,50.0,,0.0,0.01,0.15,0.09,1.33,38.64,,0.009,0.514,0.232,1.15,17.17,31.4,36.06,87.06,8.53,109.02,93.38,0.4,6.04,5.04,75.3,0.0,0.0,287.7,0.245,16.43,4.438,13.2,0.05,2.54,6.7,,49.6,79.0,1.523,,51.6,0.79,2.216,,86.4,0.665,2.8,154.3,7.611,33.0,1.662,31.823,5.348,13.75,,1.377,,40.8,1.985,21.66,74.29,3.582,413.2,5.09,41.2,0
60.0,1.0,4.0,2.0,,10.0,,10.0,,107.4,179.4,77.3,41.0,24.0,76.0,78.3,23.5874,109.0,182.0,99.0,39.2,45.9,,5.3,13.9,12.5,12.5,13.3,20.9,16.6,3.5,1.0,3.8,4.2,4.3,4.1,42.7,8.9,40.0,36.5,10061.0,,40.2,54.5,54.3,470.0,273.0,278.0,279.0,180.0,5.246591,3.862455,2.65,378.351082,,,,3.0,,12.0,1.0,4.0,1.0,24.0,1.0,,4.0,3.0,0.0,2.0,3.0,1.0,3.0,1.0,5.0,0.0,1.0,8.0,1.0,2.0,1.0,2.0,2.0,1.0,0.0,1.0,2.0,,0.0,8.0,0.0,2.0,3.0,2.0,7.0,6.0,2.0,13.0,0.0,2.0,1.0,4.0,1.0,2.0,2.0,4.0,1.0,2.0,3.0,1.0,5.0,1.0,4.0,26.0,,27.0,23.0,0.0,,8.0,3.0,2.0,3.0,0.0,2.0,3.0,2.0,10.0,21.0,3.0,0.0,0.0,0.0,0.0,,46.0,95.0,,,0.0,0.15,2.35,0.44,6.79,36.25,13.15,0.036,0.763,0.402,,24.64,34.63,36.29,,8.73,113.58,77.85,0.37,5.7,3.9,60.5,0.0,0.0,144.4,0.126,16.41,3.798,11.9,0.121,,6.45,56.72,50.93,42.0,1.197,1.122,24.2,20.21,2.38,7.016,94.8,0.856,1.6,175.0,3.949,27.9,0.985,12.704,5.442,20.02,,1.362,,21.27,14.998,22.69,71.6,,429.2,6.39,34.2,0
52.0,1.0,22.0,6.0,,,50.0,6.0,16.0,92.8,128.6,72.7,54.0,54.0,85.0,108.8,30.8948,100.0,188.0,100.0,32.6,36.0,2.7,3.2,13.7,17.4,12.8,13.1,24.5,25.0,1.8,1.7,4.8,4.5,4.7,5.2,33.4,6.6,43.8,38.4,10995.0,34.4,24.3,69.3,58.4,614.0,286.0,320.0,,186.0,5.401372,4.291728,2.105,478.187038,1.6,4.0,1.0,,6.0,24.0,,,9.0,,1.0,3.0,3.0,2.0,2.0,3.0,1.0,2.0,3.0,2.0,,1.0,0.0,9.0,2.0,2.0,1.0,3.0,2.0,2.0,1.0,0.0,1.0,,0.0,0.0,0.0,2.0,10.0,1.0,0.0,20.0,3.0,13.0,7.0,1.0,2.0,1.0,1.0,3.0,2.0,2.0,1.0,0.0,,1.0,1.0,1.0,1.0,1.0,1.0,0.0,0.0,,,2.0,0.0,1.0,3.0,0.0,3.0,,2.0,0.0,20.0,2.0,,1.0,0.0,0.0,81.0,89.0,,,,1.0,0.02,0.18,0.06,0.68,42.82,13.59,,0.238,0.342,1.2,13.9,31.13,31.73,98.11,8.09,119.23,96.47,0.47,5.44,6.9,79.8,0.0,0.0,188.4,0.152,15.81,4.365,12.81,0.026,0.81,8.64,56.13,49.0,68.4,1.052,0.858,52.1,1.11,2.618,6.542,108.9,0.82,1.41,99.4,,31.7,0.788,10.713,2.637,10.64,,,,19.82,17.921,10.6,70.62,5.131,,4.87,24.2,0
59.0,1.0,8.0,2.0,,3.0,6.0,1.0,14.0,102.0,133.6,89.0,53.0,41.0,78.0,82.5,24.8357,91.0,182.0,98.0,15.1,18.6,2.5,2.5,9.4,12.2,11.1,7.2,22.3,13.4,0.5,0.4,3.6,3.0,3.7,4.7,19.7,1.4,43.4,40.6,7003.0,8.8,12.3,69.4,47.5,698.0,425.0,229.0,268.0,280.0,,2.651191,1.354,179.088231,,3.0,4.0,,1.0,112.0,2.0,4.0,,,3.0,,4.0,4.0,3.0,6.0,0.0,6.0,6.0,2.0,2.0,,0.0,7.0,3.0,3.0,3.0,1.0,2.0,0.0,0.0,2.0,4.0,,1.0,1.0,6.0,7.0,4.0,5.0,0.0,9.0,3.0,2.0,1.0,0.0,2.0,4.0,2.0,3.0,2.0,0.0,1.0,1.0,4.0,3.0,5.0,0.0,3.0,1.0,2.0,,,0.0,1.0,1.0,0.0,5.0,2.0,0.0,2.0,1.0,4.0,10.0,31.0,16.0,0.0,1.0,1.0,1.0,,36.0,84.0,79.0,,0.0,0.13,1.47,0.5,5.8,37.13,13.12,0.014,0.224,0.192,0.88,10.18,30.54,35.35,86.41,9.11,108.1,74.88,0.78,8.99,6.35,73.6,0.0,0.0,171.9,0.157,17.02,4.297,13.01,0.101,1.101,8.63,18.51,43.42,99.3,1.895,1.405,30.6,1.07,2.338,6.798,61.2,0.828,2.82,26.9,4.694,,1.977,11.507,4.404,15.89,,,,13.94,4.498,16.64,74.35,4.369,213.5,3.02,78.0,0
46.0,1.0,17.0,1.0,,10.0,,8.0,32.0,99.8,170.7,58.9,24.0,56.0,80.0,65.1,20.1335,87.0,180.0,96.0,,24.9,2.8,2.0,11.8,8.3,11.4,17.1,20.2,22.8,0.8,1.0,3.3,4.9,4.4,3.4,15.8,12.8,42.0,40.4,9186.0,35.1,18.1,63.8,54.7,597.0,270.0,260.0,217.0,174.0,4.710933,2.914366,,537.038325,4.1,,3.0,,,77.0,3.0,,85.0,,,1.0,2.0,0.0,4.0,7.0,,2.0,4.0,2.0,0.0,,0.0,10.0,3.0,3.0,2.0,3.0,2.0,3.0,0.0,2.0,4.0,,2.0,14.0,,8.0,9.0,2.0,0.0,5.0,0.0,1.0,1.0,5.0,3.0,2.0,2.0,2.0,4.0,3.0,2.0,1.0,4.0,4.0,4.0,2.0,3.0,2.0,14.0,2.0,6.0,,0.0,9.0,,2.0,3.0,7.0,3.0,2.0,4.0,0.0,,36.0,0.0,0.0,1.0,0.0,63.0,74.0,84.0,,,0.0,0.01,0.07,0.31,,29.48,11.82,0.036,0.763,0.263,1.45,15.29,32.59,40.1,81.27,9.05,87.22,72.74,0.59,6.23,7.12,75.2,0.0,,284.3,0.257,17.19,3.627,12.83,0.034,2.581,9.47,15.49,42.48,129.1,1.654,1.636,52.1,0.5,2.211,8.281,93.0,0.702,4.83,171.0,4.553,34.3,1.428,22.671,5.729,,,1.046,,22.4,,21.99,64.33,1.372,300.6,4.72,,0
48.0,1.0,16.0,2.0,91.0,37.0,38.0,4.0,,103.3,158.1,50.7,57.0,53.0,73.0,102.3,28.6114,86.0,189.0,87.0,20.1,25.7,2.3,5.9,10.5,9.3,9.9,8.9,13.4,15.6,0.5,0.8,4.5,4.3,2.4,2.9,33.3,18.2,29.4,25.9,5792.0,38.1,20.2,45.3,36.6,462.0,288.0,243.0,233.0,233.0,3.979769,3.536279,,313.243008,4.62,3.0,4.0,,,25.0,,,6.0,17.0,3.0,,3.0,6.0,1.0,3.0,6.0,3.0,3.0,1.0,2.0,1.0,0.0,7.0,2.0,2.0,1.0,2.0,1.0,0.0,0.0,0.0,3.0,4.461,1.0,9.0,,6.0,1.0,6.0,0.0,34.0,5.0,6.0,0.0,0.0,3.0,0.0,1.0,3.0,1.0,1.0,0.0,0.0,3.0,1.0,5.0,1.0,3.0,0.0,0.0,1.0,,,,2.0,2.0,2.0,2.0,0.0,3.0,1.0,5.0,0.0,16.0,35.0,0.0,,0.0,0.0,96.0,86.0,,44.0,0.0,0.0,0.09,1.55,0.12,2.16,46.61,15.5,0.006,0.104,0.237,1.12,19.54,31.65,33.26,95.17,8.26,121.59,93.3,0.8,14.0,,62.8,0.0,0.0,356.2,0.294,16.54,4.897,13.03,0.094,0.81,5.72,17.38,46.92,69.1,2.147,1.459,31.4,0.32,2.518,4.916,106.8,0.828,1.37,14.5,4.885,41.6,1.744,27.637,4.268,15.65,,1.304,,15.25,,6.75,83.15,3.367,357.4,3.41,100.8,0
67.0,0.0,37.0,1.0,,4.0,,,19.0,77.2,118.1,92.8,9.0,11.0,68.0,52.2,22.2769,95.0,153.0,94.0,34.3,24.8,,2.9,8.5,6.1,6.7,7.9,28.4,13.7,0.4,1.0,1.9,2.8,3.6,2.0,27.1,5.9,36.2,21.0,5089.0,28.1,21.9,41.1,35.8,784.0,328.0,374.0,290.0,266.0,3.33383,,2.427,265.989953,1.7,1.0,3.0,,3.0,176.0,5.0,,11.0,10.0,,5.0,1.0,2.0,2.0,4.0,0.0,1.0,4.0,1.0,1.0,3.0,1.0,5.0,3.0,2.0,2.0,2.0,2.0,0.0,0.0,0.0,3.0,,2.0,0.0,0.0,3.0,2.0,0.0,0.0,5.0,6.0,1.0,2.0,0.0,3.0,2.0,2.0,4.0,2.0,0.0,0.0,1.0,3.0,2.0,2.0,2.0,3.0,1.0,16.0,19.0,,,1.0,2.0,0.0,1.0,3.0,1.0,2.0,1.0,4.0,0.0,15.0,2.0,1.0,0.0,1.0,0.0,,74.0,,58.0,0.0,0.0,0.18,3.3,0.51,9.29,31.66,13.47,0.027,0.346,0.27,1.13,20.53,35.07,42.55,82.43,10.7,85.6,72.13,0.73,13.2,2.95,53.7,0.0,0.0,174.8,0.187,16.54,3.841,14.36,0.085,,5.5,12.34,43.27,106.6,1.706,0.751,17.1,4.64,2.385,3.523,80.6,1.391,4.19,133.2,4.693,32.4,1.746,10.366,3.74,,,1.083,,,1.551,18.27,68.07,1.856,491.4,,94.5,0
58.0,1.0,4.0,1.0,,7.0,55.0,,24.0,65.0,106.6,63.6,34.0,19.0,65.0,63.5,19.4161,90.0,181.0,95.0,14.0,14.0,1.5,1.5,6.8,11.0,10.8,8.8,14.0,26.5,0.5,1.3,4.6,4.6,4.1,2.5,11.2,5.0,40.3,37.5,6864.0,13.6,11.3,67.1,37.5,431.0,261.0,231.0,116.0,215.0,4.745082,4.270753,0.5,,4.76,3.0,,1.0,,,,,,36.0,5.0,,5.0,4.0,1.0,6.0,0.0,6.0,0.0,3.0,2.0,0.0,0.0,7.0,3.0,2.0,2.0,3.0,2.0,0.0,1.0,0.0,,15.694,0.0,11.0,,0.0,8.0,6.0,2.0,6.0,4.0,3.0,3.0,3.0,2.0,5.0,1.0,2.0,3.0,3.0,1.0,1.0,1.0,1.0,5.0,0.0,3.0,,1.0,5.0,0.0,,1.0,6.0,7.0,2.0,3.0,13.0,2.0,3.0,2.0,0.0,28.0,3.0,0.0,1.0,0.0,0.0,,90.0,,48.0,,0.0,0.05,0.93,0.58,9.79,49.33,14.26,0.041,0.691,,1.2,20.5,29.11,28.91,100.7,7.68,119.04,93.65,0.49,8.3,3.55,60.5,0.0,0.0,137.7,0.106,16.76,4.899,12.82,,0.483,5.88,17.17,,36.5,1.061,0.969,18.8,11.74,,7.811,94.0,0.858,1.25,22.3,8.979,31.5,0.783,13.017,2.332,17.0,,1.106,,137.61,,5.96,66.67,0.784,510.2,7.1,38.0,0
63.0,1.0,40.0,1.0,74.0,28.0,,5.0,,83.2,166.1,92.8,57.0,42.0,86.0,102.7,26.776,107.0,196.0,91.0,15.9,14.4,3.1,3.4,10.1,9.5,13.0,11.2,41.0,18.0,0.5,0.5,4.2,2.5,3.4,2.3,13.7,9.3,23.6,39.9,7996.0,23.6,10.1,59.6,50.2,517.0,324.0,340.0,306.0,218.0,15.439591,4.495035,,930.430658,4.3,,,,2.0,,1.0,,,125.0,2.0,,1.0,5.0,1.0,7.0,0.0,7.0,3.0,3.0,2.0,0.0,0.0,6.0,3.0,1.0,1.0,3.0,2.0,2.0,2.0,0.0,,37.86,0.0,,6.0,7.0,1.0,1.0,0.0,40.0,8.0,8.0,4.0,1.0,1.0,5.0,4.0,2.0,1.0,0.0,0.0,1.0,2.0,2.0,3.0,0.0,3.0,2.0,,1.0,0.0,0.0,,1.0,5.0,1.0,2.0,0.0,2.0,2.0,4.0,3.0,25.0,47.0,1.0,1.0,0.0,1.0,,75.0,,45.0,,1.0,0.06,1.09,0.31,5.36,36.92,15.93,0.008,0.816,0.194,1.64,28.11,35.03,43.15,81.19,9.92,101.98,82.09,0.58,9.86,3.24,,0.0,0.0,395.6,,16.87,4.547,12.53,0.071,2.288,5.83,11.44,43.7,,1.12,,31.7,19.54,2.547,,88.2,0.803,1.45,162.8,7.762,39.9,0.837,23.225,4.605,,,1.162,,72.47,,,76.57,1.307,407.8,3.45,34.5,0
58.0,0.0,0.0,4.0,0.0,5.0,,9.0,,78.5,169.2,,3.0,17.0,106.0,80.0,33.1904,104.0,155.0,80.0,48.4,50.7,8.6,7.8,6.8,6.0,4.6,6.2,43.2,51.5,1.9,2.3,1.8,1.9,1.5,1.4,52.5,11.8,20.6,19.8,4844.0,16.6,35.7,37.0,26.9,674.0,,,285.0,234.0,5.600235,3.873497,1.976,667.471682,,,,,3.0,14.0,,,,190.0,,3.0,2.0,5.0,1.0,2.0,1.0,0.0,6.0,2.0,3.0,,2.0,5.0,3.0,3.0,1.0,2.0,2.0,0.0,0.0,0.0,4.0,,1.0,10.0,0.0,10.0,4.0,3.0,0.0,33.0,6.0,8.0,1.0,7.0,2.0,1.0,1.0,1.0,3.0,0.0,2.0,0.0,5.0,1.0,5.0,0.0,4.0,1.0,1.0,19.0,0.0,0.0,,,5.0,3.0,4.0,6.0,5.0,,2.0,5.0,29.0,13.0,0.0,1.0,0.0,,,88.0,,,,1.0,0.0,0.01,0.21,3.13,37.91,15.35,0.019,0.25,0.202,3.66,55.08,34.42,40.49,85.01,12.35,101.94,74.83,0.26,3.96,2.51,37.8,0.0,0.0,411.9,0.509,17.28,4.459,13.17,0.035,,6.64,9.46,41.64,114.6,1.212,1.313,21.0,11.93,2.543,6.764,54.9,0.655,1.1,,4.292,27.9,1.513,13.114,4.327,168.94,,1.457,,33.95,1.297,4.59,64.62,,110.6,4.51,79.5,0
46.0,0.0,31.0,1.0,,,,3.0,14.0,107.4,184.4,62.0,12.0,13.0,91.0,46.3,19.8691,92.0,153.0,82.0,30.5,25.2,2.6,3.5,7.2,8.6,5.8,6.0,22.7,16.9,1.1,1.1,2.6,2.4,2.6,2.3,12.0,18.4,36.4,20.2,5619.0,23.5,16.7,53.9,32.1,,401.0,404.0,321.0,252.0,3.369609,2.251981,2.242,648.425619,,,2.0,4.0,,39.0,,4.0,,23.0,1.0,5.0,1.0,4.0,0.0,3.0,0.0,7.0,1.0,1.0,0.0,0.0,0.0,5.0,2.0,1.0,2.0,2.0,2.0,2.0,0.0,0.0,2.0,,2.0,53.0,,2.0,9.0,1.0,0.0,0.0,7.0,8.0,6.0,3.0,1.0,2.0,4.0,2.0,5.0,0.0,4.0,0.0,4.0,2.0,5.0,1.0,3.0,6.0,,0.0,3.0,,1.0,9.0,0.0,1.0,1.0,0.0,2.0,2.0,3.0,0.0,22.0,2.0,0.0,1.0,0.0,0.0,,75.0,,88.0,1.0,1.0,0.01,0.15,0.14,1.64,48.95,14.19,0.031,0.126,,2.56,30.85,28.22,28.98,97.36,,113.61,86.62,0.73,8.82,4.86,58.5,0.0,0.0,244.0,0.213,16.26,5.027,12.17,0.049,1.881,8.29,12.53,47.21,,,1.887,20.3,0.51,2.62,8.519,,0.886,1.07,16.0,3.834,47.6,1.471,32.849,5.632,3.81,,0.983,,,,11.01,64.07,0.633,503.0,7.93,92.0,0
50.0,0.0,33.0,3.0,2.0,23.0,,7.0,,87.1,126.4,60.1,10.0,34.0,,64.0,26.5491,126.0,155.0,83.0,42.2,44.9,,6.5,6.7,7.4,6.5,10.2,48.4,35.7,1.8,1.9,2.9,2.5,1.6,1.7,26.5,25.9,24.4,23.8,4606.0,47.8,50.3,57.9,41.1,549.0,302.0,249.0,212.0,194.0,3.217697,1.559947,,547.95891,,,3.0,3.0,,20.0,,4.0,20.0,20.0,2.0,3.0,3.0,5.0,5.0,6.0,5.0,,3.0,1.0,0.0,2.0,1.0,7.0,3.0,4.0,2.0,2.0,,0.0,0.0,0.0,2.0,,1.0,4.0,4.0,8.0,5.0,5.0,5.0,21.0,6.0,29.0,0.0,3.0,1.0,2.0,3.0,3.0,3.0,0.0,0.0,0.0,2.0,1.0,5.0,2.0,3.0,,17.0,15.0,11.0,,,1.0,8.0,2.0,2.0,,3.0,1.0,3.0,0.0,17.0,44.0,,1.0,0.0,0.0,,33.0,,47.0,,1.0,0.01,0.1,0.09,1.38,44.12,14.98,0.014,0.888,0.427,2.12,33.42,27.53,33.95,81.07,,104.28,72.17,0.26,4.12,3.87,61.0,0.0,,254.5,0.285,17.86,5.442,14.49,0.03,1.085,6.35,10.9,49.85,100.2,1.858,1.154,34.1,0.39,2.362,4.772,90.3,1.109,1.45,22.9,9.102,59.2,1.501,22.388,,19.02,,1.401,,,1.532,22.57,74.27,1.098,476.9,7.63,20.8,0
65.0,1.0,7.0,2.0,5.0,,,2.0,17.0,101.5,176.1,62.2,14.0,21.0,124.0,115.8,41.9968,136.0,166.0,93.0,50.3,48.6,14.4,10.0,7.2,6.1,9.5,6.9,54.1,64.7,3.4,3.4,1.8,2.1,2.3,2.2,38.1,26.4,34.7,23.4,5342.0,49.0,52.2,66.0,42.9,676.0,455.0,313.0,330.0,327.0,4.662665,2.854382,,652.705534,,2.0,,5.0,3.0,43.0,5.0,3.0,,128.0,1.0,6.0,1.0,,4.0,6.0,3.0,1.0,1.0,2.0,,0.0,0.0,10.0,,2.0,2.0,1.0,,1.0,0.0,1.0,2.0,,2.0,0.0,0.0,2.0,6.0,3.0,4.0,7.0,8.0,5.0,4.0,0.0,2.0,1.0,3.0,2.0,2.0,0.0,4.0,0.0,0.0,1.0,5.0,2.0,2.0,,1.0,,0.0,2.0,,1.0,0.0,2.0,2.0,6.0,2.0,1.0,4.0,2.0,18.0,30.0,0.0,0.0,1.0,1.0,71.0,38.0,,80.0,,1.0,0.01,0.21,0.59,8.89,39.65,14.22,,0.408,0.363,2.08,31.61,30.3,35.86,84.5,7.52,99.19,81.59,0.22,3.37,3.68,55.9,0.0,0.0,195.1,0.147,16.39,4.693,13.97,0.044,2.585,6.59,,39.78,68.9,,0.854,22.1,0.54,2.44,4.059,80.0,,,20.7,10.391,90.1,1.075,19.899,2.303,10.68,1835.7,1.53,,136.64,15.51,10.59,66.05,2.402,342.7,3.33,,0
64.0,1.0,16.0,2.0,24.0,29.0,,3.0,,88.9,175.2,67.5,64.0,49.0,72.0,113.4,33.5973,94.0,184.0,100.0,31.6,38.6,5.8,8.5,12.4,13.4,10.0,10.9,18.7,46.7,1.9,0.8,3.3,4.9,4.7,4.1,,16.0,43.6,40.2,9722.0,35.7,15.2,69.3,57.0,508.0,309.0,324.0,186.0,216.0,2.168155,,-1.313,337.472579,,4.0,,,,,3.0,,,27.0,2.0,,4.0,4.0,2.0,5.0,5.0,1.0,4.0,1.0,2.0,0.0,0.0,7.0,4.0,,1.0,2.0,2.0,0.0,0.0,1.0,2.0,,1.0,0.0,,2.0,3.0,3.0,2.0,24.0,7.0,12.0,1.0,2.0,2.0,2.0,0.0,0.0,2.0,3.0,1.0,1.0,1.0,2.0,5.0,2.0,4.0,1.0,9.0,,0.0,0.0,1.0,9.0,0.0,2.0,2.0,0.0,6.0,2.0,3.0,0.0,,1.0,0.0,,1.0,0.0,,91.0,82.0,,,0.0,0.2,5.18,0.09,2.35,34.95,,0.047,0.606,0.435,0.99,26.1,27.03,38.43,70.35,9.52,87.36,76.55,0.45,,2.07,54.5,0.0,0.0,131.1,0.125,15.88,4.969,14.66,0.035,2.12,3.79,37.33,40.97,124.2,2.268,0.691,37.3,0.18,2.248,,98.7,1.083,1.95,95.3,,56.2,1.222,12.504,2.807,176.8,,1.114,,15.55,8.631,13.97,68.61,0.655,405.2,8.53,,0
60.0,0.0,21.0,3.0,,1.0,,,,75.9,135.6,70.3,16.0,11.0,81.0,67.5,28.0665,129.0,155.0,79.0,38.8,43.7,8.9,8.4,8.3,6.9,5.8,6.2,40.7,52.1,3.0,3.2,2.2,2.3,2.6,1.8,48.9,27.4,25.2,21.2,5709.0,47.9,48.9,39.2,26.5,673.0,370.0,326.0,250.0,236.0,5.110536,4.290055,,679.479927,,1.0,2.0,3.0,,51.0,,3.0,,17.0,4.0,,,4.0,6.0,7.0,1.0,1.0,0.0,2.0,,,0.0,9.0,2.0,,3.0,2.0,1.0,2.0,2.0,0.0,3.0,58.024,0.0,3.0,0.0,1.0,1.0,2.0,0.0,3.0,4.0,3.0,1.0,7.0,2.0,2.0,2.0,0.0,4.0,0.0,2.0,0.0,4.0,3.0,4.0,2.0,3.0,,21.0,4.0,5.0,0.0,1.0,4.0,6.0,2.0,2.0,9.0,2.0,1.0,2.0,0.0,60.0,7.0,0.0,0.0,0.0,0.0,91.0,74.0,,85.0,1.0,1.0,0.2,3.52,0.03,0.5,49.48,13.3,0.039,0.535,0.312,1.12,19.91,27.16,26.87,101.08,7.73,120.0,94.68,0.37,6.54,3.91,69.5,0.0,0.0,212.6,0.164,15.44,4.895,16.54,,2.676,5.62,8.87,46.12,62.9,1.396,1.631,43.0,16.45,,8.459,51.1,0.806,1.25,20.7,7.221,35.3,0.869,12.418,,146.26,,0.995,,17.28,,7.73,69.88,4.072,228.5,5.82,65.5,0
68.0,0.0,21.0,1.0,,28.0,,,,,106.6,52.9,36.0,11.0,88.0,62.3,21.2977,100.0,171.0,84.0,14.3,17.6,2.1,3.0,8.0,7.5,6.4,6.4,27.6,17.6,0.6,0.6,2.5,1.9,2.0,2.1,14.2,5.7,32.7,21.7,4827.0,22.6,17.6,65.5,31.7,585.0,262.0,262.0,236.0,171.0,5.675881,2.204873,-0.044,,3.12,4.0,,,4.0,115.0,,,207.0,116.0,,2.0,2.0,4.0,3.0,5.0,,1.0,6.0,2.0,2.0,0.0,0.0,6.0,2.0,3.0,2.0,1.0,2.0,2.0,0.0,0.0,3.0,,0.0,0.0,1.0,0.0,2.0,1.0,2.0,12.0,4.0,1.0,1.0,2.0,1.0,2.0,2.0,2.0,2.0,2.0,1.0,3.0,1.0,1.0,5.0,2.0,5.0,,0.0,1.0,,0.0,1.0,9.0,6.0,5.0,1.0,,4.0,1.0,1.0,3.0,14.0,2.0,0.0,,1.0,1.0,76.0,,90.0,,,1.0,0.0,0.0,0.06,0.86,30.61,11.54,0.033,1.022,0.291,0.38,5.02,31.56,37.71,83.69,9.41,105.8,79.66,0.57,7.58,6.53,86.5,0.0,0.0,382.0,0.36,17.19,3.658,15.23,0.112,2.22,7.54,47.47,39.32,84.9,2.066,1.37,16.1,14.51,2.238,7.936,115.2,1.263,1.11,25.6,3.822,26.4,2.286,10.355,5.036,,,,,139.19,,11.11,65.63,4.061,404.2,5.12,83.3,0
62.0,1.0,17.0,4.0,,,37.0,9.0,20.0,73.3,123.6,88.3,52.0,25.0,105.0,61.5,20.5142,96.0,173.0,97.0,25.2,39.4,7.1,8.2,12.8,11.1,11.0,12.1,26.2,17.4,1.8,,3.0,4.2,3.0,2.6,37.4,17.8,23.3,30.6,9411.0,28.1,,40.6,36.7,706.0,333.0,247.0,219.0,215.0,5.363368,2.858996,,279.781773,4.38,,3.0,5.0,3.0,346.0,5.0,5.0,216.0,,3.0,3.0,2.0,4.0,2.0,7.0,0.0,5.0,3.0,3.0,1.0,0.0,1.0,5.0,3.0,,3.0,3.0,1.0,0.0,2.0,2.0,,,,11.0,0.0,1.0,5.0,4.0,8.0,37.0,10.0,1.0,4.0,2.0,2.0,2.0,4.0,2.0,2.0,0.0,5.0,3.0,,3.0,5.0,0.0,3.0,2.0,,7.0,,,1.0,4.0,1.0,6.0,2.0,,2.0,,3.0,2.0,14.0,2.0,0.0,1.0,1.0,0.0,,84.0,,78.0,,0.0,0.17,2.93,0.03,0.6,42.66,13.2,0.025,0.727,0.199,2.57,44.33,30.76,30.93,99.43,8.29,,83.67,0.46,7.91,2.56,44.2,0.0,0.0,,0.198,16.59,4.291,12.51,,1.235,5.79,,43.48,57.5,1.631,,57.3,1.3,2.618,8.463,111.7,1.345,1.26,142.4,4.31,32.2,1.699,27.991,6.482,13.98,,0.885,,,12.614,8.52,,2.885,462.6,6.0,37.3,0
42.0,0.0,42.0,2.0,4.0,11.0,57.0,,21.0,101.7,164.0,50.4,50.0,43.0,108.0,68.3,25.395,111.0,164.0,81.0,44.8,47.5,6.4,3.3,12.9,7.0,8.5,6.8,33.8,27.1,1.4,1.6,2.3,2.3,2.9,2.5,29.8,23.3,37.3,19.8,5873.0,31.9,29.2,64.0,54.4,656.0,284.0,347.0,231.0,173.0,4.901573,3.848366,2.777,686.330157,4.74,,,1.0,4.0,205.0,,3.0,22.0,14.0,,4.0,0.0,1.0,3.0,4.0,0.0,0.0,5.0,3.0,1.0,0.0,0.0,9.0,2.0,3.0,1.0,2.0,2.0,1.0,0.0,0.0,3.0,14.06,1.0,4.0,6.0,6.0,,0.0,1.0,77.0,7.0,1.0,3.0,9.0,2.0,1.0,3.0,1.0,3.0,1.0,2.0,1.0,1.0,4.0,5.0,0.0,3.0,15.0,19.0,28.0,14.0,0.0,,1.0,1.0,1.0,1.0,0.0,1.0,2.0,1.0,6.0,20.0,1.0,0.0,1.0,0.0,0.0,,79.0,,83.0,,0.0,0.0,0.01,0.12,1.24,45.09,12.87,0.017,0.446,0.27,2.59,26.72,27.56,28.54,96.56,11.81,110.5,92.4,0.21,2.16,6.78,69.9,0.0,0.0,196.0,0.231,17.57,4.669,13.06,0.046,1.99,9.71,17.41,,,1.288,0.865,21.4,14.63,2.575,6.813,64.8,0.973,1.6,,9.843,63.0,1.215,18.785,2.589,,,0.832,,43.67,1.396,5.55,65.8,5.554,161.7,3.13,,0
59.0,0.0,21.0,1.0,,,44.0,8.0,,96.8,152.2,73.2,52.0,19.0,105.0,84.0,25.2882,90.0,182.0,91.0,20.1,19.3,2.4,6.2,11.6,8.2,7.5,9.4,33.9,17.1,1.1,0.5,2.5,2.2,2.5,3.2,36.7,6.3,28.4,26.7,5447.0,26.1,16.2,49.9,31.3,747.0,400.0,423.0,315.0,282.0,5.883461,3.413618,-0.196,271.884899,3.74,,2.0,,,34.0,1.0,,118.0,12.0,3.0,3.0,3.0,3.0,2.0,2.0,6.0,0.0,6.0,1.0,2.0,0.0,1.0,5.0,3.0,3.0,1.0,2.0,,0.0,0.0,2.0,2.0,,1.0,0.0,0.0,5.0,5.0,2.0,0.0,7.0,6.0,2.0,0.0,2.0,3.0,2.0,2.0,3.0,2.0,2.0,,1.0,4.0,1.0,4.0,2.0,2.0,,13.0,10.0,,,,0.0,0.0,1.0,2.0,0.0,3.0,1.0,3.0,,16.0,39.0,1.0,,0.0,0.0,82.0,90.0,,,,1.0,0.0,0.07,0.01,0.24,35.9,11.59,0.035,0.346,0.324,1.48,29.99,29.55,32.28,91.57,8.83,110.18,94.52,0.36,7.22,3.09,62.5,,0.0,207.4,0.183,17.58,3.92,12.29,0.02,1.37,4.95,12.71,45.95,129.0,,1.215,,0.28,2.635,7.203,72.1,0.806,1.58,16.4,,27.5,0.941,,2.866,14.5,,0.878,,38.85,1.332,4.35,76.0,0.573,158.2,3.07,98.4,0
54.0,1.0,5.0,2.0,71.0,,55.0,9.0,14.0,65.0,104.8,54.0,44.0,57.0,113.0,124.9,39.2447,121.0,178.0,97.0,50.4,43.6,7.4,9.2,8.0,6.5,10.4,9.9,43.7,52.8,3.5,,2.5,3.5,2.9,4.3,36.3,26.7,28.7,39.5,5488.0,37.8,48.4,75.8,29.7,538.0,252.0,356.0,210.0,257.0,3.593797,2.3574,0.183,648.046437,,,,3.0,,40.0,,,5.0,222.0,2.0,6.0,5.0,5.0,1.0,6.0,5.0,0.0,6.0,1.0,0.0,0.0,1.0,6.0,3.0,3.0,1.0,2.0,1.0,1.0,1.0,1.0,1.0,74.816,0.0,12.0,0.0,7.0,4.0,4.0,8.0,5.0,4.0,9.0,1.0,1.0,3.0,2.0,4.0,2.0,2.0,3.0,2.0,2.0,1.0,3.0,2.0,2.0,1.0,2.0,1.0,,1.0,0.0,1.0,7.0,6.0,1.0,2.0,,3.0,3.0,4.0,11.0,20.0,19.0,1.0,1.0,0.0,,,,84.0,80.0,,0.0,0.01,0.19,0.34,7.77,38.22,11.94,,0.115,0.161,1.68,38.51,29.49,31.23,94.42,11.15,110.5,94.27,0.4,9.08,1.94,44.4,0.0,0.0,277.7,0.31,15.79,4.048,12.58,0.025,1.026,4.36,31.81,49.48,87.7,1.406,0.881,31.4,0.87,2.315,5.827,59.8,0.7,4.27,51.6,3.741,28.4,2.066,23.87,2.782,,,0.82,,40.83,11.263,18.77,69.35,1.043,202.3,4.81,23.3,0
64.0,1.0,38.0,2.0,109.0,39.0,,8.0,15.0,90.8,183.0,51.1,33.0,32.0,106.0,56.4,20.1282,108.0,167.0,94.0,15.8,19.7,3.4,2.2,10.5,10.4,11.0,8.3,25.5,35.7,1.4,1.0,2.7,4.4,2.3,2.0,19.4,9.6,29.1,23.1,7243.0,31.9,12.6,53.1,31.2,518.0,272.0,261.0,186.0,173.0,2.964639,1.670039,,467.734299,,,,1.0,3.0,36.0,,5.0,29.0,22.0,2.0,,3.0,3.0,2.0,4.0,0.0,3.0,0.0,2.0,1.0,1.0,0.0,5.0,2.0,2.0,1.0,2.0,2.0,0.0,1.0,0.0,3.0,41.101,0.0,0.0,0.0,0.0,1.0,4.0,2.0,8.0,7.0,2.0,1.0,5.0,3.0,1.0,2.0,5.0,3.0,0.0,3.0,1.0,3.0,1.0,4.0,2.0,4.0,14.0,,1.0,,4.0,0.0,5.0,1.0,1.0,2.0,4.0,3.0,2.0,4.0,0.0,17.0,3.0,0.0,0.0,0.0,0.0,,93.0,,73.0,,1.0,0.01,0.27,0.05,0.97,40.68,14.93,0.018,,0.375,3.2,57.92,36.71,36.7,100.03,11.71,114.49,86.98,0.21,3.74,2.05,37.1,0.0,0.0,366.9,0.43,15.75,4.067,12.57,0.037,0.988,5.52,59.12,43.69,63.9,,1.466,50.0,0.88,2.423,8.129,116.1,0.991,1.43,39.6,10.019,54.6,1.325,,5.681,164.72,,1.311,,20.01,14.991,17.68,66.6,0.551,379.5,7.33,14.5,0
55.0,1.0,38.0,1.0,,,,3.0,15.0,100.6,141.4,54.8,17.0,37.0,118.0,95.5,34.985,115.0,165.0,87.0,40.3,40.8,3.2,4.5,8.4,12.0,9.3,10.4,27.0,44.3,2.4,,3.0,2.9,3.7,2.7,39.5,23.6,30.9,26.9,6048.0,37.8,23.2,68.8,55.6,689.0,363.0,401.0,278.0,304.0,5.936402,3.410951,0.885,581.606482,,,,4.0,,,,2.0,,,1.0,2.0,3.0,5.0,6.0,6.0,0.0,5.0,3.0,3.0,3.0,0.0,0.0,8.0,3.0,1.0,1.0,1.0,2.0,0.0,0.0,0.0,3.0,30.183,2.0,0.0,0.0,3.0,4.0,1.0,0.0,,7.0,6.0,3.0,1.0,1.0,2.0,,2.0,4.0,0.0,0.0,1.0,2.0,3.0,2.0,0.0,3.0,0.0,1.0,0.0,,0.0,1.0,8.0,1.0,2.0,3.0,7.0,5.0,1.0,3.0,0.0,15.0,43.0,0.0,1.0,1.0,,,,,,1.0,1.0,0.04,0.46,,1.3,32.04,12.31,,0.371,0.399,,26.11,31.78,38.44,82.69,8.49,86.07,72.12,0.65,8.41,4.95,63.7,0.0,0.0,237.3,0.202,16.36,3.874,12.01,0.106,2.441,7.77,,51.28,149.4,1.826,1.546,24.1,,2.355,8.463,,1.115,1.15,20.9,4.787,28.8,2.267,25.13,5.284,36.67,,1.008,,141.87,11.124,24.71,,3.046,232.2,5.84,65.8,0
64.0,1.0,9.0,4.0,,6.0,42.0,,15.0,100.7,172.4,68.0,27.0,31.0,114.0,93.4,35.8489,92.0,161.0,86.0,48.5,41.4,8.9,9.0,13.0,11.2,10.4,10.2,41.1,46.4,3.4,3.6,4.2,3.2,2.3,3.2,41.7,27.4,32.6,29.3,8706.0,49.2,43.4,66.4,54.0,,314.0,302.0,304.0,252.0,4.003744,,,632.274017,,4.0,,,3.0,9.0,,,,417.0,1.0,,3.0,2.0,1.0,6.0,6.0,0.0,5.0,3.0,1.0,0.0,1.0,7.0,3.0,2.0,2.0,1.0,2.0,1.0,0.0,0.0,4.0,,1.0,0.0,0.0,5.0,1.0,4.0,0.0,15.0,1.0,3.0,5.0,0.0,2.0,2.0,2.0,2.0,2.0,3.0,1.0,2.0,3.0,2.0,4.0,1.0,3.0,1.0,,3.0,0.0,0.0,1.0,4.0,5.0,1.0,3.0,,4.0,2.0,2.0,12.0,13.0,1.0,0.0,1.0,1.0,0.0,,,63.0,,1.0,1.0,0.18,1.23,0.45,3.06,39.38,14.16,0.017,0.823,0.207,10.83,74.12,33.56,35.97,93.3,9.84,117.71,75.78,0.71,4.86,2.44,16.7,0.0,0.0,362.3,0.357,16.46,4.221,14.77,0.009,1.206,14.61,13.59,39.63,,1.719,1.442,38.0,14.88,,6.892,87.4,1.086,1.11,76.0,3.893,27.1,2.016,25.535,5.547,79.82,,0.999,,14.23,,12.42,66.17,4.093,203.0,3.13,72.0,0
59.0,1.0,22.0,2.0,1.0,2.0,8.0,6.0,19.0,78.5,108.1,64.4,24.0,45.0,95.0,130.5,37.56,93.0,186.0,89.0,33.8,30.0,3.6,5.3,10.8,7.5,6.6,5.8,37.4,21.6,1.1,3.2,2.8,2.4,1.8,4.3,29.8,13.1,25.9,40.2,6454.0,24.8,43.1,44.7,28.0,668.0,316.0,343.0,307.0,249.0,1.947905,,1.195,265.942871,3.89,4.0,,,,69.0,,,,,2.0,,1.0,,,6.0,0.0,0.0,1.0,1.0,2.0,0.0,0.0,10.0,3.0,2.0,2.0,3.0,1.0,0.0,0.0,1.0,3.0,,0.0,11.0,0.0,0.0,8.0,2.0,5.0,8.0,6.0,2.0,0.0,7.0,2.0,1.0,3.0,3.0,3.0,3.0,0.0,1.0,3.0,2.0,5.0,2.0,2.0,1.0,,5.0,13.0,0.0,1.0,1.0,1.0,3.0,2.0,3.0,2.0,1.0,2.0,0.0,14.0,2.0,0.0,0.0,0.0,,,92.0,70.0,86.0,,1.0,0.16,2.96,0.02,0.41,40.18,14.08,0.006,0.179,0.357,1.08,20.47,33.76,35.05,96.34,8.34,111.3,84.56,0.29,5.52,3.72,70.6,0.0,0.0,279.5,0.233,15.94,4.171,16.02,0.121,2.538,5.27,,49.99,150.7,1.8,1.637,,1.24,,6.949,45.8,0.659,,16.3,4.867,30.9,1.759,20.375,5.563,,,1.097,,43.74,14.611,,73.76,0.976,171.7,2.82,47.8,0
64.0,1.0,7.0,2.0,72.0,23.0,,2.0,24.0,100.7,178.3,,43.0,25.0,69.0,59.2,20.6535,88.0,169.0,88.0,26.6,22.5,1.8,1.9,13.0,9.4,9.8,11.5,15.1,21.7,,0.5,2.3,4.9,1.9,3.0,16.4,7.1,38.8,38.7,7603.0,14.8,11.6,44.3,36.5,447.0,257.0,296.0,177.0,191.0,3.409595,,1.454,616.800417,,4.0,,,3.0,24.0,3.0,5.0,74.0,311.0,2.0,,3.0,2.0,0.0,5.0,0.0,1.0,2.0,2.0,,4.0,0.0,6.0,3.0,3.0,2.0,1.0,1.0,3.0,0.0,0.0,3.0,61.335,1.0,0.0,0.0,2.0,8.0,1.0,1.0,9.0,6.0,0.0,5.0,5.0,1.0,1.0,1.0,1.0,2.0,1.0,1.0,0.0,3.0,2.0,3.0,2.0,5.0,,1.0,0.0,0.0,1.0,1.0,9.0,0.0,4.0,2.0,,3.0,1.0,2.0,0.0,20.0,,0.0,1.0,0.0,0.0,,,,78.0,0.0,0.0,0.03,0.41,0.01,0.07,39.38,12.17,0.012,0.658,,3.71,50.71,31.28,30.89,101.25,9.05,119.64,,0.29,4.02,3.28,44.8,0.0,0.0,278.7,0.252,16.39,3.889,16.39,0.055,2.169,7.32,304.14,44.43,,1.283,0.46,55.4,0.74,2.464,3.551,112.5,0.852,1.45,102.5,4.134,29.7,1.341,12.167,1.824,161.94,,,,131.49,17.112,22.33,69.03,,490.8,3.34,87.1,0
55.0,1.0,17.0,2.0,3.0,,,6.0,19.0,93.7,126.1,47.5,23.0,28.0,92.0,49.8,20.3896,109.0,156.0,90.0,13.2,14.0,1.8,3.1,7.6,11.6,6.7,,14.7,24.0,,0.7,3.1,3.8,2.8,2.0,36.4,5.6,22.1,22.3,6950.0,15.4,11.2,42.4,38.3,550.0,412.0,437.0,294.0,325.0,,1.769439,-0.901,246.788297,,,3.0,4.0,3.0,,7.0,,16.0,185.0,,3.0,2.0,,3.0,7.0,0.0,0.0,0.0,3.0,0.0,1.0,0.0,9.0,2.0,1.0,1.0,3.0,2.0,1.0,1.0,2.0,4.0,,0.0,7.0,0.0,9.0,3.0,5.0,0.0,8.0,4.0,1.0,1.0,9.0,2.0,3.0,2.0,2.0,4.0,0.0,2.0,1.0,3.0,3.0,5.0,2.0,3.0,0.0,,1.0,,0.0,1.0,4.0,4.0,3.0,2.0,0.0,5.0,1.0,4.0,0.0,31.0,2.0,0.0,1.0,0.0,,,86.0,,,0.0,0.0,0.02,0.11,0.12,0.7,36.13,12.08,0.013,0.622,0.352,1.3,7.57,32.6,33.43,,8.89,123.81,92.32,,5.79,14.68,85.8,0.0,0.0,262.1,0.233,16.73,3.705,12.84,0.083,1.866,,16.24,44.43,65.1,2.159,0.666,20.8,7.57,2.594,4.273,106.8,0.798,1.56,12.9,3.588,29.6,,25.13,2.756,,,0.939,,37.16,18.069,7.8,66.92,1.222,495.7,8.21,34.9,0
45.0,0.0,13.0,1.0,,1.0,,,,107.4,156.5,57.9,36.0,37.0,112.0,71.7,22.1846,100.0,180.0,87.0,28.5,40.0,3.1,9.0,9.4,18.9,11.9,12.9,15.7,33.6,1.2,1.0,4.2,4.4,1.8,2.7,40.7,7.1,35.4,37.0,9423.0,17.8,41.9,65.8,43.4,471.0,257.0,273.0,179.0,170.0,3.667969,2.508504,-0.87,143.539472,1.87,4.0,4.0,,2.0,,,,,212.0,2.0,2.0,1.0,5.0,1.0,1.0,,4.0,0.0,1.0,0.0,0.0,1.0,8.0,2.0,2.0,2.0,3.0,1.0,0.0,0.0,2.0,2.0,78.572,0.0,,2.0,5.0,7.0,2.0,0.0,15.0,2.0,1.0,4.0,5.0,2.0,0.0,2.0,1.0,4.0,2.0,1.0,1.0,0.0,2.0,1.0,2.0,4.0,27.0,,,1.0,2.0,,8.0,4.0,1.0,2.0,0.0,3.0,,3.0,6.0,15.0,2.0,1.0,,0.0,,86.0,58.0,62.0,92.0,,0.0,0.01,0.18,0.04,0.54,37.88,13.47,0.019,0.683,0.338,3.29,,32.96,35.55,92.7,7.47,105.94,85.09,0.8,10.03,3.83,48.0,0.0,0.0,,0.24,17.71,4.087,19.2,0.073,0.771,7.98,15.63,,69.8,1.575,1.033,42.8,9.82,2.435,8.313,52.9,1.245,4.76,17.0,3.757,,2.282,10.416,5.56,88.88,,1.244,,,1.571,5.71,78.84,1.049,284.2,5.72,,0
61.0,0.0,20.0,3.0,,,8.0,2.0,14.0,95.9,182.1,51.4,23.0,40.0,85.0,59.8,22.1848,90.0,164.0,93.0,28.9,10.6,2.1,1.4,10.2,6.8,10.3,6.2,13.2,18.1,0.8,0.4,4.2,2.9,2.0,2.2,21.0,5.0,22.5,25.1,5066.0,23.0,9.6,74.6,41.0,664.0,378.0,421.0,312.0,316.0,1.583356,1.237345,-2.264,395.792135,4.12,4.0,3.0,2.0,3.0,,,,,277.0,5.0,4.0,1.0,2.0,3.0,5.0,5.0,4.0,3.0,1.0,5.0,1.0,0.0,5.0,2.0,1.0,2.0,1.0,,1.0,2.0,0.0,4.0,,0.0,0.0,0.0,1.0,5.0,1.0,0.0,6.0,9.0,6.0,7.0,0.0,2.0,5.0,2.0,2.0,1.0,2.0,1.0,2.0,2.0,3.0,5.0,1.0,3.0,0.0,1.0,,,2.0,0.0,1.0,1.0,2.0,1.0,9.0,4.0,1.0,4.0,5.0,21.0,48.0,1.0,0.0,0.0,0.0,,,65.0,35.0,,1.0,0.18,,0.07,1.53,40.67,15.39,0.01,0.315,,1.16,24.04,31.17,37.85,82.36,12.24,119.11,79.21,0.28,5.86,3.13,64.9,0.0,0.0,184.2,0.226,17.08,4.938,16.2,,1.184,4.82,,,70.2,,0.584,34.7,0.75,2.418,3.439,89.4,1.393,2.05,14.0,7.512,39.9,2.547,20.497,1.845,78.78,353.0,0.859,,118.22,1.769,13.07,64.72,4.809,490.5,4.99,73.2,0
51.0,1.0,14.0,1.0,,,22.0,,,65.4,117.1,62.0,20.0,23.0,112.0,71.9,31.2532,92.0,152.0,81.0,14.0,19.0,4.1,7.9,7.6,7.6,7.8,9.4,14.6,14.9,0.5,0.9,2.7,2.6,2.5,2.0,12.1,6.5,34.8,22.5,8619.0,28.5,17.2,42.0,40.0,633.0,399.0,275.0,261.0,299.0,5.997564,,,386.76134,3.76,,4.0,,5.0,,4.0,,,180.0,2.0,2.0,4.0,1.0,5.0,3.0,0.0,1.0,5.0,2.0,5.0,1.0,0.0,9.0,4.0,3.0,2.0,2.0,1.0,2.0,0.0,0.0,3.0,,1.0,3.0,1.0,4.0,0.0,4.0,0.0,6.0,9.0,9.0,8.0,0.0,2.0,5.0,2.0,3.0,0.0,0.0,0.0,4.0,1.0,1.0,5.0,1.0,3.0,1.0,0.0,1.0,0.0,,,10.0,5.0,1.0,2.0,,2.0,1.0,2.0,11.0,28.0,3.0,0.0,1.0,0.0,0.0,,,89.0,77.0,,0.0,0.16,1.55,0.12,1.12,36.42,14.42,0.007,0.16,0.377,1.72,16.63,31.91,39.59,80.62,9.52,96.67,,0.19,1.81,8.16,78.9,0.0,10.0,381.7,0.363,17.71,4.518,13.14,0.041,1.05,10.35,12.16,,79.8,1.412,1.534,18.6,6.14,2.42,,,0.708,1.03,,,28.4,1.201,34.295,,,,1.432,,35.63,12.515,4.2,64.21,1.763,106.3,3.39,23.7,0
66.0,0.0,13.0,2.0,,,38.0,4.0,20.0,82.1,118.4,61.2,12.0,21.0,102.0,95.7,37.1175,111.0,161.0,87.0,36.7,50.3,7.0,8.7,6.7,8.4,14.2,6.0,48.5,20.6,1.9,2.8,1.8,2.5,2.1,1.7,21.0,9.8,22.0,24.5,5194.0,46.0,46.3,48.9,26.5,677.0,440.0,383.0,304.0,320.0,1.875307,1.520964,-0.072,,,1.0,,,3.0,36.0,3.0,1.0,,198.0,3.0,5.0,4.0,2.0,0.0,3.0,7.0,1.0,0.0,2.0,1.0,0.0,0.0,10.0,4.0,3.0,1.0,1.0,1.0,0.0,0.0,0.0,3.0,,0.0,0.0,0.0,8.0,0.0,3.0,0.0,33.0,3.0,2.0,0.0,6.0,3.0,5.0,,3.0,5.0,4.0,3.0,2.0,3.0,2.0,4.0,2.0,1.0,10.0,12.0,,,5.0,1.0,5.0,5.0,3.0,3.0,2.0,3.0,1.0,3.0,0.0,18.0,1.0,,1.0,0.0,1.0,,,77.0,39.0,,0.0,0.19,2.65,0.41,5.62,47.29,16.93,0.006,0.298,0.281,,48.5,34.57,35.8,96.56,10.0,116.08,77.03,0.45,6.2,2.71,37.0,0.0,0.0,352.1,0.352,16.55,4.897,12.23,,1.844,7.31,36.46,46.12,69.4,2.08,1.536,40.1,0.62,2.64,8.102,75.1,,2.41,155.4,5.938,40.0,,33.942,6.666,29.78,,,,37.11,1.401,,,8.087,194.3,7.49,,0
59.0,0.0,2.0,1.0,52.0,24.0,,,14.0,81.6,103.9,63.3,16.0,17.0,122.0,93.8,40.007,124.0,153.0,90.0,42.5,49.2,,9.2,10.4,9.6,7.3,6.5,41.2,49.7,3.5,3.1,2.8,4.3,1.9,2.7,60.5,24.6,31.5,20.4,5548.0,49.6,54.3,,27.5,717.0,464.0,450.0,251.0,264.0,2.571163,1.170264,-0.638,155.14318,4.53,,,3.0,,320.0,1.0,,190.0,373.0,2.0,,1.0,5.0,3.0,3.0,0.0,6.0,4.0,3.0,0.0,1.0,0.0,8.0,2.0,2.0,2.0,3.0,2.0,0.0,0.0,0.0,4.0,,0.0,13.0,7.0,9.0,3.0,3.0,0.0,10.0,9.0,4.0,7.0,7.0,2.0,2.0,2.0,2.0,2.0,3.0,1.0,1.0,4.0,4.0,3.0,0.0,3.0,2.0,1.0,0.0,0.0,2.0,,1.0,,2.0,2.0,12.0,4.0,,4.0,6.0,14.0,39.0,0.0,0.0,0.0,0.0,,92.0,72.0,91.0,,0.0,0.05,0.47,0.11,1.09,53.73,15.01,0.005,0.881,0.347,2.29,22.71,27.36,27.93,97.93,10.7,115.93,94.38,0.75,7.44,6.87,68.3,0.0,0.0,160.3,0.171,17.14,5.487,15.52,0.1,1.701,10.06,59.61,51.75,92.6,1.06,0.807,25.2,1.19,2.286,5.215,62.6,0.748,1.1,25.9,4.804,,1.047,10.826,2.853,80.0,,0.965,,18.93,,4.6,53.93,3.062,441.9,7.67,27.6,0
46.0,0.0,12.0,2.0,,,54.0,,15.0,103.3,150.9,97.6,16.0,16.0,78.0,47.7,19.8495,96.0,155.0,89.0,27.3,27.8,2.1,2.1,7.2,6.7,11.4,7.3,19.6,,0.5,1.0,2.9,2.2,2.3,2.6,22.6,15.8,32.4,24.0,5333.0,17.0,21.3,74.0,27.8,668.0,279.0,242.0,209.0,260.0,4.71654,2.581874,2.536,327.553402,3.68,,2.0,5.0,1.0,,1.0,5.0,,118.0,4.0,,0.0,5.0,,6.0,1.0,1.0,1.0,1.0,1.0,2.0,0.0,6.0,3.0,2.0,1.0,2.0,2.0,2.0,0.0,1.0,4.0,,2.0,2.0,0.0,2.0,5.0,1.0,0.0,,7.0,9.0,1.0,8.0,2.0,4.0,1.0,2.0,3.0,1.0,1.0,,4.0,1.0,5.0,1.0,1.0,,,,10.0,3.0,0.0,6.0,2.0,2.0,1.0,1.0,6.0,1.0,3.0,0.0,18.0,2.0,,0.0,0.0,1.0,,62.0,,,,0.0,0.18,,0.14,2.79,34.37,15.4,0.011,0.788,0.203,1.61,33.21,31.24,44.8,69.73,11.65,,73.79,0.65,13.53,2.26,46.8,0.0,0.0,323.9,0.377,16.3,4.929,14.22,0.032,2.338,4.84,42.69,46.82,47.4,2.17,1.042,18.0,0.45,2.321,4.686,110.6,0.673,,17.1,8.344,,1.175,12.666,5.086,90.61,,0.481,,,2.268,25.4,78.09,1.322,377.5,7.59,100.6,0
65.0,0.0,2.0,3.0,4.0,14.0,12.0,1.0,,78.9,185.4,66.5,9.0,30.0,86.0,90.9,38.7074,95.0,153.0,87.0,38.7,32.9,2.7,5.5,6.3,6.1,7.1,6.2,41.1,25.8,3.7,3.2,1.9,1.9,1.7,2.5,46.2,,23.2,19.5,7252.0,35.8,32.1,40.2,31.9,791.0,460.0,453.0,318.0,318.0,2.78776,2.67625,0.319,143.35126,2.39,,,,2.0,300.0,4.0,2.0,198.0,312.0,6.0,,2.0,6.0,5.0,7.0,6.0,0.0,6.0,2.0,,1.0,2.0,9.0,1.0,2.0,1.0,2.0,1.0,1.0,1.0,2.0,,,2.0,1.0,3.0,5.0,0.0,6.0,1.0,9.0,8.0,5.0,6.0,0.0,2.0,0.0,0.0,4.0,2.0,4.0,1.0,3.0,3.0,1.0,3.0,2.0,2.0,0.0,0.0,0.0,0.0,0.0,,0.0,4.0,3.0,2.0,2.0,3.0,2.0,1.0,9.0,22.0,35.0,,1.0,0.0,0.0,,,,90.0,,0.0,0.14,3.09,0.51,11.33,46.53,11.94,0.017,0.628,0.229,0.85,18.76,23.61,25.67,91.96,11.33,111.19,85.47,0.95,21.04,2.06,45.8,0.0,0.0,303.8,0.344,17.33,5.06,12.17,0.075,1.947,4.51,42.68,44.48,109.2,1.986,1.406,19.4,,2.528,7.375,76.9,1.171,2.6,19.8,9.39,39.3,1.19,18.378,3.176,,,1.175,,18.16,2.151,5.07,66.89,4.024,517.3,21.36,56.1,0
68.0,1.0,30.0,2.0,86.0,6.0,27.0,,25.0,93.3,154.5,96.0,52.0,58.0,103.0,136.8,37.9449,90.0,190.0,99.0,41.9,37.5,2.4,7.1,13.7,12.5,12.9,11.3,38.7,53.6,0.9,,4.3,4.0,4.2,2.4,44.6,15.3,27.0,40.5,9716.0,32.8,45.5,93.8,41.2,611.0,356.0,320.0,251.0,260.0,2.385814,1.63041,-0.894,148.501992,5.81,,,3.0,,241.0,3.0,5.0,,22.0,,,2.0,5.0,1.0,6.0,1.0,6.0,3.0,3.0,0.0,0.0,0.0,7.0,3.0,4.0,3.0,3.0,2.0,2.0,0.0,0.0,3.0,,0.0,10.0,7.0,7.0,6.0,1.0,2.0,39.0,0.0,13.0,1.0,0.0,1.0,0.0,3.0,4.0,0.0,1.0,2.0,3.0,5.0,1.0,5.0,2.0,5.0,,,,0.0,,,3.0,7.0,1.0,2.0,13.0,6.0,3.0,2.0,11.0,,3.0,0.0,1.0,0.0,1.0,,,,,0.0,0.0,0.0,0.05,0.04,0.43,32.1,15.14,0.026,0.632,0.352,1.64,17.84,37.95,47.18,80.45,10.31,106.66,74.56,0.44,4.76,7.06,76.9,0.0,0.0,,,16.98,3.99,11.82,0.068,,9.18,11.7,,103.5,,1.059,16.1,21.37,2.352,,96.3,0.83,1.26,73.0,,52.5,1.326,10.331,2.979,138.31,,0.774,,22.24,9.11,4.28,74.65,3.313,339.4,3.77,95.7,0
66.0,1.0,45.0,4.0,3.0,17.0,25.0,,,67.1,121.2,48.8,46.0,24.0,67.0,93.5,30.69,97.0,175.0,97.0,23.8,16.4,2.0,1.4,,8.2,10.6,13.5,23.3,15.0,0.6,0.4,1.8,4.6,4.7,4.6,14.7,5.8,43.6,29.2,9839.0,8.5,9.0,74.4,49.5,499.0,318.0,241.0,242.0,261.0,3.722775,3.442957,2.969,583.782919,4.32,1.0,,4.0,3.0,27.0,2.0,1.0,17.0,113.0,,,2.0,7.0,3.0,6.0,0.0,0.0,3.0,2.0,,1.0,0.0,7.0,3.0,4.0,2.0,2.0,2.0,2.0,0.0,0.0,4.0,,0.0,0.0,3.0,1.0,3.0,4.0,0.0,13.0,3.0,1.0,1.0,2.0,3.0,1.0,0.0,5.0,5.0,1.0,0.0,3.0,3.0,1.0,4.0,2.0,2.0,16.0,0.0,0.0,,0.0,,3.0,2.0,1.0,2.0,0.0,3.0,1.0,5.0,11.0,17.0,3.0,0.0,1.0,0.0,0.0,,78.0,,85.0,0.0,1.0,0.0,0.03,0.25,2.16,49.95,16.5,0.046,0.476,0.413,3.59,31.29,31.81,33.04,96.29,8.53,109.48,83.28,0.62,5.37,7.01,,0.0,0.0,371.4,0.317,15.75,5.188,12.05,0.048,2.728,11.46,10.45,53.91,42.6,1.582,0.883,21.4,0.73,,4.769,62.8,0.798,1.24,25.9,4.596,28.3,,15.713,3.179,,,1.254,,57.05,17.481,6.21,76.39,,417.9,6.33,75.5,0
45.0,1.0,32.0,2.0,4.0,7.0,,3.0,20.0,62.9,109.4,69.2,61.0,27.0,66.0,68.0,19.5248,88.0,187.0,92.0,19.8,18.1,1.9,1.6,12.4,12.6,12.2,10.0,25.3,16.5,0.7,0.7,4.7,5.0,1.9,4.5,20.4,4.3,27.7,37.1,7681.0,24.8,16.2,48.2,56.6,427.0,222.0,125.0,119.0,,4.36848,3.756098,2.191,625.363983,2.01,,,3.0,3.0,,3.0,,,25.0,,,1.0,0.0,1.0,2.0,0.0,7.0,2.0,3.0,1.0,,0.0,9.0,3.0,2.0,1.0,2.0,2.0,2.0,0.0,0.0,2.0,,0.0,,,4.0,8.0,6.0,7.0,5.0,1.0,0.0,1.0,2.0,2.0,4.0,3.0,2.0,2.0,3.0,1.0,2.0,3.0,1.0,5.0,2.0,3.0,21.0,17.0,1.0,12.0,0.0,,1.0,4.0,3.0,2.0,1.0,3.0,2.0,3.0,2.0,23.0,1.0,0.0,,0.0,1.0,,88.0,,34.0,,0.0,0.07,0.56,0.56,4.52,50.0,16.91,0.005,0.677,0.322,2.93,23.71,32.88,33.81,97.25,7.82,120.44,84.57,0.92,7.43,7.88,63.8,0.0,0.0,373.3,0.292,16.49,,14.64,0.036,,12.36,64.4,50.75,102.3,1.693,1.064,53.0,6.39,2.607,6.001,,1.065,4.37,25.7,6.299,29.4,1.861,31.705,5.481,,,0.802,,80.01,14.301,24.12,71.22,5.0,661.0,6.8,75.3,0
69.0,1.0,37.0,4.0,,39.0,58.0,6.0,15.0,89.7,119.0,93.3,13.0,22.0,85.0,83.7,28.0683,123.0,,87.0,46.3,19.7,4.1,5.1,10.9,6.9,5.8,7.3,15.1,20.1,2.2,0.9,2.2,1.8,2.4,2.5,38.6,21.6,21.6,22.9,5281.0,34.7,40.2,44.0,45.6,499.0,327.0,251.0,220.0,179.0,1.82773,1.446223,,151.59249,3.68,3.0,,,,,2.0,6.0,212.0,28.0,6.0,4.0,3.0,6.0,1.0,6.0,6.0,0.0,3.0,1.0,,,0.0,7.0,3.0,2.0,1.0,3.0,,0.0,0.0,1.0,1.0,,0.0,6.0,3.0,0.0,1.0,1.0,0.0,20.0,6.0,5.0,0.0,0.0,3.0,3.0,3.0,2.0,5.0,2.0,1.0,2.0,3.0,1.0,4.0,1.0,3.0,1.0,,,0.0,4.0,1.0,2.0,3.0,3.0,4.0,13.0,5.0,3.0,3.0,0.0,24.0,1.0,,,0.0,0.0,,38.0,78.0,89.0,,0.0,,0.18,0.1,,38.61,15.28,0.013,0.651,0.368,1.33,28.07,36.27,39.57,91.66,11.17,90.41,79.3,0.36,7.63,2.94,,0.0,0.0,173.8,0.194,17.41,4.212,14.3,0.043,1.948,4.75,,,149.7,1.112,1.031,22.8,1.05,2.488,5.564,69.2,0.932,1.26,99.6,6.651,34.3,0.897,12.753,,90.64,,1.515,,,5.014,26.49,,,293.6,9.09,,0
58.0,0.0,27.0,1.0,0.0,0.0,31.0,7.0,15.0,,124.3,73.6,32.0,14.0,76.0,70.0,27.982,98.0,158.0,86.0,25.8,26.2,3.9,2.5,6.8,7.1,7.9,8.5,22.3,21.4,2.2,1.6,3.0,1.8,2.5,1.9,17.2,6.6,24.1,25.8,4968.0,17.7,44.7,43.1,32.7,761.0,400.0,295.0,243.0,287.0,11.652926,4.468372,1.932,471.049587,4.16,,,,,,,,,347.0,3.0,,2.0,7.0,7.0,7.0,0.0,0.0,1.0,3.0,2.0,,1.0,7.0,2.0,1.0,2.0,1.0,2.0,0.0,1.0,1.0,,,1.0,0.0,7.0,8.0,1.0,5.0,8.0,13.0,0.0,9.0,1.0,0.0,3.0,2.0,1.0,4.0,0.0,1.0,0.0,1.0,3.0,4.0,3.0,1.0,4.0,24.0,,,22.0,4.0,1.0,0.0,1.0,6.0,2.0,7.0,1.0,2.0,3.0,6.0,,48.0,1.0,1.0,1.0,,,65.0,,53.0,,1.0,0.01,0.1,0.0,0.05,38.59,13.33,0.022,0.277,0.183,3.36,51.67,32.67,34.54,94.58,,106.75,94.03,0.56,8.64,2.57,39.5,0.0,,416.0,0.388,15.64,4.08,13.65,0.12,1.205,6.51,19.72,40.96,82.3,1.366,1.192,42.7,17.37,2.188,6.144,89.6,1.305,,14.8,4.382,42.6,0.937,18.736,3.51,,,1.369,,137.25,1.34,5.82,74.79,0.868,332.6,7.73,75.1,0
66.0,0.0,39.0,2.0,,27.0,,,16.0,,146.0,67.2,23.0,42.0,122.0,71.8,24.789,120.0,170.0,83.0,44.9,48.8,8.4,2.6,7.1,7.7,6.7,6.1,44.3,36.3,1.1,1.5,2.0,1.9,1.6,1.8,35.7,22.9,25.1,20.2,5226.0,44.9,43.5,54.9,45.3,700.0,422.0,420.0,324.0,323.0,1.704431,,,124.710905,,6.0,5.0,2.0,,,,,13.0,7.0,3.0,3.0,1.0,3.0,0.0,5.0,2.0,3.0,0.0,1.0,2.0,0.0,0.0,10.0,4.0,1.0,1.0,2.0,1.0,0.0,0.0,1.0,4.0,,2.0,0.0,0.0,1.0,5.0,0.0,3.0,9.0,1.0,0.0,0.0,2.0,1.0,2.0,0.0,2.0,2.0,2.0,4.0,2.0,3.0,3.0,4.0,1.0,5.0,,,1.0,1.0,0.0,,,1.0,1.0,2.0,0.0,4.0,3.0,3.0,0.0,16.0,50.0,0.0,1.0,1.0,1.0,,94.0,,,,1.0,0.08,0.73,0.11,1.05,51.62,16.41,0.028,0.368,,1.6,14.97,31.37,31.79,98.7,8.94,109.01,81.45,0.72,6.76,8.18,76.5,0.0,0.0,194.2,0.174,17.03,5.23,15.9,0.04,1.151,10.7,4.7,43.34,60.1,,1.159,17.8,0.61,2.345,5.195,55.2,0.746,1.02,12.5,4.283,40.0,2.412,14.128,2.503,9.39,,1.251,,152.44,1.975,4.21,66.2,0.998,273.0,4.8,25.5,0
59.0,0.0,32.0,3.0,2.0,,44.0,,22.0,60.5,163.3,50.9,32.0,13.0,85.0,72.8,28.2874,116.0,160.0,87.0,39.9,17.2,8.4,3.3,8.2,11.7,5.7,6.9,35.4,18.6,1.2,0.5,3.8,2.0,3.3,3.2,23.9,5.3,24.0,34.5,5306.0,28.2,33.2,45.0,34.6,426.0,255.0,197.0,185.0,167.0,4.043257,1.63919,0.845,593.101105,,,3.0,,3.0,94.0,3.0,4.0,,,3.0,1.0,4.0,1.0,1.0,5.0,2.0,4.0,,2.0,0.0,1.0,0.0,5.0,3.0,2.0,2.0,3.0,1.0,2.0,2.0,1.0,3.0,32.214,0.0,0.0,,6.0,2.0,5.0,0.0,9.0,7.0,2.0,1.0,1.0,3.0,2.0,3.0,5.0,1.0,1.0,2.0,1.0,3.0,1.0,3.0,1.0,5.0,2.0,,,6.0,0.0,0.0,4.0,1.0,4.0,1.0,9.0,6.0,3.0,1.0,0.0,27.0,2.0,0.0,1.0,1.0,0.0,92.0,,80.0,88.0,,0.0,0.01,0.14,0.54,7.95,37.72,12.85,0.029,0.747,0.202,1.27,18.79,30.58,34.06,89.79,11.84,92.04,77.56,0.83,12.38,4.1,60.7,0.0,0.0,194.0,0.23,15.71,4.201,13.84,,0.915,6.75,41.65,48.38,105.2,1.957,0.767,19.3,15.05,2.481,4.037,79.6,0.838,1.36,,6.167,34.0,1.514,16.019,4.652,113.35,,1.047,,130.27,0.873,,76.71,0.806,329.9,,65.2,0
46.0,1.0,35.0,1.0,,36.0,,,,90.5,181.1,55.5,54.0,51.0,99.0,74.1,20.7322,105.0,189.0,100.0,22.6,15.1,7.2,5.7,13.7,11.6,12.5,11.8,24.0,22.3,,0.8,4.8,2.6,2.0,2.4,28.2,7.9,34.3,37.5,9544.0,23.9,14.8,71.4,45.6,595.0,338.0,428.0,233.0,221.0,3.330653,3.197427,-0.633,607.083369,,,4.0,,,304.0,2.0,,,259.0,4.0,3.0,2.0,6.0,,4.0,6.0,5.0,7.0,3.0,2.0,0.0,0.0,9.0,,4.0,3.0,2.0,2.0,2.0,1.0,0.0,3.0,,0.0,0.0,0.0,4.0,0.0,5.0,8.0,25.0,4.0,13.0,6.0,3.0,2.0,5.0,2.0,1.0,2.0,4.0,1.0,2.0,5.0,1.0,5.0,2.0,4.0,23.0,8.0,40.0,,0.0,,3.0,0.0,2.0,4.0,1.0,4.0,2.0,3.0,0.0,19.0,5.0,0.0,1.0,0.0,1.0,,,74.0,78.0,,1.0,0.02,0.29,0.44,7.14,40.49,14.62,0.043,0.731,0.407,0.96,15.63,27.81,36.1,77.02,7.4,85.71,71.52,0.4,6.61,,70.3,0.0,0.0,180.3,0.133,16.77,5.258,11.51,0.071,2.091,6.13,38.24,42.74,109.0,2.004,0.724,20.8,,2.243,4.692,93.5,1.061,,15.0,7.676,61.3,1.379,13.711,2.398,9.45,,1.314,,63.84,17.053,7.04,80.0,0.746,417.3,8.93,,0
63.0,0.0,9.0,6.0,,23.0,23.0,5.0,,102.9,140.6,64.0,56.0,51.0,116.0,101.3,38.1241,130.0,163.0,92.0,41.5,45.4,5.8,8.1,9.7,12.4,11.2,10.4,38.8,44.9,3.7,2.5,4.9,4.3,2.2,3.9,39.7,12.3,26.4,27.2,7120.0,24.3,34.9,76.0,41.3,676.0,432.0,385.0,249.0,246.0,5.344881,3.816764,,639.602477,,,,1.0,,319.0,,4.0,223.0,321.0,3.0,3.0,2.0,,0.0,4.0,0.0,1.0,5.0,2.0,1.0,0.0,1.0,6.0,3.0,,1.0,1.0,2.0,0.0,0.0,1.0,3.0,74.737,1.0,,2.0,1.0,3.0,6.0,8.0,9.0,3.0,5.0,0.0,7.0,3.0,2.0,5.0,2.0,4.0,3.0,2.0,0.0,4.0,1.0,5.0,1.0,3.0,25.0,13.0,,6.0,1.0,1.0,0.0,0.0,2.0,2.0,1.0,1.0,3.0,3.0,0.0,19.0,2.0,1.0,1.0,0.0,0.0,,,80.0,,0.0,0.0,0.08,1.71,0.14,3.06,38.35,11.77,0.041,0.939,0.304,1.68,36.82,29.52,30.68,96.19,7.87,118.21,88.31,0.18,3.98,2.49,54.4,0.0,0.0,215.7,0.17,16.23,3.987,12.06,0.082,1.998,4.57,13.86,42.96,58.5,1.745,0.956,23.2,0.24,2.525,5.54,57.6,0.803,,17.6,9.029,61.2,1.848,29.38,2.101,42.45,604.0,0.794,,31.72,1.664,22.54,75.18,1.364,266.9,4.34,91.6,0
45.0,0.0,30.0,1.0,,42.0,,4.0,16.0,74.2,156.7,86.6,14.0,17.0,92.0,62.0,24.7364,108.0,158.0,89.0,46.6,46.0,5.6,3.1,10.9,7.9,7.5,7.9,55.7,42.8,3.5,1.3,2.1,4.8,2.2,2.3,33.9,21.4,24.1,26.6,8702.0,42.8,23.0,51.5,28.0,633.0,291.0,365.0,197.0,232.0,4.879105,4.458454,1.337,,,3.0,2.0,,,10.0,7.0,6.0,,281.0,2.0,,2.0,3.0,0.0,6.0,0.0,7.0,3.0,1.0,2.0,0.0,0.0,9.0,2.0,1.0,2.0,2.0,,0.0,1.0,2.0,3.0,,2.0,0.0,0.0,3.0,6.0,3.0,1.0,4.0,2.0,0.0,2.0,2.0,2.0,2.0,4.0,1.0,3.0,3.0,2.0,4.0,4.0,1.0,3.0,2.0,2.0,0.0,,0.0,0.0,,,0.0,,5.0,2.0,0.0,3.0,3.0,4.0,10.0,31.0,3.0,1.0,1.0,0.0,1.0,,87.0,75.0,92.0,,1.0,0.02,0.17,0.57,5.59,22.75,11.26,0.005,0.842,0.354,3.1,30.5,30.71,49.51,62.04,10.56,96.82,,0.84,8.27,5.64,55.5,,0.0,152.5,0.161,15.72,3.668,16.28,0.102,0.717,10.16,16.67,50.24,45.7,1.472,1.372,28.2,20.6,2.505,7.573,52.7,1.136,1.47,148.7,4.086,34.7,0.954,30.172,4.301,6.92,,1.301,,55.26,1.02,9.72,72.22,4.347,420.8,6.69,62.1,0
51.0,0.0,28.0,6.0,,33.0,8.0,4.0,15.0,,,,33.0,25.0,88.0,76.6,24.8839,127.0,175.0,91.0,50.7,48.6,9.8,12.1,7.8,9.7,8.1,8.6,29.4,35.4,3.5,3.3,2.3,2.0,3.8,3.1,45.4,26.7,31.2,31.0,5435.0,48.6,51.2,71.8,28.1,665.0,369.0,279.0,228.0,254.0,1.80625,,-0.245,127.364155,3.82,,,,4.0,,,3.0,81.0,286.0,4.0,2.0,4.0,,0.0,1.0,19.0,1.0,3.0,2.0,5.0,0.0,0.0,7.0,3.0,1.0,3.0,2.0,1.0,1.0,0.0,1.0,,,0.0,0.0,0.0,2.0,1.0,4.0,5.0,28.0,6.0,0.0,4.0,6.0,2.0,1.0,0.0,3.0,2.0,1.0,1.0,1.0,2.0,1.0,5.0,1.0,3.0,,14.0,6.0,,3.0,,,7.0,2.0,4.0,14.0,3.0,2.0,3.0,8.0,21.0,8.0,0.0,1.0,1.0,,70.0,,,60.0,,0.0,0.08,1.24,0.44,6.42,46.33,15.33,0.009,,0.184,1.77,26.08,33.15,33.08,100.2,8.28,98.71,89.9,0.55,8.14,3.96,58.1,0.0,0.0,358.9,0.297,18.01,4.624,15.22,0.039,,6.81,17.73,44.46,70.8,1.432,0.806,22.5,17.99,2.302,4.964,66.9,0.952,1.98,188.2,10.355,61.0,2.101,,4.545,,,1.116,,,1.182,26.77,80.61,0.898,390.9,4.75,26.9,0
67.0,1.0,19.0,5.0,53.0,18.0,,,19.0,84.2,155.2,79.4,22.0,14.0,122.0,89.3,34.4492,111.0,161.0,91.0,35.1,42.4,8.4,9.7,7.0,7.3,9.5,6.4,45.3,44.9,2.5,2.0,3.6,2.0,3.8,2.0,45.1,19.1,25.9,20.4,5491.0,47.0,22.6,44.7,50.8,,327.0,307.0,181.0,175.0,5.050054,4.193126,-0.332,643.781141,,,,3.0,1.0,62.0,3.0,,,261.0,3.0,,0.0,5.0,5.0,4.0,0.0,0.0,4.0,3.0,2.0,0.0,0.0,10.0,3.0,4.0,1.0,1.0,2.0,1.0,1.0,0.0,2.0,,0.0,10.0,8.0,2.0,2.0,,4.0,4.0,,6.0,5.0,1.0,3.0,3.0,3.0,3.0,2.0,2.0,0.0,1.0,3.0,1.0,1.0,1.0,3.0,12.0,3.0,1.0,,4.0,1.0,2.0,,3.0,2.0,,3.0,1.0,3.0,9.0,30.0,2.0,1.0,1.0,1.0,1.0,,52.0,,94.0,,0.0,0.07,1.47,0.22,4.92,39.49,16.14,0.031,0.094,0.185,1.01,22.49,33.64,40.86,82.33,9.92,92.56,89.45,,8.69,2.81,62.4,0.0,0.0,196.7,0.195,15.96,4.797,16.93,0.023,0.493,4.5,10.66,47.03,,1.676,1.465,19.7,1.13,2.191,7.534,80.8,,1.2,,3.743,33.1,2.384,16.929,4.887,,,1.406,,26.98,13.926,,78.95,1.378,498.1,5.34,23.5,0
46.0,1.0,3.0,3.0,83.0,16.0,,0.0,,87.6,108.0,92.2,55.0,23.0,107.0,69.9,19.9697,89.0,187.0,87.0,18.9,17.7,1.9,2.4,11.7,10.4,7.4,10.8,14.1,13.3,0.6,1.1,2.1,4.1,2.4,2.0,16.0,1.7,25.6,25.1,7278.0,13.4,10.6,79.3,38.8,592.0,306.0,318.0,204.0,260.0,,4.252532,,693.675822,,,,3.0,,306.0,,1.0,8.0,7.0,3.0,,3.0,3.0,0.0,6.0,7.0,3.0,4.0,1.0,,0.0,1.0,9.0,2.0,2.0,2.0,2.0,2.0,1.0,0.0,0.0,1.0,,0.0,0.0,0.0,1.0,1.0,3.0,1.0,7.0,1.0,4.0,1.0,1.0,2.0,4.0,1.0,2.0,3.0,2.0,1.0,1.0,3.0,2.0,4.0,2.0,5.0,,1.0,,,4.0,,3.0,0.0,2.0,2.0,0.0,5.0,2.0,3.0,0.0,15.0,5.0,0.0,1.0,0.0,0.0,,83.0,87.0,82.0,,0.0,0.03,0.29,0.24,2.16,43.88,15.11,0.008,,0.202,1.57,14.14,33.41,34.43,97.05,13.14,119.12,93.04,0.59,5.3,8.68,78.1,0.0,0.0,130.3,0.171,16.33,4.521,16.47,0.025,1.481,11.11,48.53,,53.9,1.085,1.374,24.6,0.72,2.189,8.522,63.5,1.314,1.43,15.1,8.602,,,18.618,6.162,18.28,,0.847,,14.74,14.435,,73.3,2.07,281.4,5.9,58.4,0
60.0,1.0,24.0,1.0,0.0,8.0,,0.0,,106.6,186.1,63.5,49.0,53.0,106.0,88.5,38.0145,122.0,153.0,96.0,43.1,46.5,7.4,5.4,11.4,10.7,9.0,7.4,46.5,54.5,3.3,0.9,3.9,4.6,2.2,2.7,41.0,19.5,27.9,34.1,7929.0,38.7,52.9,55.3,57.5,572.0,336.0,446.0,243.0,245.0,3.115906,2.102295,,203.71897,,,,,4.0,5.0,2.0,5.0,,,,,0.0,6.0,3.0,5.0,3.0,0.0,5.0,1.0,2.0,0.0,0.0,6.0,3.0,2.0,3.0,1.0,1.0,1.0,0.0,2.0,3.0,,1.0,15.0,0.0,4.0,7.0,4.0,0.0,40.0,6.0,3.0,0.0,3.0,3.0,3.0,2.0,2.0,3.0,4.0,2.0,0.0,5.0,3.0,5.0,1.0,3.0,,9.0,3.0,0.0,0.0,1.0,2.0,1.0,3.0,4.0,10.0,4.0,2.0,2.0,0.0,,31.0,0.0,,,,,64.0,,,,0.0,0.11,1.78,0.58,9.53,48.01,16.26,0.01,0.226,0.156,2.22,36.25,32.26,33.87,95.24,8.69,95.77,94.01,0.8,13.12,2.41,39.3,0.0,0.0,179.2,0.156,16.37,5.041,12.75,0.082,0.906,6.12,48.0,40.57,57.5,,1.566,32.7,3.49,2.473,5.681,115.4,5.02,2.02,128.4,4.129,30.7,1.183,,,162.69,,1.409,,36.62,16.787,6.86,69.62,1.694,490.3,9.28,23.5,0
64.0,0.0,25.0,3.0,,20.0,,10.0,,84.6,132.4,82.3,21.0,10.0,90.0,69.6,29.5673,95.0,153.0,80.0,36.5,21.5,3.0,4.6,6.4,7.2,7.6,5.8,49.8,47.8,1.3,2.4,2.4,2.0,2.1,1.9,26.6,9.6,24.6,22.5,,38.9,26.6,41.2,22.5,759.0,502.0,769.0,461.0,331.0,4.377967,2.273334,,502.352768,4.81,,1.0,3.0,3.0,,3.0,5.0,,267.0,3.0,,2.0,7.0,4.0,6.0,1.0,6.0,2.0,2.0,2.0,0.0,1.0,5.0,3.0,3.0,3.0,3.0,1.0,0.0,2.0,2.0,3.0,,,,6.0,8.0,0.0,1.0,0.0,14.0,2.0,2.0,1.0,2.0,2.0,4.0,2.0,3.0,0.0,1.0,0.0,1.0,3.0,1.0,4.0,2.0,3.0,0.0,,0.0,6.0,1.0,1.0,8.0,7.0,2.0,2.0,,3.0,,3.0,0.0,16.0,34.0,0.0,,0.0,0.0,84.0,80.0,,,,0.0,0.01,0.12,0.64,9.04,34.47,11.59,0.038,0.558,0.195,1.45,20.29,28.75,33.62,85.5,9.0,93.44,86.0,0.85,11.87,4.18,58.7,0.0,0.0,,0.162,18.06,4.031,15.19,0.068,1.806,7.13,62.46,,42.9,1.873,1.503,,0.33,2.601,8.31,81.7,1.386,1.0,27.2,8.177,49.1,1.888,14.835,5.426,,,,,107.11,1.873,6.7,65.72,3.149,444.0,4.92,77.0,0
61.0,0.0,37.0,3.0,,25.0,,,18.0,88.6,123.5,92.1,11.0,6.0,101.0,78.4,34.7464,102.0,150.0,74.0,27.2,29.9,6.4,5.2,6.3,6.4,4.4,4.2,19.6,32.0,0.5,2.3,2.1,1.6,1.3,1.8,31.8,5.3,17.1,17.5,4130.0,27.2,27.6,34.3,23.0,536.0,353.0,328.0,226.0,245.0,2.09672,2.012852,-0.975,168.780178,,3.0,2.0,,6.0,,,3.0,178.0,,,3.0,1.0,1.0,0.0,3.0,3.0,5.0,6.0,2.0,2.0,1.0,0.0,4.0,2.0,2.0,1.0,1.0,,0.0,0.0,2.0,,,0.0,12.0,0.0,2.0,6.0,2.0,0.0,19.0,8.0,7.0,6.0,10.0,3.0,5.0,0.0,1.0,4.0,1.0,0.0,3.0,2.0,1.0,3.0,1.0,3.0,4.0,0.0,0.0,2.0,0.0,,7.0,0.0,1.0,3.0,0.0,4.0,1.0,5.0,0.0,32.0,2.0,1.0,1.0,1.0,0.0,,,,81.0,,1.0,0.04,1.11,0.23,6.12,42.66,12.24,0.034,0.452,0.211,0.82,21.68,26.97,28.69,94.0,11.68,115.47,,0.62,,2.06,54.6,0.0,0.0,130.5,0.152,17.66,4.539,15.71,0.115,1.251,3.78,40.45,51.15,81.1,1.309,1.37,53.7,0.2,2.5,5.026,55.9,0.924,3.22,33.4,9.075,,1.592,,3.894,9.54,,0.951,,17.83,0.7,26.66,76.4,0.835,335.7,3.05,24.1,0
65.0,1.0,2.0,2.0,,,57.0,9.0,14.0,104.9,160.6,52.5,57.0,43.0,73.0,61.8,21.1225,95.0,171.0,97.0,40.7,18.6,3.6,3.2,10.3,11.1,11.2,12.0,21.5,23.0,0.8,2.1,4.4,2.4,3.7,4.5,43.8,,40.9,31.2,6020.0,32.3,20.1,61.1,41.5,537.0,442.0,453.0,252.0,289.0,0.528314,0.507181,,108.74952,3.08,5.0,,3.0,3.0,7.0,,,17.0,29.0,,4.0,2.0,0.0,1.0,1.0,0.0,6.0,5.0,2.0,3.0,1.0,0.0,5.0,3.0,4.0,1.0,2.0,,1.0,0.0,0.0,,,1.0,,3.0,0.0,3.0,1.0,4.0,12.0,1.0,3.0,0.0,1.0,2.0,2.0,1.0,2.0,2.0,1.0,0.0,4.0,4.0,2.0,5.0,0.0,3.0,5.0,,0.0,,0.0,,,0.0,5.0,2.0,,3.0,1.0,4.0,10.0,26.0,,,1.0,0.0,0.0,,,84.0,,,0.0,0.19,2.64,0.26,,46.83,16.75,0.017,0.562,0.155,3.63,50.39,32.39,35.77,90.54,10.08,,76.93,0.32,4.45,2.8,38.9,0.0,0.0,275.9,0.278,16.94,5.173,13.45,0.039,1.607,7.2,43.76,41.09,67.5,2.422,1.439,49.7,0.09,2.38,7.362,54.3,0.795,,188.5,5.177,29.5,4.057,24.624,3.979,,,,,133.22,7.889,11.98,,2.893,419.7,4.92,,0
59.0,0.0,27.0,2.0,,,,,24.0,60.7,120.2,91.5,4.0,30.0,68.0,50.2,20.9639,105.0,155.0,79.0,23.4,15.4,1.5,1.9,6.4,5.9,5.8,6.7,14.6,20.7,0.6,0.7,1.9,1.7,2.0,1.9,17.0,3.8,21.0,22.0,4931.0,21.1,11.9,38.0,32.7,785.0,410.0,447.0,310.0,320.0,5.13618,4.320955,-0.089,431.649639,2.55,,3.0,,,,,,,,2.0,3.0,0.0,3.0,0.0,1.0,1.0,5.0,8.0,1.0,1.0,,1.0,9.0,3.0,1.0,2.0,1.0,2.0,1.0,0.0,1.0,3.0,,1.0,7.0,5.0,1.0,4.0,2.0,0.0,3.0,7.0,5.0,0.0,5.0,2.0,2.0,2.0,1.0,1.0,4.0,2.0,1.0,3.0,2.0,5.0,2.0,1.0,59.0,,14.0,15.0,,,3.0,,,2.0,2.0,3.0,3.0,5.0,0.0,18.0,28.0,1.0,,0.0,0.0,67.0,75.0,72.0,,0.0,0.0,0.08,0.96,0.56,6.75,36.81,14.03,0.028,0.559,0.379,,40.05,30.82,38.11,80.86,,91.47,72.1,,10.26,,42.0,,0.0,301.1,0.293,17.39,4.552,14.29,0.109,1.936,8.32,65.65,49.52,53.5,1.738,1.173,47.0,0.34,,,106.5,1.367,,65.6,9.112,44.3,,24.465,4.684,19.26,,0.974,,118.02,1.031,6.83,80.8,1.209,259.3,6.06,46.2,0
67.0,0.0,6.0,,33.0,34.0,,10.0,,77.4,146.9,66.5,24.0,37.0,109.0,76.7,24.1931,109.0,178.0,95.0,28.1,15.5,2.7,4.0,8.5,8.3,7.0,7.1,22.6,,0.6,1.5,2.0,1.9,2.3,2.5,29.0,18.3,25.2,33.1,6175.0,37.9,17.3,55.1,51.3,602.0,321.0,295.0,202.0,214.0,5.450974,3.568034,2.342,626.74447,1.78,,3.0,6.0,,100.0,,3.0,,680.0,6.0,,3.0,1.0,7.0,6.0,0.0,5.0,1.0,3.0,,0.0,0.0,7.0,1.0,2.0,1.0,1.0,2.0,0.0,0.0,2.0,3.0,,2.0,0.0,0.0,9.0,1.0,1.0,0.0,3.0,1.0,7.0,2.0,7.0,2.0,3.0,2.0,4.0,3.0,5.0,3.0,1.0,5.0,1.0,2.0,2.0,1.0,,1.0,,,0.0,1.0,9.0,1.0,1.0,2.0,0.0,1.0,1.0,2.0,12.0,22.0,,0.0,1.0,1.0,1.0,,,64.0,60.0,,0.0,0.65,6.31,0.2,1.95,38.13,11.86,,0.061,0.233,1.63,15.78,26.87,31.11,86.38,10.19,87.53,80.54,0.71,6.84,7.12,69.1,0.0,0.0,161.2,0.164,17.8,4.414,22.39,0.053,0.756,,13.17,41.51,47.7,0.886,0.779,16.1,,2.57,4.217,45.8,0.944,1.6,15.9,5.161,32.2,0.671,23.342,2.306,17.47,,1.365,,20.91,1.649,,67.29,0.72,279.5,5.09,101.9,0
40.0,0.0,13.0,4.0,7.0,,,0.0,,106.0,,50.1,27.0,40.0,111.0,91.0,35.7965,96.0,159.0,92.0,17.8,40.2,6.1,5.6,11.1,9.9,7.9,10.3,28.0,35.6,2.9,3.0,3.2,2.7,4.3,3.6,24.3,11.5,38.5,35.3,9535.0,32.0,17.8,78.2,40.0,705.0,308.0,331.0,307.0,318.0,4.645478,3.074181,2.968,444.819484,,,,2.0,,,,,,17.0,1.0,3.0,2.0,3.0,3.0,1.0,7.0,1.0,2.0,2.0,1.0,,1.0,10.0,3.0,2.0,1.0,2.0,2.0,1.0,1.0,0.0,4.0,,0.0,0.0,6.0,2.0,0.0,5.0,0.0,8.0,3.0,1.0,6.0,0.0,2.0,3.0,2.0,4.0,3.0,2.0,1.0,0.0,3.0,4.0,1.0,2.0,2.0,1.0,7.0,0.0,0.0,,0.0,0.0,0.0,1.0,4.0,0.0,1.0,1.0,5.0,0.0,19.0,16.0,1.0,,0.0,0.0,,84.0,,78.0,,0.0,0.04,0.56,,2.92,41.04,15.86,,0.71,0.364,1.04,13.02,35.78,38.63,92.61,10.93,109.03,86.73,0.41,5.2,6.24,78.3,0.0,0.0,,0.148,,4.432,13.37,0.091,2.488,7.97,17.7,40.83,141.9,2.074,0.817,17.4,12.94,2.551,3.552,103.9,0.751,1.34,21.3,8.998,61.5,2.224,12.558,3.537,30.09,,,,144.08,2.285,7.1,83.07,1.433,289.8,7.77,,0
48.0,1.0,39.0,2.0,0.0,,,,,64.2,145.2,69.9,22.0,39.0,122.0,115.9,41.7017,126.0,167.0,98.0,40.9,56.9,7.2,7.6,8.1,12.9,7.2,10.0,51.6,49.3,2.1,5.7,2.1,3.6,2.2,3.8,47.1,27.7,25.5,30.0,9596.0,47.7,52.1,42.5,33.5,672.0,357.0,346.0,264.0,313.0,2.57255,1.267082,-0.979,598.665566,,7.0,2.0,,4.0,14.0,,,,112.0,4.0,1.0,2.0,3.0,0.0,6.0,0.0,1.0,1.0,2.0,,3.0,0.0,6.0,3.0,2.0,1.0,2.0,,0.0,0.0,1.0,3.0,25.244,2.0,8.0,,6.0,0.0,3.0,0.0,34.0,8.0,13.0,8.0,1.0,1.0,2.0,2.0,1.0,2.0,5.0,1.0,1.0,3.0,2.0,5.0,1.0,2.0,1.0,1.0,,,0.0,,6.0,,1.0,3.0,6.0,4.0,2.0,3.0,0.0,17.0,35.0,,0.0,0.0,0.0,,,,,,0.0,0.17,2.27,0.15,1.99,43.79,,0.044,,0.282,3.27,44.23,34.14,37.46,91.14,7.47,103.06,77.37,0.53,7.15,3.28,44.4,0.0,0.0,193.0,0.144,17.05,4.804,13.29,0.048,2.331,7.39,19.68,39.59,149.6,1.076,0.722,16.9,3.09,2.523,6.909,74.5,0.85,2.34,7.9,4.345,28.3,0.806,26.227,4.712,,,0.877,,23.96,,7.95,69.39,1.285,295.2,7.62,83.8,0
57.0,1.0,22.0,18.0,0.0,6.0,61.0,4.0,17.0,82.6,167.0,65.6,39.0,55.0,84.0,87.8,27.7005,129.0,178.0,89.0,44.8,43.4,9.3,3.3,9.6,13.9,12.8,7.4,48.2,36.8,3.4,0.8,4.4,3.8,3.8,3.0,38.6,14.5,38.0,39.7,8047.0,38.5,25.9,46.3,39.5,506.0,237.0,230.0,176.0,179.0,4.338967,4.165408,,,1.37,3.0,,4.0,1.0,,1.0,,32.0,240.0,6.0,5.0,3.0,2.0,,6.0,0.0,5.0,2.0,1.0,3.0,0.0,0.0,7.0,3.0,3.0,1.0,2.0,2.0,2.0,0.0,1.0,2.0,,2.0,0.0,0.0,2.0,2.0,6.0,0.0,7.0,2.0,0.0,0.0,8.0,3.0,2.0,2.0,2.0,3.0,2.0,0.0,2.0,,4.0,5.0,1.0,4.0,11.0,1.0,0.0,,3.0,,0.0,3.0,3.0,3.0,,4.0,2.0,4.0,6.0,30.0,8.0,0.0,1.0,1.0,,,,,,,0.0,0.16,2.28,0.31,4.48,22.87,11.31,0.017,0.621,0.206,0.92,13.44,45.27,49.44,91.56,12.34,112.13,88.04,0.6,8.86,4.84,70.9,0.0,0.0,354.6,0.438,17.37,2.498,12.95,0.049,0.66,6.82,27.61,43.19,75.1,2.06,1.214,49.3,18.26,2.403,5.376,73.7,0.829,1.53,20.5,7.323,,1.481,21.592,3.991,,,1.658,,87.89,14.215,12.49,77.25,0.989,295.0,6.79,91.1,0
59.0,0.0,0.0,6.0,3.0,36.0,44.0,,15.0,72.6,113.2,86.1,28.0,11.0,102.0,93.1,39.3276,126.0,154.0,81.0,48.7,33.8,8.7,4.7,6.8,6.8,8.0,6.8,32.5,23.5,1.5,3.5,2.2,2.6,2.4,2.2,44.5,8.0,24.2,19.6,5021.0,30.0,14.0,37.8,29.9,736.0,357.0,349.0,201.0,282.0,3.931882,3.651105,1.483,,4.38,,4.0,3.0,,147.0,,3.0,59.0,29.0,3.0,,3.0,1.0,3.0,3.0,0.0,0.0,2.0,2.0,1.0,,1.0,5.0,2.0,3.0,1.0,2.0,1.0,3.0,0.0,0.0,3.0,,0.0,11.0,0.0,6.0,1.0,1.0,0.0,0.0,6.0,4.0,5.0,4.0,3.0,2.0,3.0,2.0,2.0,2.0,3.0,2.0,3.0,1.0,2.0,2.0,3.0,0.0,,1.0,,0.0,0.0,9.0,4.0,2.0,2.0,0.0,2.0,,2.0,,18.0,,0.0,1.0,1.0,0.0,,87.0,,56.0,,0.0,0.09,,0.05,0.67,44.09,13.8,0.01,0.532,0.207,1.95,24.48,,31.29,86.65,10.56,107.35,78.3,0.57,7.15,5.3,66.6,0.0,0.0,341.2,0.36,17.78,5.088,14.92,0.068,1.198,7.96,11.93,45.59,154.4,1.521,1.565,23.8,1.08,2.301,7.005,46.5,0.505,2.39,86.1,4.163,21.5,1.758,18.328,3.885,16.78,,1.719,,122.03,1.107,18.44,,4.154,202.3,3.66,52.1,0
57.0,0.0,39.0,4.0,,,23.0,6.0,23.0,96.4,129.8,76.0,33.0,23.0,85.0,67.4,26.4903,100.0,160.0,82.0,33.9,40.0,5.7,3.4,6.8,6.8,6.1,8.5,37.1,31.6,1.5,1.1,2.2,2.4,1.9,1.9,20.0,12.1,25.3,29.2,6436.0,39.5,45.0,67.6,30.7,,328.0,279.0,300.0,314.0,3.003216,1.672653,-0.148,284.377854,3.73,6.0,,,,,,,,7.0,3.0,3.0,1.0,5.0,1.0,5.0,2.0,4.0,0.0,,,1.0,2.0,5.0,3.0,2.0,2.0,1.0,2.0,0.0,2.0,0.0,2.0,,0.0,4.0,3.0,6.0,4.0,0.0,6.0,,5.0,2.0,5.0,3.0,1.0,1.0,3.0,3.0,1.0,4.0,5.0,0.0,4.0,1.0,5.0,1.0,4.0,2.0,2.0,3.0,,1.0,,2.0,1.0,1.0,2.0,0.0,4.0,2.0,4.0,0.0,19.0,4.0,,0.0,1.0,0.0,,73.0,86.0,46.0,,1.0,0.0,0.01,0.01,0.18,42.97,14.11,0.015,,0.351,3.29,49.01,33.22,32.83,101.18,11.68,154.91,81.78,0.44,6.5,2.97,44.3,0.0,0.0,,0.394,15.69,4.247,16.15,0.022,0.66,6.72,15.83,44.44,64.6,1.69,0.874,51.9,0.87,2.515,4.282,60.0,0.763,1.1,136.6,7.874,40.4,1.294,14.415,,22.78,,1.439,,125.98,1.856,6.81,68.24,1.044,420.9,7.46,70.6,0
68.0,0.0,44.0,1.0,,,,8.0,15.0,,153.9,71.3,16.0,14.0,74.0,59.3,24.5954,95.0,155.0,79.0,48.8,23.2,2.0,2.9,5.9,6.4,7.6,6.1,22.5,15.3,0.5,1.0,4.0,2.1,2.1,2.3,19.6,4.6,24.9,20.4,4755.0,16.9,14.3,34.0,28.0,452.0,318.0,417.0,249.0,209.0,,2.549946,-1.103,276.05339,,,2.0,7.0,,164.0,1.0,,19.0,125.0,2.0,,5.0,5.0,4.0,6.0,0.0,4.0,2.0,3.0,1.0,2.0,0.0,7.0,4.0,2.0,2.0,2.0,2.0,0.0,2.0,0.0,2.0,,0.0,0.0,1.0,3.0,6.0,5.0,4.0,29.0,7.0,2.0,2.0,8.0,2.0,3.0,4.0,3.0,1.0,2.0,1.0,2.0,3.0,2.0,4.0,0.0,3.0,1.0,0.0,1.0,0.0,3.0,,0.0,0.0,1.0,2.0,4.0,3.0,1.0,3.0,1.0,15.0,2.0,1.0,,0.0,0.0,,46.0,85.0,35.0,,0.0,0.11,,0.35,3.69,37.46,15.01,0.008,0.99,0.238,0.86,9.0,36.82,,91.88,7.64,93.73,72.21,0.51,,7.75,80.9,0.0,0.0,170.3,0.13,15.7,4.077,13.77,0.087,1.712,9.58,18.46,51.0,77.5,1.293,1.738,21.3,15.15,2.323,8.533,93.7,0.818,,,4.561,31.9,1.18,,5.563,19.28,191.3,0.959,,128.72,,4.3,76.08,1.032,233.7,7.53,64.8,0
64.0,0.0,6.0,20.0,18.0,,57.0,,,66.6,175.2,45.0,23.0,52.0,85.0,102.7,33.2461,98.0,176.0,84.0,37.8,32.1,6.6,,6.0,8.1,9.4,6.6,24.3,53.4,1.5,1.6,2.2,2.7,2.4,2.2,37.8,18.6,25.1,30.3,4782.0,23.5,24.3,39.6,39.0,693.0,276.0,403.0,268.0,186.0,3.345376,1.600277,0.104,374.470378,1.84,,,4.0,,,,3.0,,24.0,,3.0,2.0,1.0,1.0,1.0,0.0,1.0,3.0,2.0,,1.0,2.0,,2.0,2.0,1.0,2.0,2.0,0.0,0.0,0.0,4.0,,0.0,0.0,0.0,9.0,6.0,7.0,0.0,23.0,1.0,9.0,6.0,9.0,2.0,0.0,5.0,2.0,1.0,4.0,3.0,1.0,3.0,2.0,5.0,1.0,5.0,,,,1.0,,1.0,9.0,4.0,4.0,3.0,14.0,4.0,3.0,4.0,4.0,18.0,33.0,,0.0,0.0,,,89.0,69.0,79.0,0.0,0.0,0.01,0.09,0.13,1.91,43.59,15.02,0.007,0.258,,2.23,33.19,29.59,34.45,85.89,9.69,97.63,88.27,0.45,6.78,3.89,58.0,0.0,,228.4,0.221,17.06,5.075,13.19,0.092,1.08,6.71,32.04,43.97,65.5,1.271,1.295,21.4,8.16,2.41,8.421,70.5,0.688,1.45,166.1,9.76,44.3,1.072,29.076,4.328,,,,17.2,29.76,1.816,4.52,68.05,2.058,,4.02,,0
55.0,0.0,20.0,,0.0,25.0,,1.0,15.0,82.9,110.7,73.1,22.0,21.0,71.0,51.0,21.2952,102.0,155.0,88.0,17.2,30.6,2.6,3.0,6.7,7.0,7.0,5.8,19.5,23.7,0.6,2.1,2.4,,1.6,2.0,29.7,12.0,20.9,23.8,5404.0,31.5,16.0,39.7,30.5,451.0,287.0,290.0,213.0,212.0,5.374386,1.125524,0.059,291.069188,1.74,,3.0,,3.0,252.0,,,107.0,286.0,,,4.0,6.0,0.0,6.0,2.0,5.0,5.0,2.0,0.0,0.0,0.0,9.0,3.0,1.0,1.0,1.0,,0.0,0.0,0.0,1.0,81.891,,0.0,,3.0,4.0,4.0,1.0,8.0,2.0,11.0,4.0,1.0,1.0,4.0,4.0,5.0,1.0,0.0,4.0,1.0,,2.0,3.0,2.0,3.0,,1.0,9.0,,4.0,,,0.0,4.0,3.0,1.0,4.0,1.0,5.0,10.0,20.0,47.0,0.0,,1.0,0.0,,75.0,,36.0,0.0,0.0,0.02,0.24,,4.68,34.31,14.32,0.009,0.539,0.229,1.43,19.78,35.98,41.75,86.18,,110.06,73.65,0.65,8.92,4.81,66.4,0.0,0.0,385.3,0.284,18.03,3.981,15.13,0.129,0.773,7.24,17.08,49.47,107.9,1.09,1.006,15.0,7.85,2.246,4.572,71.1,1.13,,20.3,4.647,33.9,,13.743,3.29,119.59,,1.072,,129.43,2.117,7.87,69.93,0.642,345.3,3.66,,0
53.0,1.0,0.0,2.0,,39.0,,,15.0,83.7,171.5,65.1,51.0,46.0,86.0,103.7,30.2307,100.0,185.0,88.0,38.0,28.2,2.7,2.4,12.7,10.1,12.9,8.7,47.3,23.4,3.2,0.9,4.7,2.5,2.2,3.9,44.4,10.3,41.0,32.3,5873.0,22.1,22.0,42.3,,707.0,325.0,458.0,,278.0,1.811801,,,120.054145,3.37,,1.0,,4.0,,5.0,1.0,67.0,234.0,2.0,3.0,5.0,,4.0,7.0,5.0,1.0,7.0,2.0,1.0,0.0,1.0,5.0,3.0,1.0,2.0,3.0,1.0,1.0,0.0,1.0,4.0,,0.0,0.0,1.0,2.0,2.0,6.0,0.0,19.0,2.0,0.0,5.0,1.0,2.0,0.0,2.0,3.0,1.0,2.0,2.0,4.0,5.0,2.0,4.0,2.0,1.0,5.0,8.0,,0.0,5.0,,2.0,1.0,2.0,1.0,0.0,3.0,2.0,4.0,0.0,15.0,22.0,0.0,0.0,0.0,0.0,72.0,46.0,82.0,44.0,,0.0,0.0,,0.08,1.79,37.62,11.85,0.024,0.527,0.343,,49.73,31.86,31.5,101.16,8.25,145.01,118.92,0.17,3.89,1.96,44.5,0.0,0.0,176.3,0.145,15.98,3.719,11.54,0.058,,,23.62,,91.7,2.205,1.287,54.3,0.46,2.355,5.346,57.3,0.705,1.11,13.2,4.324,,2.317,13.677,2.877,,,,,94.2,11.964,4.12,74.4,0.77,257.6,6.05,85.0,0
59.0,1.0,23.0,1.0,108.0,27.0,,1.0,,90.1,141.5,54.2,58.0,48.0,102.0,71.1,20.2533,102.0,187.0,98.0,26.0,13.8,2.4,4.2,11.7,8.1,10.0,11.3,14.1,44.2,0.6,0.4,4.3,4.2,2.3,4.4,45.5,1.4,36.1,33.2,9507.0,29.7,17.2,74.8,37.7,560.0,395.0,239.0,205.0,201.0,,3.288079,,574.094102,,3.0,,,,214.0,2.0,,,184.0,2.0,,4.0,5.0,4.0,7.0,0.0,4.0,7.0,2.0,5.0,1.0,0.0,9.0,,2.0,1.0,1.0,2.0,0.0,1.0,2.0,4.0,8.143,0.0,0.0,0.0,8.0,9.0,0.0,3.0,0.0,2.0,2.0,1.0,7.0,1.0,2.0,1.0,1.0,3.0,1.0,0.0,1.0,3.0,1.0,4.0,2.0,5.0,1.0,1.0,20.0,19.0,2.0,0.0,1.0,1.0,1.0,2.0,0.0,3.0,1.0,3.0,7.0,23.0,15.0,,1.0,0.0,,,85.0,90.0,87.0,1.0,0.0,0.07,1.68,,2.92,44.31,15.31,0.013,0.643,0.34,1.33,32.42,27.97,34.54,80.99,8.78,98.77,72.2,0.78,19.01,1.8,44.0,0.0,0.0,395.5,0.347,,5.472,14.47,0.025,1.257,,69.35,49.1,76.5,2.196,1.229,30.9,0.35,2.607,5.084,103.7,1.356,1.51,23.5,5.964,32.5,1.617,29.988,4.951,19.5,,,,42.8,12.377,,77.39,0.828,494.5,7.34,,0
57.0,0.0,0.0,2.0,,,56.0,,,70.7,115.5,85.8,18.0,11.0,81.0,101.8,36.3293,104.0,167.0,79.0,24.1,26.2,8.9,2.3,6.3,7.6,,11.2,35.3,27.0,2.5,1.3,2.4,2.0,1.8,2.1,40.7,12.2,21.7,19.9,4792.0,36.2,17.6,53.1,27.9,530.0,422.0,368.0,199.0,197.0,5.89848,1.927109,0.665,504.017703,,,,3.0,,38.0,,,144.0,24.0,,4.0,2.0,2.0,,6.0,7.0,3.0,7.0,2.0,2.0,,1.0,8.0,2.0,3.0,2.0,2.0,2.0,0.0,0.0,2.0,3.0,66.605,1.0,,0.0,9.0,6.0,6.0,5.0,3.0,3.0,1.0,5.0,1.0,2.0,4.0,1.0,2.0,2.0,2.0,1.0,1.0,4.0,1.0,5.0,2.0,4.0,0.0,,,0.0,0.0,1.0,4.0,0.0,4.0,4.0,13.0,1.0,1.0,4.0,0.0,20.0,2.0,1.0,,0.0,0.0,66.0,44.0,90.0,,,1.0,0.01,0.13,0.26,3.55,39.18,13.55,0.006,0.514,0.095,1.82,24.92,30.69,34.59,88.74,9.93,121.41,75.5,0.31,4.22,4.9,67.2,0.0,0.0,,0.336,16.22,4.415,13.22,0.051,0.769,7.29,10.47,,50.2,1.293,1.133,28.8,1.2,2.272,6.082,,1.283,1.24,23.5,8.337,45.9,0.798,34.236,2.934,20.44,,1.172,,25.43,2.134,9.74,75.04,1.101,183.4,,55.1,0
66.0,1.0,30.0,2.0,3.0,2.0,,,,79.6,,84.9,49.0,40.0,71.0,78.9,23.2176,93.0,184.0,92.0,41.4,42.8,8.6,6.0,8.1,10.4,10.5,13.4,20.1,26.2,0.7,1.0,4.0,2.8,3.9,3.3,46.7,9.5,27.9,33.1,7693.0,38.5,11.3,56.8,32.1,435.0,250.0,226.0,173.0,187.0,3.916508,1.666779,,456.671013,2.78,,,4.0,,28.0,,,,,4.0,1.0,2.0,3.0,6.0,2.0,0.0,1.0,7.0,3.0,0.0,4.0,0.0,7.0,4.0,2.0,1.0,1.0,1.0,0.0,0.0,1.0,3.0,,0.0,0.0,7.0,9.0,1.0,2.0,0.0,31.0,5.0,11.0,6.0,8.0,2.0,5.0,0.0,1.0,1.0,2.0,1.0,0.0,5.0,1.0,5.0,1.0,3.0,1.0,,,12.0,,,10.0,0.0,4.0,3.0,12.0,3.0,1.0,3.0,9.0,19.0,37.0,0.0,0.0,0.0,1.0,,,,71.0,,0.0,0.01,0.12,0.02,0.27,42.9,15.63,0.015,0.129,0.164,3.56,53.78,32.47,36.44,89.11,9.78,116.3,80.27,0.22,,2.81,42.5,0.0,0.0,341.4,0.334,15.53,4.814,18.45,0.03,1.013,6.62,9.31,45.25,52.8,1.175,0.599,48.7,0.59,,3.333,49.2,0.757,1.49,21.9,4.905,38.9,1.85,22.583,1.813,,,1.218,,78.9,16.145,23.06,78.98,1.378,199.2,3.2,76.3,0
68.0,1.0,0.0,2.0,29.0,19.0,10.0,,15.0,103.8,181.7,48.0,25.0,51.0,85.0,70.5,24.2146,117.0,171.0,95.0,43.4,19.7,8.8,5.0,8.4,12.0,13.0,11.3,41.4,31.1,3.5,1.8,2.9,4.5,4.2,2.9,41.9,26.5,41.4,38.6,9519.0,38.6,22.0,45.3,46.8,678.0,456.0,356.0,280.0,278.0,5.872427,4.555169,,700.641047,3.97,3.0,2.0,3.0,1.0,,,,22.0,16.0,3.0,3.0,5.0,0.0,3.0,1.0,0.0,0.0,1.0,1.0,2.0,0.0,0.0,6.0,3.0,2.0,2.0,2.0,1.0,0.0,0.0,0.0,1.0,65.399,0.0,3.0,6.0,8.0,1.0,2.0,3.0,17.0,6.0,6.0,4.0,5.0,2.0,3.0,2.0,4.0,2.0,5.0,1.0,2.0,2.0,2.0,5.0,2.0,1.0,,0.0,0.0,,0.0,,7.0,8.0,1.0,,0.0,3.0,3.0,2.0,7.0,31.0,16.0,0.0,1.0,0.0,1.0,,47.0,,,,0.0,0.11,2.72,,1.14,37.73,12.91,0.014,,0.266,1.62,40.23,28.95,34.21,84.6,7.63,94.2,74.87,0.2,4.9,2.06,,0.0,0.0,206.6,0.158,17.74,4.46,12.37,0.064,2.716,4.04,63.26,44.11,80.4,1.861,1.186,53.1,0.81,2.515,5.079,52.8,0.863,3.98,97.0,9.239,40.8,2.29,14.209,4.041,6.78,,1.51,,17.84,10.845,4.63,,2.057,487.5,5.16,86.2,0
67.0,0.0,13.0,,3.0,3.0,43.0,4.0,15.0,79.7,165.0,76.4,55.0,33.0,71.0,63.6,24.2181,111.0,162.0,,14.3,31.8,2.1,6.0,10.3,8.0,7.7,7.8,25.0,35.3,2.1,1.0,1.8,4.2,2.2,4.2,14.4,4.0,23.9,35.8,5988.0,21.4,12.0,64.6,41.8,443.0,256.0,228.0,297.0,242.0,4.485586,1.83748,1.467,364.44435,1.78,2.0,2.0,3.0,4.0,127.0,6.0,4.0,,18.0,4.0,3.0,,6.0,,5.0,2.0,0.0,1.0,3.0,2.0,1.0,1.0,7.0,4.0,1.0,1.0,2.0,2.0,0.0,0.0,2.0,3.0,,0.0,0.0,0.0,1.0,0.0,5.0,6.0,5.0,2.0,11.0,0.0,4.0,2.0,2.0,0.0,2.0,3.0,1.0,1.0,1.0,3.0,2.0,2.0,2.0,3.0,,0.0,0.0,,,,2.0,5.0,3.0,2.0,3.0,3.0,1.0,3.0,0.0,24.0,1.0,,,0.0,0.0,,74.0,65.0,85.0,,0.0,0.08,0.7,0.64,5.96,41.28,12.41,,0.329,0.421,3.55,33.26,29.38,30.05,97.75,11.67,121.99,86.2,0.89,8.38,5.52,51.7,0.0,0.0,272.5,0.318,16.91,4.223,13.25,0.07,1.481,10.67,16.43,39.48,53.2,1.443,0.79,,0.79,2.272,3.833,,0.839,1.84,38.0,4.224,33.4,1.066,33.521,2.181,18.75,,0.87,,33.42,,6.7,68.69,4.741,487.1,4.83,31.8,0
63.0,0.0,43.0,2.0,,7.0,38.0,,17.0,89.5,133.5,98.4,26.0,50.0,102.0,103.1,41.7195,119.0,157.0,85.0,39.8,30.6,,8.1,7.7,10.0,11.7,7.0,54.0,51.9,2.3,3.6,2.5,2.3,3.9,3.0,38.6,24.1,22.1,33.5,5657.0,27.5,48.4,75.0,27.7,657.0,321.0,436.0,302.0,318.0,4.25048,4.080461,1.288,430.002839,,,,,,35.0,,,221.0,67.0,3.0,3.0,0.0,1.0,5.0,6.0,0.0,5.0,2.0,3.0,0.0,3.0,1.0,9.0,,3.0,1.0,2.0,2.0,0.0,1.0,0.0,,,0.0,,5.0,2.0,1.0,2.0,0.0,31.0,4.0,,3.0,8.0,2.0,1.0,3.0,4.0,2.0,0.0,1.0,1.0,3.0,1.0,5.0,0.0,4.0,3.0,9.0,24.0,16.0,,0.0,4.0,2.0,4.0,1.0,0.0,6.0,2.0,2.0,3.0,22.0,2.0,1.0,1.0,1.0,1.0,64.0,94.0,,,0.0,0.0,0.02,0.42,0.52,10.88,33.89,12.17,0.015,0.685,0.223,1.05,22.21,32.16,35.9,89.56,9.13,106.9,80.78,0.4,8.53,2.74,58.0,0.0,0.0,293.6,0.268,15.57,3.784,12.71,0.048,1.128,4.73,13.48,48.97,77.9,1.206,1.42,25.9,0.72,2.63,7.156,69.4,1.374,3.84,16.7,4.738,48.7,1.042,30.997,3.503,3.96,,1.215,,139.52,1.655,4.88,81.32,1.902,489.4,7.28,,0
52.0,0.0,8.0,1.0,74.0,,40.0,,,71.2,129.0,121.9,22.0,40.0,105.0,124.1,38.9898,131.0,178.0,92.0,48.0,44.7,7.8,5.6,10.6,8.5,7.2,12.1,38.1,55.0,3.7,3.3,2.0,1.8,2.5,3.6,47.5,19.0,22.1,28.8,8367.0,47.2,25.2,60.7,44.9,484.0,366.0,274.0,237.0,226.0,3.991634,3.831969,0.921,649.927129,3.35,,4.0,,,26.0,,3.0,,85.0,3.0,2.0,1.0,6.0,0.0,7.0,5.0,2.0,0.0,3.0,,1.0,2.0,8.0,3.0,2.0,1.0,1.0,2.0,0.0,2.0,0.0,3.0,,1.0,0.0,0.0,3.0,4.0,5.0,0.0,22.0,6.0,2.0,1.0,1.0,2.0,2.0,4.0,3.0,4.0,0.0,3.0,0.0,3.0,1.0,5.0,2.0,3.0,8.0,0.0,1.0,,0.0,1.0,3.0,1.0,2.0,3.0,,3.0,1.0,5.0,0.0,15.0,2.0,1.0,1.0,1.0,0.0,78.0,93.0,65.0,48.0,0.0,0.0,0.01,,0.11,1.97,35.95,13.19,0.009,0.749,0.217,1.28,22.87,32.44,36.68,88.44,9.34,105.51,87.25,0.44,7.89,3.75,67.1,0.0,0.0,477.4,0.446,16.24,4.065,15.03,0.098,1.119,5.59,65.88,,91.9,1.521,0.635,,0.2,2.493,6.296,83.0,0.664,1.38,174.8,18.063,63.2,,16.116,2.475,24.72,,,,28.82,1.962,13.58,80.28,1.287,424.4,3.93,25.8,0
64.0,0.0,10.0,1.0,,6.0,,0.0,20.0,92.0,177.6,,23.0,52.0,123.0,77.9,23.3721,126.0,183.0,97.0,48.5,39.2,6.6,5.8,13.1,17.5,10.2,12.3,54.3,26.8,2.2,2.4,4.9,4.8,4.5,4.7,39.8,23.5,27.0,36.4,5901.0,39.6,38.2,74.8,49.9,759.0,402.0,356.0,260.0,298.0,2.803091,2.690967,0.667,375.904671,2.27,,3.0,,,,3.0,3.0,,,3.0,3.0,0.0,,7.0,7.0,0.0,7.0,4.0,3.0,4.0,1.0,0.0,5.0,3.0,1.0,3.0,2.0,2.0,1.0,2.0,0.0,1.0,,1.0,3.0,0.0,1.0,2.0,7.0,6.0,37.0,4.0,9.0,1.0,1.0,2.0,3.0,3.0,3.0,3.0,2.0,1.0,1.0,4.0,2.0,5.0,1.0,3.0,,4.0,,0.0,,,4.0,8.0,5.0,1.0,4.0,1.0,1.0,2.0,8.0,25.0,2.0,1.0,1.0,1.0,0.0,,14.0,,85.0,,1.0,0.09,1.05,0.33,3.95,51.62,15.85,,0.345,0.319,2.16,26.09,29.06,30.7,94.64,8.15,94.28,92.5,0.59,7.1,5.11,61.8,0.0,0.0,164.3,0.134,15.53,5.454,13.14,0.046,0.728,8.27,62.02,48.21,114.0,1.692,0.987,,,,7.191,70.4,0.86,2.79,105.3,3.917,27.7,1.951,12.534,3.06,,511.4,,,20.21,1.149,22.29,72.87,,337.9,5.62,38.6,0
45.0,0.0,3.0,2.0,,5.0,47.0,2.0,20.0,70.3,123.9,86.8,35.0,38.0,85.0,68.0,20.1062,86.0,184.0,90.0,32.7,15.9,2.2,1.7,7.2,8.1,9.9,12.5,13.9,11.9,0.8,1.0,4.3,4.7,3.7,3.8,16.1,7.7,24.1,25.9,8273.0,14.9,9.3,61.9,54.7,617.0,378.0,361.0,304.0,201.0,2.484897,1.776786,,217.141649,,2.0,,6.0,3.0,37.0,,4.0,207.0,107.0,,4.0,1.0,2.0,1.0,6.0,0.0,3.0,4.0,2.0,2.0,0.0,2.0,10.0,4.0,2.0,2.0,1.0,2.0,0.0,1.0,0.0,4.0,3.831,2.0,6.0,0.0,7.0,6.0,4.0,,55.0,3.0,10.0,6.0,0.0,3.0,2.0,3.0,2.0,3.0,0.0,1.0,3.0,3.0,1.0,5.0,2.0,4.0,0.0,1.0,1.0,,3.0,0.0,0.0,0.0,2.0,2.0,0.0,3.0,3.0,4.0,0.0,45.0,,0.0,1.0,0.0,1.0,,80.0,,,0.0,1.0,0.02,0.29,0.49,8.7,35.26,14.88,0.019,0.667,0.326,2.78,49.75,40.46,42.21,95.87,10.38,105.79,75.49,0.43,7.63,1.88,33.6,0.0,0.0,234.0,0.243,15.75,3.678,15.14,0.107,1.352,5.6,24.8,,77.8,1.043,0.61,,0.32,,3.283,,0.668,4.03,112.7,3.861,30.4,0.81,33.193,2.262,,205.3,,,,1.498,18.27,64.81,4.206,177.0,6.25,,0
63.0,1.0,3.0,2.0,,39.0,,0.0,,85.3,136.6,60.5,40.0,58.0,97.0,105.8,30.1701,100.0,187.0,100.0,24.7,,2.9,2.2,10.6,9.3,11.4,13.3,32.7,20.6,2.5,2.5,5.2,4.8,4.5,4.7,35.9,18.0,41.6,,8417.0,48.1,14.7,79.3,56.4,525.0,353.0,318.0,264.0,226.0,6.135445,4.154079,,1111.116278,4.7,,,,2.0,252.0,2.0,,,,5.0,3.0,5.0,5.0,1.0,7.0,0.0,0.0,2.0,3.0,3.0,0.0,1.0,7.0,3.0,2.0,1.0,2.0,2.0,0.0,0.0,0.0,3.0,81.149,2.0,5.0,3.0,1.0,4.0,4.0,0.0,33.0,7.0,2.0,0.0,1.0,3.0,0.0,1.0,1.0,2.0,4.0,2.0,2.0,3.0,3.0,4.0,2.0,1.0,1.0,1.0,,2.0,1.0,,1.0,1.0,2.0,3.0,,3.0,1.0,4.0,10.0,17.0,27.0,0.0,,1.0,0.0,,86.0,,68.0,,0.0,0.08,,0.08,1.34,53.57,13.93,0.008,0.522,0.272,1.8,29.71,26.26,26.01,,8.3,121.92,91.37,0.17,2.84,,64.7,0.0,0.0,331.5,0.275,16.04,5.305,13.07,0.051,2.274,6.05,32.35,46.39,85.5,1.212,0.711,44.9,0.83,2.405,3.623,57.5,0.846,,152.0,9.489,60.8,1.052,32.94,3.608,,,0.975,,28.27,15.24,21.16,83.01,1.015,180.2,7.15,41.1,0
63.0,0.0,23.0,2.0,3.0,2.0,18.0,6.0,14.0,69.0,145.0,77.4,56.0,41.0,88.0,56.8,20.3367,112.0,167.0,87.0,26.5,13.9,1.8,4.0,8.5,6.5,5.8,11.5,23.2,29.7,1.3,0.6,2.5,3.4,3.5,4.3,15.5,12.0,26.8,37.0,7663.0,18.1,45.7,79.3,36.8,462.0,244.0,259.0,195.0,185.0,2.817305,1.429099,,119.850023,,,,,,340.0,3.0,,,419.0,3.0,4.0,4.0,7.0,7.0,6.0,4.0,0.0,1.0,3.0,2.0,,1.0,9.0,1.0,2.0,3.0,3.0,2.0,0.0,0.0,1.0,3.0,,1.0,1.0,3.0,5.0,4.0,1.0,3.0,15.0,9.0,10.0,4.0,6.0,2.0,2.0,3.0,4.0,5.0,2.0,1.0,1.0,3.0,2.0,4.0,0.0,4.0,,21.0,1.0,0.0,,,2.0,0.0,1.0,1.0,11.0,3.0,1.0,3.0,113.0,28.0,2.0,1.0,1.0,0.0,0.0,,,,89.0,,0.0,0.12,2.07,0.02,0.26,34.6,15.55,0.041,0.248,0.328,3.19,53.24,35.88,44.93,79.84,8.48,88.11,92.89,0.76,12.6,1.91,31.8,0.0,0.0,199.1,0.169,17.11,4.333,15.55,0.107,,6.0,65.01,43.62,58.3,1.871,0.803,28.7,1.01,,4.021,95.6,1.224,2.47,192.7,,36.1,2.006,32.515,2.253,175.98,,1.292,,140.02,2.046,24.46,69.35,2.45,242.0,5.09,,0
59.0,0.0,32.0,4.0,,9.0,,2.0,23.0,76.3,106.6,56.0,44.0,13.0,71.0,65.8,22.5875,88.0,171.0,90.0,18.0,30.0,1.6,0.5,12.3,6.9,7.5,10.0,18.1,16.2,0.5,0.9,2.5,2.3,4.2,3.1,17.0,4.1,41.0,21.3,6368.0,21.7,8.7,71.0,35.4,702.0,247.0,401.0,261.0,267.0,4.652734,2.304232,,394.206278,1.65,,6.0,3.0,3.0,17.0,3.0,5.0,,9.0,,,2.0,2.0,1.0,6.0,7.0,0.0,4.0,2.0,3.0,0.0,2.0,4.0,1.0,3.0,3.0,3.0,,2.0,1.0,1.0,4.0,,2.0,,0.0,0.0,7.0,1.0,0.0,9.0,1.0,6.0,1.0,3.0,1.0,2.0,0.0,3.0,3.0,1.0,1.0,2.0,3.0,2.0,4.0,2.0,2.0,26.0,0.0,,0.0,0.0,,,1.0,4.0,2.0,,3.0,2.0,5.0,2.0,17.0,49.0,0.0,0.0,0.0,0.0,73.0,77.0,86.0,,0.0,0.0,0.19,1.58,0.5,4.24,45.3,14.0,0.036,0.239,,2.41,20.29,30.32,30.9,98.11,8.34,118.5,83.66,0.87,7.37,7.9,66.5,0.0,0.0,,0.286,17.37,4.617,14.32,0.022,2.622,11.87,,45.5,131.7,,0.858,51.5,0.88,2.538,,67.4,0.763,3.4,23.2,4.832,34.9,,20.382,2.549,6.75,,0.877,83.2,78.52,1.684,,77.21,1.168,293.5,2.97,41.6,0
51.0,0.0,17.0,5.0,101.0,27.0,50.0,5.0,,77.4,112.2,109.0,9.0,12.0,76.0,55.3,24.1058,91.0,151.0,90.0,19.3,12.2,4.0,2.3,6.5,8.8,5.9,6.3,19.2,20.7,,1.3,1.9,2.0,2.0,2.9,15.4,12.3,22.9,26.1,7094.0,27.0,15.2,63.4,29.4,749.0,303.0,330.0,198.0,268.0,2.541636,1.247586,0.924,351.313847,,,,3.0,4.0,301.0,,,185.0,,1.0,,2.0,0.0,3.0,5.0,0.0,0.0,0.0,2.0,,3.0,0.0,6.0,4.0,2.0,1.0,2.0,2.0,2.0,2.0,1.0,3.0,,0.0,0.0,0.0,1.0,9.0,2.0,6.0,4.0,0.0,5.0,5.0,2.0,2.0,2.0,2.0,2.0,2.0,2.0,1.0,2.0,4.0,2.0,5.0,2.0,4.0,6.0,,0.0,0.0,,0.0,2.0,8.0,4.0,4.0,,3.0,3.0,4.0,9.0,32.0,20.0,1.0,0.0,0.0,0.0,,39.0,,,,1.0,0.02,0.25,0.36,4.51,37.03,14.94,0.024,0.599,0.296,2.91,36.43,37.48,40.35,92.88,9.38,111.44,85.47,0.93,,3.76,47.2,0.0,0.0,,0.175,18.07,3.987,13.17,0.115,2.0,7.97,45.39,,139.5,2.139,,,1.32,2.308,3.265,,1.342,1.36,14.5,3.967,42.1,2.369,31.727,1.949,,1805.0,0.909,,153.09,,20.18,71.69,0.685,442.8,8.03,17.6,0
40.0,1.0,32.0,3.0,,,,,15.0,67.0,103.2,47.5,46.0,13.0,88.0,77.5,30.2518,99.0,160.0,96.0,13.0,29.0,1.6,3.4,6.8,8.5,8.7,7.8,16.6,18.2,2.3,1.1,2.5,2.4,3.1,1.7,21.3,20.8,35.7,19.7,6868.0,31.5,20.6,51.5,27.1,490.0,255.0,370.0,208.0,188.0,5.45214,1.794914,0.401,617.457237,,2.0,2.0,,,42.0,1.0,,8.0,22.0,3.0,,0.0,0.0,6.0,0.0,0.0,3.0,4.0,2.0,0.0,,2.0,4.0,2.0,1.0,3.0,1.0,1.0,2.0,0.0,2.0,3.0,,0.0,0.0,0.0,9.0,2.0,5.0,0.0,17.0,7.0,12.0,0.0,2.0,1.0,0.0,2.0,2.0,1.0,1.0,0.0,1.0,4.0,1.0,5.0,2.0,4.0,1.0,,,0.0,,,5.0,1.0,2.0,1.0,0.0,3.0,1.0,4.0,0.0,13.0,25.0,,1.0,0.0,1.0,83.0,70.0,80.0,,,0.0,0.14,1.69,0.57,,52.83,16.13,0.011,0.975,0.357,3.42,41.96,29.37,30.53,96.19,7.59,107.44,81.21,0.68,8.33,3.35,41.1,0.0,0.0,144.6,0.11,16.79,5.492,12.98,0.12,1.148,8.16,11.46,44.87,139.3,2.271,1.031,43.8,15.72,2.288,7.435,116.1,1.379,,67.6,6.271,27.7,1.406,14.784,3.999,,,1.487,,43.56,10.823,17.06,67.58,1.856,517.7,8.16,102.6,0
44.0,0.0,15.0,1.0,56.0,,,,,83.1,144.8,87.4,36.0,22.0,71.0,45.8,20.1472,93.0,151.0,83.0,17.2,12.5,1.9,4.2,8.1,5.9,6.5,6.7,34.8,21.6,1.6,0.8,1.9,2.4,1.8,2.2,17.5,6.2,37.1,19.4,6300.0,15.9,11.6,48.0,32.4,705.0,404.0,449.0,322.0,283.0,1.641424,,-0.799,223.739611,,,,3.0,,27.0,3.0,4.0,28.0,30.0,5.0,,2.0,4.0,6.0,3.0,0.0,7.0,5.0,2.0,2.0,2.0,0.0,2.0,2.0,4.0,3.0,2.0,2.0,1.0,0.0,1.0,3.0,,0.0,14.0,4.0,1.0,1.0,1.0,0.0,31.0,4.0,1.0,0.0,5.0,1.0,4.0,0.0,2.0,3.0,4.0,1.0,3.0,2.0,2.0,2.0,0.0,6.0,2.0,5.0,3.0,13.0,0.0,,8.0,,5.0,1.0,0.0,3.0,1.0,3.0,0.0,17.0,13.0,0.0,0.0,0.0,1.0,,,,,,1.0,0.19,2.09,0.07,0.84,36.14,16.25,0.013,0.168,0.371,1.14,12.79,38.01,44.95,84.55,9.62,102.69,73.41,0.41,4.63,7.07,79.7,0.0,0.0,184.9,0.178,17.76,4.274,14.91,0.023,0.468,8.88,32.87,41.93,55.4,,0.86,39.3,12.72,2.637,5.156,58.0,0.911,2.33,46.2,4.776,31.9,1.195,,3.29,91.93,,1.421,,133.45,2.513,6.82,68.54,5.235,423.2,8.37,15.3,0
67.0,1.0,3.0,3.0,,4.0,10.0,,,70.3,137.5,49.8,50.0,54.0,66.0,66.9,20.1314,87.0,182.0,98.0,22.6,12.9,1.9,1.6,12.5,13.9,11.8,9.0,17.6,14.1,0.5,0.5,4.9,3.8,4.4,3.6,,2.4,39.9,39.2,9804.0,15.5,9.5,71.2,58.7,786.0,372.0,417.0,319.0,,4.41862,2.307638,0.212,220.95046,1.41,3.0,2.0,3.0,4.0,192.0,5.0,,170.0,40.0,3.0,,,5.0,0.0,3.0,0.0,1.0,4.0,2.0,1.0,,1.0,10.0,2.0,1.0,1.0,1.0,2.0,1.0,2.0,1.0,4.0,,1.0,0.0,3.0,7.0,1.0,7.0,0.0,14.0,0.0,1.0,0.0,7.0,2.0,3.0,1.0,2.0,3.0,1.0,1.0,1.0,4.0,1.0,5.0,1.0,5.0,27.0,20.0,20.0,0.0,,,4.0,1.0,1.0,2.0,,2.0,2.0,3.0,0.0,14.0,3.0,0.0,1.0,1.0,0.0,,89.0,,36.0,,,0.0,0.03,0.21,3.25,49.7,12.89,0.028,0.831,0.399,1.81,28.35,23.86,25.95,91.98,8.0,120.11,80.31,0.41,6.42,3.96,62.0,0.0,0.0,273.4,0.219,16.59,5.404,15.52,0.131,2.125,6.39,,47.96,72.6,1.44,0.792,22.9,0.45,2.456,8.126,85.3,0.735,2.3,184.2,4.269,26.5,0.893,30.713,5.539,105.31,,1.463,,43.54,15.888,7.06,82.67,1.452,421.7,6.46,,0
49.0,0.0,28.0,2.0,80.0,,51.0,,,101.4,185.7,64.0,53.0,51.0,87.0,75.2,21.5947,87.0,187.0,90.0,17.8,23.5,1.6,,9.5,11.3,13.3,11.0,15.9,21.2,0.5,1.1,3.5,2.6,2.6,2.4,21.0,8.5,26.0,41.8,8915.0,14.6,9.1,60.6,34.0,464.0,261.0,265.0,216.0,290.0,,1.085768,-0.492,281.569679,,1.0,,3.0,3.0,18.0,,,20.0,14.0,,2.0,2.0,1.0,0.0,3.0,0.0,4.0,3.0,2.0,2.0,1.0,0.0,4.0,3.0,1.0,1.0,2.0,2.0,0.0,2.0,0.0,4.0,,0.0,0.0,0.0,0.0,6.0,2.0,0.0,18.0,1.0,3.0,5.0,1.0,2.0,1.0,0.0,2.0,2.0,1.0,3.0,2.0,3.0,1.0,3.0,1.0,6.0,6.0,4.0,21.0,,3.0,1.0,2.0,0.0,3.0,4.0,,4.0,1.0,3.0,2.0,24.0,45.0,0.0,,1.0,1.0,,69.0,,93.0,,0.0,0.0,0.04,0.07,0.88,30.25,11.83,0.01,0.222,0.355,3.23,38.85,32.4,39.1,82.88,8.83,102.87,84.86,0.34,4.05,4.67,56.2,0.0,0.0,329.4,0.291,17.33,3.649,15.42,,1.897,8.32,18.92,41.2,145.3,1.259,1.346,53.8,15.08,2.263,7.768,94.8,1.004,1.16,25.7,3.847,33.2,1.821,25.005,,44.43,,1.407,,,1.65,10.3,74.75,1.013,279.4,7.44,26.8,0
63.0,1.0,1.0,3.0,5.0,,24.0,,,48.2,131.9,99.5,49.0,53.0,81.0,83.8,31.3301,100.0,164.0,97.0,35.2,22.5,7.0,7.6,10.9,13.3,12.6,11.6,36.1,30.9,0.8,2.9,4.6,2.6,4.6,3.1,19.2,8.0,43.6,40.2,9354.0,26.9,26.2,75.9,58.0,622.0,251.0,250.0,225.0,218.0,3.995616,2.63336,-0.66,338.59056,,,2.0,,1.0,,,,37.0,188.0,7.0,3.0,2.0,,0.0,6.0,1.0,3.0,1.0,2.0,0.0,0.0,0.0,4.0,2.0,,2.0,2.0,2.0,2.0,2.0,0.0,1.0,,0.0,0.0,,7.0,6.0,5.0,3.0,7.0,7.0,10.0,8.0,4.0,3.0,4.0,3.0,1.0,2.0,0.0,1.0,1.0,3.0,1.0,5.0,2.0,4.0,,,6.0,22.0,0.0,1.0,7.0,9.0,1.0,2.0,,3.0,1.0,3.0,0.0,18.0,1.0,1.0,1.0,0.0,1.0,,89.0,,,0.0,0.0,0.0,0.05,0.1,1.25,41.64,14.69,0.023,,0.272,1.28,16.75,28.86,35.28,81.8,11.12,,71.71,0.82,10.72,5.45,71.2,0.0,0.0,212.2,0.236,17.37,5.09,22.25,0.07,2.777,7.65,18.79,42.36,67.1,,0.629,38.2,0.46,2.23,3.545,53.6,0.723,2.63,11.9,,34.1,1.337,26.266,1.668,8.58,,,,18.8,18.2,6.47,81.58,,179.8,7.84,89.0,0
44.0,0.0,35.0,1.0,,41.0,13.0,,24.0,60.6,148.7,52.8,9.0,12.0,91.0,71.1,27.5372,116.0,161.0,78.0,30.4,43.5,,9.0,5.7,6.5,5.0,6.2,46.5,50.1,1.2,1.2,2.0,2.7,1.4,1.8,31.0,15.5,24.1,18.4,4596.0,49.0,49.5,38.9,28.5,515.0,379.0,427.0,233.0,287.0,2.290701,1.812761,-1.246,434.070046,,,1.0,1.0,,,4.0,,117.0,249.0,4.0,,5.0,2.0,1.0,3.0,3.0,1.0,8.0,2.0,1.0,0.0,1.0,9.0,3.0,2.0,1.0,2.0,,2.0,0.0,2.0,3.0,,0.0,0.0,2.0,5.0,0.0,2.0,0.0,30.0,4.0,0.0,5.0,,3.0,2.0,2.0,1.0,1.0,3.0,1.0,1.0,4.0,2.0,5.0,2.0,2.0,9.0,1.0,0.0,0.0,,1.0,6.0,6.0,1.0,,0.0,5.0,1.0,3.0,0.0,22.0,2.0,0.0,0.0,0.0,1.0,,,,72.0,,1.0,0.02,0.18,0.45,4.07,52.63,15.77,0.029,0.538,0.311,3.31,30.06,30.37,29.96,101.35,12.2,108.58,93.32,0.71,6.44,6.52,,0.0,0.0,197.0,0.24,16.09,5.193,13.63,0.042,1.242,11.01,7.47,,120.9,,,55.5,8.73,2.402,5.528,88.7,1.194,1.1,24.9,4.07,26.3,,31.967,3.949,6.11,,1.09,,15.98,,,64.3,1.439,258.8,6.91,26.8,0
68.0,1.0,13.0,2.0,,,,1.0,,88.0,154.9,69.7,51.0,34.0,77.0,77.2,21.8493,92.0,188.0,92.0,23.5,29.9,3.2,1.3,10.4,10.3,12.7,10.9,19.0,17.4,0.5,0.4,1.9,2.9,4.3,1.9,16.3,4.3,23.2,26.1,8275.0,13.8,12.5,79.4,44.7,673.0,307.0,310.0,199.0,290.0,2.874914,2.759917,2.126,325.443191,3.48,,3.0,,,8.0,,,,366.0,2.0,5.0,0.0,0.0,1.0,6.0,5.0,3.0,6.0,2.0,,0.0,1.0,7.0,2.0,2.0,1.0,1.0,2.0,0.0,0.0,0.0,1.0,70.618,0.0,0.0,0.0,8.0,7.0,4.0,2.0,2.0,1.0,12.0,0.0,0.0,1.0,2.0,0.0,2.0,2.0,3.0,2.0,1.0,0.0,3.0,5.0,2.0,5.0,18.0,28.0,27.0,0.0,3.0,1.0,2.0,4.0,1.0,4.0,14.0,3.0,2.0,2.0,0.0,25.0,,1.0,1.0,0.0,0.0,,61.0,74.0,,,0.0,0.17,1.56,0.64,5.89,40.76,15.13,0.039,0.316,0.321,3.33,30.8,31.03,37.13,83.59,11.33,94.79,72.72,0.2,1.85,6.47,,0.0,0.0,226.7,0.257,16.65,4.877,12.9,0.117,2.257,10.8,9.45,48.16,154.8,2.259,1.427,,,,7.99,91.5,0.994,1.72,102.2,,41.9,,33.613,5.202,119.17,,1.141,,136.29,13.444,7.31,72.82,,484.1,6.4,54.9,0
52.0,0.0,1.0,3.0,46.0,15.0,,,23.0,63.4,110.4,76.9,11.0,19.0,66.0,63.6,26.6243,89.0,155.0,80.0,27.3,35.0,4.3,2.1,6.9,6.0,5.5,6.1,27.5,40.6,0.8,0.6,2.1,,1.7,2.6,17.6,9.2,24.7,21.7,5155.0,33.7,13.8,38.1,28.9,755.0,381.0,369.0,311.0,288.0,2.605089,1.561289,,121.054282,3.29,,4.0,3.0,,,4.0,4.0,,14.0,3.0,3.0,4.0,1.0,0.0,7.0,2.0,10.0,2.0,2.0,3.0,0.0,0.0,5.0,4.0,2.0,3.0,3.0,2.0,0.0,0.0,0.0,2.0,,0.0,15.0,5.0,9.0,1.0,1.0,0.0,4.0,6.0,10.0,5.0,7.0,2.0,2.0,2.0,2.0,0.0,3.0,0.0,1.0,5.0,2.0,3.0,1.0,5.0,0.0,1.0,,16.0,4.0,,4.0,0.0,5.0,,,4.0,1.0,3.0,9.0,20.0,2.0,0.0,,1.0,1.0,,64.0,64.0,83.0,0.0,1.0,0.17,3.17,0.04,0.67,29.38,15.79,0.014,0.311,0.32,1.73,32.28,39.71,53.74,73.89,8.73,86.25,71.76,0.81,15.05,2.61,48.8,0.0,0.0,132.3,0.115,16.02,3.976,14.23,0.075,1.757,5.36,38.14,,128.5,1.5,1.199,17.0,1.3,2.575,,49.9,0.753,,125.2,,32.3,1.299,14.874,5.579,,,1.517,,26.57,1.565,7.27,73.58,0.75,224.3,,41.0,0
46.0,0.0,21.0,2.0,,,,6.0,,100.0,151.3,64.3,8.0,24.0,111.0,65.1,24.3795,95.0,163.0,79.0,26.6,27.7,2.4,8.0,6.6,5.9,6.6,5.9,34.7,40.6,0.8,1.0,2.3,1.7,2.1,2.2,23.5,13.7,23.1,22.0,,40.6,17.0,40.0,27.0,,290.0,376.0,323.0,309.0,2.241356,1.468015,1.931,142.697503,,3.0,1.0,,,157.0,3.0,2.0,223.0,13.0,,4.0,3.0,2.0,2.0,7.0,0.0,0.0,0.0,2.0,1.0,0.0,1.0,9.0,1.0,1.0,2.0,3.0,2.0,1.0,0.0,0.0,2.0,1.0,2.0,0.0,3.0,1.0,2.0,2.0,2.0,28.0,7.0,2.0,0.0,2.0,1.0,4.0,2.0,2.0,2.0,3.0,0.0,4.0,3.0,1.0,5.0,2.0,3.0,,0.0,5.0,12.0,,1.0,1.0,0.0,2.0,2.0,0.0,3.0,2.0,5.0,0.0,16.0,,0.0,0.0,0.0,1.0,,75.0,82.0,,,1.0,0.13,2.32,0.01,0.13,46.79,15.5,0.005,0.193,,2.37,42.45,31.32,33.13,94.55,8.34,85.88,77.01,0.69,12.43,2.38,42.7,0.0,0.0,187.7,0.156,,4.949,13.31,0.032,0.455,5.59,10.12,42.43,74.5,1.058,0.616,15.3,0.52,2.597,3.314,92.7,1.329,4.21,14.9,3.657,27.4,1.298,9.984,1.791,169.96,1673.6,,,31.14,1.273,4.24,,4.563,485.8,7.37,34.9,0
64.0,0.0,4.0,5.0,67.0,35.0,,,15.0,95.4,121.5,58.9,9.0,15.0,72.0,71.8,22.6574,88.0,178.0,83.0,32.2,46.1,2.0,3.7,6.7,8.6,6.2,5.7,26.3,15.9,2.7,1.0,2.1,2.0,1.8,1.9,29.3,9.4,20.5,22.6,5817.0,25.7,29.2,47.9,40.5,523.0,324.0,278.0,196.0,184.0,,2.186516,-1.143,229.335167,2.52,2.0,,,2.0,24.0,3.0,,44.0,66.0,,,1.0,6.0,6.0,1.0,4.0,0.0,1.0,2.0,1.0,0.0,0.0,7.0,2.0,2.0,1.0,1.0,1.0,0.0,0.0,0.0,3.0,,1.0,1.0,0.0,9.0,32.0,1.0,0.0,2.0,2.0,15.0,3.0,1.0,,2.0,1.0,1.0,2.0,1.0,1.0,1.0,3.0,1.0,5.0,0.0,5.0,,1.0,1.0,0.0,0.0,,2.0,1.0,1.0,2.0,0.0,2.0,3.0,3.0,0.0,26.0,22.0,1.0,1.0,1.0,0.0,65.0,44.0,,,,1.0,0.01,0.15,0.27,2.98,41.04,13.59,0.009,0.679,0.415,2.54,,27.2,33.12,82.13,10.52,89.25,,0.3,3.34,5.8,65.1,0.0,0.0,209.4,0.22,15.75,4.997,,0.051,1.407,8.92,35.94,40.02,144.2,,1.293,23.8,6.37,2.507,6.083,,1.007,1.27,21.3,2.9,24.0,2.537,13.786,3.171,,1210.2,1.144,,59.2,1.083,12.19,80.87,0.861,169.6,3.6,25.2,0
68.0,0.0,6.0,1.0,99.0,0.0,13.0,,,96.8,159.1,54.5,21.0,38.0,66.0,47.2,20.0668,87.0,153.0,93.0,14.1,12.1,1.3,1.3,10.0,5.5,8.6,7.9,20.7,15.9,0.4,0.4,1.8,2.6,2.8,3.2,12.4,4.8,21.0,33.0,6499.0,13.2,12.9,47.7,34.8,666.0,351.0,345.0,208.0,177.0,3.403051,1.759459,2.638,540.736688,,,3.0,3.0,,19.0,,5.0,,9.0,,3.0,3.0,1.0,6.0,7.0,0.0,0.0,0.0,2.0,1.0,0.0,0.0,7.0,1.0,2.0,2.0,2.0,2.0,1.0,0.0,0.0,1.0,12.917,2.0,,2.0,6.0,5.0,0.0,0.0,7.0,5.0,1.0,0.0,2.0,2.0,1.0,0.0,1.0,2.0,1.0,4.0,1.0,0.0,2.0,5.0,2.0,2.0,,11.0,,,2.0,,6.0,0.0,2.0,3.0,,3.0,2.0,2.0,9.0,22.0,,0.0,1.0,0.0,0.0,94.0,73.0,81.0,,1.0,1.0,0.0,0.01,0.01,0.11,35.49,11.56,0.016,0.785,0.415,1.16,11.99,30.87,32.58,94.75,7.38,118.14,83.68,0.63,6.53,7.87,81.4,0.0,0.0,278.4,0.205,16.75,3.746,16.75,0.048,2.177,9.68,28.77,40.39,71.8,1.391,0.582,22.6,16.35,2.44,3.617,48.0,1.197,2.35,21.8,7.529,36.2,1.171,17.417,2.226,6.77,,1.088,,154.18,2.217,15.72,,4.58,303.0,7.17,32.0,0
44.0,0.0,13.0,1.0,1.0,4.0,,10.0,15.0,62.2,138.2,,13.0,22.0,70.0,54.4,20.3053,87.0,164.0,79.0,6.5,15.0,1.3,3.2,7.7,6.8,6.2,5.7,13.6,12.9,0.2,0.3,1.7,1.8,1.3,1.7,14.3,3.9,21.0,20.5,4966.0,13.9,6.1,37.0,27.8,574.0,328.0,424.0,305.0,297.0,,,,183.610468,,,2.0,,,98.0,3.0,,71.0,30.0,,,1.0,3.0,,4.0,5.0,1.0,7.0,2.0,1.0,0.0,0.0,5.0,3.0,3.0,3.0,2.0,1.0,0.0,0.0,1.0,2.0,,0.0,0.0,6.0,3.0,1.0,3.0,0.0,4.0,10.0,0.0,1.0,1.0,1.0,3.0,3.0,3.0,3.0,1.0,2.0,0.0,1.0,1.0,5.0,2.0,2.0,2.0,,0.0,0.0,0.0,1.0,8.0,5.0,2.0,2.0,12.0,4.0,1.0,4.0,5.0,31.0,,0.0,,0.0,0.0,,93.0,,,0.0,1.0,0.16,2.29,0.12,1.78,49.28,11.81,0.042,0.321,0.429,0.8,11.45,23.34,23.98,97.36,10.38,113.57,85.84,0.82,11.62,5.12,72.9,0.0,0.0,236.7,0.246,16.08,,13.01,0.116,2.356,7.02,13.29,,91.2,2.127,1.307,16.2,6.58,2.217,7.932,96.7,0.784,1.33,15.5,4.109,34.9,2.021,30.111,3.495,16.01,,1.283,,,,,71.21,3.996,444.8,4.37,,0
69.0,0.0,19.0,4.0,1.0,,,7.0,15.0,95.1,151.9,60.6,8.0,28.0,103.0,70.1,29.1679,100.0,155.0,78.0,36.8,42.6,3.1,1.7,7.9,10.3,8.0,5.7,31.1,20.8,1.1,2.8,2.7,1.9,1.7,2.2,37.4,,22.0,20.4,5663.0,39.9,28.7,35.9,43.0,445.0,259.0,245.0,177.0,175.0,2.450537,1.93205,-0.472,324.351843,,,2.0,,,40.0,3.0,4.0,,376.0,,3.0,5.0,3.0,0.0,7.0,5.0,,4.0,3.0,1.0,1.0,0.0,4.0,3.0,2.0,1.0,2.0,,0.0,2.0,2.0,2.0,,0.0,10.0,,1.0,2.0,1.0,5.0,7.0,0.0,1.0,5.0,9.0,2.0,0.0,2.0,0.0,1.0,3.0,2.0,1.0,1.0,1.0,5.0,1.0,3.0,7.0,47.0,,,5.0,,3.0,0.0,1.0,2.0,0.0,4.0,1.0,4.0,8.0,16.0,,1.0,1.0,0.0,,,,,,,1.0,0.16,3.14,0.03,0.65,45.43,16.48,0.007,0.331,0.277,2.54,49.9,33.22,36.27,91.61,9.28,99.12,82.78,0.17,3.41,2.19,42.9,0.0,0.0,290.1,0.269,17.1,4.959,13.15,0.109,,5.1,9.0,39.29,155.0,2.12,0.813,15.2,0.33,2.342,5.504,83.0,0.88,1.7,11.2,8.819,,2.285,26.735,4.582,145.88,,1.203,,37.96,1.611,3.96,,0.62,339.5,4.6,58.0,0
57.0,1.0,1.0,3.0,,6.0,,2.0,,70.7,146.6,54.1,46.0,51.0,113.0,83.6,26.6649,116.0,177.0,93.0,32.1,48.4,7.8,6.3,13.4,13.2,7.0,9.3,17.9,32.0,1.1,1.0,2.8,4.4,3.9,4.2,46.7,15.4,40.8,40.7,8231.0,25.9,33.9,67.0,57.3,495.0,384.0,370.0,174.0,254.0,4.281565,1.839756,-0.808,347.043166,,,1.0,3.0,,21.0,,,,6.0,3.0,3.0,3.0,2.0,0.0,1.0,0.0,1.0,2.0,1.0,,0.0,0.0,9.0,3.0,1.0,2.0,2.0,2.0,0.0,0.0,0.0,3.0,,0.0,9.0,0.0,1.0,5.0,5.0,4.0,6.0,5.0,8.0,1.0,0.0,2.0,0.0,0.0,3.0,2.0,1.0,1.0,5.0,2.0,1.0,5.0,1.0,3.0,0.0,1.0,,0.0,,,3.0,,5.0,3.0,9.0,4.0,1.0,3.0,2.0,22.0,,0.0,,0.0,1.0,,49.0,70.0,47.0,,0.0,0.03,0.16,0.15,0.71,34.41,11.75,0.012,0.146,0.351,2.56,12.36,32.29,34.15,94.55,7.71,88.16,,10.15,48.98,7.84,37.8,0.0,0.0,378.2,0.292,16.92,3.639,12.06,0.065,1.062,20.73,19.85,51.5,153.7,1.054,0.759,24.3,0.69,2.29,4.37,67.0,0.704,1.23,189.7,4.031,27.7,1.124,28.185,3.171,,,1.064,,77.07,6.049,19.01,71.0,0.918,158.6,2.84,,0
46.0,0.0,10.0,3.0,83.0,,,,18.0,69.5,116.4,64.2,52.0,29.0,89.0,70.5,27.2899,88.0,161.0,98.0,26.8,18.2,4.6,2.4,10.8,8.1,9.9,6.4,29.2,16.6,0.7,,2.5,2.8,1.8,3.7,26.1,7.2,38.4,23.4,8072.0,18.7,17.4,52.7,42.3,624.0,358.0,302.0,228.0,250.0,5.180583,3.871597,,,3.51,,4.0,3.0,,355.0,,,26.0,28.0,,3.0,1.0,3.0,7.0,2.0,0.0,2.0,0.0,2.0,3.0,,0.0,5.0,4.0,1.0,1.0,3.0,2.0,1.0,1.0,0.0,4.0,,1.0,7.0,8.0,1.0,1.0,2.0,0.0,27.0,3.0,4.0,0.0,5.0,2.0,4.0,3.0,3.0,5.0,1.0,3.0,0.0,3.0,3.0,4.0,2.0,2.0,13.0,1.0,,0.0,1.0,1.0,1.0,7.0,5.0,2.0,0.0,6.0,,3.0,3.0,,2.0,0.0,,0.0,0.0,84.0,68.0,,36.0,,1.0,0.03,0.28,0.01,0.08,33.79,12.79,0.034,,0.327,8.59,76.11,30.76,37.84,81.3,12.34,89.31,72.11,0.36,,2.3,20.3,0.0,0.0,252.6,0.312,15.63,4.157,14.92,0.113,1.704,11.29,52.02,42.6,59.7,1.113,0.652,40.8,0.59,2.2,4.213,60.5,1.263,1.33,149.5,8.596,50.5,0.913,35.803,2.918,14.99,,1.419,,122.39,2.225,,64.98,1.176,486.4,6.78,,0
60.0,0.0,44.0,2.0,,6.0,29.0,1.0,18.0,103.0,149.7,83.7,11.0,52.0,86.0,97.8,32.187,110.0,174.0,95.0,42.4,37.9,5.5,2.0,8.7,,9.2,11.1,34.7,25.4,1.5,1.0,3.0,4.2,3.1,2.1,34.3,11.8,34.8,23.2,5544.0,42.0,46.6,74.7,54.9,701.0,303.0,264.0,296.0,199.0,1.913324,1.836791,-0.819,243.270691,,,,3.0,,274.0,,4.0,,19.0,,,1.0,4.0,1.0,3.0,5.0,3.0,0.0,2.0,1.0,1.0,1.0,9.0,2.0,1.0,1.0,3.0,2.0,1.0,0.0,1.0,3.0,26.528,,0.0,,9.0,2.0,2.0,0.0,38.0,6.0,5.0,2.0,8.0,2.0,2.0,5.0,0.0,3.0,0.0,4.0,2.0,3.0,2.0,5.0,2.0,3.0,10.0,15.0,12.0,17.0,2.0,,5.0,1.0,5.0,2.0,0.0,2.0,2.0,3.0,9.0,15.0,40.0,0.0,,1.0,0.0,,93.0,,,,0.0,0.15,2.02,0.34,,43.48,12.58,0.034,0.222,0.191,2.61,36.42,27.09,28.93,93.65,10.37,94.58,81.31,0.81,11.35,3.26,45.5,0.0,0.0,318.6,0.33,18.01,4.643,15.68,0.08,1.679,7.17,63.73,47.1,96.4,2.228,1.623,23.1,0.6,2.226,6.57,,1.282,1.18,,4.897,61.2,2.52,14.485,4.374,,,1.151,,34.34,3.024,20.79,81.39,3.992,181.3,4.22,91.3,0
61.0,0.0,4.0,3.0,,,,,15.0,75.9,106.3,47.7,9.0,,82.0,51.1,24.3797,92.0,145.0,77.0,21.9,39.0,2.3,2.9,5.8,6.0,5.6,5.8,16.5,,0.5,0.7,1.7,1.7,1.7,1.7,23.2,25.6,21.7,21.0,4666.0,28.2,38.1,36.1,26.3,795.0,426.0,445.0,321.0,318.0,,2.140486,,251.347779,,2.0,,3.0,,,,,11.0,,,,2.0,2.0,0.0,2.0,0.0,4.0,4.0,1.0,,0.0,0.0,5.0,4.0,3.0,1.0,2.0,2.0,0.0,0.0,0.0,2.0,,2.0,13.0,7.0,0.0,3.0,1.0,7.0,6.0,1.0,3.0,6.0,2.0,3.0,3.0,2.0,3.0,1.0,1.0,1.0,2.0,2.0,3.0,5.0,1.0,4.0,1.0,,,,0.0,1.0,8.0,1.0,2.0,2.0,0.0,5.0,1.0,2.0,7.0,24.0,,1.0,1.0,1.0,0.0,,,,,,0.0,0.13,2.2,0.13,2.21,34.75,14.58,0.014,0.426,0.426,3.2,55.38,34.61,41.95,82.5,9.4,85.06,71.21,0.18,,2.14,37.0,0.0,0.0,391.8,0.368,16.11,4.212,12.8,0.059,0.829,5.78,32.04,43.18,,1.154,1.028,48.1,0.68,2.447,6.823,112.2,1.031,1.61,78.0,3.604,33.0,1.061,15.295,5.292,21.06,,1.481,,19.47,1.713,4.99,71.66,0.935,291.9,,32.8,0
44.0,0.0,14.0,4.0,,,17.0,2.0,,105.4,,72.2,38.0,13.0,84.0,56.9,21.666,129.0,162.0,89.0,38.9,22.5,2.6,6.6,7.2,6.5,6.8,9.0,37.4,27.3,0.6,2.1,2.0,2.4,3.0,2.8,23.4,12.8,28.0,25.6,6058.0,24.9,29.5,39.5,36.2,748.0,409.0,350.0,208.0,289.0,5.330468,2.397282,,639.556926,3.11,,1.0,1.0,6.0,,,,,22.0,4.0,3.0,2.0,3.0,1.0,1.0,4.0,4.0,2.0,1.0,,2.0,0.0,6.0,2.0,1.0,1.0,2.0,1.0,1.0,0.0,0.0,3.0,,0.0,0.0,3.0,0.0,0.0,0.0,2.0,1.0,,12.0,1.0,1.0,2.0,2.0,2.0,3.0,1.0,1.0,4.0,1.0,3.0,1.0,5.0,2.0,3.0,8.0,14.0,6.0,14.0,0.0,,4.0,5.0,1.0,3.0,,2.0,3.0,2.0,6.0,15.0,2.0,0.0,1.0,0.0,0.0,87.0,,68.0,,,1.0,0.0,0.08,0.62,,45.05,15.15,0.025,0.811,0.336,,23.26,28.94,33.64,86.05,10.29,98.76,84.45,0.3,7.38,2.23,54.2,0.0,0.0,188.9,0.194,16.83,5.235,12.34,0.033,1.343,4.12,35.4,44.32,107.8,1.847,1.136,31.5,0.56,2.357,5.1,,1.092,1.31,36.2,4.86,42.2,2.24,30.186,2.808,18.1,,1.356,,113.94,1.315,21.43,67.68,0.85,362.7,6.37,69.5,0
48.0,0.0,7.0,1.0,,,55.0,,,95.4,134.7,53.4,57.0,58.0,82.0,115.0,35.4615,122.0,180.0,97.0,43.6,51.0,9.9,8.6,11.5,13.1,13.0,13.3,41.0,50.4,3.1,3.0,4.0,5.0,4.5,2.3,39.0,16.2,32.9,38.7,9070.0,44.4,49.1,80.8,53.4,722.0,597.0,399.0,407.0,278.0,,4.514625,2.977,600.879294,2.94,3.0,,,,12.0,5.0,6.0,,103.0,3.0,5.0,2.0,5.0,1.0,4.0,,1.0,2.0,2.0,2.0,0.0,1.0,6.0,2.0,,1.0,2.0,2.0,0.0,2.0,0.0,3.0,,,0.0,0.0,0.0,31.0,0.0,0.0,29.0,2.0,3.0,1.0,1.0,3.0,5.0,2.0,1.0,2.0,0.0,0.0,3.0,3.0,2.0,5.0,2.0,4.0,18.0,9.0,0.0,16.0,0.0,1.0,3.0,4.0,2.0,1.0,2.0,4.0,1.0,1.0,6.0,30.0,1.0,1.0,0.0,1.0,0.0,94.0,49.0,,95.0,,0.0,0.14,1.83,0.07,0.89,45.41,16.1,0.033,0.153,0.37,3.13,41.46,34.21,35.45,96.5,11.15,112.31,90.07,0.82,10.8,3.4,45.0,0.0,0.0,211.7,0.236,16.6,4.706,13.21,0.054,0.475,7.56,33.56,50.21,87.4,2.083,0.804,17.2,8.99,2.322,3.601,101.6,1.303,1.17,18.7,,43.6,1.772,18.685,2.332,,1553.7,0.894,,,,16.16,67.53,0.576,497.9,8.99,,0
43.0,1.0,40.0,3.0,,7.0,122.0,8.0,,75.5,105.7,76.2,44.0,56.0,89.0,110.0,35.8524,104.0,175.0,95.0,,21.4,2.9,6.8,11.1,10.6,10.4,7.9,17.8,34.3,1.1,2.8,3.9,3.6,4.5,2.6,32.1,6.8,32.2,35.4,10022.0,26.6,35.5,73.2,58.5,541.0,268.0,292.0,181.0,181.0,2.219483,2.130703,1.668,692.778844,4.46,,1.0,2.0,,31.0,5.0,,17.0,65.0,4.0,,2.0,6.0,5.0,7.0,3.0,0.0,1.0,2.0,1.0,0.0,1.0,5.0,3.0,2.0,2.0,2.0,2.0,0.0,0.0,2.0,3.0,18.426,0.0,13.0,0.0,5.0,3.0,1.0,0.0,9.0,,10.0,8.0,8.0,2.0,2.0,4.0,2.0,3.0,2.0,1.0,1.0,4.0,2.0,2.0,1.0,4.0,,,,,0.0,,3.0,0.0,3.0,1.0,0.0,2.0,1.0,2.0,0.0,18.0,29.0,,1.0,0.0,1.0,,88.0,,89.0,0.0,0.0,0.16,3.45,0.47,9.85,39.15,,0.021,0.354,0.272,1.54,32.71,28.98,36.01,,11.32,100.55,71.71,0.2,4.17,2.35,49.8,0.0,0.0,337.1,0.382,16.02,4.865,14.17,0.029,1.793,4.72,18.44,41.35,155.8,1.485,1.546,24.2,0.93,2.379,8.088,87.4,1.196,1.13,19.7,5.659,45.2,1.14,22.83,5.181,5.66,,,,24.88,14.585,5.4,,,200.7,3.76,73.6,0
55.0,0.0,4.0,1.0,3.0,2.0,,,,93.3,159.5,77.4,15.0,19.0,111.0,96.3,41.9201,132.0,152.0,79.0,49.4,49.0,3.7,6.2,8.3,6.5,6.1,7.8,42.7,52.8,1.7,2.9,1.8,3.2,1.8,1.8,46.1,25.5,23.4,21.5,4702.0,47.8,53.5,41.9,35.8,553.0,325.0,379.0,238.0,186.0,1.547739,1.120682,-2.004,101.48373,4.77,5.0,2.0,,,33.0,,4.0,,294.0,,3.0,4.0,4.0,2.0,6.0,5.0,2.0,3.0,3.0,0.0,4.0,2.0,9.0,4.0,2.0,2.0,3.0,2.0,0.0,0.0,0.0,1.0,,2.0,1.0,3.0,1.0,10.0,5.0,3.0,6.0,2.0,3.0,6.0,8.0,3.0,3.0,1.0,5.0,3.0,1.0,3.0,1.0,3.0,3.0,4.0,2.0,2.0,16.0,,,0.0,,,1.0,9.0,4.0,3.0,0.0,3.0,2.0,2.0,0.0,13.0,47.0,0.0,,0.0,1.0,85.0,73.0,70.0,,,0.0,0.12,1.18,0.22,2.1,36.78,15.25,0.006,0.138,0.176,3.37,32.66,37.41,41.47,90.22,11.14,104.14,77.58,0.3,2.91,6.31,61.1,0.0,0.0,134.1,0.149,17.56,4.077,12.92,0.042,1.137,10.33,27.44,47.41,79.4,1.381,1.434,15.2,,2.303,4.112,111.8,0.788,1.16,100.3,8.483,54.7,0.933,15.465,3.748,8.77,,1.417,,149.23,1.906,4.27,72.42,4.846,523.6,9.02,62.0,0
40.0,0.0,37.0,4.0,,33.0,20.0,4.0,,92.6,119.3,48.6,11.0,32.0,59.0,40.0,16.2778,88.0,157.0,81.0,9.5,9.4,1.0,1.7,6.1,8.0,6.1,8.1,15.2,13.2,0.1,0.5,1.7,1.9,1.8,1.7,12.3,4.5,21.8,20.1,4745.0,13.2,8.9,43.8,22.7,511.0,292.0,340.0,204.0,276.0,2.068396,1.985661,,293.859667,1.87,2.0,,3.0,2.0,117.0,3.0,1.0,29.0,,3.0,3.0,0.0,1.0,3.0,7.0,6.0,1.0,0.0,2.0,0.0,1.0,0.0,4.0,4.0,4.0,1.0,2.0,2.0,2.0,2.0,0.0,1.0,27.212,0.0,7.0,0.0,6.0,10.0,4.0,0.0,4.0,3.0,10.0,5.0,6.0,1.0,1.0,4.0,3.0,2.0,0.0,0.0,3.0,3.0,2.0,5.0,2.0,4.0,22.0,,1.0,17.0,,,6.0,1.0,4.0,1.0,7.0,1.0,1.0,1.0,0.0,27.0,2.0,0.0,1.0,0.0,0.0,71.0,66.0,65.0,91.0,,1.0,0.01,,0.09,1.25,36.89,,0.012,,0.155,2.1,30.46,29.92,31.08,96.27,8.97,115.29,,0.42,6.14,4.27,62.0,0.0,,370.7,0.333,17.04,3.831,12.59,0.003,0.243,6.88,,,98.6,1.621,0.578,,0.87,2.459,3.385,115.0,1.166,2.67,108.9,,26.1,,19.048,1.875,131.21,,0.994,,143.94,1.88,14.73,80.48,1.061,498.2,4.72,,0
43.0,1.0,41.0,2.0,1.0,,59.0,,,61.5,119.5,59.2,39.0,35.0,115.0,60.5,23.45,106.0,161.0,90.0,21.8,42.3,6.4,2.5,6.0,9.9,8.6,6.2,19.0,23.2,,0.8,2.0,2.0,2.6,2.1,36.4,5.3,20.7,23.3,6299.0,15.9,11.2,46.0,33.1,801.0,508.0,423.0,334.0,332.0,5.384012,3.564187,2.592,506.518484,4.08,,,3.0,2.0,,,,,59.0,2.0,3.0,0.0,,0.0,7.0,1.0,1.0,1.0,3.0,3.0,2.0,0.0,7.0,1.0,1.0,3.0,2.0,2.0,2.0,2.0,0.0,1.0,,0.0,0.0,6.0,0.0,0.0,2.0,5.0,10.0,4.0,0.0,1.0,5.0,2.0,2.0,0.0,3.0,2.0,0.0,1.0,1.0,2.0,2.0,2.0,0.0,3.0,0.0,1.0,9.0,17.0,,,5.0,0.0,2.0,1.0,13.0,2.0,1.0,4.0,4.0,,2.0,0.0,1.0,0.0,0.0,,,,65.0,,1.0,0.02,0.14,0.27,2.51,36.73,11.63,0.033,0.722,0.338,1.6,15.13,28.15,31.65,88.93,7.38,108.63,73.51,0.39,3.67,,78.6,0.0,0.0,322.3,0.238,15.66,4.13,15.61,0.12,1.057,10.6,19.38,48.74,53.6,1.956,0.723,33.2,0.42,,,107.3,1.143,1.05,20.5,4.836,33.7,2.171,14.679,2.453,44.08,,1.392,,77.65,13.172,23.97,79.72,0.943,,4.02,22.7,0
44.0,0.0,20.0,4.0,,9.0,32.0,6.0,17.0,65.8,107.4,58.4,18.0,13.0,94.0,76.7,32.4556,101.0,154.0,81.0,39.6,29.0,6.1,4.3,7.1,6.1,4.4,7.9,25.7,34.9,2.3,1.5,1.9,2.1,2.6,1.7,35.1,26.5,20.7,20.8,6679.0,37.7,20.1,39.6,38.3,547.0,360.0,333.0,309.0,226.0,2.305039,2.212837,,368.421334,3.37,,,,,,3.0,4.0,92.0,28.0,4.0,1.0,2.0,0.0,2.0,3.0,0.0,4.0,6.0,1.0,0.0,0.0,0.0,6.0,3.0,2.0,3.0,3.0,1.0,3.0,0.0,1.0,1.0,39.706,1.0,,0.0,3.0,1.0,3.0,0.0,0.0,1.0,8.0,1.0,8.0,3.0,2.0,3.0,2.0,3.0,0.0,1.0,3.0,4.0,1.0,3.0,0.0,1.0,24.0,46.0,28.0,,,,,1.0,2.0,1.0,9.0,3.0,1.0,1.0,10.0,17.0,,0.0,0.0,0.0,1.0,91.0,69.0,,68.0,,1.0,0.16,,0.39,3.87,33.06,14.12,0.009,0.542,0.239,3.43,34.01,34.4,42.72,80.52,9.7,87.95,72.96,0.33,3.25,5.77,57.3,0.0,0.0,336.4,0.326,15.49,4.105,12.87,0.057,1.687,10.08,16.91,50.28,66.8,1.198,1.118,20.5,1.17,2.318,5.462,105.7,0.72,1.22,15.9,4.619,26.5,1.028,29.7,4.312,9.09,,0.935,,,2.389,,70.79,3.328,338.8,6.06,100.5,0
67.0,0.0,8.0,5.0,,,,5.0,14.0,73.4,151.0,50.8,29.0,45.0,105.0,57.7,23.9926,107.0,155.0,86.0,33.4,18.9,6.3,2.3,12.3,9.4,6.1,13.2,33.7,25.7,0.5,0.8,4.6,4.2,3.1,4.5,29.6,9.1,41.0,29.5,9703.0,19.9,49.7,55.2,31.3,489.0,295.0,365.0,260.0,242.0,5.717691,,1.701,494.81579,,,,2.0,4.0,33.0,,,,224.0,5.0,2.0,3.0,3.0,0.0,1.0,6.0,3.0,23.0,2.0,5.0,1.0,1.0,9.0,3.0,2.0,1.0,1.0,1.0,2.0,0.0,1.0,3.0,85.671,0.0,0.0,,,1.0,5.0,0.0,24.0,8.0,2.0,7.0,5.0,2.0,2.0,2.0,4.0,3.0,2.0,3.0,0.0,3.0,2.0,3.0,2.0,2.0,,1.0,22.0,17.0,4.0,0.0,1.0,2.0,1.0,1.0,0.0,6.0,2.0,4.0,3.0,21.0,2.0,0.0,,0.0,0.0,,44.0,77.0,80.0,1.0,1.0,0.02,0.41,0.38,6.95,40.62,12.34,0.012,0.13,0.271,0.97,,27.29,30.37,89.85,8.15,104.97,76.33,0.34,6.3,3.71,68.4,0.0,0.0,233.1,,15.83,4.521,13.3,0.085,0.892,5.42,9.64,41.45,52.7,1.319,1.213,21.6,17.82,2.301,2.653,92.9,0.734,1.1,10.6,,31.4,0.821,17.337,1.876,116.79,,0.905,,20.17,1.528,12.11,65.84,0.87,353.8,5.2,54.3,0
60.0,0.0,39.0,2.0,4.0,,30.0,,21.0,80.6,152.9,99.3,40.0,39.0,79.0,88.7,37.1951,102.0,154.0,86.0,21.9,20.3,6.3,7.7,9.1,6.1,6.0,8.3,35.6,45.4,1.1,0.9,4.8,2.7,1.8,2.1,31.7,,25.0,22.6,7217.0,16.6,21.6,48.0,27.4,705.0,395.0,298.0,234.0,277.0,,3.8682,,534.799158,3.12,3.0,,,,18.0,3.0,4.0,,12.0,,5.0,2.0,1.0,2.0,7.0,1.0,6.0,5.0,2.0,1.0,0.0,1.0,9.0,4.0,3.0,2.0,1.0,2.0,1.0,0.0,0.0,3.0,,0.0,0.0,2.0,4.0,1.0,1.0,0.0,21.0,7.0,3.0,2.0,8.0,3.0,3.0,1.0,2.0,2.0,1.0,0.0,2.0,2.0,3.0,5.0,1.0,1.0,2.0,4.0,,19.0,4.0,1.0,4.0,0.0,2.0,1.0,8.0,4.0,1.0,2.0,0.0,14.0,2.0,1.0,1.0,0.0,0.0,,37.0,71.0,,0.0,1.0,0.02,0.26,0.48,6.67,48.63,11.84,0.006,0.354,0.395,3.06,,23.53,24.34,,8.06,96.68,88.04,0.4,5.6,3.18,44.6,0.0,0.0,352.3,0.284,17.43,5.031,13.46,0.108,0.965,7.14,50.27,50.89,109.3,1.88,1.34,51.7,0.24,2.355,7.017,46.7,0.747,2.39,,,52.7,1.899,13.676,2.602,113.58,,,,,1.432,22.11,81.18,3.376,158.6,3.02,45.8,0
59.0,1.0,36.0,5.0,6.0,4.0,29.0,,18.0,87.2,139.5,75.4,39.0,42.0,88.0,78.6,21.8983,98.0,189.0,92.0,35.0,26.7,7.5,7.6,,11.4,12.8,11.2,28.9,25.5,1.0,2.8,4.9,4.7,3.9,4.6,41.1,5.9,37.2,36.1,7966.0,38.8,32.7,74.5,40.5,447.0,233.0,246.0,174.0,177.0,4.614271,2.271188,1.778,666.660578,,,,,,,,,,236.0,,1.0,2.0,5.0,6.0,6.0,0.0,4.0,0.0,2.0,1.0,4.0,0.0,5.0,2.0,2.0,1.0,2.0,2.0,0.0,1.0,1.0,3.0,,1.0,0.0,0.0,1.0,1.0,7.0,0.0,27.0,8.0,13.0,6.0,9.0,1.0,4.0,1.0,2.0,2.0,0.0,1.0,1.0,3.0,1.0,4.0,2.0,3.0,27.0,,23.0,,0.0,1.0,,7.0,6.0,2.0,13.0,2.0,,5.0,10.0,15.0,12.0,,,0.0,,,69.0,,94.0,,0.0,0.07,0.95,0.13,1.73,52.03,,0.032,0.191,0.311,3.61,47.98,28.98,29.21,99.22,9.03,119.38,96.46,0.22,2.87,,46.5,0.0,0.0,165.1,0.149,15.53,5.244,13.15,0.047,2.162,7.52,45.31,48.29,62.3,1.271,0.871,54.3,10.14,2.345,,73.5,1.034,1.16,,4.795,29.7,2.193,19.225,3.202,134.89,,,,79.3,,12.61,,2.068,299.2,9.03,101.4,0
49.0,1.0,23.0,2.0,,28.0,49.0,2.0,22.0,63.7,103.1,82.9,54.0,50.0,97.0,119.8,39.5639,121.0,174.0,98.0,47.3,46.6,6.4,9.4,10.6,13.5,7.9,9.8,45.9,43.7,0.7,3.0,3.6,3.8,2.4,3.9,,22.0,42.7,36.9,8626.0,47.0,18.5,70.3,50.3,673.0,393.0,356.0,179.0,227.0,1.826154,1.753108,,104.093443,3.25,,2.0,4.0,5.0,,,,,103.0,3.0,,3.0,4.0,5.0,7.0,0.0,6.0,3.0,3.0,4.0,1.0,2.0,8.0,2.0,,1.0,2.0,2.0,2.0,2.0,1.0,1.0,,1.0,0.0,0.0,1.0,0.0,6.0,0.0,40.0,5.0,0.0,5.0,1.0,2.0,1.0,3.0,2.0,0.0,4.0,0.0,4.0,3.0,2.0,5.0,1.0,3.0,2.0,7.0,,2.0,0.0,,9.0,1.0,2.0,2.0,9.0,4.0,2.0,3.0,5.0,31.0,11.0,1.0,,0.0,1.0,66.0,50.0,,,1.0,1.0,0.0,0.04,0.07,0.62,31.45,13.12,0.011,0.376,,1.62,15.38,34.95,41.73,83.75,7.38,96.06,77.89,0.81,7.7,8.02,76.3,0.0,0.0,141.8,0.105,16.15,3.755,12.24,0.076,0.512,10.52,15.93,48.28,62.5,1.093,1.409,26.6,6.85,2.372,4.864,45.5,0.716,3.79,19.5,4.9,29.6,0.86,26.566,4.116,19.12,,0.939,,53.17,16.517,10.03,,0.391,109.0,3.25,72.2,0
48.0,0.0,26.0,2.0,,9.0,57.0,10.0,24.0,60.6,109.2,70.4,15.0,27.0,74.0,62.3,19.93,95.0,177.0,90.0,35.4,15.6,3.3,2.9,8.3,11.1,12.2,6.3,18.8,13.0,0.8,0.9,4.4,4.3,2.3,3.4,5.0,4.1,24.4,28.4,5754.0,16.4,13.9,44.3,29.9,452.0,259.0,247.0,239.0,200.0,,,0.321,308.496375,,,1.0,1.0,3.0,328.0,5.0,,154.0,28.0,2.0,2.0,2.0,3.0,1.0,7.0,6.0,2.0,8.0,3.0,1.0,1.0,0.0,10.0,2.0,3.0,1.0,2.0,1.0,0.0,0.0,0.0,3.0,,0.0,0.0,0.0,2.0,3.0,1.0,0.0,1.0,6.0,2.0,1.0,2.0,2.0,3.0,2.0,4.0,3.0,2.0,0.0,1.0,4.0,2.0,5.0,1.0,3.0,11.0,3.0,,0.0,0.0,0.0,6.0,4.0,2.0,,0.0,3.0,1.0,2.0,0.0,14.0,50.0,0.0,0.0,0.0,,,,,,,0.0,0.0,0.05,0.3,7.04,,16.64,0.012,0.547,0.218,1.41,33.57,35.25,37.9,93.02,9.29,105.5,77.81,0.3,7.07,2.19,52.3,0.0,0.0,363.1,0.337,16.47,4.72,13.22,0.024,1.062,4.19,56.3,43.58,73.2,1.09,0.669,47.2,0.37,,5.647,95.8,1.051,,121.0,8.941,57.6,0.825,26.966,3.254,16.11,,,,45.07,1.475,17.81,64.16,,286.0,5.86,95.1,0
62.0,0.0,,2.0,106.0,,50.0,5.0,16.0,106.6,131.7,74.8,29.0,40.0,91.0,109.9,39.9679,105.0,166.0,79.0,43.8,37.4,6.4,7.0,6.4,6.1,6.4,6.6,49.4,64.7,3.8,2.4,1.9,2.2,1.8,1.9,48.4,16.2,24.1,21.4,4450.0,48.9,36.3,46.7,30.3,550.0,414.0,372.0,303.0,300.0,4.723666,1.64952,-1.378,255.589005,,,,4.0,,24.0,,5.0,130.0,353.0,2.0,,2.0,6.0,7.0,7.0,0.0,2.0,0.0,3.0,0.0,2.0,2.0,5.0,3.0,4.0,3.0,2.0,1.0,1.0,1.0,0.0,3.0,,,6.0,2.0,4.0,2.0,7.0,0.0,31.0,1.0,4.0,4.0,0.0,3.0,1.0,5.0,2.0,,2.0,3.0,1.0,,1.0,4.0,1.0,3.0,4.0,8.0,1.0,,4.0,,3.0,5.0,3.0,2.0,0.0,4.0,,3.0,0.0,13.0,,0.0,1.0,0.0,,,68.0,,64.0,,1.0,0.16,3.62,,8.04,39.88,14.23,0.023,1.029,0.392,0.99,22.67,32.82,35.69,91.97,8.13,105.33,,,,2.7,61.7,0.0,0.0,,0.241,15.62,4.336,16.53,0.09,1.041,4.38,10.43,45.32,147.5,,1.169,15.1,13.3,,6.419,63.7,0.793,4.33,6.9,4.414,29.5,2.142,12.78,3.499,,,,,70.06,0.87,4.2,,5.324,300.9,3.73,68.8,0
54.0,0.0,13.0,1.0,,15.0,,1.0,,64.7,116.7,92.4,12.0,31.0,81.0,85.2,28.0465,96.0,174.0,94.0,31.0,24.6,4.1,5.9,11.0,12.7,10.8,9.7,28.1,31.5,0.8,1.8,4.0,4.0,3.0,2.4,22.0,9.5,23.8,,6655.0,43.6,23.7,76.2,50.8,631.0,443.0,458.0,327.0,317.0,9.741947,4.536491,4.895,502.558558,,,3.0,,,23.0,4.0,2.0,19.0,18.0,,,0.0,0.0,4.0,0.0,0.0,,1.0,2.0,,1.0,1.0,9.0,3.0,3.0,3.0,1.0,2.0,0.0,0.0,0.0,2.0,,2.0,14.0,0.0,7.0,7.0,0.0,8.0,1.0,9.0,1.0,0.0,9.0,1.0,2.0,5.0,2.0,2.0,1.0,0.0,2.0,3.0,1.0,2.0,2.0,2.0,,,10.0,1.0,,1.0,4.0,2.0,4.0,3.0,,3.0,1.0,4.0,4.0,27.0,22.0,0.0,0.0,0.0,0.0,,,94.0,,,1.0,0.03,0.41,0.21,2.52,38.79,12.42,0.022,0.318,0.176,,37.17,31.9,32.01,99.65,7.39,114.92,81.45,0.56,6.58,4.5,53.3,0.0,0.0,343.2,0.254,17.2,3.893,13.94,0.039,0.896,8.44,42.71,43.69,68.5,1.305,,38.2,11.65,2.44,8.036,59.3,0.739,3.22,123.6,4.509,31.0,2.191,20.061,5.026,174.26,,1.19,,133.87,,7.56,,2.529,255.3,3.78,68.1,0
54.0,1.0,13.0,6.0,,,,,16.0,84.7,151.6,70.1,35.0,34.0,76.0,59.0,23.1675,92.0,160.0,95.0,18.4,16.3,1.5,3.4,10.6,8.5,10.5,13.1,13.3,12.8,0.7,0.4,3.6,3.8,2.4,4.4,17.3,5.8,28.7,33.7,5248.0,16.7,8.8,80.6,56.1,457.0,231.0,227.0,137.0,144.0,1.526153,0.983786,-2.54,166.430218,3.29,,3.0,3.0,,116.0,,,12.0,375.0,3.0,4.0,2.0,2.0,3.0,6.0,0.0,6.0,1.0,1.0,3.0,0.0,0.0,5.0,3.0,3.0,1.0,1.0,2.0,1.0,0.0,0.0,4.0,,0.0,0.0,8.0,3.0,7.0,0.0,0.0,3.0,3.0,1.0,7.0,3.0,3.0,3.0,5.0,2.0,5.0,1.0,0.0,5.0,4.0,1.0,2.0,0.0,3.0,0.0,1.0,1.0,9.0,2.0,0.0,8.0,,3.0,2.0,0.0,5.0,1.0,3.0,0.0,8.0,25.0,1.0,0.0,0.0,1.0,,76.0,87.0,37.0,,1.0,0.09,0.91,0.43,4.16,40.0,13.76,0.013,,0.283,2.52,24.45,30.99,34.4,,8.79,88.97,76.45,0.55,5.35,6.71,65.1,0.0,0.0,177.2,,16.77,4.439,13.0,0.034,0.993,10.3,9.95,47.22,111.0,,1.488,20.8,19.07,2.211,7.035,62.9,1.124,1.15,6.3,6.298,38.4,1.467,13.26,,19.13,,1.028,,25.84,16.351,5.48,65.63,1.133,351.3,3.81,,0
45.0,0.0,28.0,1.0,73.0,17.0,,8.0,32.0,100.2,179.6,96.1,2.0,19.0,106.0,62.4,25.7782,109.0,156.0,81.0,45.6,21.7,3.6,2.1,6.3,6.1,5.7,5.9,49.0,37.2,1.8,1.1,1.8,1.8,2.5,2.1,32.8,17.3,16.8,23.5,4631.0,38.5,44.6,33.2,32.2,761.0,453.0,448.0,322.0,324.0,3.975106,3.411717,0.187,256.080858,,,,,4.0,153.0,,4.0,44.0,7.0,,,2.0,2.0,0.0,1.0,1.0,1.0,3.0,2.0,3.0,0.0,0.0,8.0,3.0,1.0,1.0,2.0,1.0,0.0,1.0,0.0,2.0,,0.0,5.0,0.0,9.0,0.0,5.0,1.0,5.0,6.0,2.0,1.0,1.0,1.0,1.0,1.0,3.0,2.0,1.0,1.0,0.0,5.0,1.0,4.0,1.0,2.0,,16.0,12.0,21.0,,0.0,2.0,0.0,2.0,2.0,0.0,1.0,2.0,3.0,0.0,17.0,21.0,1.0,0.0,0.0,0.0,,84.0,72.0,,1.0,0.0,0.08,0.88,0.05,0.61,46.93,12.25,0.013,0.669,0.232,0.82,9.46,24.72,26.1,94.71,10.25,103.66,84.25,0.59,6.84,7.08,82.2,0.0,,197.4,0.202,16.28,4.955,16.23,0.058,2.338,8.61,19.25,45.99,146.2,1.212,1.042,50.9,1.31,2.638,5.011,71.2,1.057,3.98,17.0,6.464,33.7,0.94,,3.827,,,0.808,,29.55,2.065,10.86,65.94,0.607,399.8,3.28,63.2,0
50.0,1.0,8.0,2.0,77.0,12.0,27.0,,,99.6,164.7,52.3,34.0,45.0,84.0,62.1,19.3894,115.0,179.0,99.0,45.3,33.3,3.7,9.5,,13.8,13.2,12.9,45.2,24.5,1.4,1.3,4.9,4.2,4.1,2.4,34.5,23.0,43.6,36.8,10163.0,38.4,19.4,96.9,58.6,797.0,386.0,426.0,258.0,315.0,5.625848,4.399741,,670.086751,,2.0,6.0,3.0,,20.0,,,,210.0,4.0,,1.0,4.0,6.0,2.0,0.0,0.0,5.0,2.0,,,1.0,6.0,4.0,1.0,2.0,2.0,1.0,0.0,1.0,0.0,3.0,,0.0,0.0,0.0,1.0,1.0,6.0,2.0,17.0,0.0,5.0,0.0,2.0,2.0,3.0,2.0,4.0,3.0,5.0,1.0,0.0,5.0,2.0,5.0,2.0,1.0,2.0,,1.0,,,,3.0,3.0,2.0,1.0,0.0,6.0,1.0,5.0,0.0,22.0,2.0,0.0,1.0,0.0,,,,68.0,62.0,,0.0,0.01,0.2,0.04,0.97,50.84,16.59,0.015,0.423,0.327,1.13,24.7,32.76,32.64,100.38,10.54,123.3,,0.41,8.85,3.0,65.3,0.0,0.0,131.3,0.138,16.63,5.065,12.09,0.103,1.08,4.59,11.84,49.58,79.5,,1.656,27.8,0.57,2.492,9.707,54.4,0.783,1.57,165.2,4.065,43.3,,27.632,6.435,15.99,,1.434,,66.93,12.361,8.31,73.63,2.126,488.1,3.49,23.2,0
68.0,0.0,38.0,2.0,,37.0,13.0,4.0,15.0,84.0,114.3,50.4,5.0,2.0,85.0,98.0,36.05,101.0,165.0,79.0,43.0,40.3,3.8,3.9,6.4,8.1,6.9,5.6,48.8,16.8,1.4,0.7,1.8,2.5,1.8,2.0,41.5,12.5,20.4,19.5,5203.0,39.9,35.0,36.8,30.6,848.0,466.0,460.0,332.0,327.0,1.723596,1.654653,-0.162,240.585947,3.27,6.0,4.0,,5.0,,,,394.0,34.0,3.0,5.0,1.0,1.0,5.0,5.0,6.0,6.0,2.0,1.0,,1.0,2.0,6.0,2.0,3.0,2.0,2.0,1.0,0.0,0.0,0.0,,,,0.0,0.0,1.0,8.0,2.0,0.0,30.0,3.0,4.0,2.0,0.0,3.0,2.0,1.0,1.0,1.0,0.0,3.0,1.0,3.0,1.0,5.0,2.0,3.0,11.0,1.0,1.0,21.0,1.0,1.0,,0.0,2.0,3.0,1.0,5.0,2.0,5.0,9.0,15.0,1.0,0.0,,0.0,1.0,,55.0,,43.0,0.0,0.0,0.07,1.27,0.11,2.02,46.86,16.33,0.044,0.693,0.35,3.26,59.78,29.69,34.86,85.17,10.15,119.69,75.11,0.18,,1.84,,0.0,0.0,356.4,0.362,17.17,5.502,16.8,0.083,1.954,5.45,9.76,49.11,59.0,1.8,1.075,19.5,0.34,2.547,7.881,70.4,1.113,1.18,14.3,7.294,47.1,1.764,15.124,3.545,15.87,,1.162,,72.62,2.151,,82.73,2.641,,,29.2,0
50.0,1.0,16.0,2.0,4.0,,8.0,5.0,15.0,72.8,158.3,91.6,19.0,21.0,71.0,53.7,20.4173,91.0,162.0,81.0,15.7,18.4,0.5,1.7,7.8,7.0,7.1,10.8,16.3,17.7,0.4,0.5,1.9,3.1,1.9,1.7,15.3,10.6,21.0,23.9,6008.0,5.8,16.9,38.7,26.4,776.0,417.0,423.0,327.0,319.0,3.30936,2.82118,,611.609729,1.81,7.0,,,2.0,343.0,2.0,5.0,,255.0,3.0,,2.0,5.0,2.0,7.0,0.0,0.0,1.0,2.0,1.0,0.0,1.0,8.0,2.0,2.0,1.0,3.0,2.0,0.0,1.0,0.0,3.0,,0.0,13.0,,0.0,1.0,1.0,3.0,57.0,9.0,7.0,6.0,6.0,3.0,0.0,2.0,2.0,5.0,2.0,0.0,0.0,4.0,1.0,5.0,1.0,3.0,25.0,,17.0,20.0,3.0,,3.0,1.0,1.0,2.0,,3.0,1.0,1.0,0.0,16.0,43.0,1.0,0.0,0.0,0.0,,84.0,,80.0,,0.0,0.01,0.08,0.65,10.08,38.01,13.14,0.004,0.497,0.207,1.98,30.62,29.6,34.56,85.65,8.55,96.46,74.87,0.26,4.0,,55.2,0.0,0.0,288.9,0.247,15.84,4.438,12.23,0.023,0.643,,10.68,39.36,42.1,1.784,,54.9,6.58,2.363,8.402,53.1,0.882,,174.5,5.258,38.8,,10.596,5.615,19.95,,1.132,,99.53,13.799,38.14,,1.992,485.6,8.07,15.3,0
64.0,1.0,10.0,1.0,,,39.0,2.0,15.0,71.1,128.7,93.8,50.0,55.0,137.0,106.9,40.6641,146.0,162.0,87.0,58.2,49.8,8.5,15.9,12.2,13.3,13.2,12.5,48.8,54.0,3.8,3.5,4.1,4.7,3.2,4.0,48.0,25.5,43.8,36.7,9526.0,53.0,50.6,67.7,58.7,446.0,241.0,288.0,240.0,170.0,5.274312,4.37589,1.629,,4.58,4.0,,5.0,,,,,69.0,16.0,3.0,,2.0,6.0,1.0,0.0,,1.0,4.0,1.0,1.0,,0.0,5.0,2.0,3.0,2.0,2.0,,0.0,0.0,0.0,3.0,,0.0,,1.0,5.0,2.0,7.0,3.0,6.0,3.0,3.0,1.0,1.0,1.0,1.0,2.0,1.0,5.0,4.0,1.0,4.0,3.0,2.0,4.0,2.0,6.0,,0.0,6.0,,2.0,,2.0,1.0,2.0,2.0,0.0,3.0,1.0,3.0,12.0,,1.0,1.0,1.0,1.0,1.0,,,,81.0,0.0,0.0,0.01,0.11,0.56,7.49,49.02,15.46,0.026,0.555,0.279,1.92,25.6,28.75,31.54,91.15,11.06,91.04,74.85,0.99,13.22,4.01,53.6,0.0,0.0,352.5,0.39,16.53,5.378,16.59,0.09,1.191,7.49,10.83,49.39,78.9,2.218,1.588,15.9,1.23,2.244,8.424,104.7,0.967,4.84,18.8,7.733,47.6,2.136,28.544,5.331,108.03,,0.806,,34.58,6.655,5.69,65.9,1.358,238.4,4.18,16.0,0
45.0,1.0,36.0,2.0,,5.0,,3.0,19.0,86.4,173.1,70.9,10.0,19.0,99.0,79.1,34.2287,101.0,152.0,87.0,28.4,45.0,6.4,5.1,,7.5,8.7,5.6,17.9,34.7,2.1,1.1,1.8,1.9,2.2,1.6,36.7,12.7,20.8,22.9,6382.0,39.8,17.7,36.1,30.0,673.0,310.0,331.0,216.0,232.0,,2.368726,0.435,172.930742,,4.0,2.0,2.0,,34.0,,4.0,47.0,176.0,,,2.0,5.0,1.0,6.0,0.0,0.0,4.0,3.0,1.0,0.0,1.0,6.0,3.0,,1.0,1.0,2.0,3.0,2.0,1.0,4.0,28.454,1.0,1.0,0.0,2.0,4.0,5.0,3.0,18.0,8.0,3.0,3.0,0.0,3.0,2.0,4.0,4.0,1.0,0.0,2.0,1.0,5.0,2.0,5.0,0.0,2.0,1.0,1.0,1.0,,,,7.0,4.0,,3.0,15.0,2.0,1.0,4.0,0.0,14.0,2.0,0.0,1.0,0.0,0.0,83.0,76.0,,,1.0,1.0,0.19,5.46,0.0,0.13,35.57,12.11,0.022,0.168,0.229,1.09,31.99,29.26,34.05,85.94,10.24,100.43,76.71,0.32,9.31,1.81,53.1,0.0,0.0,153.0,0.157,15.7,4.139,14.6,0.042,0.457,3.41,12.25,,,2.188,1.417,22.2,0.85,,8.114,51.7,0.783,2.31,616.0,3.999,,1.779,10.182,3.996,,,1.271,,,16.91,10.16,66.21,0.685,226.6,5.58,75.1,0
60.0,1.0,41.0,1.0,3.0,4.0,15.0,4.0,15.0,71.9,171.9,96.1,26.0,56.0,114.0,131.4,40.0414,130.0,181.0,96.0,44.7,46.6,9.7,5.5,8.1,13.1,12.4,11.8,49.0,55.3,2.3,3.1,4.7,4.1,4.7,4.2,41.3,25.9,40.6,26.0,9886.0,48.5,46.7,48.3,37.8,497.0,,338.0,216.0,214.0,1.624849,0.518344,-0.33,52.736853,1.96,2.0,,4.0,3.0,23.0,,2.0,19.0,23.0,2.0,,2.0,1.0,1.0,0.0,0.0,0.0,3.0,2.0,,0.0,0.0,8.0,1.0,1.0,2.0,3.0,1.0,0.0,0.0,0.0,3.0,,,8.0,1.0,0.0,1.0,1.0,0.0,31.0,4.0,3.0,8.0,5.0,1.0,2.0,0.0,2.0,2.0,0.0,1.0,0.0,3.0,3.0,5.0,2.0,3.0,1.0,,,,,,9.0,1.0,3.0,1.0,13.0,3.0,1.0,,0.0,21.0,34.0,0.0,0.0,0.0,0.0,,87.0,,67.0,,0.0,0.01,0.2,0.03,0.7,39.45,14.85,0.033,1.01,0.227,0.95,,36.46,37.64,96.88,9.55,119.71,78.7,0.21,5.24,2.78,69.9,0.0,0.0,196.6,0.188,16.4,4.072,13.09,0.054,0.821,3.98,42.24,46.01,120.0,1.907,0.696,31.8,,2.355,3.301,59.6,0.751,2.84,154.6,4.654,30.9,2.322,28.761,2.403,,3441.7,1.361,,20.76,16.271,6.07,67.27,3.359,200.1,3.8,,0
59.0,1.0,20.0,1.0,,4.0,37.0,9.0,16.0,91.4,178.5,92.4,30.0,23.0,85.0,72.3,21.4393,95.0,184.0,82.0,45.1,16.6,2.5,,10.1,6.6,8.0,8.1,19.0,26.9,0.6,0.9,2.1,3.4,2.1,2.0,19.4,16.0,39.5,26.3,5161.0,25.6,9.6,48.7,42.3,697.0,436.0,369.0,258.0,277.0,3.341651,3.207985,1.201,575.195279,4.24,2.0,,1.0,5.0,320.0,,,8.0,187.0,,,3.0,2.0,1.0,3.0,1.0,6.0,3.0,1.0,3.0,0.0,1.0,8.0,1.0,1.0,1.0,1.0,1.0,0.0,0.0,0.0,3.0,,0.0,0.0,0.0,7.0,1.0,6.0,0.0,16.0,7.0,2.0,2.0,4.0,3.0,3.0,2.0,4.0,2.0,1.0,0.0,1.0,4.0,4.0,,0.0,2.0,,16.0,23.0,,,1.0,5.0,0.0,3.0,2.0,6.0,2.0,1.0,4.0,8.0,,11.0,1.0,1.0,0.0,0.0,,,,,,1.0,0.06,0.62,0.51,5.04,35.24,16.04,0.003,0.288,0.356,1.03,10.17,38.84,45.52,85.33,7.39,97.53,81.74,0.42,4.2,8.07,80.0,0.0,0.0,413.6,0.306,17.15,4.13,20.47,0.044,1.502,10.09,40.12,51.27,124.2,1.445,0.604,19.2,1.14,2.277,4.099,94.7,0.768,2.46,70.4,3.759,28.2,1.217,25.471,2.115,,,1.238,,27.56,18.697,8.62,81.0,3.059,243.3,,96.1,0
70.0,1.0,37.0,2.0,,37.0,,1.0,15.0,105.7,174.0,63.1,40.0,50.0,122.0,116.3,29.2993,152.0,199.0,100.0,45.6,46.7,7.8,6.0,14.1,13.3,12.7,13.5,31.2,53.5,3.8,3.4,4.8,5.0,4.6,4.6,47.9,21.8,30.2,28.6,9644.0,47.1,46.0,77.4,50.2,431.0,240.0,228.0,152.0,144.0,6.066216,4.267769,2.494,674.404834,2.8,5.0,,,3.0,257.0,,2.0,12.0,25.0,,2.0,5.0,0.0,5.0,3.0,5.0,0.0,2.0,2.0,0.0,0.0,0.0,9.0,3.0,2.0,1.0,2.0,2.0,0.0,0.0,0.0,1.0,23.779,0.0,0.0,8.0,1.0,2.0,3.0,0.0,32.0,1.0,9.0,0.0,2.0,2.0,1.0,1.0,2.0,2.0,1.0,2.0,1.0,3.0,2.0,5.0,1.0,1.0,0.0,0.0,,0.0,0.0,,3.0,0.0,2.0,4.0,2.0,2.0,1.0,2.0,0.0,21.0,33.0,1.0,0.0,1.0,1.0,,37.0,96.0,82.0,,0.0,0.02,0.35,0.03,0.65,36.86,11.22,0.008,0.153,,2.7,54.26,25.1,30.45,82.43,11.45,,79.65,0.31,,1.91,38.5,0.0,0.0,415.5,0.476,15.63,4.471,15.9,0.055,0.526,4.97,13.03,42.86,66.0,1.236,0.793,20.0,0.86,,4.33,66.8,0.91,1.07,25.3,8.257,49.3,1.234,31.677,3.115,153.28,,0.86,,30.54,9.376,7.55,81.54,5.051,280.6,8.97,93.4,0
58.0,0.0,2.0,1.0,,36.0,,,23.0,63.3,113.1,52.1,8.0,12.0,65.0,74.0,25.0407,92.0,172.0,83.0,21.6,19.6,2.4,2.6,6.6,6.2,6.4,7.9,26.8,13.9,0.7,1.3,1.7,4.0,2.6,2.0,19.6,4.7,25.0,35.1,4676.0,25.5,10.3,41.0,30.0,597.0,267.0,276.0,187.0,259.0,3.916644,1.510292,,126.847405,3.6,5.0,,,4.0,,2.0,,135.0,11.0,4.0,,0.0,3.0,1.0,5.0,0.0,6.0,0.0,2.0,0.0,1.0,1.0,6.0,2.0,2.0,2.0,2.0,2.0,0.0,0.0,1.0,1.0,8.842,,11.0,0.0,1.0,0.0,1.0,0.0,5.0,9.0,3.0,7.0,0.0,2.0,3.0,3.0,2.0,2.0,2.0,1.0,2.0,2.0,1.0,5.0,0.0,3.0,2.0,,,,3.0,1.0,2.0,0.0,2.0,4.0,0.0,2.0,1.0,3.0,1.0,18.0,27.0,0.0,1.0,0.0,,,,,93.0,,0.0,0.06,1.06,0.05,0.9,,13.3,,0.766,,2.06,34.61,32.84,38.57,85.14,7.64,111.88,75.17,0.25,4.27,3.52,59.2,0.0,0.0,142.2,0.109,17.18,4.049,12.01,0.043,1.402,5.95,68.82,42.94,151.6,,,22.6,0.69,2.272,3.644,85.0,1.245,,109.8,3.676,30.3,1.174,33.784,4.582,,1620.7,1.39,,128.61,1.329,19.53,71.56,1.365,408.9,9.18,73.4,0
59.0,1.0,34.0,3.0,4.0,,,,14.0,106.8,104.2,84.5,34.0,26.0,124.0,109.2,39.6409,119.0,166.0,97.0,49.0,48.3,8.8,11.8,12.8,11.7,13.2,13.4,29.1,48.6,3.8,1.2,4.3,3.7,4.6,3.5,39.7,9.5,23.3,36.9,7634.0,46.6,45.9,74.3,39.4,764.0,459.0,454.0,327.0,311.0,2.161774,2.075303,1.434,222.289967,,1.0,,5.0,,57.0,5.0,,39.0,,,2.0,0.0,3.0,4.0,6.0,0.0,4.0,1.0,2.0,1.0,,1.0,8.0,2.0,2.0,1.0,2.0,1.0,0.0,0.0,0.0,4.0,,1.0,3.0,4.0,1.0,1.0,2.0,2.0,31.0,7.0,6.0,0.0,1.0,3.0,3.0,3.0,3.0,1.0,2.0,1.0,0.0,3.0,1.0,3.0,2.0,6.0,,0.0,,0.0,0.0,,8.0,0.0,4.0,,0.0,2.0,1.0,2.0,7.0,17.0,1145.0,0.0,0.0,1.0,1.0,,,,,,0.0,0.01,0.09,0.06,0.88,34.32,16.27,,0.175,0.331,2.82,40.92,39.22,47.4,82.75,12.38,111.91,72.44,0.41,5.98,3.59,52.1,0.0,0.0,485.2,0.579,17.96,4.147,12.76,0.065,0.881,,50.47,45.91,139.8,1.208,0.84,24.5,18.48,2.534,3.543,101.7,0.71,,121.5,7.107,31.2,1.632,28.594,3.064,14.49,,1.304,,41.56,11.838,25.84,,0.624,,6.13,54.4,0
48.0,0.0,28.0,1.0,,,48.0,21.0,15.0,89.5,129.2,84.8,9.0,18.0,80.0,61.1,25.6566,101.0,154.0,82.0,43.3,35.5,7.6,8.1,5.3,8.0,5.8,6.5,16.5,32.1,1.1,0.6,1.9,2.7,1.7,1.8,19.0,4.8,20.3,22.7,4559.0,,46.0,40.1,28.6,808.0,458.0,528.0,333.0,328.0,2.194344,1.197865,-1.364,95.730047,3.3,6.0,,,4.0,37.0,,,,,,,2.0,0.0,1.0,4.0,1.0,5.0,8.0,2.0,,0.0,0.0,10.0,3.0,,3.0,2.0,2.0,1.0,0.0,2.0,2.0,,0.0,0.0,,1.0,5.0,2.0,0.0,6.0,7.0,1.0,1.0,5.0,3.0,2.0,2.0,2.0,2.0,1.0,0.0,0.0,5.0,,2.0,2.0,3.0,1.0,1.0,1.0,0.0,,0.0,3.0,6.0,3.0,1.0,3.0,3.0,1.0,1.0,1.0,30.0,49.0,1.0,0.0,0.0,1.0,,68.0,66.0,36.0,,0.0,0.02,0.52,0.0,,44.14,15.57,0.005,0.126,0.232,1.33,37.79,31.18,35.28,88.38,,91.75,88.12,0.18,5.2,1.99,56.5,0.0,0.0,153.9,0.185,17.05,4.994,12.21,0.02,0.531,3.53,,47.89,152.1,1.967,1.074,40.4,0.37,2.42,8.122,63.5,0.872,1.61,13.4,9.05,54.5,2.286,10.54,5.241,13.48,,1.003,,153.95,1.577,6.3,68.33,3.823,337.3,6.93,40.8,0
46.0,1.0,5.0,3.0,,6.0,,,,68.0,140.5,59.2,27.0,40.0,97.0,70.5,20.5727,90.0,185.0,81.0,22.2,14.0,1.3,6.3,11.0,7.2,5.9,6.1,32.7,18.1,0.6,1.1,1.7,2.2,3.3,2.2,31.1,11.7,21.6,19.9,6306.0,19.6,29.3,48.9,34.5,795.0,447.0,451.0,331.0,334.0,,3.269972,-0.236,548.681352,1.77,,,,,,4.0,,223.0,,3.0,3.0,1.0,4.0,4.0,6.0,2.0,1.0,7.0,3.0,2.0,3.0,2.0,8.0,2.0,1.0,3.0,3.0,1.0,3.0,1.0,1.0,2.0,,2.0,0.0,,9.0,8.0,4.0,0.0,10.0,0.0,6.0,7.0,8.0,2.0,2.0,0.0,1.0,1.0,2.0,2.0,0.0,4.0,1.0,5.0,0.0,3.0,1.0,1.0,1.0,,0.0,,10.0,1.0,2.0,2.0,,3.0,1.0,4.0,0.0,,2.0,0.0,1.0,0.0,1.0,85.0,94.0,,,,0.0,0.13,2.88,0.29,6.22,34.48,15.24,0.02,0.985,0.26,1.69,36.07,40.95,44.19,92.67,7.33,118.5,92.58,0.28,5.96,2.29,48.9,0.0,0.0,344.0,0.252,16.28,3.72,13.6,0.03,1.87,4.68,18.32,42.66,134.6,1.485,1.081,37.4,0.7,2.37,7.461,89.9,1.058,,163.4,6.022,53.5,1.536,21.056,3.735,144.54,,1.016,,96.89,17.543,7.66,80.18,0.814,250.5,5.07,44.5,0
68.0,1.0,35.0,3.0,,,,,,61.0,184.1,95.8,32.0,32.0,67.0,69.2,21.0861,86.0,181.0,95.0,16.7,15.3,3.2,2.1,11.0,9.6,9.9,6.9,46.2,,0.6,0.8,2.5,4.0,2.6,1.8,21.8,11.5,37.5,21.5,5484.0,16.4,14.6,65.6,34.3,551.0,331.0,337.0,236.0,278.0,2.236092,1.586329,,359.626652,,3.0,,3.0,3.0,90.0,,,,173.0,,3.0,2.0,5.0,3.0,7.0,0.0,6.0,0.0,2.0,,0.0,1.0,3.0,2.0,,2.0,2.0,,0.0,0.0,2.0,4.0,,,0.0,,1.0,7.0,3.0,0.0,25.0,1.0,12.0,2.0,9.0,3.0,1.0,2.0,3.0,0.0,4.0,0.0,1.0,3.0,2.0,5.0,1.0,2.0,15.0,21.0,27.0,,4.0,0.0,0.0,7.0,1.0,2.0,0.0,1.0,2.0,3.0,0.0,,2.0,0.0,1.0,1.0,0.0,,48.0,89.0,,1.0,0.0,0.11,,0.65,15.78,51.41,16.92,0.031,0.201,0.166,0.88,21.42,31.65,,96.16,,92.99,76.08,0.47,11.51,2.0,48.6,0.0,0.0,214.0,,15.58,5.346,16.52,0.069,2.397,4.11,17.61,45.46,54.8,1.305,,34.5,0.37,2.531,6.335,62.9,0.734,1.36,11.7,18.689,62.0,,10.606,2.424,5.19,,0.942,,125.9,12.155,8.92,,0.567,,3.15,44.3,0
62.0,1.0,14.0,1.0,,33.0,15.0,,18.0,94.5,174.9,65.1,33.0,56.0,131.0,83.8,25.9856,129.0,180.0,91.0,38.8,51.0,8.3,5.2,12.4,11.3,9.3,10.2,55.8,52.3,3.4,2.4,4.6,2.6,1.8,2.3,49.0,27.9,35.8,39.2,8370.0,41.8,45.0,70.6,57.3,571.0,263.0,255.0,161.0,179.0,3.463275,1.854379,2.808,593.841749,,,4.0,,1.0,30.0,,1.0,,77.0,4.0,3.0,5.0,2.0,4.0,7.0,0.0,0.0,7.0,2.0,4.0,0.0,2.0,8.0,3.0,3.0,1.0,1.0,2.0,0.0,0.0,0.0,4.0,12.138,2.0,0.0,4.0,,2.0,7.0,4.0,5.0,20.0,11.0,3.0,1.0,2.0,0.0,3.0,2.0,2.0,1.0,2.0,0.0,3.0,1.0,5.0,0.0,5.0,21.0,20.0,26.0,,,,2.0,2.0,1.0,1.0,,2.0,3.0,3.0,0.0,27.0,1.0,0.0,0.0,1.0,0.0,,46.0,,,,0.0,0.1,2.46,0.65,16.08,44.22,13.8,0.011,0.142,0.274,0.81,20.28,29.28,31.22,93.78,8.3,100.21,92.13,0.71,17.78,1.74,43.4,0.0,0.0,272.0,0.226,16.11,4.715,12.23,0.075,1.452,4.02,,42.97,112.6,1.123,1.639,22.6,,2.252,8.106,45.9,0.754,11.4,111.0,6.823,32.5,0.823,28.653,4.91,104.71,,0.924,,17.95,11.778,5.21,59.42,3.466,229.3,4.19,,0
58.0,0.0,5.0,5.0,107.0,,,,15.0,68.9,114.9,64.3,51.0,55.0,88.0,128.7,36.8208,128.0,187.0,81.0,25.4,43.0,3.8,7.7,11.3,7.7,9.5,11.7,44.8,26.9,3.8,2.2,1.9,3.7,3.3,3.0,40.6,26.1,31.5,21.4,6010.0,35.4,47.0,43.8,57.0,703.0,396.0,451.0,285.0,266.0,3.729076,3.579913,0.04,603.373432,3.97,,,,6.0,29.0,,5.0,177.0,19.0,4.0,6.0,2.0,1.0,2.0,3.0,4.0,1.0,1.0,2.0,1.0,0.0,1.0,7.0,3.0,2.0,1.0,2.0,2.0,1.0,0.0,1.0,1.0,,,11.0,5.0,5.0,1.0,7.0,0.0,38.0,4.0,2.0,1.0,0.0,3.0,4.0,2.0,4.0,2.0,2.0,1.0,2.0,2.0,3.0,5.0,0.0,3.0,,1.0,,,,0.0,3.0,0.0,3.0,2.0,,5.0,1.0,2.0,,28.0,26.0,0.0,1.0,1.0,0.0,,82.0,92.0,89.0,0.0,1.0,0.06,0.82,0.38,5.04,33.33,11.93,0.022,0.553,,2.48,,28.75,35.79,80.32,8.71,85.12,81.52,0.73,9.74,3.82,51.2,0.0,9.0,259.1,0.226,17.62,4.15,12.16,0.068,0.968,7.48,26.32,42.34,43.9,1.168,0.592,20.6,0.73,2.566,3.425,84.0,1.331,1.96,14.4,,26.9,0.897,21.979,1.947,15.91,,,,84.92,1.54,5.45,,,423.2,9.2,57.8,0
55.0,1.0,35.0,6.0,2.0,,31.0,10.0,15.0,79.5,113.1,56.3,49.0,51.0,114.0,82.8,28.2616,110.0,171.0,87.0,33.1,33.6,3.4,7.7,11.2,,10.9,12.5,48.7,40.4,,2.7,4.6,4.3,4.1,4.0,43.7,6.4,39.2,39.4,9401.0,46.1,27.9,58.1,49.3,738.0,433.0,291.0,283.0,289.0,5.603266,3.618455,2.681,564.561554,,4.0,2.0,,,,,,,21.0,,3.0,0.0,5.0,0.0,1.0,2.0,3.0,1.0,1.0,2.0,0.0,0.0,6.0,4.0,2.0,1.0,2.0,2.0,1.0,0.0,1.0,3.0,,0.0,0.0,0.0,0.0,1.0,6.0,6.0,5.0,7.0,3.0,1.0,0.0,1.0,0.0,2.0,2.0,1.0,1.0,1.0,3.0,3.0,3.0,5.0,1.0,2.0,21.0,,21.0,0.0,,0.0,,9.0,4.0,4.0,1.0,5.0,,3.0,0.0,13.0,35.0,0.0,,0.0,1.0,,91.0,91.0,,,0.0,0.11,1.78,0.1,1.71,36.03,12.08,0.019,0.271,0.328,1.4,23.42,30.39,33.52,90.68,12.07,120.24,90.5,0.63,10.57,,62.5,0.0,0.0,303.6,0.366,17.68,3.973,15.37,0.079,2.118,5.97,19.96,43.52,139.8,1.955,1.275,15.5,0.26,,6.392,61.9,0.879,3.39,15.8,4.831,38.1,,10.349,5.414,16.11,1264.8,0.931,,94.69,12.373,16.47,67.49,2.348,353.3,3.71,69.1,0
49.0,1.0,4.0,1.0,,17.0,32.0,4.0,,73.8,137.8,87.8,77.0,48.0,65.0,75.7,21.1159,91.0,189.0,97.0,12.7,12.8,1.4,1.4,21.5,11.3,13.3,12.0,14.7,3.4,0.6,0.6,4.4,4.8,3.5,4.0,12.4,6.8,51.1,41.7,9690.0,19.4,12.8,83.3,52.1,575.0,237.0,252.0,204.0,180.0,6.053904,4.611015,2.66,660.15463,,2.0,2.0,,,,,4.0,,406.0,6.0,4.0,2.0,1.0,,5.0,0.0,1.0,6.0,2.0,0.0,0.0,1.0,6.0,4.0,,2.0,3.0,2.0,0.0,2.0,2.0,3.0,4.023,0.0,8.0,,5.0,1.0,6.0,0.0,9.0,7.0,1.0,1.0,3.0,2.0,2.0,2.0,3.0,3.0,1.0,3.0,0.0,4.0,2.0,4.0,1.0,3.0,22.0,,,,0.0,0.0,,5.0,3.0,2.0,0.0,4.0,1.0,3.0,0.0,,44.0,0.0,0.0,1.0,0.0,68.0,49.0,95.0,,0.0,0.0,0.04,0.8,0.03,0.58,33.0,13.97,0.016,0.198,0.183,0.9,19.67,37.05,42.34,87.5,8.98,94.55,72.29,0.54,11.79,3.09,67.2,0.0,0.0,308.5,0.277,16.85,3.772,15.8,0.093,2.076,4.6,16.65,41.29,26.4,1.863,1.493,20.6,0.82,2.258,5.622,114.1,1.235,2.74,156.0,8.222,33.8,,,5.554,153.76,,1.235,,,,26.74,75.83,2.281,452.7,5.44,11.5,0
42.0,0.0,2.0,5.0,3.0,11.0,,9.0,15.0,75.4,117.7,94.7,17.0,17.0,106.0,,29.2403,107.0,160.0,83.0,23.8,19.1,5.2,2.6,6.8,8.9,8.9,6.5,26.2,21.5,0.8,0.9,3.9,3.1,1.5,1.9,32.2,,23.3,26.7,4809.0,33.9,14.7,42.7,33.4,805.0,332.0,368.0,278.0,231.0,8.675172,,2.107,481.448792,3.49,4.0,3.0,,3.0,200.0,1.0,6.0,30.0,212.0,2.0,,2.0,1.0,7.0,6.0,0.0,1.0,1.0,3.0,0.0,2.0,2.0,5.0,3.0,2.0,1.0,2.0,2.0,0.0,1.0,0.0,4.0,44.221,2.0,6.0,6.0,6.0,2.0,0.0,3.0,0.0,4.0,1.0,0.0,1.0,3.0,2.0,0.0,2.0,2.0,1.0,0.0,3.0,2.0,3.0,5.0,2.0,2.0,3.0,,7.0,20.0,4.0,,6.0,,2.0,4.0,0.0,5.0,2.0,3.0,0.0,18.0,2.0,1.0,1.0,1.0,1.0,,79.0,95.0,,,0.0,0.01,0.18,0.05,0.78,46.66,16.98,0.044,1.004,0.403,2.42,39.92,35.25,36.38,96.88,7.99,108.69,79.05,0.18,2.94,3.41,56.2,0.0,0.0,201.5,0.161,17.31,4.817,12.0,0.126,2.684,6.07,21.54,45.74,102.2,1.634,1.64,45.3,0.3,2.575,,,1.077,17.22,106.4,2.148,26.7,1.756,11.747,5.054,3.85,,1.122,,87.91,1.811,,78.77,4.67,,4.79,24.9,0
53.0,1.0,25.0,3.0,1.0,2.0,,,,79.9,161.4,,19.0,42.0,119.0,72.9,27.352,120.0,163.0,93.0,45.4,29.4,7.5,5.8,12.6,12.5,10.4,9.6,55.0,40.3,3.1,0.7,4.8,4.3,3.7,2.4,32.1,20.2,32.2,34.3,10061.0,,52.0,79.3,32.4,591.0,390.0,339.0,301.0,260.0,5.229169,3.945806,2.191,672.067347,,,1.0,,3.0,181.0,,6.0,165.0,368.0,,2.0,3.0,6.0,5.0,6.0,0.0,6.0,3.0,3.0,3.0,,1.0,9.0,4.0,1.0,1.0,1.0,1.0,0.0,0.0,0.0,4.0,,1.0,0.0,0.0,0.0,1.0,6.0,7.0,40.0,1.0,13.0,6.0,1.0,2.0,1.0,3.0,5.0,2.0,1.0,2.0,0.0,3.0,1.0,4.0,0.0,4.0,1.0,,1.0,0.0,,,7.0,0.0,1.0,2.0,,2.0,2.0,4.0,8.0,17.0,38.0,1.0,1.0,1.0,0.0,,93.0,,88.0,,0.0,0.09,1.26,0.53,7.93,39.1,13.86,0.006,0.33,0.171,2.09,31.02,29.96,35.45,84.52,8.93,105.6,71.51,0.4,5.99,3.62,53.8,0.0,0.0,46.9,0.042,16.93,,12.33,0.072,1.075,6.74,70.0,50.34,60.7,,0.97,55.0,0.71,2.263,6.738,61.1,0.643,3.29,72.2,6.242,31.9,1.393,28.771,4.158,,,1.064,,20.29,,6.06,98.4,4.103,185.1,4.08,43.5,0
47.0,0.0,4.0,4.0,75.0,30.0,,,15.0,95.3,116.6,94.3,32.0,23.0,84.0,49.7,21.6486,91.0,152.0,85.0,35.3,21.1,4.6,4.9,8.1,11.7,10.6,11.0,27.9,32.3,1.0,0.8,2.4,2.1,4.0,2.3,21.7,5.4,37.8,34.6,6592.0,31.9,29.4,53.8,31.3,,466.0,455.0,332.0,305.0,2.066901,1.817783,1.446,650.746423,,3.0,,,5.0,22.0,3.0,4.0,,20.0,,5.0,0.0,7.0,0.0,7.0,1.0,0.0,1.0,2.0,3.0,1.0,0.0,8.0,,2.0,3.0,2.0,1.0,1.0,0.0,1.0,2.0,,1.0,0.0,7.0,7.0,1.0,3.0,0.0,5.0,9.0,5.0,5.0,1.0,2.0,2.0,3.0,3.0,3.0,1.0,0.0,0.0,3.0,2.0,4.0,2.0,4.0,2.0,17.0,,0.0,3.0,,5.0,,1.0,3.0,,3.0,2.0,3.0,1.0,26.0,40.0,0.0,,0.0,0.0,,,,,,,0.01,0.2,0.17,3.25,34.23,11.42,0.007,0.295,0.259,0.92,17.1,29.94,33.35,89.76,11.07,100.53,81.79,0.44,8.17,3.84,71.3,0.0,0.0,179.4,0.199,16.12,3.813,,0.025,0.227,5.38,38.38,,74.1,1.598,1.266,44.8,11.48,2.284,,53.9,0.764,4.72,23.4,4.789,57.8,1.695,,5.429,,,0.969,,80.75,2.32,19.67,63.92,0.778,305.3,3.05,128.3,0
48.0,0.0,29.0,3.0,6.0,,,,,66.5,175.8,89.2,49.0,53.0,74.0,62.9,23.3944,89.0,164.0,94.0,14.5,23.5,2.4,3.3,12.0,13.1,11.6,13.2,27.7,32.9,1.1,1.6,4.6,4.9,5.6,5.1,25.5,12.0,39.9,37.2,10043.0,35.3,16.4,70.6,57.9,479.0,251.0,313.0,,243.0,,3.966225,2.573,518.73027,4.23,2.0,6.0,3.0,2.0,118.0,,2.0,195.0,313.0,1.0,,4.0,6.0,1.0,7.0,0.0,0.0,1.0,3.0,,0.0,0.0,3.0,2.0,1.0,2.0,1.0,2.0,0.0,2.0,0.0,3.0,,0.0,2.0,0.0,5.0,4.0,0.0,0.0,9.0,3.0,12.0,3.0,5.0,2.0,1.0,2.0,4.0,3.0,4.0,1.0,1.0,4.0,2.0,5.0,1.0,2.0,17.0,,0.0,23.0,,1.0,0.0,5.0,4.0,2.0,0.0,3.0,2.0,4.0,0.0,14.0,37.0,0.0,1.0,1.0,1.0,,91.0,,79.0,,0.0,0.01,0.11,0.34,4.31,49.11,14.27,,0.198,0.354,2.88,36.58,29.11,29.06,100.15,12.14,,83.28,0.88,11.19,3.76,47.8,0.0,0.0,224.3,0.272,15.78,4.904,13.33,0.052,1.624,7.87,17.56,45.85,66.7,1.707,0.767,22.5,,2.553,4.699,54.2,0.647,4.15,146.0,8.337,30.6,1.411,13.851,3.304,20.13,,1.366,,16.2,1.292,26.01,,1.474,217.3,3.59,,0
65.0,1.0,27.0,2.0,84.0,42.0,60.0,8.0,,70.2,119.1,96.6,30.0,32.0,80.0,82.5,30.719,113.0,164.0,98.0,43.6,47.3,8.3,8.0,14.0,12.1,6.9,9.0,19.5,46.0,2.1,2.4,2.9,3.1,3.1,2.2,27.0,26.6,38.4,22.7,8630.0,45.9,51.4,62.3,56.7,,318.0,340.0,234.0,287.0,9.826376,,,423.655736,,4.0,,,,11.0,5.0,,14.0,353.0,,3.0,4.0,3.0,,6.0,1.0,1.0,1.0,1.0,1.0,2.0,0.0,9.0,3.0,3.0,1.0,2.0,,2.0,2.0,1.0,,,0.0,12.0,0.0,0.0,1.0,29.0,2.0,19.0,8.0,7.0,1.0,2.0,3.0,2.0,1.0,2.0,1.0,0.0,0.0,0.0,5.0,2.0,5.0,2.0,2.0,9.0,5.0,3.0,0.0,,1.0,0.0,,2.0,2.0,,2.0,1.0,3.0,0.0,31.0,39.0,1.0,1.0,1.0,1.0,,89.0,,,0.0,1.0,0.05,0.48,0.56,5.21,45.09,16.35,0.008,0.097,0.243,3.08,28.78,34.15,36.26,94.19,8.96,103.58,,0.41,3.82,6.6,61.7,0.0,0.0,374.1,0.335,18.09,4.787,13.13,0.038,0.63,10.7,,,54.8,1.379,0.719,16.6,1.07,,5.283,85.8,,3.77,12.2,6.145,52.5,1.016,11.118,2.749,18.2,,0.927,,145.43,17.957,,64.48,3.48,273.2,3.18,15.5,0
66.0,1.0,5.0,1.0,,8.0,,9.0,15.0,72.5,105.4,55.8,36.0,39.0,112.0,86.4,25.1215,,185.0,93.0,25.3,34.6,1.5,7.1,13.2,13.2,12.5,13.3,25.3,21.0,0.7,0.8,,4.5,4.5,4.3,37.8,13.8,41.6,40.8,6982.0,41.7,13.7,74.3,53.6,474.0,327.0,330.0,226.0,188.0,5.43623,2.043736,1.45,607.744822,,,,3.0,,157.0,,4.0,107.0,386.0,,,2.0,6.0,7.0,7.0,3.0,3.0,2.0,3.0,,0.0,1.0,8.0,2.0,,1.0,1.0,2.0,0.0,0.0,1.0,2.0,,0.0,0.0,1.0,9.0,6.0,2.0,,22.0,6.0,2.0,6.0,1.0,2.0,1.0,2.0,1.0,2.0,4.0,5.0,0.0,2.0,3.0,5.0,1.0,2.0,,0.0,1.0,,0.0,,1.0,5.0,3.0,1.0,0.0,3.0,2.0,2.0,2.0,17.0,2.0,1.0,,0.0,1.0,,64.0,,103.0,,0.0,0.01,0.06,,2.57,42.97,13.4,0.004,0.302,0.226,2.41,24.47,30.87,31.18,99.0,7.36,123.19,90.15,0.6,6.09,6.59,66.8,0.0,0.0,246.7,0.182,15.92,4.341,12.67,0.023,1.034,9.86,40.93,41.01,84.2,2.248,0.7,48.0,2.73,2.591,6.735,116.7,0.769,,,4.865,34.2,4.094,11.073,3.944,19.9,,1.233,,37.74,16.733,8.73,66.26,2.933,221.8,,14.4,0
65.0,0.0,39.0,2.0,6.0,,,9.0,,81.5,148.3,93.2,23.0,29.0,67.0,67.8,24.4346,100.0,,81.0,21.5,14.3,5.3,3.4,7.9,10.7,6.4,7.5,21.6,18.1,1.0,0.9,2.3,2.2,2.4,1.7,12.5,7.4,32.9,24.3,6072.0,20.0,8.7,48.4,35.4,500.0,382.0,377.0,242.0,232.0,0.836744,0.803274,-1.262,59.182613,,,6.0,1.0,,18.0,,,,18.0,2.0,,5.0,,1.0,6.0,0.0,5.0,7.0,2.0,1.0,,1.0,7.0,4.0,2.0,1.0,2.0,1.0,0.0,0.0,1.0,3.0,,,11.0,,9.0,5.0,3.0,6.0,10.0,0.0,6.0,1.0,0.0,2.0,3.0,2.0,2.0,2.0,4.0,2.0,2.0,4.0,1.0,3.0,1.0,2.0,9.0,1.0,7.0,,2.0,1.0,5.0,2.0,1.0,2.0,8.0,3.0,,3.0,0.0,20.0,2.0,0.0,0.0,0.0,0.0,,68.0,77.0,,,0.0,0.06,1.14,0.09,1.88,44.37,13.16,0.015,0.382,0.33,0.9,18.44,27.88,29.65,94.0,9.19,112.03,87.41,0.39,7.95,,70.6,0.0,,167.6,0.154,15.67,4.72,12.92,0.075,2.704,4.88,27.98,41.99,67.4,1.116,1.116,15.5,0.86,2.262,4.679,83.3,0.692,3.51,112.4,6.325,37.2,0.669,24.24,4.898,114.55,,1.289,,107.19,,6.53,68.3,1.458,281.4,8.28,,0
41.0,0.0,4.0,5.0,,13.0,,2.0,,,176.1,75.0,17.0,26.0,102.0,53.9,20.7583,86.0,161.0,86.0,24.8,17.2,1.6,1.3,9.6,8.1,10.8,7.2,15.1,14.2,0.7,0.4,2.1,2.4,2.1,1.7,18.3,5.0,38.0,34.8,9584.0,14.2,11.1,59.9,,433.0,,316.0,252.0,239.0,2.035879,1.393914,-1.378,161.216123,2.71,5.0,,,,,4.0,,,,3.0,3.0,2.0,1.0,2.0,6.0,4.0,1.0,4.0,2.0,0.0,0.0,0.0,8.0,3.0,4.0,2.0,3.0,2.0,1.0,1.0,0.0,3.0,59.06,0.0,0.0,0.0,10.0,0.0,0.0,0.0,23.0,0.0,1.0,1.0,1.0,2.0,5.0,2.0,1.0,1.0,1.0,2.0,1.0,3.0,1.0,4.0,2.0,4.0,14.0,6.0,27.0,,0.0,0.0,3.0,7.0,3.0,2.0,0.0,4.0,1.0,4.0,,18.0,5.0,0.0,1.0,0.0,0.0,87.0,55.0,87.0,86.0,,0.0,0.01,0.12,0.03,0.35,47.12,16.78,0.036,0.184,0.183,0.83,9.78,31.52,35.6,88.54,7.81,104.46,77.06,0.64,7.52,6.96,82.2,0.0,0.0,374.9,0.293,17.14,5.322,12.46,0.108,2.306,8.47,71.03,,90.2,2.244,0.958,32.4,1.12,,7.104,54.5,0.729,3.8,162.2,4.758,49.0,1.854,17.39,3.792,,,,,50.33,1.969,6.55,,1.108,168.4,3.97,22.1,0
67.0,0.0,7.0,1.0,95.0,4.0,30.0,6.0,15.0,83.5,176.9,69.0,14.0,20.0,106.0,87.0,27.8391,113.0,177.0,97.0,49.7,50.1,7.7,8.1,8.0,7.5,6.7,9.7,39.2,54.8,2.8,2.4,2.1,2.1,1.7,1.9,46.0,21.9,25.0,23.5,6065.0,48.8,33.8,40.7,49.6,685.0,272.0,408.0,271.0,249.0,2.251902,2.161826,,105.163629,3.41,1.0,,,,38.0,,3.0,23.0,43.0,5.0,2.0,5.0,3.0,7.0,2.0,0.0,7.0,1.0,2.0,3.0,1.0,1.0,8.0,4.0,1.0,1.0,1.0,1.0,0.0,2.0,0.0,,,0.0,0.0,0.0,3.0,2.0,0.0,0.0,2.0,6.0,8.0,0.0,1.0,1.0,2.0,0.0,3.0,3.0,1.0,1.0,0.0,4.0,1.0,5.0,2.0,6.0,,0.0,,0.0,3.0,,6.0,8.0,1.0,2.0,0.0,2.0,1.0,2.0,0.0,25.0,31.0,0.0,1.0,0.0,1.0,,89.0,,61.0,1.0,1.0,0.04,0.58,0.62,9.22,31.65,11.87,0.03,0.917,0.428,1.69,25.19,31.29,37.49,83.45,8.31,106.96,83.41,0.88,13.03,3.49,52.0,0.0,5.0,291.3,0.242,17.58,3.792,21.3,0.125,2.248,6.72,,41.83,47.9,1.407,1.419,29.3,13.67,2.636,5.544,,0.705,,99.1,7.443,34.3,,32.688,3.131,122.8,,1.051,,18.18,0.715,19.95,64.82,1.316,239.2,3.15,38.7,0
43.0,0.0,34.0,2.0,,35.0,9.0,1.0,15.0,81.3,,67.5,52.0,12.0,117.0,76.9,31.6046,107.0,156.0,84.0,34.0,,5.2,4.4,7.7,7.9,6.1,7.5,32.8,40.2,3.8,2.5,3.2,3.0,3.0,2.2,41.3,20.1,27.1,26.5,5729.0,22.2,18.1,52.8,31.6,582.0,351.0,295.0,229.0,234.0,5.049299,4.401101,3.152,637.576635,3.38,,5.0,3.0,3.0,356.0,3.0,5.0,181.0,79.0,,,2.0,1.0,1.0,6.0,4.0,1.0,8.0,3.0,1.0,0.0,1.0,5.0,2.0,,1.0,2.0,2.0,2.0,0.0,2.0,3.0,,,13.0,6.0,10.0,5.0,1.0,0.0,1.0,8.0,0.0,0.0,2.0,3.0,1.0,1.0,4.0,2.0,1.0,0.0,0.0,2.0,1.0,2.0,1.0,6.0,9.0,0.0,,,0.0,,4.0,0.0,1.0,4.0,0.0,2.0,3.0,2.0,0.0,,2.0,1.0,1.0,1.0,0.0,,82.0,,91.0,,0.0,0.0,0.03,0.06,0.64,34.65,11.3,0.032,0.101,0.384,3.72,38.38,26.01,32.6,79.78,10.48,98.62,77.81,0.77,7.93,5.14,53.0,,0.0,322.7,0.338,16.72,4.344,12.77,0.038,0.907,,26.2,47.22,,1.922,1.17,13.6,14.64,2.469,5.897,79.4,0.646,,18.8,4.203,55.8,,29.644,4.184,,,1.396,,121.39,0.544,20.83,77.82,1.356,269.2,,,0
49.0,1.0,6.0,4.0,1.0,,,5.0,15.0,74.1,110.7,69.2,52.0,37.0,112.0,115.5,36.3637,120.0,178.0,92.0,46.2,48.1,,15.1,13.5,10.4,8.7,8.7,49.9,49.5,3.4,2.6,4.9,4.6,2.7,2.8,43.4,25.2,42.4,41.9,8105.0,49.1,51.9,49.3,53.4,453.0,236.0,237.0,172.0,167.0,6.135487,4.688965,2.898,,,,,2.0,,12.0,3.0,,149.0,25.0,5.0,3.0,4.0,0.0,1.0,6.0,0.0,6.0,2.0,1.0,3.0,2.0,1.0,7.0,3.0,2.0,1.0,3.0,2.0,0.0,0.0,0.0,2.0,,0.0,0.0,4.0,7.0,5.0,6.0,4.0,40.0,5.0,1.0,6.0,5.0,2.0,2.0,1.0,4.0,1.0,1.0,1.0,2.0,1.0,1.0,2.0,1.0,5.0,,,2.0,,,1.0,2.0,0.0,1.0,2.0,,1.0,2.0,5.0,0.0,13.0,3.0,1.0,1.0,1.0,0.0,,79.0,,37.0,,1.0,0.02,0.29,,1.66,46.36,13.45,0.013,0.321,0.349,1.39,20.9,27.0,29.01,93.07,7.71,114.14,87.38,0.13,2.0,5.01,75.2,0.0,0.0,321.0,0.248,15.98,4.981,12.88,0.121,1.772,6.67,17.94,57.43,72.4,1.344,,17.1,7.0,2.352,4.611,47.3,0.707,3.1,18.8,4.595,30.7,1.097,13.256,2.275,,,0.98,,13.11,17.145,6.43,81.92,4.694,222.8,2.9,38.2,0
58.0,1.0,28.0,2.0,,7.0,,8.0,,77.9,176.4,48.1,40.0,28.0,84.0,65.2,20.3188,94.0,179.0,89.0,35.3,35.9,3.7,2.5,9.1,7.3,7.1,13.0,13.7,20.3,0.9,0.9,3.3,3.6,4.4,3.2,20.2,11.9,30.0,23.3,7180.0,15.5,14.8,55.5,37.5,695.0,431.0,333.0,200.0,232.0,3.048743,2.926794,,384.087503,3.45,,,,3.0,298.0,,,,16.0,4.0,4.0,2.0,2.0,2.0,7.0,1.0,3.0,2.0,2.0,,0.0,1.0,6.0,3.0,2.0,1.0,2.0,2.0,0.0,1.0,0.0,2.0,9.731,0.0,3.0,,6.0,1.0,2.0,1.0,,0.0,14.0,5.0,2.0,3.0,3.0,2.0,2.0,5.0,0.0,2.0,1.0,5.0,2.0,4.0,1.0,4.0,1.0,0.0,,8.0,0.0,,2.0,2.0,3.0,3.0,0.0,3.0,2.0,3.0,1.0,15.0,1.0,1.0,0.0,0.0,0.0,83.0,33.0,62.0,,0.0,0.0,0.07,0.73,0.07,0.78,31.29,11.23,0.034,0.476,0.431,0.97,10.74,30.0,35.9,83.56,11.82,94.15,91.31,0.5,5.55,7.41,82.2,0.0,0.0,214.5,0.254,15.73,3.744,13.05,0.09,2.692,9.01,15.68,41.47,43.2,1.502,0.569,51.1,20.18,2.293,3.843,98.0,1.046,1.03,77.0,3.884,57.0,2.104,19.203,1.193,11.3,,1.09,103.3,92.43,8.248,4.39,73.08,4.914,145.2,3.36,30.5,0
53.0,1.0,3.0,2.0,76.0,7.0,,,25.0,62.9,128.4,98.0,31.0,41.0,88.0,94.9,30.4713,89.0,176.0,88.0,41.4,31.5,3.3,2.9,11.2,9.3,6.9,7.2,23.8,42.7,2.8,1.8,2.2,2.5,2.3,3.3,30.7,12.5,28.6,22.0,7010.0,36.4,43.8,52.4,38.3,740.0,333.0,396.0,309.0,245.0,1.876315,1.190051,-1.415,155.722293,,,,5.0,,,,4.0,,17.0,,3.0,4.0,5.0,1.0,6.0,0.0,4.0,0.0,2.0,2.0,3.0,2.0,7.0,2.0,1.0,1.0,3.0,1.0,3.0,1.0,0.0,1.0,23.789,1.0,,0.0,1.0,2.0,1.0,0.0,28.0,2.0,9.0,0.0,1.0,3.0,2.0,4.0,5.0,2.0,0.0,0.0,4.0,5.0,1.0,5.0,0.0,3.0,14.0,,6.0,,3.0,1.0,9.0,1.0,3.0,1.0,,3.0,1.0,4.0,3.0,,7.0,1.0,1.0,0.0,0.0,,71.0,,,,0.0,0.01,0.11,0.0,0.0,31.98,11.84,0.008,,0.194,3.63,40.29,30.68,37.02,82.88,8.71,94.23,73.3,0.39,4.28,4.99,55.3,0.0,0.0,136.4,,15.52,3.858,15.31,0.025,0.517,9.01,18.16,44.98,142.7,1.624,,53.2,0.8,2.504,5.356,46.4,0.657,4.12,67.3,4.781,34.2,1.31,15.432,2.569,92.24,,1.163,,31.02,12.7,20.53,66.22,0.654,194.2,4.99,76.7,0
59.0,1.0,20.0,1.0,3.0,,29.0,,16.0,95.7,124.3,64.1,12.0,45.0,113.0,121.4,41.59,127.0,171.0,81.0,42.1,41.2,9.4,9.0,9.0,6.2,10.4,7.4,53.6,47.9,3.4,3.6,1.8,2.4,2.3,1.8,43.1,21.3,33.6,,4617.0,48.3,46.2,52.9,31.1,779.0,386.0,385.0,306.0,315.0,5.944425,2.285455,0.603,680.364181,4.2,,2.0,,6.0,100.0,3.0,,143.0,,3.0,3.0,3.0,2.0,3.0,3.0,0.0,2.0,4.0,3.0,1.0,0.0,1.0,4.0,1.0,3.0,3.0,3.0,1.0,1.0,0.0,0.0,2.0,,0.0,0.0,1.0,5.0,2.0,2.0,8.0,16.0,8.0,3.0,0.0,8.0,2.0,2.0,2.0,4.0,0.0,1.0,2.0,2.0,0.0,2.0,5.0,2.0,3.0,0.0,,0.0,,0.0,,5.0,8.0,2.0,3.0,0.0,3.0,,3.0,7.0,19.0,38.0,0.0,1.0,0.0,0.0,,,,84.0,,0.0,0.18,1.54,0.31,2.68,37.32,12.53,0.021,0.312,0.299,2.76,23.75,30.47,33.58,90.74,8.35,89.12,75.17,0.26,2.21,8.12,69.8,0.0,0.0,236.7,0.198,16.78,4.112,13.26,0.12,1.837,11.63,,47.13,57.7,1.58,1.255,34.3,1.32,2.219,7.853,78.7,0.704,2.84,,6.981,49.5,2.028,33.694,4.649,162.61,294.1,1.424,,34.12,14.708,10.69,79.84,1.309,264.8,7.7,,0
47.0,1.0,8.0,3.0,,9.0,,1.0,19.0,98.5,110.2,,51.0,49.0,73.0,,30.5952,87.0,164.0,99.0,17.0,26.2,1.7,,13.4,16.8,12.9,,34.0,25.1,0.6,0.9,3.5,4.3,4.6,4.7,16.3,7.7,36.1,37.0,10210.0,20.2,17.6,80.0,58.6,566.0,259.0,227.0,248.0,180.0,5.824171,3.060993,2.829,698.326886,2.67,7.0,,2.0,,16.0,,,,125.0,1.0,,5.0,,1.0,1.0,0.0,1.0,7.0,2.0,0.0,,0.0,9.0,1.0,2.0,2.0,2.0,1.0,0.0,0.0,0.0,,,0.0,0.0,8.0,3.0,8.0,2.0,1.0,25.0,8.0,9.0,0.0,5.0,2.0,2.0,4.0,3.0,1.0,3.0,3.0,3.0,4.0,1.0,5.0,1.0,3.0,19.0,,,3.0,1.0,0.0,3.0,1.0,4.0,2.0,0.0,4.0,3.0,3.0,8.0,30.0,3.0,,1.0,0.0,,,76.0,,,1.0,0.0,0.01,0.12,0.27,2.82,48.62,16.4,0.039,0.323,0.387,1.74,17.97,30.49,33.72,90.41,9.25,113.99,,0.88,,6.77,70.0,0.0,0.0,409.0,,16.59,5.377,13.13,0.024,1.156,9.66,50.67,,,2.07,0.795,16.7,14.61,,4.625,89.3,0.89,4.18,33.4,4.308,31.7,1.854,28.485,3.274,,,1.09,15.3,44.65,16.521,18.4,,2.275,180.7,4.94,,0
66.0,0.0,40.0,2.0,,,5.0,9.0,,60.6,102.8,56.2,49.0,26.0,77.0,50.5,20.9244,89.0,155.0,85.0,39.2,46.1,5.9,3.2,5.9,6.6,6.4,7.0,48.9,21.7,1.1,0.9,1.9,2.4,3.2,2.0,14.1,19.2,20.9,24.3,5285.0,26.3,24.6,46.8,28.4,436.0,263.0,236.0,,283.0,,2.480466,2.119,,,,2.0,,2.0,66.0,2.0,3.0,,9.0,,,2.0,1.0,0.0,5.0,1.0,,7.0,1.0,0.0,1.0,1.0,7.0,3.0,3.0,2.0,2.0,,0.0,2.0,1.0,3.0,,2.0,,0.0,5.0,3.0,1.0,6.0,9.0,3.0,7.0,0.0,1.0,3.0,3.0,2.0,2.0,2.0,1.0,0.0,1.0,2.0,1.0,5.0,1.0,3.0,7.0,1.0,7.0,0.0,0.0,1.0,,0.0,1.0,3.0,0.0,5.0,2.0,3.0,0.0,18.0,3.0,,0.0,0.0,0.0,,76.0,74.0,87.0,,1.0,0.01,0.05,0.5,2.36,46.68,15.63,0.036,0.577,0.323,2.66,12.61,31.0,33.48,92.6,8.89,119.3,94.89,,47.95,7.82,37.0,0.0,0.0,246.8,0.219,16.62,5.041,14.37,0.087,2.748,21.12,9.76,40.43,59.2,1.653,0.852,19.6,21.62,2.529,3.591,48.0,0.741,1.13,10.8,10.131,61.5,1.996,31.631,3.055,83.65,,1.198,,,1.195,7.43,69.3,1.104,,6.93,45.1,0
60.0,0.0,41.0,1.0,,,35.0,2.0,,95.5,135.8,81.6,10.0,40.0,96.0,63.2,23.5765,105.0,164.0,83.0,39.9,43.7,2.7,5.3,9.3,11.7,11.1,8.2,26.2,26.9,2.4,1.9,2.6,3.6,1.9,2.4,42.7,11.1,22.7,23.6,9294.0,39.4,35.0,67.7,39.6,623.0,435.0,377.0,250.0,310.0,1.629831,1.564638,-1.623,270.722029,,,6.0,2.0,,108.0,5.0,,,418.0,,5.0,2.0,5.0,7.0,7.0,0.0,6.0,6.0,3.0,5.0,0.0,0.0,9.0,,2.0,3.0,3.0,2.0,2.0,0.0,1.0,1.0,,0.0,8.0,0.0,7.0,0.0,7.0,4.0,0.0,6.0,4.0,4.0,0.0,2.0,4.0,0.0,3.0,2.0,0.0,0.0,1.0,4.0,1.0,1.0,1.0,3.0,1.0,1.0,,,,,6.0,9.0,3.0,2.0,7.0,3.0,1.0,2.0,11.0,18.0,35.0,0.0,1.0,1.0,0.0,89.0,54.0,,81.0,,0.0,0.18,4.41,0.07,1.63,36.56,13.87,0.009,0.757,0.314,1.11,27.06,33.89,37.95,89.31,7.88,104.22,80.6,0.24,5.84,2.5,61.1,0.0,0.0,150.9,0.119,17.64,4.093,12.14,0.034,1.117,4.09,39.86,,47.1,1.977,1.466,20.8,0.28,2.551,8.303,74.5,0.783,,76.5,4.067,43.0,1.233,16.179,5.584,52.68,,1.336,,39.2,,24.3,82.2,2.698,510.2,8.85,103.0,0
44.0,0.0,35.0,2.0,,,,4.0,,62.3,163.8,69.1,8.0,17.0,122.0,76.4,32.7559,124.0,153.0,83.0,33.7,49.3,8.7,9.5,5.9,6.7,7.1,6.8,27.1,53.0,3.5,3.5,2.3,2.7,1.8,2.3,45.7,27.2,31.6,25.6,5799.0,53.3,32.7,39.0,26.8,705.0,415.0,387.0,284.0,320.0,2.190562,1.895853,1.671,365.785214,3.4,,,,1.0,,4.0,4.0,19.0,9.0,4.0,4.0,0.0,6.0,1.0,7.0,,5.0,7.0,3.0,,1.0,2.0,5.0,1.0,3.0,1.0,1.0,1.0,0.0,1.0,0.0,2.0,,1.0,0.0,0.0,7.0,1.0,1.0,7.0,39.0,22.0,7.0,5.0,6.0,1.0,3.0,2.0,2.0,3.0,1.0,1.0,1.0,3.0,1.0,5.0,2.0,2.0,1.0,,,0.0,,1.0,8.0,0.0,3.0,3.0,3.0,4.0,1.0,3.0,0.0,,30.0,0.0,,0.0,,,67.0,,88.0,,0.0,0.03,0.53,0.33,5.86,37.13,13.33,0.014,0.542,0.244,3.07,54.49,29.68,35.9,82.68,8.54,98.81,84.47,0.4,7.14,1.8,32.0,0.0,0.0,293.4,0.251,16.15,4.49,12.52,,2.023,5.62,56.06,39.82,,1.496,0.597,23.3,1.06,2.544,3.49,67.9,0.781,4.09,184.0,9.022,34.9,1.295,,2.858,157.85,,,,96.14,1.256,5.89,71.5,3.403,195.9,3.67,102.0,0
54.0,1.0,46.0,5.0,79.0,17.0,47.0,5.0,,95.0,127.8,60.1,10.0,20.0,75.0,81.6,24.5844,106.0,182.0,98.0,44.7,25.9,4.4,3.7,10.5,10.6,7.8,13.1,26.0,29.6,1.0,0.6,2.3,,2.0,2.9,27.1,12.6,41.3,25.8,6865.0,41.2,18.9,79.9,33.3,781.0,441.0,,330.0,326.0,6.060937,4.628558,,511.996864,,,,2.0,2.0,,,4.0,,,,1.0,2.0,6.0,,7.0,0.0,6.0,7.0,2.0,2.0,0.0,0.0,8.0,3.0,4.0,1.0,1.0,2.0,0.0,1.0,2.0,1.0,,0.0,0.0,0.0,0.0,9.0,1.0,5.0,22.0,2.0,11.0,2.0,1.0,3.0,2.0,4.0,2.0,3.0,0.0,1.0,0.0,3.0,2.0,5.0,1.0,6.0,0.0,0.0,1.0,,,,9.0,1.0,2.0,2.0,1.0,3.0,1.0,2.0,4.0,15.0,41.0,1.0,,0.0,1.0,,,,85.0,,0.0,0.01,0.08,0.01,0.19,32.8,12.31,0.017,0.181,,1.15,15.47,33.56,37.53,89.43,8.79,89.29,79.55,1.0,13.41,5.26,,0.0,0.0,224.3,0.197,17.33,3.667,12.35,0.021,0.455,7.43,24.03,,117.2,2.107,1.378,27.6,9.65,2.563,6.435,108.7,0.875,1.38,36.0,3.767,27.7,1.922,19.036,5.666,,,1.085,,26.53,14.295,9.18,63.84,2.791,,4.52,,0
65.0,1.0,15.0,5.0,,8.0,,4.0,15.0,103.6,169.7,48.9,12.0,14.0,108.0,116.1,42.0881,105.0,166.0,78.0,42.2,40.9,8.0,7.9,7.8,6.5,5.6,6.8,36.7,34.4,2.5,1.9,2.4,2.6,1.8,1.7,34.9,,32.4,,5717.0,31.7,16.9,49.1,29.4,679.0,448.0,364.0,263.0,277.0,4.3693,1.757433,0.443,315.956098,,3.0,,,,36.0,2.0,,,17.0,,4.0,2.0,4.0,0.0,5.0,2.0,0.0,4.0,2.0,3.0,0.0,0.0,9.0,4.0,1.0,3.0,2.0,2.0,0.0,1.0,1.0,3.0,,0.0,0.0,0.0,6.0,4.0,5.0,0.0,1.0,8.0,1.0,1.0,1.0,1.0,1.0,3.0,5.0,3.0,3.0,1.0,1.0,1.0,1.0,5.0,1.0,2.0,,5.0,1.0,,1.0,0.0,0.0,4.0,2.0,3.0,13.0,4.0,2.0,3.0,0.0,14.0,32.0,0.0,1.0,0.0,0.0,69.0,85.0,,69.0,,0.0,0.08,0.61,0.11,0.91,35.61,14.38,,0.103,0.203,2.95,23.89,,40.38,,11.87,89.36,92.02,0.8,6.43,8.43,68.2,0.0,0.0,151.6,0.18,17.17,4.27,12.43,0.038,0.986,12.37,11.64,47.04,75.7,1.776,1.227,17.2,15.01,,6.264,69.2,0.733,1.61,10.5,,29.7,1.79,18.124,,111.07,,0.774,,15.03,10.228,3.62,68.26,3.569,413.2,,83.5,0
48.0,0.0,34.0,4.0,101.0,2.0,16.0,8.0,15.0,,121.3,61.1,24.0,18.0,114.0,80.6,26.3817,118.0,,83.0,25.0,55.8,5.9,9.6,10.5,6.6,5.7,6.5,40.9,,1.5,3.4,2.5,1.9,2.3,2.8,48.6,26.3,30.7,23.6,,48.9,37.1,44.7,35.0,673.0,408.0,370.0,285.0,324.0,2.894316,1.329838,1.667,272.565253,,,2.0,,,36.0,,,,347.0,,3.0,2.0,3.0,5.0,7.0,0.0,3.0,3.0,2.0,2.0,3.0,0.0,6.0,3.0,2.0,1.0,1.0,2.0,2.0,1.0,1.0,,,2.0,0.0,0.0,2.0,5.0,4.0,0.0,6.0,4.0,9.0,1.0,10.0,2.0,1.0,3.0,3.0,1.0,3.0,1.0,1.0,5.0,2.0,5.0,2.0,1.0,0.0,,,0.0,,1.0,7.0,1.0,,3.0,0.0,5.0,2.0,5.0,0.0,17.0,28.0,,1.0,0.0,0.0,77.0,44.0,80.0,93.0,,1.0,0.02,0.24,0.1,1.57,37.64,14.55,0.019,0.716,0.405,2.6,39.58,37.85,38.65,97.93,8.78,109.78,89.56,0.4,6.04,3.46,52.6,0.0,0.0,141.1,0.124,17.74,3.843,14.14,0.088,2.371,6.58,11.49,40.26,78.2,1.077,0.802,27.0,0.57,2.279,7.186,99.4,4.82,2.85,19.8,4.596,27.2,0.695,17.461,3.831,77.51,,0.908,,77.9,,20.55,71.14,2.231,269.1,4.33,51.7,0
63.0,1.0,17.0,3.0,3.0,0.0,36.0,5.0,,80.1,156.3,66.3,54.0,59.0,98.0,76.2,21.2886,94.0,189.0,100.0,24.3,38.1,3.2,2.8,13.2,,13.3,15.3,25.4,36.3,0.6,1.7,4.9,3.6,4.3,4.3,26.1,6.8,42.8,38.9,8912.0,33.7,12.2,74.6,53.3,527.0,288.0,299.0,203.0,196.0,4.211546,2.069971,-0.81,257.615404,,3.0,,,,187.0,,5.0,95.0,960.0,,1.0,2.0,7.0,6.0,7.0,0.0,3.0,3.0,1.0,1.0,0.0,0.0,10.0,4.0,2.0,2.0,3.0,2.0,2.0,0.0,1.0,3.0,9.123,0.0,0.0,0.0,3.0,0.0,2.0,2.0,32.0,6.0,11.0,3.0,5.0,1.0,1.0,1.0,3.0,2.0,0.0,3.0,1.0,4.0,2.0,5.0,2.0,6.0,,1.0,1.0,,1.0,,4.0,3.0,4.0,2.0,2.0,1.0,2.0,4.0,0.0,25.0,,,0.0,0.0,,,,,,,0.0,0.17,1.67,0.29,2.88,48.23,15.19,0.014,0.898,0.437,2.26,,28.15,31.49,89.39,9.6,110.4,92.68,0.37,3.64,7.02,69.5,0.0,0.0,164.2,0.158,15.69,5.396,12.1,0.128,2.53,10.11,17.07,43.52,138.6,,0.846,20.5,21.16,2.347,4.954,58.4,0.781,1.13,21.3,6.763,47.5,1.064,19.259,,7.48,,0.842,,93.57,,,,1.098,229.8,5.61,15.8,0
63.0,0.0,45.0,6.0,,4.0,8.0,,18.0,75.8,153.9,72.3,23.0,42.0,108.0,110.1,39.0423,123.0,168.0,86.0,36.7,43.8,6.3,7.0,10.6,11.7,6.3,8.8,49.8,43.1,3.0,3.4,3.5,2.8,2.2,2.0,46.2,21.4,25.0,23.7,5672.0,47.1,40.0,77.9,33.9,799.0,601.0,431.0,327.0,317.0,2.871705,2.590194,1.304,556.291802,,,,,4.0,,,4.0,,,3.0,,1.0,7.0,7.0,1.0,0.0,1.0,1.0,3.0,0.0,1.0,0.0,5.0,4.0,4.0,1.0,1.0,2.0,0.0,0.0,0.0,2.0,,0.0,0.0,4.0,0.0,1.0,7.0,0.0,10.0,6.0,13.0,0.0,3.0,2.0,3.0,1.0,3.0,3.0,0.0,0.0,1.0,2.0,3.0,4.0,0.0,5.0,2.0,18.0,4.0,0.0,,,1.0,8.0,3.0,2.0,11.0,6.0,1.0,2.0,0.0,21.0,1.0,0.0,,,0.0,,77.0,,,0.0,0.0,0.01,0.14,0.61,7.85,44.15,14.81,0.025,0.41,0.423,2.81,36.07,30.21,33.55,90.06,12.27,95.92,79.99,0.82,10.5,3.54,45.4,0.0,0.0,136.0,0.167,17.52,,14.02,0.465,1.132,7.79,23.72,45.17,95.7,2.015,1.156,17.1,7.65,2.531,7.48,60.4,1.2,1.36,17.4,6.981,34.7,1.132,23.067,4.975,,,1.302,,,2.601,7.18,78.07,,501.8,8.46,50.6,1
68.0,0.0,25.0,5.0,,,,,19.0,103.4,178.4,73.8,51.0,21.0,93.0,61.2,21.8546,101.0,167.0,84.0,39.2,39.5,6.9,3.2,8.1,8.4,7.3,8.9,22.9,15.1,0.5,0.6,2.5,2.4,3.5,3.9,18.1,17.5,24.3,23.2,5717.0,23.2,14.2,37.6,34.5,779.0,456.0,302.0,304.0,208.0,3.147607,3.021703,0.047,388.626358,2.85,,,2.0,1.0,22.0,3.0,3.0,2.0,12.0,3.0,2.0,2.0,2.0,0.0,5.0,3.0,5.0,7.0,1.0,2.0,0.0,2.0,4.0,2.0,2.0,1.0,2.0,2.0,1.0,1.0,2.0,1.0,,1.0,3.0,0.0,4.0,29.0,1.0,2.0,6.0,7.0,2.0,2.0,2.0,2.0,2.0,4.0,4.0,3.0,1.0,2.0,3.0,2.0,1.0,3.0,2.0,3.0,,8.0,,0.0,0.0,1.0,7.0,1.0,3.0,1.0,0.0,4.0,3.0,3.0,0.0,,24.0,1.0,1.0,1.0,0.0,,,68.0,,,0.0,0.0,0.01,0.11,1.29,45.24,14.75,0.005,0.151,0.18,3.19,38.86,33.08,32.61,101.44,9.28,146.86,114.52,0.27,3.26,4.64,56.6,0.0,0.0,217.8,0.202,17.2,,12.4,,0.915,8.21,40.05,49.23,61.8,,1.619,48.8,1.32,,8.232,102.3,0.838,,155.2,9.417,50.7,1.145,32.593,4.929,13.86,,,,,1.464,4.44,,,494.4,4.67,73.6,0
62.0,0.0,12.0,4.0,54.0,4.0,9.0,8.0,,95.3,,53.6,47.0,42.0,65.0,63.5,20.9328,109.0,174.0,81.0,19.0,23.1,3.8,3.0,12.5,7.2,7.1,7.9,21.1,17.3,1.3,2.0,3.5,3.4,2.2,3.9,32.1,13.1,24.8,,9442.0,31.9,31.5,40.7,34.8,761.0,376.0,,328.0,307.0,2.883963,2.719011,-0.385,307.10899,3.47,,,,,,3.0,4.0,,7.0,1.0,3.0,2.0,2.0,0.0,6.0,0.0,1.0,2.0,1.0,1.0,1.0,0.0,4.0,4.0,1.0,3.0,2.0,2.0,3.0,2.0,2.0,3.0,,0.0,0.0,0.0,4.0,8.0,5.0,0.0,7.0,6.0,12.0,1.0,3.0,2.0,3.0,3.0,5.0,4.0,3.0,2.0,3.0,2.0,3.0,4.0,0.0,2.0,0.0,0.0,0.0,0.0,0.0,1.0,9.0,7.0,3.0,2.0,0.0,4.0,2.0,3.0,0.0,14.0,1.0,0.0,1.0,0.0,0.0,,86.0,,65.0,,0.0,0.07,0.67,0.02,0.2,51.87,16.61,,,0.294,2.99,28.28,30.38,32.02,94.87,8.56,120.18,95.35,0.38,3.61,7.1,67.2,0.0,0.0,196.5,0.168,15.56,5.468,16.46,0.11,2.56,10.56,14.23,40.6,134.8,1.754,1.147,,17.63,2.334,,64.3,0.709,2.65,40.0,4.727,34.7,1.603,31.058,,15.19,,1.281,,,1.14,13.39,64.45,5.443,322.5,4.98,94.8,0
60.0,1.0,2.0,1.0,,7.0,26.0,8.0,15.0,95.5,142.8,97.0,15.0,22.0,100.0,81.3,31.4684,115.0,161.0,100.0,42.5,22.0,4.2,2.6,10.5,8.7,11.6,9.1,,37.6,,3.4,2.3,2.5,2.4,2.0,39.3,13.5,39.4,37.2,8087.0,32.7,38.5,45.8,35.2,652.0,281.0,255.0,291.0,251.0,1.562724,1.346654,-0.678,154.42544,,,1.0,,3.0,,,,19.0,135.0,6.0,2.0,0.0,1.0,0.0,4.0,3.0,0.0,7.0,1.0,2.0,,0.0,9.0,1.0,3.0,1.0,3.0,,3.0,1.0,0.0,4.0,,1.0,0.0,3.0,5.0,0.0,1.0,5.0,9.0,9.0,12.0,0.0,4.0,2.0,2.0,3.0,5.0,0.0,1.0,,0.0,2.0,2.0,5.0,0.0,3.0,,1.0,7.0,23.0,,1.0,7.0,1.0,1.0,3.0,10.0,1.0,1.0,4.0,10.0,14.0,1.0,0.0,1.0,1.0,1.0,,34.0,,,,1.0,0.0,0.02,0.09,1.04,39.49,13.48,0.013,0.327,0.171,3.7,40.57,31.58,34.15,92.47,9.37,,83.75,0.26,2.86,5.06,55.5,0.0,0.0,167.4,0.157,16.13,4.27,15.94,,0.501,9.11,,45.87,152.8,1.834,1.106,18.1,10.34,2.385,4.996,61.9,0.787,1.07,,2.498,26.8,1.975,29.747,,7.51,,0.902,17.7,69.97,12.892,18.46,65.53,0.898,196.5,3.31,13.6,0
50.0,0.0,29.0,4.0,5.0,,,,16.0,67.6,136.8,57.5,15.0,18.0,107.0,88.9,34.9572,113.0,159.0,84.0,37.8,50.9,6.3,9.7,6.4,6.5,11.5,6.2,39.5,49.1,3.8,0.9,2.8,2.0,1.7,1.7,37.6,26.8,25.1,19.8,6278.0,47.9,41.7,37.8,26.9,490.0,274.0,328.0,263.0,220.0,3.586805,3.405946,-0.725,154.241002,,,,,3.0,144.0,,5.0,,329.0,2.0,2.0,2.0,5.0,2.0,7.0,0.0,1.0,1.0,2.0,,0.0,0.0,8.0,3.0,4.0,1.0,1.0,1.0,1.0,0.0,2.0,3.0,,0.0,0.0,6.0,0.0,6.0,4.0,5.0,34.0,6.0,7.0,5.0,0.0,1.0,3.0,0.0,3.0,1.0,1.0,1.0,1.0,,1.0,4.0,1.0,3.0,26.0,,,17.0,,,,3.0,1.0,2.0,2.0,3.0,,4.0,5.0,24.0,1.0,0.0,,0.0,0.0,77.0,73.0,,,1.0,1.0,0.12,1.22,0.01,0.09,50.78,12.86,0.023,0.744,0.264,2.87,,25.57,25.33,100.93,10.55,111.54,87.49,,7.56,6.29,62.6,0.0,0.0,234.0,0.247,17.54,5.031,14.02,0.029,1.202,10.05,48.59,49.97,131.9,2.227,0.759,23.8,14.48,2.375,6.636,43.8,0.869,4.88,124.6,3.72,33.6,2.646,12.958,,146.74,,0.938,,75.73,1.732,20.7,78.06,4.474,396.2,3.9,52.6,0
51.0,1.0,30.0,3.0,103.0,34.0,55.0,,19.0,65.7,127.7,73.0,52.0,18.0,80.0,130.3,36.8764,101.0,188.0,97.0,21.7,34.5,2.9,3.7,13.2,7.7,12.3,11.6,45.2,26.9,2.2,0.8,2.1,3.4,4.2,4.4,19.0,12.8,31.4,39.8,5881.0,21.1,,68.2,58.8,429.0,235.0,148.0,181.0,230.0,3.342129,2.071131,-0.214,337.508148,,3.0,2.0,,,259.0,1.0,,8.0,27.0,4.0,3.0,0.0,6.0,1.0,6.0,0.0,0.0,2.0,3.0,0.0,1.0,0.0,9.0,3.0,1.0,2.0,1.0,,1.0,1.0,1.0,2.0,82.094,0.0,0.0,0.0,10.0,6.0,0.0,5.0,17.0,1.0,0.0,0.0,1.0,2.0,5.0,1.0,1.0,3.0,4.0,2.0,0.0,4.0,1.0,3.0,2.0,1.0,17.0,13.0,,23.0,,,8.0,5.0,5.0,1.0,,3.0,3.0,2.0,0.0,13.0,2.0,0.0,1.0,1.0,0.0,75.0,89.0,83.0,79.0,,0.0,0.17,3.42,0.13,2.56,42.17,16.61,0.007,0.242,0.199,2.04,40.25,39.0,39.4,98.99,11.47,100.5,88.3,0.31,6.07,2.42,,0.0,0.0,242.7,0.278,17.67,4.259,13.1,0.021,0.619,5.06,10.14,45.87,107.0,,1.646,22.2,21.15,2.452,,113.4,1.316,3.27,20.4,,34.3,,13.167,4.732,173.16,,0.984,,,,5.49,66.24,4.434,436.5,4.99,17.0,0
68.0,1.0,1.0,4.0,,,23.0,,22.0,81.0,162.4,44.2,41.0,44.0,100.0,81.6,23.3486,117.0,187.0,98.0,42.1,35.7,7.7,2.3,13.1,9.6,12.5,12.0,39.4,28.1,2.9,2.7,5.1,5.1,4.2,4.0,39.1,17.8,32.7,43.0,6000.0,31.5,17.3,64.4,59.8,454.0,285.0,228.0,176.0,189.0,2.301604,1.477877,-0.378,266.344514,4.02,,,,4.0,144.0,,4.0,,49.0,4.0,5.0,3.0,3.0,1.0,7.0,0.0,1.0,2.0,2.0,2.0,,2.0,9.0,2.0,3.0,2.0,2.0,2.0,1.0,1.0,1.0,3.0,,1.0,0.0,0.0,3.0,2.0,2.0,6.0,4.0,6.0,7.0,0.0,0.0,,3.0,3.0,2.0,2.0,1.0,1.0,1.0,3.0,1.0,5.0,2.0,4.0,,0.0,,8.0,0.0,,8.0,1.0,4.0,2.0,,4.0,1.0,1.0,0.0,26.0,48.0,1.0,1.0,0.0,0.0,74.0,88.0,,,,0.0,,0.13,0.05,0.84,40.25,14.64,0.007,0.128,,1.81,31.62,32.81,36.38,90.19,12.15,107.98,84.95,0.91,15.89,2.95,51.5,0.0,0.0,344.2,0.418,16.71,4.463,12.72,0.045,2.082,5.73,27.97,49.04,71.4,1.238,0.699,29.2,18.01,2.537,8.289,66.3,0.72,1.84,25.5,7.594,48.0,0.788,10.2,5.222,,280.8,1.525,,38.72,14.524,11.06,64.68,4.943,298.3,3.39,24.3,0
48.0,1.0,14.0,1.0,24.0,6.0,20.0,8.0,16.0,69.2,115.0,56.8,34.0,36.0,76.0,69.6,22.6269,111.0,175.0,93.0,29.8,15.4,2.3,3.9,13.0,7.0,7.5,7.4,,19.8,1.0,0.8,2.6,2.4,4.6,3.2,25.6,11.2,29.4,31.1,7718.0,20.3,29.3,72.2,34.6,785.0,455.0,431.0,314.0,317.0,4.890232,4.456395,2.377,544.506692,,2.0,,,5.0,115.0,,,121.0,16.0,4.0,,3.0,6.0,1.0,6.0,0.0,0.0,1.0,2.0,2.0,4.0,1.0,5.0,3.0,1.0,1.0,3.0,1.0,0.0,0.0,2.0,3.0,,2.0,0.0,0.0,2.0,2.0,1.0,0.0,37.0,1.0,9.0,2.0,2.0,2.0,1.0,1.0,4.0,1.0,1.0,2.0,5.0,3.0,1.0,2.0,1.0,2.0,2.0,18.0,0.0,0.0,4.0,,6.0,0.0,4.0,2.0,14.0,3.0,1.0,1.0,0.0,18.0,24.0,0.0,,0.0,0.0,,81.0,64.0,57.0,,0.0,0.02,0.51,0.0,0.03,36.25,12.45,0.025,0.258,0.255,1.06,27.15,33.19,34.34,96.65,12.36,119.35,,0.7,17.92,2.11,54.4,0.0,0.0,257.2,0.318,17.1,3.751,16.28,0.084,0.561,3.89,,41.87,100.8,1.419,0.879,19.9,0.25,2.561,6.302,764.4,3.857,2.41,51.0,4.705,36.2,1.732,29.489,5.131,153.99,,0.914,,54.07,5.626,21.53,78.64,4.016,,8.71,101.7,0
59.0,1.0,1.0,5.0,5.0,,,7.0,15.0,78.0,119.9,87.9,71.0,70.0,66.0,110.1,28.061,110.0,198.0,100.0,28.5,14.5,4.2,2.3,11.6,15.2,13.3,12.4,16.6,15.0,0.7,2.8,4.7,5.0,3.4,2.7,19.6,11.4,43.0,36.9,10038.0,26.0,11.1,52.8,59.3,456.0,260.0,227.0,177.0,169.0,15.500851,6.058516,2.784,697.949784,,,1.0,,,318.0,,,25.0,400.0,5.0,3.0,4.0,6.0,7.0,7.0,4.0,0.0,0.0,2.0,1.0,,1.0,5.0,4.0,4.0,2.0,2.0,2.0,2.0,0.0,0.0,3.0,,0.0,0.0,0.0,6.0,8.0,3.0,0.0,6.0,1.0,5.0,1.0,1.0,1.0,2.0,1.0,1.0,4.0,0.0,0.0,1.0,5.0,3.0,1.0,2.0,4.0,,,3.0,16.0,0.0,,3.0,0.0,4.0,3.0,,5.0,2.0,2.0,0.0,20.0,,0.0,1.0,0.0,,,75.0,,,0.0,0.0,,2.11,0.53,6.86,,14.2,0.004,0.205,0.373,0.88,11.46,27.91,34.39,81.14,11.67,96.86,87.16,0.33,4.26,5.8,75.3,0.0,0.0,156.4,,19.28,5.088,16.1,0.089,0.534,7.7,19.81,,101.4,1.239,0.711,24.0,0.92,,3.372,108.3,,1.42,21.2,6.68,57.4,2.264,31.024,1.806,,374.4,,,37.83,11.925,5.87,67.54,3.106,354.3,5.97,79.0,0
43.0,0.0,40.0,1.0,6.0,6.0,,,22.0,105.6,133.0,57.2,31.0,38.0,110.0,96.3,37.0624,110.0,161.0,93.0,37.9,48.6,3.7,9.9,10.1,13.6,8.0,12.1,50.0,38.2,2.7,,2.5,4.9,2.8,3.7,30.5,26.3,38.1,40.4,5716.0,46.9,36.8,64.3,29.9,761.0,497.0,453.0,329.0,331.0,3.249589,3.119605,,229.974887,1.89,,6.0,6.0,5.0,16.0,,3.0,,29.0,3.0,3.0,2.0,1.0,0.0,3.0,0.0,0.0,6.0,1.0,,0.0,1.0,8.0,3.0,2.0,1.0,2.0,2.0,1.0,0.0,0.0,1.0,52.4,1.0,2.0,5.0,5.0,2.0,2.0,1.0,7.0,5.0,10.0,0.0,1.0,2.0,2.0,2.0,0.0,1.0,2.0,2.0,2.0,3.0,2.0,5.0,2.0,4.0,14.0,14.0,1.0,,11.0,,5.0,7.0,2.0,1.0,2.0,4.0,1.0,3.0,0.0,,,1.0,1.0,1.0,1.0,,82.0,,65.0,,0.0,0.0,0.0,0.26,4.24,,13.81,0.004,0.112,0.189,2.2,35.42,34.31,38.29,89.6,11.9,,85.83,0.74,11.95,3.01,48.4,0.0,0.0,231.9,0.276,16.08,4.024,12.12,0.024,0.987,6.21,10.51,46.31,56.2,2.05,0.666,23.0,,2.491,7.038,57.0,,,24.7,8.485,56.3,1.77,,3.666,11.9,310.9,1.034,,148.63,1.406,4.77,67.87,3.641,163.7,3.39,99.1,0
58.0,1.0,0.0,2.0,,,,,16.0,78.0,109.3,58.8,33.0,44.0,94.0,103.8,29.9732,101.0,186.0,92.0,43.7,19.9,5.1,2.7,10.1,7.2,11.9,6.6,20.5,24.8,1.2,2.5,3.5,2.0,3.1,4.6,39.5,20.3,36.6,33.0,6046.0,26.5,26.2,40.7,49.5,427.0,237.0,316.0,193.0,188.0,2.639756,1.136869,-0.52,400.897621,4.5,,,2.0,,136.0,3.0,,,28.0,3.0,3.0,2.0,6.0,5.0,5.0,0.0,6.0,3.0,2.0,,1.0,0.0,5.0,1.0,2.0,1.0,2.0,2.0,0.0,0.0,0.0,3.0,,0.0,8.0,,0.0,1.0,3.0,0.0,25.0,3.0,13.0,5.0,1.0,2.0,3.0,2.0,1.0,2.0,1.0,2.0,3.0,4.0,2.0,5.0,1.0,3.0,24.0,,,,2.0,1.0,2.0,10.0,2.0,2.0,14.0,4.0,2.0,3.0,0.0,,21.0,0.0,1.0,0.0,0.0,,,,,1.0,1.0,0.0,0.02,0.14,1.4,38.02,11.55,0.018,0.159,0.25,2.96,29.07,29.7,30.37,97.77,7.39,104.98,75.81,0.43,4.27,6.64,65.2,0.0,0.0,244.4,0.181,15.57,3.888,13.02,0.099,1.181,10.18,18.71,41.88,75.3,1.327,1.206,22.5,21.02,2.561,,45.7,0.838,2.26,14.8,9.679,46.2,,23.849,3.736,68.61,,1.27,,,,25.74,70.14,2.684,389.8,4.49,102.8,0
62.0,0.0,1.0,5.0,,,,,17.0,75.0,135.9,,12.0,12.0,104.0,80.6,34.5658,128.0,153.0,80.0,45.3,34.1,9.6,3.3,11.6,8.5,6.9,6.7,49.8,46.3,2.2,0.7,2.2,2.0,2.8,2.5,28.6,21.1,25.9,19.7,5172.0,25.4,37.8,45.1,36.0,668.0,363.0,358.0,289.0,194.0,4.357741,2.028366,0.701,236.558359,3.5,1.0,,,6.0,29.0,,3.0,,32.0,1.0,3.0,2.0,1.0,1.0,1.0,0.0,1.0,8.0,2.0,,1.0,1.0,10.0,2.0,1.0,3.0,2.0,2.0,0.0,1.0,0.0,3.0,,1.0,2.0,0.0,4.0,0.0,5.0,,39.0,10.0,0.0,2.0,7.0,3.0,2.0,2.0,5.0,0.0,0.0,1.0,0.0,5.0,1.0,5.0,0.0,3.0,21.0,,23.0,22.0,5.0,,8.0,0.0,5.0,3.0,0.0,4.0,1.0,2.0,0.0,25.0,2.0,0.0,1.0,0.0,1.0,,43.0,,87.0,,0.0,0.87,12.8,0.27,3.96,47.3,13.25,0.025,0.688,0.317,1.46,21.54,24.19,28.02,86.31,10.51,108.42,,0.36,5.36,3.81,56.4,0.0,0.0,184.9,0.194,,5.48,12.37,0.065,0.713,6.77,12.05,46.92,51.4,1.842,,17.3,0.94,2.285,5.078,,1.292,4.14,82.5,4.337,34.9,,18.938,1.841,,,0.822,,,2.944,5.12,74.92,3.162,342.4,4.41,69.1,0
53.0,1.0,7.0,1.0,79.0,8.0,18.0,1.0,,102.0,186.1,82.4,52.0,43.0,72.0,91.3,25.6943,92.0,189.0,97.0,19.3,18.0,2.7,3.7,8.4,12.3,12.9,12.1,28.1,33.4,1.1,2.6,4.3,4.7,5.8,4.4,19.7,10.8,34.3,41.7,10147.0,24.8,22.9,88.1,47.6,685.0,406.0,252.0,237.0,181.0,15.051786,6.016059,4.399,1087.792726,,,,1.0,,34.0,,,,,,1.0,5.0,2.0,4.0,6.0,1.0,3.0,1.0,3.0,0.0,2.0,1.0,7.0,3.0,2.0,1.0,2.0,1.0,1.0,0.0,0.0,3.0,,1.0,2.0,,7.0,1.0,5.0,0.0,29.0,8.0,1.0,1.0,8.0,2.0,2.0,1.0,2.0,5.0,1.0,0.0,2.0,3.0,1.0,3.0,2.0,3.0,1.0,15.0,13.0,4.0,2.0,0.0,1.0,0.0,4.0,,,5.0,,3.0,10.0,24.0,37.0,0.0,1.0,1.0,1.0,,67.0,,,0.0,0.0,0.01,,0.59,,45.78,16.62,0.043,0.69,0.347,3.47,27.05,30.72,36.3,,9.46,120.59,80.53,0.86,6.7,7.9,61.5,0.0,0.0,192.2,0.182,17.6,5.409,16.75,0.082,2.33,12.84,,39.36,150.1,1.134,1.046,22.0,0.9,,3.706,46.8,1.184,1.52,63.8,4.609,32.5,,11.363,2.345,12.17,203.0,1.371,63.8,79.9,3.547,4.82,68.05,0.667,475.4,4.78,20.1,0
60.0,1.0,7.0,2.0,,32.0,,8.0,15.0,86.8,110.9,65.5,33.0,30.0,99.0,108.8,35.1067,96.0,176.0,80.0,44.2,48.4,2.9,2.4,6.2,7.3,6.2,8.0,47.7,16.6,1.2,1.5,3.8,2.2,2.4,2.0,30.1,16.3,27.4,24.6,8147.0,25.0,18.9,44.6,40.1,545.0,364.0,319.0,295.0,260.0,4.180708,3.901342,3.049,700.687775,3.03,,,,,,4.0,4.0,,416.0,,4.0,2.0,7.0,6.0,7.0,1.0,5.0,5.0,2.0,1.0,1.0,2.0,6.0,4.0,3.0,1.0,1.0,2.0,0.0,0.0,0.0,1.0,,0.0,0.0,7.0,2.0,9.0,6.0,6.0,27.0,4.0,13.0,1.0,1.0,3.0,2.0,3.0,3.0,1.0,1.0,3.0,1.0,2.0,2.0,5.0,2.0,4.0,1.0,,0.0,,0.0,,5.0,0.0,3.0,2.0,8.0,5.0,3.0,3.0,9.0,16.0,,,1.0,0.0,0.0,68.0,41.0,,85.0,,1.0,0.08,1.64,0.23,4.55,35.24,16.72,0.006,0.235,0.411,0.83,16.5,43.91,47.45,92.53,9.22,89.33,75.17,0.29,5.84,3.59,71.5,0.0,0.0,354.2,0.327,17.17,3.808,12.25,0.065,1.61,5.03,30.39,42.14,132.1,1.036,0.974,20.6,,2.235,6.551,48.3,0.739,1.14,20.1,7.689,59.1,,27.302,5.158,10.05,,0.789,,48.29,12.18,7.33,77.93,,178.2,3.3,82.9,0
47.0,0.0,19.0,2.0,77.0,,9.0,3.0,20.0,67.3,,71.5,26.0,26.0,121.0,116.7,41.3508,117.0,168.0,82.0,45.0,46.8,9.7,10.0,,7.3,6.6,7.5,36.0,47.8,3.7,3.3,2.9,2.8,3.2,1.9,43.5,27.7,30.5,26.6,7452.0,30.3,52.2,48.4,33.2,499.0,250.0,406.0,226.0,223.0,2.808649,2.058362,0.183,,1.7,,2.0,,,7.0,,,161.0,21.0,4.0,2.0,2.0,2.0,0.0,2.0,0.0,3.0,1.0,2.0,1.0,1.0,2.0,9.0,3.0,2.0,2.0,2.0,2.0,0.0,0.0,1.0,4.0,,0.0,15.0,2.0,4.0,3.0,7.0,0.0,22.0,3.0,4.0,5.0,5.0,1.0,3.0,4.0,5.0,2.0,3.0,0.0,3.0,4.0,2.0,2.0,1.0,1.0,16.0,,1.0,14.0,,,,5.0,4.0,3.0,,2.0,3.0,1.0,4.0,15.0,,1.0,1.0,1.0,1.0,,78.0,,,,0.0,0.01,0.1,0.1,1.66,44.44,13.66,0.035,,,1.2,20.0,26.56,30.74,86.38,7.55,,75.58,0.83,13.88,3.87,64.4,0.0,0.0,369.3,0.279,16.09,5.145,14.37,0.051,0.915,6.01,,50.26,146.9,,0.933,57.8,20.31,2.259,5.278,78.7,1.177,,16.5,1.84,19.0,,13.965,,3.9,,,,,2.052,14.89,81.51,1.511,491.5,5.37,40.0,0
50.0,0.0,34.0,2.0,6.0,,27.0,,14.0,64.8,103.6,63.3,44.0,26.0,106.0,81.2,29.4314,122.0,166.0,88.0,23.9,34.2,3.9,7.0,6.6,11.4,11.5,7.6,19.8,43.8,1.1,3.1,3.2,4.1,3.4,2.6,33.4,16.6,26.2,27.0,6234.0,48.9,20.7,44.8,35.8,624.0,266.0,380.0,188.0,186.0,5.536312,3.300718,,240.949518,2.87,,,,,,3.0,4.0,19.0,934.0,1.0,6.0,3.0,6.0,1.0,7.0,0.0,3.0,4.0,2.0,0.0,2.0,2.0,9.0,3.0,3.0,1.0,2.0,2.0,1.0,2.0,1.0,3.0,22.463,0.0,0.0,5.0,1.0,1.0,2.0,0.0,2.0,5.0,11.0,6.0,4.0,2.0,0.0,1.0,2.0,0.0,0.0,3.0,1.0,2.0,1.0,5.0,0.0,3.0,21.0,,16.0,0.0,3.0,1.0,7.0,4.0,2.0,2.0,,3.0,3.0,4.0,8.0,17.0,3.0,1.0,,1.0,0.0,,39.0,,,0.0,0.0,0.02,0.22,0.12,1.11,43.47,16.48,0.007,0.321,0.245,3.16,28.24,34.92,37.91,92.12,10.1,115.37,83.87,0.31,2.74,7.58,67.7,0.0,0.0,201.9,0.204,18.0,,14.92,0.021,0.807,11.2,25.01,47.18,153.0,1.371,0.965,18.2,0.26,2.191,5.492,50.7,1.236,,12.8,5.608,49.6,2.126,32.816,,73.21,,,,117.22,1.905,17.76,68.78,1.347,429.7,4.59,95.4,0
41.0,1.0,41.0,1.0,,,31.0,2.0,28.0,61.2,109.9,83.2,27.0,35.0,93.0,86.6,30.9914,115.0,167.0,85.0,43.6,37.8,2.0,3.0,10.4,7.0,7.8,6.8,42.7,49.0,3.5,0.7,2.2,3.0,1.7,2.3,34.8,18.6,34.8,27.4,5812.0,22.9,19.5,70.7,31.8,463.0,295.0,428.0,238.0,211.0,2.744114,,2.032,486.440137,,1.0,1.0,6.0,,25.0,5.0,,17.0,15.0,7.0,3.0,3.0,1.0,1.0,6.0,3.0,0.0,5.0,2.0,,0.0,2.0,9.0,2.0,4.0,2.0,2.0,1.0,1.0,1.0,0.0,3.0,,1.0,0.0,0.0,3.0,0.0,1.0,7.0,9.0,0.0,39.0,4.0,2.0,2.0,1.0,3.0,4.0,1.0,1.0,2.0,1.0,5.0,2.0,2.0,2.0,3.0,,14.0,18.0,0.0,4.0,1.0,7.0,1.0,2.0,2.0,15.0,3.0,2.0,4.0,10.0,30.0,13.0,1.0,1.0,1.0,0.0,,51.0,89.0,92.0,,0.0,0.0,0.0,0.08,1.28,35.68,9.54,,0.368,0.379,3.07,46.94,26.02,26.75,97.27,11.61,113.74,81.04,0.55,,2.84,43.4,0.0,0.0,228.1,0.265,16.99,3.668,13.13,0.064,1.699,6.54,11.42,41.75,,1.238,1.356,22.8,5.9,,4.507,66.7,1.004,,13.9,,47.7,1.053,25.047,2.001,,,0.85,,57.09,15.345,6.2,71.63,,493.3,6.93,29.6,0
56.0,1.0,5.0,5.0,4.0,,,1.0,,,151.1,96.5,43.0,35.0,68.0,85.0,21.2,117.0,200.0,100.0,19.1,34.8,5.6,2.9,13.1,10.6,13.0,10.5,18.2,39.4,0.9,1.6,4.7,4.8,4.7,4.6,25.5,17.1,38.7,40.3,9979.0,35.2,26.3,78.3,59.1,623.0,316.0,297.0,241.0,177.0,2.966349,2.847695,2.441,440.293201,4.55,,1.0,,4.0,225.0,3.0,,128.0,414.0,,,2.0,6.0,1.0,7.0,2.0,2.0,1.0,2.0,,0.0,0.0,6.0,3.0,2.0,1.0,2.0,2.0,1.0,0.0,2.0,2.0,13.089,0.0,0.0,7.0,1.0,4.0,3.0,4.0,23.0,0.0,1.0,2.0,1.0,,1.0,4.0,2.0,2.0,2.0,1.0,1.0,,1.0,4.0,2.0,4.0,,19.0,,5.0,4.0,,1.0,2.0,2.0,4.0,0.0,3.0,1.0,5.0,0.0,17.0,44.0,0.0,0.0,1.0,0.0,,44.0,,50.0,,0.0,0.03,0.3,,1.1,35.94,12.4,0.009,0.324,0.154,2.51,22.57,29.99,34.5,86.93,8.98,109.15,89.12,0.73,6.61,7.71,69.4,0.0,0.0,271.0,,15.72,4.135,12.92,,0.678,11.11,,,73.2,1.337,0.791,43.8,2.73,2.607,4.857,115.2,0.741,3.86,111.7,9.246,37.3,1.067,11.819,3.62,26.83,,,14.4,,12.841,20.04,,0.671,487.0,6.98,37.3,0
42.0,1.0,6.0,1.0,1.0,1.0,,5.0,,82.0,112.4,67.9,15.0,15.0,77.0,49.8,19.7828,112.0,159.0,89.0,19.0,21.3,2.6,1.3,9.3,9.0,10.5,6.9,16.7,16.2,0.7,0.7,3.2,3.8,2.0,2.1,,17.3,27.4,30.4,5483.0,23.9,19.4,70.3,44.7,705.0,285.0,307.0,266.0,191.0,,3.249813,0.385,267.716743,4.31,,,,3.0,154.0,,,,19.0,,4.0,2.0,5.0,1.0,7.0,0.0,5.0,8.0,1.0,,0.0,0.0,8.0,2.0,2.0,2.0,2.0,1.0,1.0,1.0,0.0,3.0,,1.0,16.0,0.0,10.0,3.0,2.0,0.0,4.0,9.0,0.0,5.0,1.0,,0.0,1.0,3.0,1.0,1.0,3.0,2.0,3.0,1.0,5.0,1.0,3.0,18.0,,2.0,0.0,3.0,1.0,1.0,8.0,3.0,2.0,,3.0,,2.0,12.0,18.0,2.0,0.0,1.0,1.0,1.0,,44.0,,,,0.0,0.01,0.1,0.1,1.12,47.83,15.48,0.012,0.75,0.243,2.06,23.31,28.45,32.36,87.92,11.73,119.76,95.57,0.37,4.17,6.29,71.3,0.0,0.0,,0.434,16.7,5.44,13.02,0.027,0.907,8.82,56.61,43.08,131.2,1.068,,18.3,3.96,2.637,7.367,111.6,1.082,3.53,105.4,4.612,39.8,0.831,17.751,,,,0.944,,75.57,,17.9,80.43,0.857,497.5,9.26,73.1,0
60.0,1.0,21.0,4.0,,21.0,54.0,,14.0,81.4,134.3,56.2,45.0,20.0,102.0,74.3,28.3345,129.0,162.0,79.0,39.6,50.7,8.8,7.2,7.4,7.2,11.9,6.3,35.4,21.3,,3.4,4.0,2.3,2.2,3.7,30.4,19.6,38.4,19.6,6039.0,45.8,32.0,54.6,35.4,491.0,235.0,245.0,271.0,187.0,1.98343,1.904093,0.043,172.765827,,4.0,,2.0,,30.0,,1.0,196.0,45.0,3.0,2.0,2.0,2.0,0.0,7.0,0.0,1.0,2.0,3.0,1.0,3.0,0.0,8.0,3.0,,3.0,2.0,2.0,0.0,2.0,0.0,4.0,38.4,1.0,1.0,0.0,5.0,3.0,2.0,1.0,39.0,2.0,2.0,1.0,9.0,3.0,4.0,0.0,1.0,5.0,1.0,1.0,2.0,3.0,1.0,4.0,1.0,5.0,1.0,,0.0,0.0,3.0,1.0,5.0,1.0,1.0,,0.0,3.0,1.0,1.0,0.0,14.0,,1.0,1.0,0.0,0.0,,49.0,,,,0.0,0.02,0.32,0.01,0.22,42.92,13.03,0.012,0.266,0.297,1.43,24.69,28.71,30.35,94.6,7.61,123.0,93.26,0.64,11.07,3.7,63.7,0.0,0.0,297.1,0.226,17.3,4.537,13.98,0.076,0.634,5.81,12.83,47.76,70.1,1.411,0.713,15.2,0.83,2.373,6.76,64.1,0.651,1.18,143.9,,60.2,1.322,15.645,4.146,17.92,,1.105,,7.91,,4.67,,1.309,347.3,3.94,56.3,0
53.0,1.0,37.0,2.0,,,,3.0,15.0,100.5,109.3,57.5,49.0,48.0,78.0,116.8,31.1139,113.0,194.0,88.0,29.1,33.7,1.8,4.5,10.0,14.1,8.2,12.9,30.1,14.6,1.5,0.6,4.8,3.8,2.9,4.6,13.0,15.8,35.6,23.3,9895.0,23.4,17.0,80.2,47.6,464.0,291.0,246.0,230.0,180.0,3.035741,1.364135,0.259,597.61039,1.71,7.0,,2.0,3.0,512.0,,,167.0,69.0,2.0,3.0,3.0,,7.0,6.0,0.0,4.0,6.0,2.0,0.0,,0.0,5.0,3.0,2.0,2.0,3.0,2.0,0.0,0.0,1.0,3.0,,2.0,0.0,,,4.0,6.0,0.0,6.0,7.0,5.0,7.0,5.0,2.0,2.0,2.0,4.0,2.0,2.0,1.0,0.0,2.0,4.0,3.0,1.0,1.0,0.0,,1.0,0.0,0.0,0.0,6.0,0.0,2.0,1.0,8.0,2.0,1.0,3.0,0.0,18.0,,0.0,1.0,,,,,69.0,77.0,,1.0,0.07,1.4,0.42,8.36,49.73,16.31,0.021,0.701,0.283,1.06,20.91,33.19,32.8,101.19,10.54,118.26,94.24,0.7,13.78,2.81,55.6,0.0,0.0,140.5,0.148,16.2,4.914,12.04,0.06,1.868,5.06,63.72,44.85,138.4,1.081,0.739,17.7,1.16,2.612,4.89,86.8,0.661,3.96,61.4,3.899,26.1,0.815,17.157,3.521,18.02,244.7,,,44.75,16.174,5.76,64.65,0.755,222.0,3.47,79.3,0
58.0,1.0,11.0,2.0,,26.0,,7.0,,90.4,135.6,90.0,56.0,66.0,97.0,110.4,27.7317,97.0,200.0,98.0,20.4,20.8,3.8,2.9,18.7,14.0,13.7,18.4,32.8,21.8,2.1,0.5,5.0,5.0,4.2,4.4,24.1,9.1,42.0,36.4,10078.0,34.5,14.4,80.9,63.2,471.0,239.0,236.0,104.0,168.0,2.947289,,0.197,570.26674,2.79,,4.0,3.0,3.0,,,,17.0,353.0,3.0,4.0,1.0,3.0,1.0,5.0,1.0,0.0,4.0,3.0,2.0,4.0,0.0,10.0,4.0,2.0,1.0,2.0,2.0,0.0,1.0,0.0,2.0,,2.0,3.0,0.0,8.0,4.0,0.0,2.0,26.0,10.0,1.0,1.0,1.0,3.0,3.0,2.0,2.0,2.0,0.0,0.0,1.0,2.0,4.0,,2.0,3.0,25.0,,3.0,22.0,,1.0,2.0,0.0,2.0,2.0,,2.0,2.0,3.0,8.0,27.0,,0.0,1.0,0.0,,,37.0,,36.0,,0.0,0.06,1.05,0.02,,34.76,11.6,0.032,0.79,0.319,1.5,27.84,,33.38,94.04,8.58,99.31,80.98,0.35,6.52,3.46,64.3,,0.0,400.0,0.343,17.57,3.696,14.48,0.092,0.781,5.38,15.95,47.72,143.6,2.067,0.938,22.3,7.95,2.374,7.725,77.0,0.755,1.38,13.0,,52.5,,23.667,4.517,10.19,,1.067,,19.49,12.135,4.92,77.84,1.403,412.6,3.41,,0
62.0,1.0,44.0,3.0,3.0,,47.0,0.0,15.0,107.3,154.1,96.9,54.0,59.0,80.0,140.0,39.0893,111.0,189.0,99.0,25.6,43.8,6.6,,13.9,9.3,13.1,13.5,20.3,43.7,1.1,0.6,3.7,4.6,4.2,3.4,27.3,22.1,42.9,41.2,10009.0,40.4,17.2,72.1,57.7,802.0,378.0,443.0,327.0,308.0,5.907469,,1.066,676.483725,,2.0,,,3.0,66.0,7.0,,126.0,7.0,4.0,5.0,1.0,2.0,4.0,6.0,5.0,0.0,2.0,1.0,2.0,,1.0,7.0,3.0,3.0,1.0,3.0,2.0,2.0,1.0,0.0,2.0,,0.0,0.0,0.0,1.0,4.0,3.0,2.0,26.0,2.0,1.0,1.0,5.0,3.0,1.0,3.0,4.0,1.0,3.0,1.0,0.0,3.0,1.0,5.0,2.0,6.0,,19.0,,13.0,0.0,1.0,3.0,2.0,2.0,2.0,2.0,4.0,3.0,4.0,8.0,17.0,2.0,0.0,0.0,0.0,0.0,64.0,94.0,,76.0,,0.0,0.03,0.28,0.28,2.44,41.67,12.46,0.008,0.185,0.337,3.19,27.47,24.21,29.89,80.99,,90.36,80.04,0.71,6.09,7.4,63.7,0.0,0.0,324.6,0.24,16.28,5.145,16.53,0.101,1.971,11.61,41.48,,79.5,,0.859,23.3,13.25,2.528,4.651,108.8,1.083,1.39,21.7,3.734,31.2,,27.811,2.629,7.98,264.3,1.291,,18.51,18.816,23.97,74.86,4.664,374.6,7.39,101.2,0
68.0,1.0,46.0,1.0,33.0,29.0,,0.0,24.0,98.2,169.7,95.2,13.0,43.0,114.0,92.5,39.9554,131.0,152.0,85.0,47.7,44.6,9.4,9.6,6.3,7.7,5.6,7.3,27.9,52.6,2.4,2.8,3.0,2.3,2.3,2.0,39.5,21.0,25.9,35.5,4866.0,39.2,29.8,47.5,29.4,611.0,258.0,246.0,212.0,176.0,3.459727,1.409899,-0.134,376.270277,,,4.0,,,259.0,3.0,,212.0,191.0,4.0,,2.0,3.0,1.0,7.0,0.0,1.0,7.0,1.0,2.0,0.0,0.0,10.0,4.0,2.0,1.0,1.0,2.0,0.0,0.0,1.0,1.0,,2.0,4.0,7.0,1.0,2.0,1.0,0.0,31.0,5.0,1.0,1.0,5.0,3.0,2.0,0.0,2.0,1.0,5.0,0.0,2.0,3.0,1.0,5.0,2.0,2.0,1.0,17.0,,16.0,,1.0,,6.0,4.0,1.0,,2.0,1.0,2.0,11.0,27.0,1.0,,0.0,0.0,0.0,,91.0,89.0,91.0,,1.0,0.02,0.15,0.46,3.69,35.48,12.88,0.046,0.356,0.274,3.03,24.37,29.26,36.29,80.63,7.49,86.03,72.31,0.57,4.58,,67.2,0.0,0.0,354.8,0.266,16.27,4.401,12.23,0.03,1.205,12.43,9.75,43.4,147.6,1.829,1.614,17.2,0.7,2.389,7.845,74.3,0.95,,96.5,8.768,51.2,1.366,,4.039,19.28,,1.189,,,,6.35,,,289.5,,,0
46.0,1.0,21.0,2.0,6.0,,51.0,10.0,17.0,89.4,117.6,49.1,47.0,53.0,85.0,65.6,22.5538,94.0,170.0,92.0,31.2,29.4,4.5,1.4,9.1,8.2,8.7,10.8,30.7,22.3,1.1,2.6,3.9,4.7,4.5,3.3,18.9,13.6,21.3,23.7,5112.0,16.4,23.0,49.4,54.2,436.0,289.0,241.0,193.0,182.0,4.413557,2.845328,0.855,649.115416,,3.0,,,,49.0,2.0,,,,,6.0,2.0,5.0,1.0,6.0,0.0,6.0,7.0,3.0,1.0,1.0,2.0,4.0,1.0,4.0,1.0,1.0,2.0,0.0,0.0,0.0,3.0,,1.0,11.0,1.0,6.0,8.0,3.0,4.0,10.0,1.0,12.0,0.0,2.0,2.0,5.0,1.0,0.0,4.0,0.0,2.0,1.0,3.0,1.0,5.0,1.0,4.0,1.0,,,0.0,,,9.0,1.0,3.0,4.0,7.0,1.0,3.0,5.0,4.0,23.0,2.0,0.0,1.0,0.0,0.0,76.0,,,,,,0.02,0.18,0.06,0.56,40.34,11.44,0.014,0.582,0.258,1.94,18.35,24.78,28.35,87.39,9.12,85.82,73.0,0.72,6.82,7.83,74.1,0.0,0.0,137.7,,16.36,4.616,12.95,0.033,2.616,10.57,13.02,51.07,129.9,1.4,1.393,23.9,,2.261,,52.3,0.766,,11.6,3.83,43.4,1.896,27.997,4.678,,,1.138,,26.28,,5.66,69.87,3.466,173.6,3.35,68.0,0
51.0,1.0,36.0,5.0,2.0,,,,17.0,78.0,122.2,108.8,50.0,47.0,77.0,121.6,36.4223,123.0,183.0,99.0,32.3,35.0,4.0,6.4,12.3,13.7,12.8,18.5,29.1,28.8,2.2,1.1,3.8,6.2,4.5,4.3,30.0,9.5,38.4,42.0,6915.0,25.7,43.9,62.4,35.1,492.0,278.0,240.0,179.0,205.0,2.65729,,,135.516022,3.5,3.0,,4.0,3.0,17.0,,,,27.0,2.0,3.0,5.0,4.0,6.0,7.0,0.0,1.0,6.0,3.0,0.0,,0.0,8.0,3.0,4.0,1.0,3.0,2.0,1.0,0.0,0.0,3.0,,1.0,1.0,,4.0,1.0,1.0,0.0,1.0,4.0,2.0,6.0,8.0,2.0,2.0,2.0,1.0,3.0,0.0,2.0,1.0,2.0,1.0,4.0,0.0,3.0,,,,25.0,1.0,1.0,1.0,0.0,1.0,3.0,,5.0,1.0,5.0,3.0,14.0,1.0,1.0,,1.0,0.0,,90.0,92.0,39.0,,0.0,0.0,0.06,,2.09,30.89,3.5,0.013,0.731,0.311,1.36,20.45,18.65,23.08,80.21,8.71,111.03,77.42,0.45,6.78,,70.6,,,,0.299,18.07,3.851,12.95,0.05,1.884,6.65,11.5,46.25,65.5,1.815,0.793,15.9,16.57,2.43,6.069,75.8,,1.12,14.8,4.776,32.0,1.472,35.421,3.037,90.5,,1.258,,,15.146,3.91,68.62,3.449,472.6,8.51,63.9,0
55.0,1.0,43.0,2.0,1.0,,9.0,7.0,,67.6,129.3,51.3,15.0,48.0,76.0,71.5,22.9363,101.0,177.0,82.0,17.0,27.6,3.8,6.2,10.2,8.7,6.6,11.2,23.0,22.4,1.0,0.8,2.7,4.0,3.7,2.0,24.3,18.1,31.8,34.4,5707.0,16.4,14.9,50.0,28.9,568.0,377.0,335.0,306.0,319.0,4.772972,,1.726,627.360877,,1.0,,2.0,4.0,38.0,,2.0,162.0,28.0,2.0,2.0,3.0,5.0,5.0,7.0,0.0,3.0,0.0,3.0,3.0,0.0,0.0,5.0,3.0,4.0,1.0,3.0,2.0,0.0,0.0,0.0,2.0,,1.0,3.0,0.0,1.0,0.0,2.0,6.0,2.0,2.0,12.0,1.0,7.0,3.0,3.0,3.0,2.0,2.0,4.0,5.0,0.0,5.0,2.0,5.0,2.0,6.0,1.0,0.0,,2.0,0.0,1.0,3.0,0.0,2.0,4.0,0.0,2.0,2.0,4.0,4.0,13.0,14.0,0.0,,1.0,,,90.0,69.0,88.0,,0.0,0.06,0.92,0.5,8.05,30.3,11.88,0.011,0.757,0.271,2.55,,31.25,39.23,79.67,12.33,111.99,81.68,0.89,14.54,2.16,35.1,0.0,0.0,387.8,0.478,17.15,3.803,,0.049,2.549,6.15,68.53,42.33,146.8,1.121,1.422,48.9,0.96,2.521,8.03,53.9,0.671,,90.5,9.476,,0.854,,3.588,20.85,,,,14.02,16.877,16.33,66.77,2.237,226.6,3.11,34.6,0
60.0,0.0,22.0,4.0,1.0,,34.0,9.0,16.0,85.2,150.9,86.5,21.0,7.0,69.0,54.8,23.2484,98.0,154.0,82.0,18.1,14.4,2.3,2.0,6.0,6.8,6.6,7.5,19.7,14.1,1.1,0.5,1.7,2.6,2.1,1.7,34.6,16.7,22.2,21.6,5829.0,18.8,29.1,41.6,32.2,725.0,400.0,377.0,334.0,330.0,1.616308,,-3.203,138.936121,,3.0,,,,252.0,3.0,,,,2.0,3.0,0.0,1.0,0.0,6.0,0.0,5.0,0.0,2.0,2.0,,0.0,7.0,3.0,,2.0,2.0,1.0,0.0,0.0,1.0,4.0,,2.0,0.0,0.0,4.0,9.0,2.0,3.0,0.0,3.0,2.0,0.0,3.0,1.0,1.0,2.0,3.0,2.0,2.0,0.0,1.0,5.0,3.0,3.0,2.0,3.0,8.0,3.0,5.0,2.0,1.0,,6.0,6.0,4.0,4.0,0.0,3.0,1.0,2.0,5.0,,,1.0,1.0,0.0,1.0,69.0,84.0,,20.0,,0.0,0.0,0.03,0.3,3.03,43.55,13.64,0.022,0.455,0.388,0.88,8.83,30.0,31.31,95.81,9.15,91.99,84.71,0.92,,7.84,78.9,0.0,0.0,187.2,0.171,16.1,4.546,13.83,0.096,0.835,9.94,16.61,48.75,87.8,0.933,1.221,45.2,6.16,2.249,8.023,90.2,1.039,2.05,66.4,4.366,,0.801,17.506,3.574,8.83,,1.463,,,2.002,9.47,72.85,1.298,357.7,8.87,39.3,0
53.0,0.0,53.0,,6.0,25.0,23.0,5.0,16.0,62.1,102.8,60.8,15.0,36.0,104.0,79.4,27.3612,94.0,170.0,80.0,31.8,18.3,3.9,6.6,6.9,8.9,7.0,8.0,42.7,23.2,1.3,1.3,2.3,2.8,3.0,3.8,26.1,13.8,22.1,39.5,5257.0,33.4,31.5,38.3,34.7,551.0,383.0,309.0,244.0,301.0,,1.535263,,539.033726,3.55,3.0,,,,221.0,4.0,,13.0,19.0,5.0,2.0,2.0,4.0,6.0,3.0,0.0,7.0,2.0,1.0,3.0,1.0,0.0,10.0,3.0,2.0,1.0,1.0,2.0,0.0,1.0,1.0,1.0,,2.0,,0.0,0.0,1.0,6.0,0.0,6.0,2.0,5.0,1.0,5.0,3.0,0.0,3.0,3.0,2.0,0.0,0.0,3.0,4.0,2.0,4.0,2.0,4.0,1.0,11.0,25.0,,,,6.0,4.0,3.0,3.0,4.0,3.0,,3.0,0.0,27.0,2.0,1.0,0.0,0.0,0.0,,56.0,,95.0,,0.0,0.08,1.69,0.0,0.11,34.45,12.63,0.039,,0.187,1.17,24.99,29.57,36.67,80.65,7.74,111.1,90.09,,13.23,2.82,60.0,0.0,0.0,327.2,0.253,15.95,4.272,12.25,0.101,,4.7,16.31,,55.6,2.227,,26.0,18.28,2.465,4.757,81.5,,1.35,12.1,4.643,50.4,2.527,25.584,3.818,17.03,,,,84.77,1.18,5.39,66.47,5.336,188.8,6.88,37.1,0
54.0,0.0,12.0,1.0,,,,,22.0,77.5,128.9,65.5,17.0,35.0,72.0,54.7,21.271,88.0,160.0,97.0,15.4,12.3,1.6,1.4,10.6,8.9,7.2,7.9,29.5,20.1,0.7,0.9,2.2,2.2,3.1,2.6,15.3,6.1,40.2,29.8,,17.5,9.3,66.0,52.4,590.0,453.0,292.0,282.0,289.0,3.444733,2.017089,-0.164,186.053102,,3.0,,,3.0,,,,238.0,257.0,,4.0,2.0,7.0,1.0,6.0,0.0,5.0,3.0,3.0,,2.0,0.0,6.0,1.0,,2.0,2.0,2.0,2.0,1.0,0.0,2.0,20.047,1.0,12.0,0.0,0.0,1.0,2.0,5.0,7.0,6.0,8.0,1.0,5.0,3.0,,2.0,2.0,3.0,3.0,0.0,2.0,3.0,4.0,,1.0,4.0,21.0,0.0,0.0,0.0,0.0,0.0,1.0,,2.0,2.0,0.0,4.0,1.0,5.0,0.0,24.0,,,1.0,1.0,,,91.0,89.0,61.0,0.0,0.0,0.11,1.42,0.17,2.14,43.33,14.37,,0.542,0.175,2.52,31.76,27.18,33.17,81.95,8.52,,91.38,0.48,6.05,4.65,58.6,0.0,0.0,133.9,0.114,17.9,5.288,13.04,0.085,0.725,7.93,55.61,45.63,123.8,1.518,0.809,18.4,6.05,2.35,4.749,103.7,0.845,2.34,11.6,4.791,28.8,0.923,35.491,3.055,,,1.407,,78.76,1.441,23.39,70.47,1.004,360.6,9.17,101.8,0
57.0,0.0,34.0,2.0,,,42.0,,22.0,,167.8,50.6,,11.0,119.0,81.7,30.9936,158.0,162.0,79.0,38.0,44.3,7.7,3.8,7.8,6.0,7.2,6.4,51.5,50.2,3.7,1.1,2.6,,3.5,1.9,42.8,24.9,26.3,22.4,5152.0,42.2,49.2,40.4,32.3,617.0,331.0,273.0,257.0,324.0,3.173914,2.113266,-1.353,153.087181,,,3.0,4.0,,18.0,,4.0,8.0,,,2.0,1.0,2.0,0.0,6.0,0.0,0.0,8.0,2.0,,0.0,0.0,9.0,3.0,2.0,1.0,1.0,1.0,0.0,0.0,1.0,3.0,,,0.0,4.0,3.0,6.0,6.0,0.0,9.0,7.0,12.0,4.0,7.0,2.0,2.0,1.0,1.0,3.0,0.0,0.0,2.0,2.0,1.0,5.0,2.0,3.0,27.0,18.0,0.0,,0.0,0.0,2.0,0.0,4.0,3.0,0.0,2.0,1.0,3.0,10.0,,15.0,,1.0,0.0,0.0,,,,78.0,0.0,1.0,0.0,0.0,,2.03,31.2,12.16,0.028,0.587,0.21,2.14,11.92,31.37,38.97,80.5,8.42,106.89,75.04,9.94,55.26,5.54,30.8,0.0,0.0,147.3,0.124,15.61,3.876,12.93,0.042,,17.99,18.54,50.47,142.9,1.968,0.823,18.8,0.95,2.626,3.618,97.6,0.826,2.19,25.9,5.669,52.6,2.201,11.039,2.73,,,1.304,,143.16,2.276,,69.84,3.965,348.0,5.21,65.7,0
41.0,1.0,9.0,2.0,,29.0,61.0,5.0,15.0,62.1,143.1,49.7,33.0,46.0,65.0,78.2,24.0305,97.0,180.0,93.0,12.9,13.0,1.8,1.8,13.8,,12.0,10.1,13.1,5.1,1.1,0.3,3.8,2.8,3.7,2.8,13.8,6.1,29.1,38.7,6726.0,8.5,8.6,72.4,52.9,471.0,255.0,278.0,199.0,171.0,,2.782659,0.779,408.612982,4.69,,,2.0,,51.0,,,10.0,52.0,3.0,3.0,3.0,1.0,1.0,1.0,0.0,6.0,5.0,1.0,1.0,0.0,0.0,7.0,4.0,3.0,1.0,1.0,2.0,1.0,0.0,2.0,4.0,,0.0,0.0,0.0,5.0,4.0,0.0,0.0,9.0,3.0,0.0,0.0,1.0,1.0,5.0,2.0,3.0,3.0,1.0,1.0,1.0,3.0,1.0,1.0,,3.0,1.0,,4.0,0.0,2.0,,1.0,3.0,1.0,1.0,,1.0,1.0,3.0,0.0,28.0,2.0,0.0,0.0,1.0,0.0,71.0,83.0,84.0,90.0,1.0,0.0,0.0,0.03,0.62,5.91,33.12,11.48,0.017,0.74,0.359,0.9,8.6,31.17,34.67,89.89,8.98,104.9,81.91,0.88,8.33,8.11,77.1,0.0,0.0,265.4,0.238,17.83,3.684,14.23,0.028,0.738,10.52,9.2,,147.6,1.558,1.09,46.1,0.52,2.231,8.051,108.1,3.679,1.11,17.8,6.643,32.7,2.029,,3.975,163.52,,,,64.05,13.173,17.37,67.17,1.042,360.6,8.99,20.1,0
58.0,0.0,28.0,1.0,102.0,,,10.0,15.0,78.8,103.9,71.4,22.0,34.0,114.0,95.8,38.7563,131.0,157.0,89.0,42.2,37.6,6.8,6.6,8.1,9.1,8.1,6.3,36.5,46.8,3.0,2.5,2.8,4.1,2.2,3.4,40.5,14.9,25.3,24.3,4858.0,40.5,38.8,72.0,47.6,725.0,430.0,351.0,301.0,303.0,4.725494,,0.748,285.075501,3.81,2.0,,5.0,,181.0,,,,206.0,,3.0,1.0,0.0,1.0,7.0,4.0,3.0,3.0,2.0,2.0,2.0,0.0,7.0,4.0,1.0,2.0,2.0,1.0,1.0,1.0,1.0,3.0,,0.0,0.0,2.0,5.0,8.0,2.0,0.0,1.0,2.0,1.0,2.0,1.0,1.0,1.0,0.0,0.0,0.0,0.0,1.0,,3.0,1.0,5.0,2.0,2.0,,2.0,1.0,4.0,0.0,1.0,1.0,6.0,3.0,2.0,,3.0,1.0,4.0,7.0,24.0,11.0,1.0,1.0,0.0,1.0,80.0,52.0,,,,0.0,,1.23,0.32,3.14,32.39,11.56,0.011,0.466,0.352,1.56,15.43,29.03,35.69,81.34,9.67,85.02,72.42,,5.48,7.58,74.7,0.0,0.0,154.0,0.149,16.54,3.982,15.8,0.101,2.575,10.14,18.36,43.5,75.5,1.648,1.58,27.4,8.88,2.586,7.186,71.8,0.713,,144.4,,30.8,1.991,18.989,4.697,16.61,,1.089,,,1.581,18.1,,1.19,296.0,6.84,29.6,0
67.0,0.0,6.0,5.0,,14.0,38.0,2.0,,108.2,120.7,76.3,8.0,16.0,151.0,104.2,38.4891,139.0,165.0,87.0,50.1,46.2,8.2,8.5,6.8,6.3,6.0,5.6,34.2,56.0,3.8,1.9,2.1,2.2,1.6,1.6,59.9,43.6,20.5,24.8,5863.0,46.0,51.5,48.0,26.6,597.0,356.0,273.0,255.0,223.0,3.762412,3.611916,0.255,448.414184,1.61,,4.0,,4.0,36.0,,5.0,26.0,337.0,3.0,4.0,3.0,3.0,4.0,7.0,1.0,2.0,2.0,2.0,0.0,0.0,0.0,6.0,1.0,2.0,1.0,2.0,2.0,1.0,0.0,0.0,3.0,33.694,1.0,8.0,,1.0,2.0,1.0,0.0,15.0,7.0,1.0,2.0,1.0,2.0,2.0,2.0,2.0,1.0,1.0,1.0,2.0,4.0,2.0,4.0,2.0,5.0,,6.0,13.0,6.0,,,8.0,0.0,1.0,3.0,,2.0,1.0,3.0,10.0,16.0,2.0,,1.0,0.0,0.0,,,,,0.0,0.0,0.01,0.19,0.47,9.64,54.04,14.49,0.022,0.353,0.437,0.93,,26.53,26.82,,7.64,112.96,91.26,0.91,18.47,2.59,52.8,0.0,0.0,178.9,,15.72,5.463,13.15,0.051,2.588,4.91,18.39,47.75,,2.142,1.068,16.1,4.65,2.423,6.474,109.7,1.19,1.26,,4.513,32.7,1.604,30.439,3.194,11.77,,1.031,,87.83,2.831,4.01,75.36,0.864,245.4,9.2,73.1,0
60.0,1.0,39.0,5.0,,6.0,,,,89.6,138.0,67.7,51.0,53.0,75.0,59.9,21.2082,104.0,168.0,93.0,33.5,35.1,8.2,3.8,8.5,6.6,9.0,11.1,22.2,45.6,1.5,0.6,4.6,3.5,2.4,4.6,35.1,12.4,38.4,29.4,6992.0,39.1,44.1,68.8,54.8,487.0,274.0,226.0,243.0,233.0,4.238155,3.226812,,620.803438,,,2.0,,3.0,,,,28.0,,5.0,6.0,2.0,2.0,0.0,2.0,0.0,4.0,2.0,1.0,5.0,0.0,2.0,4.0,1.0,2.0,1.0,1.0,1.0,0.0,2.0,2.0,3.0,,0.0,7.0,4.0,2.0,0.0,1.0,2.0,33.0,7.0,2.0,0.0,0.0,3.0,2.0,3.0,4.0,1.0,1.0,0.0,2.0,3.0,3.0,4.0,2.0,4.0,1.0,0.0,,,,1.0,0.0,1.0,2.0,,0.0,4.0,2.0,3.0,0.0,24.0,7.0,1.0,1.0,1.0,0.0,92.0,,,70.0,,0.0,0.02,0.6,0.13,3.63,30.97,12.33,0.028,0.74,0.247,0.96,26.94,34.17,39.8,85.85,9.35,,88.42,0.45,12.46,2.02,,0.0,0.0,370.6,0.347,16.38,3.608,11.43,0.07,1.999,3.58,18.77,,137.1,1.507,0.769,55.4,20.03,2.415,5.229,98.8,0.805,11.56,138.4,3.657,41.3,1.185,20.949,3.144,126.64,,0.97,79.6,0.92,12.411,8.03,79.28,1.186,383.4,4.86,25.2,0
56.0,0.0,24.0,4.0,,2.0,,,15.0,74.8,160.7,67.0,44.0,14.0,80.0,68.6,23.8992,110.0,169.0,81.0,26.9,43.6,4.0,1.7,10.4,13.2,7.1,5.8,26.5,48.2,1.4,2.2,2.4,2.9,2.5,1.9,34.8,13.0,21.8,25.3,7460.0,36.7,21.8,47.5,31.1,725.0,336.0,317.0,286.0,284.0,,1.136817,-1.277,125.93192,3.4,,,,3.0,186.0,3.0,,24.0,310.0,5.0,3.0,0.0,4.0,1.0,4.0,0.0,0.0,8.0,3.0,2.0,3.0,0.0,10.0,4.0,1.0,1.0,1.0,2.0,2.0,0.0,1.0,3.0,44.987,,5.0,0.0,4.0,3.0,0.0,0.0,21.0,5.0,2.0,1.0,3.0,2.0,1.0,0.0,4.0,1.0,3.0,3.0,0.0,4.0,1.0,5.0,1.0,5.0,,8.0,3.0,,,,10.0,0.0,2.0,3.0,12.0,4.0,1.0,2.0,0.0,29.0,1.0,,1.0,1.0,0.0,,65.0,88.0,84.0,,0.0,0.16,1.25,0.06,0.49,40.04,12.44,0.02,0.114,0.181,3.06,23.82,31.82,31.07,102.41,12.25,123.65,89.88,0.97,7.57,8.6,66.9,0.0,0.0,141.0,0.173,16.04,3.91,12.53,0.019,0.469,12.87,36.04,49.98,156.0,,1.63,,10.1,2.342,5.072,111.3,1.277,1.43,24.5,,32.5,1.011,24.213,3.634,24.6,,1.292,77.3,57.22,2.138,6.77,82.17,1.33,414.0,9.0,89.9,0
65.0,1.0,4.0,5.0,19.0,39.0,,5.0,16.0,80.7,108.1,68.4,54.0,56.0,72.0,108.9,30.4048,100.0,189.0,98.0,25.7,35.0,3.9,3.6,12.7,11.2,13.1,13.0,24.4,30.9,1.2,1.0,4.1,4.4,3.0,4.4,30.5,18.1,37.3,40.0,7073.0,46.3,10.0,77.1,41.7,474.0,243.0,304.0,189.0,189.0,3.840652,3.687026,,657.009941,,5.0,,,6.0,,2.0,3.0,,,3.0,5.0,1.0,2.0,0.0,7.0,0.0,2.0,1.0,2.0,1.0,0.0,2.0,6.0,2.0,2.0,1.0,1.0,2.0,2.0,1.0,0.0,3.0,26.926,0.0,0.0,0.0,2.0,1.0,5.0,5.0,28.0,4.0,6.0,1.0,4.0,2.0,3.0,2.0,2.0,2.0,0.0,1.0,2.0,0.0,1.0,1.0,2.0,3.0,16.0,1.0,2.0,0.0,0.0,0.0,2.0,0.0,3.0,3.0,,3.0,1.0,5.0,9.0,,48.0,1.0,,,0.0,,,83.0,42.0,,1.0,0.02,0.26,0.0,0.0,48.33,11.88,0.036,0.329,0.402,1.0,15.45,24.53,24.59,99.76,8.36,122.26,85.89,0.27,4.18,5.21,80.1,0.0,0.0,402.9,0.337,16.61,4.845,12.85,0.072,0.837,6.5,11.94,43.52,67.5,,0.733,21.5,0.54,2.264,6.062,61.5,1.115,,12.7,9.896,50.6,0.887,26.915,4.236,178.25,,,,24.64,,5.41,73.07,0.607,428.5,3.97,100.2,0
56.0,0.0,22.0,1.0,30.0,,,4.0,,97.0,134.6,72.9,10.0,28.0,113.0,69.8,28.944,93.0,155.0,82.0,23.2,33.0,2.3,3.0,7.1,6.9,7.2,12.0,26.4,28.2,3.0,1.8,2.4,2.3,2.6,3.7,37.7,20.3,21.3,25.6,5767.0,17.5,18.7,61.4,49.0,793.0,338.0,321.0,263.0,313.0,3.789034,3.589995,,374.970569,0.94,,,,,66.0,3.0,,,269.0,,,1.0,6.0,4.0,6.0,0.0,0.0,0.0,2.0,3.0,,0.0,9.0,1.0,3.0,1.0,1.0,1.0,0.0,0.0,0.0,1.0,,0.0,1.0,0.0,0.0,2.0,5.0,0.0,19.0,10.0,12.0,1.0,1.0,2.0,5.0,3.0,0.0,2.0,2.0,0.0,0.0,2.0,1.0,4.0,2.0,3.0,1.0,,,0.0,0.0,,2.0,0.0,1.0,2.0,,3.0,2.0,3.0,0.0,,,0.0,0.0,0.0,0.0,,60.0,,,,0.0,0.01,0.13,0.53,7.59,48.42,14.06,0.005,0.176,0.235,3.09,43.99,27.38,29.03,94.31,8.66,108.45,92.57,0.33,4.68,3.06,43.6,0.0,0.0,158.5,0.137,17.95,5.134,15.98,0.043,0.807,7.02,18.48,41.74,77.9,1.733,1.085,,,2.597,,58.8,1.302,1.5,23.6,4.009,31.3,,10.786,,179.71,,1.091,,33.66,,6.77,66.67,3.16,316.2,3.06,,0
41.0,0.0,8.0,3.0,,,,,15.0,106.9,145.5,72.6,41.0,16.0,86.0,129.5,40.4782,99.0,179.0,91.0,34.2,38.2,5.9,7.2,10.9,6.0,9.4,12.3,43.6,45.2,3.3,1.5,4.5,2.4,2.1,2.3,38.0,19.5,35.8,29.9,5464.0,25.5,36.4,48.6,48.7,685.0,354.0,380.0,257.0,243.0,3.801356,3.649301,1.408,311.084701,,4.0,,,3.0,28.0,,4.0,6.0,,,4.0,2.0,3.0,1.0,1.0,0.0,1.0,1.0,3.0,1.0,0.0,1.0,6.0,1.0,,2.0,3.0,2.0,3.0,1.0,0.0,4.0,,2.0,5.0,,6.0,1.0,5.0,6.0,13.0,3.0,9.0,5.0,10.0,1.0,2.0,5.0,0.0,2.0,0.0,0.0,1.0,2.0,1.0,5.0,2.0,1.0,,1.0,,14.0,0.0,,1.0,3.0,3.0,3.0,0.0,5.0,,3.0,5.0,27.0,29.0,0.0,0.0,1.0,,,40.0,69.0,82.0,1.0,1.0,0.15,1.49,0.58,5.77,35.25,15.49,0.006,0.286,0.41,1.12,11.19,39.22,43.95,89.25,7.87,112.85,76.62,0.61,,7.57,75.5,0.0,0.0,145.8,0.115,15.98,3.95,15.52,0.04,1.891,10.03,45.62,48.5,45.0,1.296,,21.0,19.74,2.278,4.935,,0.979,1.07,174.0,4.078,27.3,0.894,14.14,2.839,7.51,,0.966,,38.32,1.512,7.83,65.24,0.846,291.9,6.95,80.3,0
62.0,1.0,12.0,1.0,,,23.0,6.0,15.0,98.2,115.4,63.9,25.0,51.0,89.0,74.8,24.9079,89.0,173.0,89.0,28.1,31.4,7.0,4.9,11.0,9.1,9.0,10.6,28.4,30.1,3.5,0.7,2.1,4.1,4.0,2.3,30.7,16.4,33.1,31.0,9089.0,40.3,39.3,79.4,53.1,598.0,372.0,430.0,251.0,239.0,1.784609,1.713225,0.699,106.953924,3.84,,,,,68.0,4.0,,19.0,,3.0,1.0,2.0,4.0,6.0,7.0,2.0,1.0,6.0,2.0,,,0.0,6.0,2.0,3.0,1.0,2.0,2.0,0.0,1.0,2.0,3.0,,0.0,0.0,0.0,7.0,8.0,2.0,5.0,27.0,5.0,10.0,5.0,2.0,2.0,2.0,5.0,0.0,1.0,1.0,5.0,1.0,2.0,1.0,5.0,2.0,1.0,13.0,8.0,,0.0,,,2.0,4.0,5.0,2.0,10.0,3.0,1.0,5.0,7.0,24.0,1.0,0.0,,0.0,0.0,83.0,83.0,76.0,79.0,,1.0,0.2,3.01,0.08,1.15,49.14,16.24,0.029,0.325,0.4,2.52,38.1,32.46,33.05,98.22,7.39,,91.2,0.91,13.81,2.91,43.9,0.0,0.0,149.2,0.11,,5.003,16.19,0.045,2.776,6.62,17.53,48.65,89.1,1.362,0.883,42.1,1.08,2.619,3.884,96.0,0.752,,,5.07,48.6,,15.751,3.254,157.53,,,,33.22,,12.43,81.85,3.702,457.0,4.66,15.3,0
45.0,0.0,18.0,4.0,,,48.0,4.0,,104.4,221.9,100.1,34.0,24.0,93.0,75.5,31.2793,89.0,155.0,93.0,23.9,39.0,3.3,1.9,7.4,9.0,7.6,6.7,31.6,18.7,1.1,2.2,2.7,4.1,2.3,1.9,18.6,4.7,21.2,23.2,5531.0,,10.7,73.1,34.8,573.0,238.0,304.0,182.0,169.0,5.651544,3.20321,1.672,638.815782,,2.0,,4.0,3.0,10.0,1.0,2.0,,10.0,4.0,,3.0,2.0,3.0,0.0,0.0,0.0,7.0,1.0,1.0,1.0,0.0,4.0,4.0,,3.0,1.0,2.0,0.0,0.0,0.0,4.0,31.437,1.0,7.0,,2.0,1.0,5.0,7.0,40.0,10.0,2.0,4.0,10.0,3.0,3.0,2.0,2.0,2.0,0.0,1.0,0.0,2.0,1.0,5.0,2.0,2.0,2.0,14.0,0.0,0.0,0.0,,2.0,1.0,2.0,2.0,,3.0,2.0,3.0,0.0,30.0,,0.0,0.0,0.0,,,64.0,,86.0,,0.0,0.13,1.89,0.17,2.42,40.52,11.64,,0.447,0.418,2.51,36.58,,28.72,91.12,7.55,123.3,79.21,0.49,7.16,3.57,52.0,0.0,0.0,158.6,0.12,16.19,4.446,15.05,0.04,1.199,6.88,36.84,43.65,100.2,1.688,0.704,38.4,0.59,2.591,,61.9,0.821,1.2,114.4,6.317,48.0,1.036,27.1,2.456,7.96,,0.912,,23.68,1.427,20.14,71.37,1.475,384.6,8.4,,0
63.0,1.0,46.0,6.0,,,44.0,3.0,,69.3,125.7,66.4,26.0,44.0,69.0,76.8,27.9626,91.0,166.0,79.0,25.5,23.3,1.5,1.7,7.9,8.5,6.3,7.0,,16.3,0.6,0.4,2.0,3.4,2.8,2.1,19.4,7.2,24.2,31.5,5617.0,19.6,13.9,53.2,32.9,614.0,273.0,425.0,217.0,231.0,3.930957,1.346417,,143.820673,4.11,4.0,,4.0,5.0,,,3.0,,4.0,,3.0,4.0,4.0,1.0,3.0,4.0,1.0,2.0,3.0,0.0,1.0,0.0,10.0,3.0,3.0,3.0,3.0,2.0,2.0,1.0,1.0,3.0,,0.0,0.0,0.0,1.0,1.0,3.0,1.0,24.0,5.0,12.0,0.0,5.0,3.0,1.0,0.0,2.0,2.0,2.0,1.0,1.0,4.0,1.0,2.0,1.0,1.0,26.0,,,0.0,0.0,,2.0,0.0,2.0,1.0,2.0,3.0,1.0,2.0,0.0,25.0,33.0,0.0,0.0,0.0,1.0,,69.0,,84.0,,0.0,0.17,4.72,0.14,3.76,52.89,,0.047,0.854,0.601,0.84,23.03,24.87,25.55,97.33,7.96,105.33,87.96,0.53,14.54,1.96,53.9,0.0,0.0,284.8,,16.62,5.434,15.93,1.815,2.791,3.64,,39.4,107.2,1.512,0.835,39.7,0.95,2.222,3.957,55.2,0.65,3.2,17.7,4.341,28.7,1.115,24.276,1.835,167.99,,0.844,,145.94,14.253,13.83,72.89,3.598,250.4,3.05,,0
54.0,0.0,4.0,2.0,68.0,16.0,,,16.0,85.9,139.6,80.9,55.0,18.0,73.0,58.8,19.6173,92.0,173.0,91.0,15.8,22.5,2.2,1.1,7.3,9.4,7.0,6.6,25.5,13.5,0.6,0.5,2.6,3.8,2.9,2.9,15.0,5.8,21.5,23.9,6915.0,27.9,18.4,42.6,51.1,718.0,425.0,354.0,259.0,246.0,1.726652,1.657586,0.967,199.896277,3.48,,,4.0,,,4.0,,203.0,407.0,4.0,4.0,0.0,3.0,1.0,6.0,3.0,4.0,2.0,2.0,1.0,0.0,0.0,6.0,2.0,2.0,3.0,1.0,1.0,1.0,1.0,0.0,4.0,,1.0,,2.0,2.0,0.0,5.0,6.0,5.0,3.0,2.0,1.0,1.0,2.0,2.0,3.0,1.0,3.0,1.0,1.0,0.0,2.0,3.0,2.0,2.0,5.0,2.0,,,17.0,0.0,1.0,5.0,2.0,5.0,3.0,,2.0,1.0,3.0,7.0,24.0,2.0,0.0,0.0,0.0,,,93.0,,56.0,,0.0,0.0,0.06,0.03,0.5,39.17,11.98,0.01,,0.16,1.65,29.93,27.57,30.59,90.14,11.25,90.44,72.53,0.39,7.1,3.44,62.4,0.0,0.0,198.9,0.224,17.13,4.345,14.76,0.026,0.183,5.51,57.03,49.22,75.8,1.732,0.573,23.8,0.75,2.358,3.521,70.6,1.046,2.17,,,32.4,1.452,10.312,2.619,12.27,,1.141,,72.73,1.154,20.96,69.65,4.651,258.7,4.63,22.4,0
40.0,0.0,38.0,2.0,25.0,32.0,35.0,1.0,15.0,75.4,102.8,49.1,28.0,50.0,72.0,70.6,22.2529,91.0,178.0,88.0,15.9,14.0,3.0,3.6,10.9,8.9,9.1,10.1,18.3,16.3,,0.8,2.5,4.1,,1.7,34.5,10.1,33.0,29.6,8704.0,34.7,11.1,59.8,39.4,482.0,291.0,254.0,221.0,171.0,5.249298,4.477978,,605.629529,1.74,,1.0,2.0,,17.0,,3.0,178.0,13.0,2.0,,4.0,6.0,7.0,6.0,2.0,3.0,2.0,1.0,1.0,,1.0,6.0,3.0,4.0,1.0,2.0,2.0,2.0,2.0,0.0,2.0,,0.0,0.0,2.0,3.0,,2.0,4.0,5.0,7.0,14.0,3.0,0.0,2.0,5.0,1.0,3.0,1.0,0.0,1.0,3.0,3.0,2.0,5.0,2.0,1.0,2.0,9.0,12.0,0.0,,,8.0,1.0,3.0,2.0,0.0,1.0,,2.0,1.0,16.0,2.0,1.0,0.0,0.0,0.0,,,,39.0,,0.0,0.14,2.3,0.0,0.05,34.55,11.71,0.016,0.73,0.33,1.93,,30.34,,89.51,12.37,98.24,78.4,0.3,5.05,3.58,60.2,0.0,0.0,130.5,0.161,17.07,3.86,14.28,0.08,1.213,,9.06,,60.6,1.419,1.246,16.4,10.64,2.324,5.379,53.4,0.782,1.35,71.9,,,,19.503,4.719,85.55,,1.524,,223.35,,7.86,71.2,1.238,447.0,7.4,141.0,0
45.0,0.0,13.0,5.0,3.0,28.0,,4.0,22.0,,117.7,98.9,51.0,47.0,69.0,56.0,19.3774,87.0,170.0,86.0,13.7,16.0,1.7,1.4,11.3,,6.6,,17.5,19.6,0.5,0.4,3.4,3.2,2.1,2.6,12.8,10.9,24.1,29.5,6836.0,13.5,11.6,49.7,46.9,569.0,285.0,275.0,202.0,176.0,4.703095,4.235571,,493.129397,,3.0,2.0,,,38.0,5.0,,11.0,238.0,,3.0,4.0,1.0,0.0,3.0,0.0,5.0,1.0,2.0,,,1.0,10.0,2.0,3.0,3.0,1.0,2.0,1.0,1.0,1.0,,40.477,2.0,0.0,5.0,4.0,9.0,5.0,0.0,5.0,9.0,1.0,0.0,2.0,2.0,3.0,0.0,4.0,4.0,0.0,4.0,0.0,4.0,1.0,5.0,1.0,3.0,2.0,20.0,20.0,4.0,0.0,1.0,3.0,6.0,2.0,1.0,2.0,3.0,1.0,4.0,0.0,16.0,14.0,,1.0,0.0,1.0,,,73.0,,,0.0,0.01,0.19,0.37,5.14,41.6,16.76,0.011,0.31,0.335,2.34,32.81,33.51,40.28,83.17,8.56,91.87,82.3,0.29,,4.12,57.8,0.0,0.0,401.2,0.344,16.56,5.002,12.6,0.03,1.699,7.13,14.07,44.77,151.5,2.26,0.595,15.9,1.1,2.483,3.59,72.6,0.807,1.47,76.9,4.82,53.4,3.492,15.982,2.184,,,1.212,,101.79,1.154,,65.24,3.307,477.8,7.87,75.7,0
52.0,0.0,0.0,5.0,,9.0,,1.0,23.0,71.6,156.8,80.9,28.0,44.0,105.0,88.3,28.5362,102.0,176.0,88.0,20.7,19.9,7.1,2.1,10.3,13.8,7.3,6.0,45.3,24.5,2.1,1.0,1.8,2.4,3.9,3.7,33.3,7.1,25.5,25.5,8732.0,35.8,10.9,61.8,52.1,635.0,421.0,356.0,209.0,301.0,3.215565,3.086942,-1.247,220.19144,3.87,4.0,1.0,6.0,4.0,35.0,6.0,4.0,79.0,,3.0,,2.0,3.0,6.0,6.0,4.0,0.0,4.0,3.0,2.0,,0.0,9.0,2.0,1.0,1.0,2.0,2.0,1.0,1.0,0.0,3.0,1.674,2.0,0.0,2.0,1.0,4.0,2.0,4.0,33.0,10.0,11.0,1.0,7.0,1.0,5.0,1.0,2.0,4.0,2.0,2.0,1.0,3.0,2.0,4.0,2.0,3.0,,1.0,1.0,0.0,0.0,1.0,9.0,8.0,2.0,3.0,,3.0,1.0,1.0,8.0,18.0,3.0,1.0,,,0.0,,83.0,,,0.0,0.0,0.02,0.14,0.03,0.29,,15.32,0.01,0.055,0.187,,28.92,31.99,44.18,72.42,8.17,107.92,73.17,0.42,3.96,7.13,66.7,0.0,0.0,261.0,0.213,17.77,4.79,13.59,0.019,0.306,10.69,,45.65,56.2,1.138,0.611,54.6,9.17,2.419,2.645,114.0,1.081,,143.4,7.056,56.8,0.991,23.026,2.242,19.51,,1.353,,83.41,1.936,11.56,81.14,1.242,196.9,,68.2,0
65.0,1.0,34.0,3.0,,,,1.0,,78.2,103.0,50.0,38.0,18.0,103.0,62.9,24.5507,86.0,160.0,94.0,40.8,18.9,5.6,6.8,10.3,6.8,6.1,6.4,32.6,22.6,3.2,0.8,1.9,2.5,2.3,3.1,39.8,23.1,22.9,40.3,6047.0,28.8,14.4,48.8,27.8,807.0,459.0,457.0,350.0,328.0,,5.318738,4.846,675.446277,3.62,,,3.0,,125.0,,,185.0,,4.0,1.0,3.0,5.0,6.0,2.0,0.0,1.0,2.0,2.0,4.0,,2.0,8.0,2.0,4.0,1.0,2.0,1.0,0.0,2.0,0.0,,,0.0,0.0,5.0,4.0,1.0,1.0,0.0,38.0,2.0,9.0,0.0,0.0,2.0,4.0,2.0,1.0,1.0,2.0,2.0,2.0,5.0,1.0,5.0,1.0,5.0,23.0,17.0,25.0,,,1.0,3.0,1.0,4.0,3.0,0.0,3.0,,3.0,0.0,15.0,50.0,0.0,0.0,1.0,0.0,,34.0,,80.0,,1.0,0.01,0.16,0.59,6.63,42.87,16.44,0.001,0.149,0.165,2.17,24.6,33.43,38.34,87.2,,118.3,76.93,0.3,3.45,5.76,65.2,0.0,0.0,263.6,0.224,15.56,4.917,12.91,0.011,,8.83,11.93,40.56,42.3,,0.734,25.8,0.55,2.323,3.517,50.3,1.124,1.9,120.7,3.628,27.0,1.747,35.674,1.874,,,1.376,,21.44,10.58,,66.09,3.319,163.5,,20.6,0
59.0,1.0,3.0,1.0,2.0,36.0,,3.0,,102.0,164.7,81.9,14.0,24.0,77.0,53.8,22.3771,110.0,155.0,80.0,20.5,22.7,3.7,3.1,9.2,7.7,7.1,7.5,18.6,15.4,0.4,1.4,1.9,2.1,2.5,1.9,12.1,4.8,23.3,26.4,6047.0,35.9,15.9,36.0,28.2,804.0,348.0,426.0,282.0,297.0,3.22874,2.407801,-0.816,595.754211,,4.0,2.0,,3.0,351.0,2.0,,,172.0,6.0,,3.0,2.0,1.0,7.0,0.0,4.0,3.0,3.0,,0.0,1.0,9.0,1.0,3.0,1.0,2.0,2.0,0.0,0.0,1.0,4.0,31.995,2.0,0.0,3.0,6.0,2.0,3.0,4.0,8.0,6.0,0.0,1.0,4.0,1.0,2.0,4.0,3.0,3.0,1.0,0.0,3.0,2.0,1.0,4.0,1.0,2.0,1.0,14.0,,,1.0,0.0,10.0,,,4.0,0.0,6.0,1.0,3.0,0.0,15.0,2.0,0.0,1.0,0.0,,,27.0,,80.0,0.0,0.0,0.0,0.06,0.36,4.86,48.24,16.25,0.03,0.354,0.342,1.67,22.51,,,93.65,8.1,110.66,80.01,0.32,4.33,5.05,68.2,0.0,0.0,154.2,0.125,16.29,,12.73,0.054,0.782,7.4,10.54,,,1.699,0.732,13.8,0.28,2.597,6.974,104.2,1.186,1.08,,5.086,28.7,1.493,15.899,3.538,173.17,,0.908,,41.81,17.63,6.88,64.18,4.949,319.8,6.48,45.0,0
61.0,0.0,27.0,1.0,,,41.0,,22.0,66.7,114.5,66.4,10.0,13.0,100.0,73.9,28.3018,122.0,162.0,80.0,31.8,27.4,3.9,3.8,,6.0,5.9,5.6,40.1,,2.4,2.5,1.5,1.7,1.9,1.7,29.9,19.5,24.0,23.9,4962.0,30.6,37.0,32.5,31.7,797.0,448.0,398.0,316.0,234.0,1.743164,1.076147,-1.42,277.356403,,3.0,1.0,,,173.0,,4.0,23.0,,2.0,,2.0,3.0,4.0,6.0,6.0,1.0,8.0,1.0,1.0,2.0,2.0,10.0,3.0,1.0,1.0,2.0,2.0,0.0,1.0,1.0,4.0,,1.0,1.0,,6.0,0.0,1.0,5.0,0.0,8.0,0.0,7.0,1.0,1.0,1.0,5.0,4.0,2.0,2.0,0.0,2.0,3.0,1.0,4.0,2.0,3.0,1.0,0.0,0.0,0.0,0.0,1.0,1.0,1.0,2.0,2.0,,3.0,2.0,3.0,,14.0,1.0,,1.0,0.0,0.0,91.0,79.0,,,,0.0,0.0,0.07,0.64,12.31,33.31,13.94,,0.289,0.242,2.07,39.73,31.22,41.85,74.61,7.46,106.33,74.7,0.32,6.22,2.17,41.7,0.0,0.0,330.3,0.246,16.19,4.464,12.52,0.028,0.512,5.21,16.54,45.76,122.1,1.494,0.621,35.7,8.46,2.245,4.527,81.2,0.685,4.42,19.5,3.927,,1.941,32.278,1.936,,,1.171,,84.22,2.822,7.99,80.23,3.794,398.9,2.98,29.1,0
61.0,0.0,23.0,1.0,12.0,17.0,55.0,10.0,,78.7,181.7,60.6,16.0,22.0,67.0,52.0,20.2058,98.0,160.0,87.0,14.0,33.4,1.6,1.6,5.9,7.4,5.5,6.4,13.7,21.0,0.6,0.4,2.5,2.4,2.0,2.1,12.3,5.2,25.3,20.2,5055.0,13.9,11.9,41.8,52.8,502.0,362.0,294.0,267.0,216.0,2.450731,2.352702,1.292,556.909802,4.55,,,3.0,,38.0,3.0,,,27.0,3.0,5.0,1.0,0.0,2.0,0.0,0.0,5.0,7.0,2.0,0.0,1.0,0.0,9.0,3.0,1.0,1.0,3.0,2.0,0.0,0.0,2.0,1.0,,0.0,0.0,48.0,3.0,1.0,2.0,0.0,18.0,0.0,8.0,0.0,0.0,3.0,1.0,5.0,2.0,3.0,1.0,5.0,2.0,2.0,2.0,5.0,1.0,1.0,2.0,0.0,6.0,0.0,,,3.0,11.0,2.0,3.0,13.0,3.0,1.0,1.0,10.0,15.0,1.0,0.0,1.0,1.0,0.0,,58.0,62.0,89.0,,1.0,0.01,,,3.26,36.38,13.23,0.042,,0.232,2.47,21.16,36.45,36.38,100.17,11.28,121.53,91.18,0.54,4.62,8.26,70.9,0.0,0.0,263.5,0.297,15.81,3.631,15.57,0.084,0.539,11.65,8.62,55.58,110.9,1.239,0.981,22.4,11.72,2.5,4.721,59.5,0.708,4.28,,9.133,58.9,0.924,20.486,3.32,163.8,,1.472,,122.96,2.24,13.38,82.85,0.89,252.5,5.76,109.6,0
59.0,1.0,28.0,2.0,,,,,,63.8,114.2,62.5,51.0,59.0,88.0,58.8,20.8876,95.0,168.0,93.0,34.2,30.7,4.5,2.8,11.0,12.0,11.3,9.9,32.9,17.4,1.0,0.6,3.8,4.5,4.5,3.9,36.2,11.1,42.0,40.3,9924.0,30.5,49.8,64.9,53.3,438.0,246.0,227.0,174.0,208.0,3.388492,2.889178,0.597,630.991766,4.51,,,5.0,2.0,20.0,,,26.0,,2.0,3.0,2.0,0.0,0.0,7.0,0.0,0.0,5.0,1.0,4.0,,0.0,6.0,4.0,2.0,1.0,2.0,2.0,1.0,0.0,0.0,2.0,,1.0,0.0,0.0,1.0,1.0,1.0,0.0,6.0,0.0,9.0,2.0,10.0,3.0,0.0,4.0,3.0,0.0,2.0,0.0,1.0,3.0,2.0,3.0,2.0,2.0,0.0,1.0,0.0,0.0,,,0.0,0.0,3.0,1.0,14.0,3.0,1.0,3.0,7.0,18.0,1.0,0.0,1.0,,0.0,73.0,76.0,,37.0,,1.0,0.02,0.2,0.6,8.03,44.82,,0.028,0.301,0.401,3.33,44.72,32.26,34.99,92.18,11.03,94.69,90.1,0.82,10.98,2.69,36.1,0.0,0.0,241.2,0.266,16.69,4.862,14.56,0.043,1.067,7.45,14.84,42.59,74.3,,1.501,22.3,0.44,2.342,6.517,85.7,0.942,2.87,24.0,3.922,33.6,0.942,22.405,4.827,,,1.186,,18.77,5.927,7.82,67.04,0.902,273.0,8.33,47.0,0
47.0,1.0,13.0,2.0,3.0,,21.0,4.0,17.0,65.1,128.0,69.2,40.0,46.0,107.0,101.6,29.7758,100.0,185.0,97.0,26.6,25.5,5.2,2.6,7.1,12.0,11.7,13.1,21.9,41.3,0.9,0.9,4.6,4.1,4.0,4.4,43.1,14.3,31.8,38.5,8766.0,36.2,36.9,46.9,59.0,700.0,415.0,317.0,205.0,323.0,2.559046,2.456685,-0.307,578.515806,,,,4.0,,,,,,14.0,2.0,,3.0,3.0,,5.0,0.0,5.0,7.0,2.0,3.0,,1.0,9.0,3.0,1.0,1.0,1.0,2.0,0.0,1.0,0.0,3.0,,,,0.0,1.0,10.0,1.0,3.0,34.0,9.0,13.0,4.0,1.0,2.0,3.0,3.0,2.0,2.0,1.0,1.0,2.0,0.0,2.0,5.0,2.0,4.0,23.0,,,7.0,,0.0,,1.0,2.0,2.0,0.0,3.0,1.0,1.0,2.0,,3.0,1.0,,1.0,0.0,,,,,,0.0,0.06,1.54,0.04,1.09,42.86,13.86,0.009,0.274,0.167,1.89,46.55,27.62,32.34,85.41,9.76,91.99,76.82,0.22,5.39,1.84,45.4,0.0,0.0,244.8,0.239,16.7,5.018,15.51,0.034,1.131,4.05,17.14,46.19,100.9,1.94,0.815,22.3,1.25,2.366,5.422,60.3,1.05,,68.3,,32.6,,31.545,2.791,16.04,,1.167,,120.03,10.904,8.04,71.86,1.823,507.8,,39.5,0
48.0,1.0,13.0,2.0,3.0,3.0,27.0,,23.0,100.3,185.1,55.6,37.0,38.0,93.0,140.3,41.3475,99.0,184.0,97.0,34.3,41.0,7.7,9.9,13.3,7.8,11.2,8.5,45.0,35.8,3.2,1.9,4.4,4.7,3.1,1.7,47.8,23.8,31.2,26.2,8153.0,32.7,38.3,70.3,44.1,441.0,270.0,231.0,173.0,184.0,6.105783,4.070626,2.102,,1.53,,2.0,,5.0,101.0,,4.0,188.0,58.0,,,1.0,3.0,0.0,7.0,3.0,6.0,0.0,2.0,2.0,1.0,1.0,9.0,3.0,,3.0,1.0,2.0,2.0,1.0,1.0,3.0,,2.0,0.0,0.0,4.0,5.0,2.0,0.0,26.0,10.0,6.0,2.0,1.0,1.0,2.0,2.0,5.0,2.0,0.0,2.0,,2.0,1.0,4.0,1.0,1.0,11.0,18.0,0.0,,,1.0,,1.0,1.0,1.0,10.0,2.0,2.0,2.0,0.0,26.0,19.0,0.0,1.0,1.0,0.0,,87.0,,,,0.0,,1.4,0.4,8.92,38.03,15.78,0.029,,0.293,1.21,27.18,37.32,41.5,89.94,8.85,96.82,87.09,0.17,3.92,2.6,58.6,0.0,0.0,246.0,0.218,15.53,4.229,14.54,0.042,2.087,4.44,64.98,46.27,49.1,1.472,0.857,32.8,,2.287,4.275,78.1,1.252,1.06,29.0,5.884,34.7,0.892,14.815,4.85,12.94,,,,18.08,7.903,19.3,72.54,0.858,469.6,7.14,13.1,0
52.0,0.0,42.0,1.0,98.0,0.0,,,22.0,91.4,144.7,61.1,40.0,48.0,104.0,76.5,22.6569,97.0,184.0,96.0,37.8,49.5,2.7,2.6,14.0,8.7,9.5,7.1,34.9,42.7,,2.8,4.6,2.0,2.8,2.4,28.9,25.6,34.0,36.6,,34.8,23.9,41.1,56.4,773.0,403.0,391.0,316.0,307.0,1.449824,1.391831,-0.489,202.738548,,,,,4.0,,,,90.0,252.0,1.0,3.0,2.0,3.0,1.0,7.0,6.0,1.0,1.0,3.0,4.0,,0.0,6.0,3.0,,2.0,2.0,2.0,0.0,2.0,0.0,4.0,,0.0,1.0,7.0,1.0,0.0,1.0,0.0,30.0,4.0,0.0,1.0,1.0,2.0,1.0,2.0,2.0,5.0,3.0,1.0,1.0,3.0,1.0,4.0,2.0,3.0,14.0,,,19.0,2.0,,,3.0,1.0,4.0,,2.0,3.0,2.0,1.0,27.0,2.0,,1.0,0.0,0.0,72.0,,,,,1.0,0.02,0.17,0.09,0.8,42.93,12.35,0.008,,0.183,1.56,14.19,28.32,28.78,98.41,8.05,108.95,82.4,0.84,7.64,8.49,77.2,0.0,0.0,243.4,0.196,17.32,4.362,12.88,0.023,0.114,11.0,22.92,43.54,93.2,1.325,0.719,23.5,20.91,,5.092,96.5,0.646,1.05,10.9,4.16,30.8,,26.087,3.179,10.24,,1.494,,104.56,1.608,,81.6,0.564,436.6,5.56,64.9,0
69.0,0.0,45.0,4.0,1.0,,61.0,,,95.4,170.3,51.1,10.0,34.0,71.0,61.1,23.2321,89.0,162.0,90.0,13.7,32.3,2.4,3.0,7.5,7.1,4.5,9.1,13.4,31.4,0.5,0.6,2.2,2.2,2.4,3.5,29.3,4.8,24.5,24.9,4680.0,14.0,32.6,41.0,28.5,787.0,465.0,,318.0,438.0,1.635061,1.215815,-0.832,274.515834,,,,4.0,5.0,382.0,1.0,4.0,,13.0,5.0,3.0,3.0,4.0,1.0,6.0,0.0,7.0,6.0,3.0,1.0,1.0,0.0,9.0,3.0,,1.0,1.0,2.0,0.0,0.0,0.0,3.0,,1.0,14.0,0.0,0.0,0.0,3.0,3.0,79.0,1.0,9.0,3.0,5.0,1.0,1.0,1.0,4.0,3.0,1.0,5.0,0.0,1.0,2.0,5.0,2.0,4.0,,2.0,,,3.0,1.0,,6.0,4.0,4.0,,3.0,3.0,1.0,9.0,31.0,2.0,1.0,,0.0,1.0,,43.0,,82.0,,1.0,0.06,0.84,0.17,2.37,36.97,12.55,0.005,0.236,0.213,3.56,50.28,33.15,33.95,97.64,11.67,118.06,90.83,0.22,3.05,3.07,43.5,0.0,0.0,194.6,0.227,17.75,3.787,12.39,0.094,1.543,7.07,14.73,45.61,139.9,1.986,0.721,27.1,5.34,2.583,6.067,100.9,0.771,3.96,47.6,4.565,28.3,1.055,,3.141,135.14,,1.431,,38.8,0.961,4.19,73.56,4.714,186.5,4.0,20.9,0
47.0,0.0,46.0,1.0,4.0,,47.0,,8.0,100.4,125.6,64.3,34.0,13.0,100.0,107.2,33.0234,94.0,180.0,79.0,47.8,41.3,3.8,8.4,6.9,7.7,6.5,6.1,31.8,28.1,0.8,1.0,1.7,2.2,1.7,2.1,41.8,26.2,23.2,21.9,5549.0,35.7,50.2,42.3,27.1,765.0,439.0,384.0,247.0,277.0,1.981484,0.583639,-1.165,167.550908,1.82,,,3.0,,30.0,,4.0,,29.0,,2.0,2.0,3.0,2.0,5.0,2.0,0.0,2.0,2.0,2.0,1.0,0.0,5.0,4.0,2.0,3.0,2.0,1.0,0.0,0.0,0.0,4.0,67.935,1.0,11.0,0.0,0.0,7.0,4.0,7.0,8.0,10.0,2.0,6.0,2.0,3.0,2.0,2.0,4.0,0.0,1.0,0.0,2.0,3.0,1.0,4.0,1.0,5.0,,0.0,0.0,0.0,0.0,1.0,6.0,1.0,5.0,1.0,,5.0,2.0,2.0,0.0,16.0,,0.0,,0.0,0.0,61.0,,,,0.0,0.0,0.02,0.2,0.0,0.02,44.24,14.49,0.012,0.484,,3.35,36.7,29.11,32.76,88.85,9.05,113.92,80.48,0.63,6.9,5.13,56.2,0.0,0.0,355.0,0.321,16.16,4.979,15.48,0.124,1.315,9.14,,46.84,50.1,2.13,1.299,18.3,0.46,,6.775,60.5,0.863,4.38,148.8,8.27,49.3,,33.299,3.859,105.64,,0.916,,,2.5,21.35,75.13,5.478,458.7,4.33,36.1,0
41.0,0.0,41.0,2.0,14.0,2.0,55.0,3.0,15.0,64.0,131.6,91.8,39.0,35.0,104.0,76.3,24.4433,112.0,177.0,89.0,41.4,33.7,3.7,4.4,6.4,6.8,8.5,6.9,,15.1,0.4,0.8,4.1,4.4,3.4,2.0,21.8,19.3,36.8,28.8,6088.0,39.1,12.3,,32.4,485.0,276.0,296.0,176.0,201.0,,1.613765,-0.291,116.832572,,4.0,,1.0,3.0,9.0,6.0,,,75.0,2.0,3.0,3.0,5.0,4.0,7.0,0.0,0.0,4.0,1.0,3.0,0.0,2.0,5.0,3.0,2.0,2.0,2.0,2.0,1.0,1.0,0.0,2.0,,,0.0,,3.0,1.0,0.0,4.0,2.0,4.0,1.0,2.0,0.0,3.0,3.0,3.0,2.0,3.0,1.0,0.0,,3.0,2.0,2.0,1.0,6.0,2.0,8.0,25.0,24.0,0.0,,0.0,0.0,3.0,3.0,4.0,3.0,1.0,4.0,0.0,41.0,,0.0,1.0,1.0,,,81.0,78.0,96.0,,0.0,0.17,1.48,0.53,4.73,47.79,15.8,0.005,0.407,0.406,3.02,26.93,29.17,33.06,88.23,8.1,,74.0,0.23,2.01,7.27,64.8,0.0,0.0,89.1,0.072,15.53,5.417,13.23,0.066,1.94,11.21,61.13,44.61,105.4,1.428,1.292,26.6,0.3,2.228,6.647,69.6,0.853,1.69,44.1,4.136,27.0,1.271,32.327,3.415,,,1.486,,78.18,1.982,47.21,71.7,,372.8,3.96,86.2,0
59.0,1.0,18.0,1.0,94.0,4.0,,3.0,16.0,86.7,170.1,50.1,32.0,21.0,83.0,112.3,31.9257,113.0,188.0,95.0,34.6,32.9,6.5,4.5,7.7,6.8,6.4,6.0,53.3,34.6,2.5,1.6,3.5,2.2,2.9,2.4,29.3,5.6,24.1,33.9,9700.0,39.0,32.1,38.1,52.3,714.0,326.0,293.0,262.0,248.0,12.547519,4.61057,3.718,544.784525,2.13,,,,3.0,68.0,2.0,,,,,,3.0,2.0,2.0,6.0,0.0,0.0,6.0,2.0,3.0,0.0,0.0,8.0,2.0,1.0,1.0,3.0,2.0,0.0,0.0,1.0,4.0,,,,0.0,9.0,3.0,5.0,0.0,29.0,0.0,1.0,2.0,10.0,2.0,3.0,3.0,2.0,4.0,2.0,2.0,2.0,3.0,1.0,5.0,2.0,4.0,0.0,8.0,7.0,,0.0,1.0,8.0,1.0,4.0,1.0,0.0,1.0,1.0,4.0,11.0,15.0,2.0,0.0,1.0,1.0,1.0,,,,,0.0,0.0,0.18,2.06,0.02,0.18,39.89,13.54,0.025,0.581,0.392,1.18,13.51,28.31,33.93,83.44,8.44,70.01,76.68,,5.06,6.94,79.2,0.0,0.0,178.6,0.151,17.42,4.781,12.75,0.057,2.226,8.76,60.13,47.94,133.6,2.1,1.399,21.0,20.99,2.606,7.911,54.0,0.659,1.98,189.1,4.816,32.3,2.083,3.814,4.942,24.12,,1.482,,25.21,15.024,4.31,68.26,3.516,167.7,4.54,27.7,0
58.0,0.0,3.0,2.0,,7.0,,,15.0,70.7,149.4,83.5,8.0,45.0,115.0,99.7,39.7767,117.0,158.0,89.0,40.4,50.9,7.2,6.2,9.5,7.3,8.3,8.9,51.0,44.4,2.8,1.1,2.3,2.4,1.7,2.2,48.2,12.7,27.6,21.6,5862.0,39.9,24.1,57.0,30.1,697.0,425.0,429.0,281.0,288.0,2.116102,1.389752,-0.833,139.710353,,,2.0,,,,,,1.0,,2.0,3.0,4.0,1.0,1.0,0.0,0.0,0.0,0.0,1.0,1.0,1.0,0.0,4.0,4.0,3.0,3.0,3.0,2.0,1.0,0.0,0.0,4.0,,0.0,7.0,0.0,8.0,0.0,4.0,2.0,12.0,8.0,9.0,2.0,5.0,3.0,2.0,3.0,4.0,2.0,1.0,1.0,1.0,2.0,3.0,3.0,2.0,5.0,0.0,,1.0,2.0,0.0,,8.0,0.0,2.0,3.0,,3.0,1.0,1.0,5.0,26.0,35.0,0.0,,0.0,0.0,,43.0,85.0,82.0,1.0,0.0,0.02,0.17,0.5,5.38,32.91,11.47,0.009,0.478,0.172,0.84,9.09,29.87,34.86,85.7,10.97,114.05,79.07,0.58,6.23,7.31,79.1,0.0,0.0,172.6,0.189,16.48,3.84,12.95,0.107,2.481,9.23,17.81,48.48,137.0,1.579,0.556,45.1,,2.301,4.837,90.2,0.737,2.15,75.9,8.723,58.8,2.367,,1.995,140.72,,0.777,,39.35,,6.13,67.95,4.098,423.8,4.44,47.5,0
69.0,1.0,37.0,2.0,4.0,5.0,,,,105.4,146.8,68.0,15.0,36.0,79.0,60.1,22.0605,110.0,165.0,86.0,26.4,35.7,4.2,7.5,8.4,6.5,6.3,6.9,25.9,48.5,3.1,1.9,1.9,1.9,2.2,3.3,35.6,23.3,25.4,21.7,7199.0,16.5,45.4,39.5,32.0,797.0,347.0,455.0,257.0,268.0,3.256678,1.15709,2.691,246.79579,,,3.0,3.0,4.0,26.0,,,,34.0,,4.0,0.0,0.0,0.0,0.0,3.0,9.0,1.0,2.0,1.0,0.0,1.0,10.0,4.0,2.0,2.0,3.0,2.0,3.0,0.0,1.0,4.0,,0.0,13.0,4.0,3.0,,3.0,0.0,3.0,4.0,3.0,1.0,1.0,1.0,2.0,1.0,5.0,3.0,3.0,2.0,4.0,,3.0,4.0,2.0,6.0,2.0,10.0,10.0,8.0,0.0,0.0,2.0,4.0,2.0,2.0,,2.0,1.0,5.0,0.0,15.0,,1.0,0.0,0.0,,,39.0,,77.0,,1.0,0.0,0.05,0.66,10.0,43.01,11.68,0.01,0.665,0.309,,19.48,24.54,27.16,90.34,11.4,101.31,91.56,0.64,9.71,3.99,60.8,0.0,0.0,365.7,0.417,15.97,4.761,12.63,0.04,2.74,6.56,17.44,40.81,141.2,1.23,1.292,35.7,11.36,2.372,6.355,114.2,1.182,1.28,,4.257,45.6,1.055,14.622,3.244,,,0.919,,95.42,13.555,5.33,71.4,1.855,312.2,8.75,30.9,0
48.0,1.0,5.0,5.0,3.0,42.0,,8.0,,98.7,175.9,85.0,57.0,40.0,68.0,57.6,19.8331,87.0,170.0,96.0,12.7,27.6,2.0,2.0,13.3,11.9,11.1,10.9,,19.1,0.4,0.5,5.0,4.3,5.1,4.5,19.4,4.1,41.6,32.1,13373.0,15.5,6.8,79.2,61.9,474.0,288.0,238.0,220.0,171.0,6.03512,4.256875,3.023,495.663673,,,,,4.0,32.0,,,,307.0,,,2.0,1.0,0.0,3.0,6.0,0.0,2.0,1.0,,1.0,0.0,6.0,3.0,2.0,1.0,2.0,2.0,0.0,0.0,1.0,4.0,,0.0,10.0,0.0,6.0,2.0,2.0,0.0,17.0,5.0,2.0,6.0,1.0,1.0,0.0,2.0,1.0,2.0,2.0,4.0,0.0,4.0,3.0,5.0,2.0,2.0,14.0,,1.0,24.0,,1.0,2.0,,1.0,2.0,3.0,5.0,3.0,2.0,12.0,42.0,2.0,,1.0,0.0,1.0,,68.0,,41.0,,0.0,0.19,3.03,0.12,1.88,55.1,14.66,0.047,0.957,0.347,3.41,55.1,26.96,26.61,101.3,9.03,117.31,,0.7,11.34,1.77,28.6,0.0,0.0,,0.207,17.18,5.439,14.37,0.113,1.661,6.18,15.62,45.81,70.5,,1.017,25.8,0.79,,4.497,69.2,1.053,1.12,140.4,9.967,50.9,2.011,28.655,2.64,105.42,,,,115.11,16.985,8.77,,1.32,248.9,7.99,58.2,0
64.0,1.0,7.0,2.0,63.0,,,,23.0,66.7,102.3,72.5,47.0,30.0,105.0,64.0,21.3299,109.0,173.0,90.0,24.8,24.8,6.0,1.9,10.9,11.0,11.4,7.9,18.9,31.5,2.3,1.1,2.5,2.6,2.8,2.1,33.7,8.7,39.1,28.7,5440.0,42.3,48.0,67.5,29.2,427.0,251.0,280.0,213.0,229.0,2.516822,2.416149,1.165,515.728453,,,,4.0,,18.0,3.0,,111.0,1.0,4.0,4.0,3.0,1.0,,6.0,5.0,0.0,5.0,1.0,1.0,0.0,0.0,6.0,1.0,2.0,3.0,1.0,2.0,0.0,1.0,1.0,3.0,,1.0,0.0,0.0,1.0,3.0,0.0,6.0,13.0,2.0,4.0,1.0,9.0,2.0,1.0,2.0,2.0,0.0,1.0,1.0,1.0,3.0,1.0,5.0,1.0,1.0,21.0,0.0,1.0,,,0.0,0.0,9.0,6.0,2.0,13.0,3.0,2.0,3.0,0.0,13.0,1.0,1.0,0.0,0.0,0.0,,64.0,,,0.0,0.0,0.0,0.01,0.12,1.67,54.73,15.72,0.025,0.928,0.25,3.57,49.2,29.99,28.72,104.43,11.48,114.95,88.48,0.26,,3.31,45.6,0.0,0.0,290.2,0.333,17.25,5.241,13.64,0.071,2.599,7.26,13.58,44.91,79.4,1.19,0.631,17.9,13.58,2.333,4.46,48.6,1.208,1.25,42.2,,51.9,1.157,29.347,2.531,14.07,1975.5,,15.9,,7.901,19.82,69.77,3.016,287.5,7.78,62.3,0
62.0,1.0,2.0,1.0,3.0,1.0,,1.0,14.0,62.8,146.6,97.1,27.0,28.0,85.0,68.8,25.7035,110.0,164.0,95.0,40.3,26.6,2.2,3.3,10.1,12.8,12.3,9.7,46.1,14.4,2.3,1.7,1.8,3.0,3.9,3.6,19.4,18.9,24.9,37.6,6657.0,42.8,20.8,53.3,41.8,752.0,363.0,428.0,295.0,294.0,1.792265,1.720575,,126.87449,1.7,2.0,1.0,5.0,,12.0,,,15.0,263.0,2.0,5.0,2.0,0.0,1.0,4.0,0.0,5.0,5.0,3.0,1.0,0.0,2.0,6.0,3.0,2.0,1.0,1.0,2.0,0.0,1.0,2.0,3.0,,,0.0,2.0,5.0,0.0,1.0,0.0,1.0,4.0,7.0,7.0,2.0,3.0,1.0,1.0,3.0,3.0,1.0,1.0,3.0,4.0,1.0,4.0,0.0,3.0,23.0,21.0,10.0,11.0,0.0,0.0,2.0,4.0,2.0,2.0,,2.0,1.0,3.0,9.0,,1.0,0.0,1.0,0.0,,,88.0,,,,0.0,0.0,0.05,,10.54,44.72,11.51,0.024,0.991,0.267,0.91,22.75,25.26,25.74,98.13,9.78,101.0,87.62,,5.39,2.44,61.3,0.0,0.0,367.4,0.359,,4.558,13.15,0.089,2.638,3.98,10.4,42.69,43.2,1.531,1.277,19.5,0.75,2.592,7.776,51.1,0.773,1.4,25.6,3.846,27.6,2.398,40.946,4.248,97.45,,1.123,,135.05,11.54,4.08,64.78,1.489,407.9,5.69,36.9,0
58.0,1.0,44.0,1.0,4.0,8.0,,,15.0,79.8,157.7,78.5,49.0,43.0,79.0,79.6,24.4209,93.0,181.0,88.0,19.9,34.7,3.5,1.4,,14.0,13.1,8.6,20.1,18.4,0.6,0.6,,4.1,3.1,4.2,24.7,7.1,35.4,31.7,9592.0,17.8,8.9,74.9,34.5,464.0,258.0,232.0,183.0,171.0,4.271202,4.100354,0.615,,4.54,,,2.0,,278.0,4.0,1.0,,16.0,,4.0,5.0,4.0,1.0,1.0,0.0,0.0,7.0,2.0,0.0,1.0,0.0,6.0,2.0,,1.0,2.0,2.0,1.0,0.0,0.0,4.0,,0.0,0.0,0.0,7.0,3.0,5.0,6.0,34.0,10.0,2.0,1.0,0.0,2.0,2.0,2.0,4.0,0.0,1.0,0.0,0.0,3.0,2.0,5.0,2.0,3.0,28.0,,25.0,21.0,,0.0,7.0,4.0,3.0,2.0,7.0,3.0,2.0,2.0,0.0,,,1.0,1.0,1.0,,,87.0,,90.0,,0.0,0.02,0.35,0.37,6.82,48.33,12.8,0.007,0.544,0.228,1.52,28.27,23.73,26.47,89.65,12.27,,72.04,0.68,12.63,2.79,51.9,0.0,0.0,166.6,0.204,16.04,5.391,15.84,0.053,1.809,5.37,64.61,39.59,,1.241,0.696,22.3,7.61,,,62.3,0.88,,194.3,5.669,28.5,,25.553,3.515,7.19,,1.487,,26.56,18.696,5.94,70.74,1.488,275.4,,,0
65.0,0.0,11.0,3.0,,,,,14.0,61.4,102.2,86.1,47.0,19.0,116.0,123.8,40.2593,129.0,175.0,92.0,48.1,43.9,6.8,6.1,7.0,8.1,5.8,7.9,31.0,46.3,3.1,3.2,2.7,2.9,1.3,3.4,28.5,33.7,22.8,26.0,5587.0,43.6,26.8,46.6,35.3,523.0,276.0,311.0,189.0,200.0,2.3271,1.360774,-0.102,210.92696,3.07,,,3.0,,9.0,,3.0,,321.0,2.0,3.0,2.0,4.0,0.0,3.0,6.0,4.0,2.0,1.0,1.0,0.0,1.0,7.0,2.0,2.0,2.0,2.0,2.0,2.0,1.0,0.0,,,2.0,4.0,6.0,0.0,2.0,6.0,5.0,22.0,8.0,1.0,3.0,2.0,2.0,1.0,3.0,2.0,0.0,0.0,2.0,0.0,3.0,3.0,,2.0,1.0,1.0,20.0,20.0,2.0,3.0,0.0,0.0,0.0,2.0,2.0,,1.0,1.0,1.0,0.0,28.0,1.0,0.0,1.0,1.0,1.0,,,,,,1.0,0.15,3.03,0.03,0.54,45.03,16.85,0.041,0.668,0.303,0.99,20.65,32.66,37.42,87.28,11.99,97.32,86.78,0.71,14.74,2.94,61.0,0.0,0.0,246.1,0.295,16.17,5.159,13.13,0.093,2.747,4.82,11.58,39.12,77.3,1.765,0.57,49.9,0.69,2.319,3.589,102.8,0.714,,,9.132,61.6,2.293,29.134,2.551,92.25,,0.868,15.5,72.04,1.693,26.43,77.78,5.089,440.5,4.8,,0
56.0,0.0,24.0,1.0,6.0,34.0,,1.0,,97.6,145.5,90.0,20.0,12.0,72.0,47.6,20.5935,86.0,152.0,91.0,27.0,36.8,1.9,1.5,6.7,6.2,7.8,5.9,22.7,21.6,1.1,0.6,2.3,2.5,2.5,1.6,3.8,4.1,25.1,19.4,5825.0,24.3,14.1,37.5,43.9,807.0,463.0,436.0,331.0,321.0,1.767831,,,332.919154,,4.0,,,3.0,30.0,2.0,,2.0,8.0,3.0,4.0,2.0,3.0,1.0,7.0,0.0,3.0,0.0,2.0,2.0,,0.0,7.0,4.0,2.0,1.0,2.0,2.0,1.0,2.0,0.0,3.0,,1.0,0.0,1.0,9.0,6.0,1.0,4.0,19.0,7.0,6.0,0.0,0.0,1.0,2.0,3.0,2.0,4.0,3.0,0.0,1.0,3.0,2.0,3.0,0.0,4.0,9.0,38.0,11.0,12.0,1.0,0.0,3.0,4.0,1.0,3.0,3.0,6.0,1.0,2.0,5.0,27.0,14.0,,0.0,0.0,0.0,,,71.0,,,0.0,0.1,0.95,0.11,1.03,43.23,15.56,0.033,1.011,0.397,1.68,16.02,29.41,36.0,81.71,7.53,93.69,71.58,0.98,9.33,7.64,,0.0,0.0,,0.128,16.07,5.29,16.83,,0.536,10.51,59.13,44.13,78.3,1.649,0.941,48.3,0.79,2.205,6.295,46.9,0.737,1.42,,4.289,29.2,1.652,25.783,3.777,,1231.6,1.507,,22.12,1.107,24.46,80.85,4.759,247.9,4.22,89.4,0
42.0,1.0,22.0,4.0,,6.0,,4.0,23.0,66.2,116.9,94.8,57.0,70.0,72.0,88.0,,100.0,189.0,100.0,19.5,37.5,6.5,2.7,14.8,13.1,12.6,11.7,27.9,16.9,0.4,0.8,4.7,4.7,4.3,4.3,17.5,13.8,36.2,38.8,9892.0,42.8,29.0,77.9,59.1,506.0,319.0,295.0,247.0,259.0,4.921687,3.031077,2.331,592.926056,5.57,,,1.0,2.0,24.0,,3.0,17.0,28.0,5.0,,2.0,2.0,2.0,7.0,0.0,1.0,1.0,2.0,4.0,0.0,1.0,9.0,3.0,1.0,2.0,2.0,2.0,0.0,0.0,1.0,1.0,2.731,0.0,4.0,5.0,10.0,4.0,5.0,4.0,24.0,1.0,13.0,6.0,7.0,3.0,4.0,1.0,2.0,2.0,2.0,1.0,4.0,3.0,1.0,5.0,2.0,4.0,,,,0.0,0.0,,9.0,0.0,2.0,3.0,13.0,5.0,3.0,1.0,0.0,19.0,,0.0,0.0,1.0,0.0,,64.0,,84.0,,0.0,0.01,0.25,0.32,5.25,41.76,13.57,0.007,0.247,0.155,1.5,24.9,27.07,32.49,83.32,7.81,92.54,74.18,0.32,5.34,3.86,64.3,0.0,0.0,186.1,0.145,17.52,5.012,14.43,0.078,1.617,6.01,,,57.7,1.638,0.931,29.9,1.09,2.31,4.308,73.3,0.779,,37.9,3.946,52.1,1.81,15.257,5.318,,,0.835,,110.02,10.739,6.42,77.39,1.482,340.1,4.37,,0
62.0,1.0,13.0,4.0,4.0,,41.0,,,83.9,162.6,70.0,10.0,19.0,68.0,51.3,20.4862,84.0,158.0,81.0,13.5,12.2,1.4,3.0,8.2,6.7,7.0,,13.6,13.3,0.4,0.3,2.5,3.8,2.2,2.8,,3.9,23.1,,5682.0,13.5,10.7,49.6,32.5,693.0,345.0,265.0,281.0,288.0,3.407482,2.040893,-0.971,399.807493,,3.0,1.0,7.0,3.0,137.0,1.0,2.0,,38.0,3.0,,3.0,3.0,2.0,0.0,0.0,1.0,7.0,2.0,4.0,1.0,0.0,5.0,3.0,1.0,1.0,1.0,2.0,0.0,2.0,1.0,2.0,,0.0,14.0,3.0,9.0,0.0,2.0,0.0,6.0,6.0,9.0,1.0,1.0,2.0,1.0,1.0,1.0,2.0,1.0,1.0,1.0,4.0,1.0,5.0,2.0,1.0,3.0,17.0,0.0,2.0,0.0,,0.0,0.0,2.0,2.0,9.0,2.0,1.0,5.0,0.0,23.0,24.0,1.0,1.0,0.0,0.0,,85.0,,92.0,1.0,0.0,0.07,1.09,0.58,9.6,41.19,12.92,0.205,0.999,0.328,2.32,,25.91,31.38,82.58,8.77,91.27,72.23,0.47,7.71,2.65,43.5,0.0,0.0,247.4,0.217,15.8,4.988,16.13,0.108,2.433,6.08,51.18,,58.8,1.193,1.21,23.0,13.08,2.321,3.609,,1.379,3.9,118.7,4.551,,0.904,19.771,3.151,170.7,,1.363,,22.32,15.722,15.89,,0.632,261.5,8.22,65.1,0
64.0,1.0,40.0,2.0,,9.0,44.0,5.0,14.0,94.6,136.8,65.1,25.0,48.0,93.0,50.8,21.5365,97.0,154.0,87.0,28.1,35.1,5.0,2.8,9.2,6.6,8.1,6.9,19.9,34.3,2.0,0.8,4.5,3.6,1.8,2.0,18.7,16.4,22.7,25.5,4935.0,20.0,21.3,38.5,48.5,518.0,277.0,390.0,301.0,219.0,3.329804,1.789196,-1.227,225.973149,3.58,,2.0,,,,,,27.0,,3.0,,5.0,,,2.0,0.0,0.0,0.0,2.0,4.0,2.0,1.0,7.0,2.0,1.0,1.0,1.0,2.0,0.0,2.0,0.0,3.0,,0.0,0.0,2.0,1.0,4.0,1.0,,0.0,,11.0,1.0,4.0,3.0,0.0,4.0,2.0,1.0,0.0,1.0,0.0,4.0,1.0,4.0,2.0,3.0,25.0,17.0,16.0,24.0,4.0,1.0,3.0,1.0,4.0,2.0,,4.0,1.0,3.0,0.0,,4.0,,1.0,0.0,1.0,67.0,37.0,89.0,81.0,,1.0,0.0,0.0,0.04,0.81,40.95,12.58,0.042,0.943,0.433,1.53,31.95,28.29,30.73,92.05,12.33,87.24,86.28,0.8,16.72,2.42,50.5,0.0,0.0,379.2,0.467,16.24,4.449,13.15,0.069,2.497,4.8,59.16,42.7,53.6,1.869,0.954,43.7,0.83,2.493,4.829,79.6,0.757,3.34,173.6,10.052,62.7,1.278,20.028,2.284,4.05,,1.111,,25.38,,11.64,67.05,2.886,310.3,,47.5,0
66.0,1.0,0.0,3.0,81.0,4.0,,,,88.2,,63.2,22.0,37.0,80.0,148.9,41.9053,112.0,189.0,93.0,49.9,43.6,6.0,8.6,11.9,12.4,7.2,7.5,44.2,19.7,1.1,1.4,4.0,4.1,3.3,3.1,46.5,11.6,27.3,35.1,10050.0,44.6,50.4,60.1,54.1,718.0,375.0,335.0,228.0,258.0,1.607471,0.647245,-0.558,115.352349,1.51,,2.0,,,190.0,,4.0,179.0,45.0,,6.0,2.0,,3.0,7.0,0.0,1.0,1.0,2.0,1.0,0.0,0.0,6.0,3.0,2.0,3.0,1.0,1.0,1.0,0.0,1.0,4.0,16.908,0.0,93.0,3.0,1.0,9.0,6.0,0.0,1.0,3.0,3.0,6.0,5.0,2.0,2.0,3.0,4.0,3.0,4.0,1.0,1.0,5.0,1.0,4.0,2.0,4.0,10.0,1.0,1.0,,3.0,0.0,7.0,3.0,2.0,4.0,,1.0,3.0,2.0,0.0,,,1.0,,0.0,0.0,,85.0,76.0,51.0,,0.0,0.03,0.33,0.2,2.08,40.65,13.71,0.009,0.214,0.184,1.77,18.38,,33.72,94.67,10.24,118.66,92.79,,,6.99,72.5,0.0,0.0,172.5,0.177,,4.294,16.41,0.024,0.632,9.64,53.49,44.86,133.9,1.379,1.364,23.6,6.99,2.349,6.837,105.0,1.082,4.68,174.3,5.612,36.3,0.834,31.769,4.429,,,,,,15.336,8.09,69.75,1.208,410.8,6.64,84.5,0
65.0,0.0,12.0,1.0,52.0,,,9.0,,62.7,108.1,70.0,35.0,28.0,124.0,80.1,33.595,117.0,154.0,85.0,42.4,38.8,10.0,8.5,11.4,8.3,7.3,7.9,32.1,55.1,1.4,3.1,2.0,1.8,2.5,2.1,46.7,30.8,32.5,21.9,5509.0,29.2,53.8,39.6,41.4,625.0,283.0,364.0,266.0,267.0,2.85867,2.632792,,402.782359,,,2.0,4.0,,168.0,,2.0,15.0,,2.0,,2.0,,4.0,7.0,0.0,4.0,1.0,2.0,,3.0,2.0,6.0,3.0,4.0,3.0,2.0,2.0,0.0,0.0,0.0,2.0,64.211,0.0,7.0,0.0,9.0,0.0,5.0,6.0,37.0,0.0,1.0,3.0,0.0,2.0,1.0,4.0,2.0,1.0,2.0,0.0,3.0,2.0,1.0,5.0,2.0,2.0,16.0,,0.0,0.0,0.0,0.0,2.0,0.0,1.0,,,3.0,3.0,2.0,0.0,22.0,40.0,1.0,,0.0,0.0,,53.0,65.0,89.0,0.0,0.0,0.06,1.15,0.39,7.53,34.36,15.5,0.046,0.622,,,23.68,36.48,45.11,80.87,11.06,101.77,79.88,0.76,14.9,2.71,52.7,0.0,0.0,534.0,0.579,16.74,4.248,13.8,1.36,2.602,5.13,44.0,46.76,141.2,0.887,0.941,17.6,13.5,,3.532,48.2,0.691,2.42,20.5,4.858,30.6,0.93,,2.067,15.31,,1.37,,102.86,,7.96,80.77,1.978,455.5,3.16,89.7,0
42.0,0.0,29.0,5.0,,,35.0,,,102.7,172.3,67.4,23.0,35.0,98.0,87.7,36.2611,106.0,155.0,90.0,47.0,52.6,3.9,6.3,8.4,7.3,7.5,12.5,48.2,44.1,3.6,3.1,2.3,1.8,2.8,1.8,38.1,16.8,27.4,30.9,7746.0,31.5,38.1,58.2,31.7,548.0,388.0,298.0,298.0,253.0,4.34806,2.377991,,435.143274,4.42,2.0,2.0,,5.0,,,,,11.0,2.0,4.0,3.0,,1.0,6.0,2.0,6.0,2.0,1.0,0.0,2.0,0.0,10.0,4.0,3.0,2.0,2.0,2.0,1.0,2.0,1.0,1.0,,2.0,14.0,,1.0,5.0,7.0,5.0,6.0,7.0,10.0,5.0,0.0,3.0,3.0,2.0,2.0,2.0,2.0,1.0,2.0,4.0,3.0,1.0,2.0,3.0,1.0,,1.0,,3.0,0.0,5.0,6.0,2.0,2.0,3.0,2.0,1.0,3.0,12.0,13.0,2.0,1.0,1.0,1.0,0.0,75.0,68.0,83.0,21.0,,0.0,0.13,1.27,0.32,3.1,49.28,13.8,0.016,0.684,,2.22,21.62,26.05,28.01,93.0,8.85,95.21,85.97,0.33,3.21,7.26,70.8,0.0,0.0,305.0,0.27,17.78,5.299,12.87,0.058,9.411,10.25,65.41,44.02,75.7,,0.797,46.4,0.49,2.639,4.964,50.8,0.672,1.05,149.6,4.987,26.9,1.503,,5.205,100.27,,0.873,,36.06,1.439,,70.16,0.56,164.8,4.65,85.6,0
50.0,1.0,25.0,4.0,,19.0,22.0,,,80.6,139.9,90.0,13.0,54.0,79.0,61.4,21.9234,104.0,167.0,90.0,32.9,12.2,8.1,1.6,7.3,12.9,10.3,11.3,15.7,25.2,0.8,1.6,3.2,4.6,2.1,4.4,16.8,20.0,25.5,21.0,5384.0,27.5,15.2,78.5,53.6,758.0,310.0,365.0,255.0,299.0,4.454386,2.787309,,,3.61,,4.0,,3.0,,,,,26.0,3.0,3.0,2.0,2.0,7.0,6.0,18.0,1.0,6.0,2.0,1.0,0.0,0.0,8.0,1.0,3.0,1.0,2.0,1.0,0.0,0.0,2.0,4.0,,1.0,6.0,0.0,3.0,0.0,2.0,7.0,13.0,9.0,4.0,1.0,2.0,3.0,2.0,2.0,0.0,3.0,3.0,1.0,2.0,4.0,3.0,4.0,1.0,1.0,0.0,6.0,0.0,0.0,0.0,1.0,1.0,1.0,2.0,3.0,0.0,2.0,1.0,2.0,11.0,17.0,2.0,1.0,,0.0,0.0,84.0,,,57.0,,1.0,0.02,0.18,,2.67,51.33,18.7,0.012,0.273,0.205,1.86,16.82,33.9,36.43,93.05,11.52,107.91,79.56,0.88,8.0,8.0,72.3,0.0,0.0,191.2,,16.03,,15.91,0.118,2.345,,48.07,46.94,83.4,1.146,0.903,51.1,36.11,2.258,7.159,75.5,1.209,1.3,171.5,4.836,26.8,1.315,30.754,2.505,,,1.07,,107.77,11.519,14.1,,1.668,467.3,8.18,,0
47.0,0.0,10.0,5.0,2.0,,22.0,5.0,,99.0,132.1,89.7,12.0,2.0,83.0,50.3,22.2518,113.0,150.0,79.0,19.4,15.2,3.3,3.4,6.1,5.9,4.8,6.2,29.4,37.9,2.6,0.8,1.8,2.0,2.0,1.6,35.4,14.3,20.8,23.0,5609.0,40.8,16.2,40.9,27.2,713.0,361.0,395.0,321.0,270.0,4.825465,3.790007,1.299,649.030402,4.64,2.0,,1.0,,13.0,,,2.0,12.0,3.0,4.0,2.0,2.0,1.0,4.0,0.0,1.0,2.0,1.0,,1.0,0.0,7.0,3.0,2.0,1.0,2.0,2.0,0.0,1.0,0.0,4.0,1.522,0.0,,7.0,8.0,1.0,2.0,0.0,4.0,6.0,3.0,1.0,6.0,2.0,2.0,0.0,0.0,2.0,1.0,3.0,2.0,2.0,1.0,3.0,2.0,1.0,,,,22.0,5.0,,5.0,1.0,1.0,4.0,0.0,4.0,1.0,1.0,0.0,27.0,,,,0.0,0.0,,72.0,,79.0,1.0,0.0,0.12,1.48,0.59,7.2,37.26,11.24,0.024,0.161,0.187,1.82,22.31,30.02,30.17,99.52,8.22,112.96,94.84,0.44,5.39,5.2,63.6,0.0,0.0,376.8,0.31,15.62,3.744,12.66,0.054,1.044,8.18,14.87,45.79,110.4,,1.362,38.2,4.69,2.256,7.607,111.2,1.168,,30.7,3.7,28.5,1.288,,5.714,51.11,,1.428,,28.55,1.279,15.38,72.08,1.079,518.5,6.26,,0
48.0,1.0,15.0,3.0,,,22.0,,22.0,74.3,140.3,,19.0,10.0,115.0,61.2,22.9172,114.0,163.0,92.0,38.8,36.8,5.4,3.4,8.3,10.6,7.4,10.2,41.0,28.4,2.8,1.9,4.0,3.9,2.3,2.5,35.4,10.1,23.5,25.1,6237.0,28.9,19.1,40.5,39.7,776.0,462.0,386.0,333.0,318.0,3.421925,1.741495,0.278,394.663576,,,2.0,2.0,4.0,,4.0,,14.0,347.0,3.0,6.0,1.0,3.0,2.0,6.0,7.0,1.0,2.0,3.0,1.0,,2.0,7.0,2.0,1.0,2.0,2.0,2.0,0.0,0.0,1.0,3.0,,0.0,0.0,4.0,1.0,1.0,1.0,0.0,12.0,4.0,5.0,0.0,6.0,2.0,0.0,4.0,0.0,3.0,0.0,1.0,4.0,3.0,3.0,5.0,2.0,5.0,1.0,,0.0,0.0,1.0,1.0,5.0,5.0,3.0,1.0,197.0,2.0,1.0,1.0,8.0,18.0,,0.0,1.0,1.0,1.0,,78.0,94.0,42.0,,1.0,0.11,1.76,0.51,7.9,41.31,13.17,0.017,0.915,0.235,1.53,23.76,30.59,31.87,95.96,8.41,110.51,83.8,0.91,14.04,3.39,52.5,0.0,0.0,239.8,0.202,16.08,4.305,16.43,0.036,,6.46,61.59,42.95,116.3,1.377,1.071,57.1,5.2,2.466,6.669,53.0,0.867,1.73,154.0,4.091,36.4,1.674,10.395,3.96,,,1.511,,26.17,10.943,7.4,,1.739,164.5,,86.5,0
42.0,1.0,10.0,2.0,5.0,,,5.0,,79.5,124.1,81.0,45.0,31.0,95.0,81.5,25.7465,102.0,178.0,96.0,33.5,37.4,2.4,4.8,13.9,7.9,10.3,12.8,17.9,20.5,2.2,0.7,4.5,4.3,3.8,2.8,22.8,7.0,39.6,34.4,8995.0,29.5,11.3,77.7,35.2,659.0,242.0,309.0,186.0,200.0,4.884976,4.338389,,515.899917,1.62,,,2.0,4.0,277.0,1.0,5.0,,387.0,,3.0,4.0,7.0,7.0,6.0,0.0,2.0,4.0,3.0,,,0.0,10.0,3.0,3.0,1.0,2.0,2.0,0.0,0.0,1.0,3.0,,0.0,1.0,0.0,3.0,1.0,2.0,0.0,30.0,6.0,6.0,0.0,3.0,3.0,3.0,3.0,0.0,2.0,0.0,0.0,0.0,1.0,3.0,3.0,1.0,1.0,1.0,0.0,1.0,0.0,0.0,,8.0,0.0,2.0,2.0,6.0,3.0,1.0,3.0,0.0,27.0,10.0,0.0,1.0,0.0,0.0,87.0,,,,,0.0,0.09,1.7,0.0,0.01,44.79,16.2,0.043,2.983,0.48,2.47,46.71,30.43,36.16,84.13,10.51,86.13,76.4,0.44,8.31,2.29,43.3,0.0,0.0,384.0,0.404,16.31,5.323,13.76,0.132,43.909,5.29,26.7,48.77,71.8,1.217,0.928,24.1,2.4,2.31,4.236,101.5,1.393,4.53,71.8,4.433,37.2,1.731,33.457,2.411,162.22,,0.875,,,15.182,6.12,65.3,2.18,411.6,9.09,73.0,0
63.0,1.0,12.0,1.0,3.0,34.0,,,16.0,92.3,182.9,65.2,44.0,19.0,150.0,165.4,58.1576,140.0,169.0,99.0,,56.2,9.8,9.4,11.0,7.3,9.2,10.1,46.1,50.0,3.8,3.5,4.0,4.3,2.1,2.3,61.7,28.0,24.9,33.3,9335.0,49.7,50.5,56.4,34.5,639.0,455.0,440.0,233.0,255.0,5.225587,2.233061,1.976,483.672687,,3.0,,,,69.0,4.0,,157.0,19.0,3.0,3.0,1.0,6.0,0.0,7.0,3.0,1.0,3.0,3.0,1.0,0.0,0.0,10.0,3.0,2.0,1.0,2.0,2.0,1.0,0.0,0.0,3.0,,0.0,0.0,0.0,1.0,1.0,1.0,0.0,,10.0,3.0,1.0,2.0,2.0,2.0,2.0,2.0,2.0,1.0,3.0,1.0,3.0,3.0,5.0,1.0,4.0,2.0,,1.0,,3.0,,,2.0,1.0,2.0,,2.0,1.0,5.0,11.0,27.0,8.0,0.0,0.0,1.0,0.0,,,85.0,82.0,1.0,0.0,0.07,1.48,0.14,3.03,54.17,16.94,0.016,0.682,0.342,1.61,35.87,31.26,31.28,99.95,7.38,,90.87,0.75,16.68,1.93,42.9,0.0,0.0,414.4,0.306,17.53,5.42,13.25,0.103,2.81,4.49,9.24,40.19,152.9,1.34,0.694,31.3,4.64,,3.426,113.2,1.356,1.44,,7.667,56.6,,18.45,1.841,23.99,,1.307,,46.25,17.895,24.85,82.18,4.844,,3.73,63.3,0
44.0,0.0,7.0,3.0,2.0,,,7.0,23.0,75.0,135.7,75.4,26.0,14.0,83.0,85.0,36.679,111.0,152.0,87.0,47.9,39.3,8.0,3.6,7.1,8.4,9.2,7.5,39.5,52.7,3.1,2.4,3.0,2.9,1.7,2.1,44.9,23.5,28.0,23.5,6253.0,36.6,19.8,48.0,33.2,742.0,455.0,368.0,328.0,325.0,4.739571,4.380456,2.256,590.273886,,,,,,210.0,2.0,,,198.0,3.0,4.0,2.0,4.0,5.0,6.0,6.0,3.0,3.0,3.0,,0.0,1.0,4.0,3.0,1.0,3.0,3.0,1.0,0.0,0.0,1.0,,41.859,0.0,4.0,0.0,1.0,0.0,0.0,6.0,36.0,4.0,1.0,6.0,1.0,3.0,2.0,2.0,1.0,5.0,1.0,1.0,2.0,3.0,1.0,1.0,1.0,3.0,19.0,,,12.0,4.0,,7.0,1.0,3.0,2.0,7.0,3.0,2.0,1.0,11.0,29.0,2.0,0.0,1.0,1.0,0.0,,,,93.0,,1.0,0.0,0.06,0.6,10.83,,13.5,0.043,0.783,0.354,1.01,18.27,30.6,32.48,94.21,12.02,114.8,85.26,0.32,5.86,,65.0,0.0,0.0,238.6,0.287,16.09,4.413,13.05,0.042,1.131,5.54,17.87,46.77,145.6,2.039,,19.8,15.0,2.458,3.601,,0.791,1.37,37.1,6.3,42.4,2.475,19.979,3.536,15.18,,0.782,,28.07,1.95,5.31,68.41,0.866,433.1,8.54,20.4,0
64.0,1.0,37.0,4.0,,,59.0,,,74.7,119.6,75.1,41.0,58.0,87.0,76.8,27.2123,90.0,168.0,90.0,17.8,37.9,3.4,2.5,7.4,9.9,12.5,,24.7,43.7,0.7,1.3,2.2,2.7,2.6,3.7,33.3,9.9,33.7,33.2,8541.0,30.4,23.1,49.4,38.4,458.0,295.0,254.0,222.0,182.0,3.762733,3.292671,,490.651647,3.41,3.0,2.0,,4.0,24.0,3.0,,24.0,11.0,2.0,2.0,2.0,2.0,0.0,6.0,2.0,2.0,5.0,1.0,1.0,1.0,1.0,10.0,3.0,2.0,1.0,2.0,1.0,0.0,1.0,0.0,1.0,,1.0,2.0,0.0,0.0,0.0,1.0,3.0,20.0,9.0,1.0,0.0,7.0,2.0,2.0,2.0,0.0,3.0,3.0,2.0,0.0,1.0,1.0,5.0,1.0,4.0,24.0,2.0,27.0,0.0,4.0,,,0.0,1.0,3.0,9.0,4.0,1.0,3.0,0.0,16.0,,0.0,1.0,1.0,1.0,68.0,,69.0,,,0.0,0.01,0.14,0.35,7.18,41.45,15.15,0.006,,0.293,1.32,27.28,32.22,36.54,88.17,11.66,95.53,74.26,0.2,4.18,2.96,,0.0,0.0,292.8,0.341,15.83,4.701,14.65,0.043,1.219,4.83,17.65,43.61,83.8,1.149,0.89,22.9,0.27,2.55,6.969,,1.146,1.2,13.5,4.835,28.5,0.814,27.289,2.666,16.46,,1.095,,,14.92,5.99,72.3,0.956,407.4,6.29,56.0,0
49.0,0.0,2.0,2.0,,,,5.0,16.0,69.3,114.8,75.5,21.0,30.0,70.0,49.0,20.0659,99.0,156.0,92.0,21.2,31.0,6.8,,10.8,7.6,11.9,7.3,21.4,21.5,0.5,0.7,3.2,2.3,2.3,1.9,29.5,5.7,29.3,22.1,5663.0,33.8,10.4,40.8,44.3,739.0,450.0,376.0,310.0,238.0,2.819993,2.570945,0.255,245.607138,,,,,3.0,,3.0,,,,4.0,,3.0,5.0,1.0,5.0,6.0,1.0,8.0,2.0,2.0,1.0,0.0,5.0,3.0,2.0,3.0,3.0,1.0,0.0,1.0,1.0,3.0,67.095,0.0,0.0,1.0,4.0,0.0,2.0,1.0,2.0,1.0,1.0,0.0,1.0,3.0,3.0,1.0,0.0,2.0,3.0,2.0,1.0,4.0,2.0,4.0,2.0,1.0,19.0,18.0,,,4.0,1.0,5.0,6.0,5.0,1.0,2.0,2.0,1.0,2.0,9.0,32.0,25.0,0.0,1.0,1.0,1.0,,,,,0.0,0.0,0.01,0.1,0.12,1.09,46.22,15.97,0.037,0.612,0.21,2.59,23.05,33.12,34.56,95.85,9.46,123.99,,0.31,2.76,8.19,73.0,0.0,0.0,203.2,0.192,15.85,4.823,12.02,0.05,0.561,11.22,61.31,44.99,48.0,2.08,1.324,29.0,0.96,2.583,5.943,69.2,0.846,1.09,82.5,,52.0,2.054,,5.653,7.8,,,,104.86,1.553,24.74,81.23,1.379,376.1,4.68,50.2,0
41.0,1.0,13.0,1.0,,23.0,27.0,9.0,20.0,87.8,120.9,71.3,54.0,51.0,120.0,125.5,36.3372,117.0,186.0,98.0,,49.1,3.2,5.6,12.3,13.8,12.5,12.4,53.2,48.0,,1.0,5.0,3.8,5.0,4.4,43.6,23.0,39.1,42.0,10154.0,31.5,38.1,74.5,57.7,461.0,271.0,386.0,187.0,170.0,5.211864,3.767113,0.86,609.467156,1.41,5.0,,,,,,,11.0,12.0,,,2.0,2.0,0.0,3.0,5.0,1.0,3.0,1.0,0.0,2.0,0.0,8.0,3.0,2.0,2.0,3.0,2.0,3.0,2.0,2.0,2.0,,0.0,14.0,4.0,,2.0,3.0,0.0,34.0,1.0,10.0,8.0,3.0,2.0,4.0,4.0,3.0,2.0,4.0,0.0,1.0,4.0,1.0,2.0,2.0,3.0,0.0,,0.0,,,,5.0,0.0,1.0,2.0,0.0,3.0,1.0,4.0,12.0,16.0,1.0,0.0,0.0,0.0,0.0,,94.0,73.0,79.0,,0.0,0.06,0.63,0.03,0.37,46.35,15.58,0.047,0.487,0.29,2.25,24.0,31.06,33.62,92.39,11.0,108.56,84.34,0.32,3.36,6.73,71.6,0.0,0.0,389.9,0.429,16.94,5.016,18.44,,2.751,9.39,67.56,,142.2,1.592,0.893,,0.41,,6.031,809.7,1.363,2.08,26.1,13.54,61.1,2.25,28.917,1.91,11.74,,0.934,,39.14,,14.56,87.34,0.846,463.0,8.07,,0
54.0,1.0,32.0,5.0,,,26.0,3.0,,89.9,136.5,82.6,51.0,48.0,77.0,55.1,21.5375,94.0,160.0,94.0,34.0,18.3,2.6,3.2,12.7,,10.2,11.7,40.0,13.4,1.3,1.1,4.6,4.9,3.7,4.5,19.2,11.9,25.6,30.3,5513.0,36.7,24.6,,51.9,,279.0,300.0,,217.0,5.625609,3.248638,2.445,,,,1.0,,3.0,31.0,4.0,,,290.0,2.0,,4.0,1.0,5.0,6.0,6.0,3.0,7.0,2.0,3.0,2.0,0.0,9.0,3.0,2.0,2.0,3.0,1.0,0.0,0.0,1.0,2.0,,1.0,14.0,,0.0,0.0,0.0,0.0,37.0,9.0,2.0,1.0,1.0,2.0,2.0,2.0,3.0,2.0,0.0,1.0,1.0,2.0,1.0,4.0,2.0,2.0,20.0,7.0,,0.0,0.0,,8.0,1.0,2.0,2.0,6.0,3.0,1.0,3.0,0.0,13.0,1.0,1.0,,0.0,1.0,,33.0,,,,0.0,0.07,1.43,0.4,,41.78,16.91,0.03,0.767,0.438,1.14,23.49,,40.49,,10.34,,79.44,0.43,8.84,2.81,58.0,0.0,0.0,401.2,0.415,16.22,5.219,12.91,0.101,0.909,4.84,10.49,40.49,,1.04,1.557,,20.02,2.537,7.999,47.8,0.53,1.34,11.4,,34.9,0.633,16.115,5.305,17.32,,0.796,,21.84,16.711,14.73,74.16,3.394,123.5,2.93,45.6,0
48.0,1.0,19.0,2.0,,8.0,,6.0,23.0,95.8,123.2,96.7,19.0,31.0,113.0,64.3,25.8742,117.0,158.0,81.0,45.3,37.5,4.7,9.4,7.9,9.6,5.9,7.7,27.2,31.5,1.7,2.1,2.6,2.4,2.7,2.1,46.9,25.4,36.4,25.7,5400.0,36.5,19.7,56.4,39.9,665.0,,356.0,296.0,244.0,2.532245,2.430955,1.829,390.588536,,,3.0,2.0,,,,,,,,2.0,2.0,4.0,7.0,7.0,1.0,5.0,1.0,2.0,,,0.0,6.0,4.0,1.0,1.0,2.0,,1.0,0.0,0.0,2.0,,1.0,0.0,7.0,10.0,6.0,5.0,0.0,7.0,2.0,3.0,1.0,0.0,2.0,3.0,3.0,1.0,2.0,1.0,1.0,3.0,1.0,1.0,5.0,1.0,6.0,1.0,11.0,19.0,11.0,4.0,0.0,15.0,,2.0,2.0,,4.0,1.0,2.0,4.0,32.0,15.0,0.0,1.0,0.0,0.0,91.0,90.0,,,,1.0,0.0,0.03,0.52,4.14,35.47,12.11,0.013,0.489,0.279,3.61,,30.27,34.14,88.66,9.64,120.87,91.66,0.35,2.78,8.15,64.5,0.0,0.0,155.1,0.149,15.92,4.0,22.41,0.017,0.698,12.64,8.03,50.83,,1.418,0.416,18.3,19.04,2.64,2.968,90.0,0.862,1.15,9.9,,61.8,1.146,9.922,1.56,36.2,,1.278,13.5,34.02,16.265,7.06,80.3,0.711,193.2,,43.9,0
64.0,1.0,15.0,2.0,,1.0,,3.0,19.0,63.0,119.9,53.6,12.0,20.0,60.0,59.6,21.805,85.0,165.0,86.0,15.8,25.3,2.2,1.5,9.1,7.0,11.2,7.5,21.4,13.7,0.7,0.9,,3.2,2.5,4.3,22.1,5.0,25.4,22.8,7296.0,17.7,11.5,38.5,28.4,677.0,306.0,275.0,188.0,299.0,5.14679,3.274461,1.406,345.22978,3.33,1.0,,2.0,,,,,,294.0,,,5.0,7.0,0.0,0.0,6.0,1.0,2.0,2.0,1.0,0.0,0.0,6.0,2.0,2.0,2.0,2.0,2.0,0.0,0.0,0.0,1.0,,0.0,14.0,5.0,2.0,5.0,5.0,0.0,4.0,9.0,9.0,7.0,2.0,2.0,2.0,3.0,2.0,2.0,2.0,2.0,3.0,3.0,1.0,5.0,2.0,5.0,,1.0,10.0,12.0,,,,0.0,1.0,3.0,,2.0,1.0,2.0,0.0,17.0,8.0,1.0,0.0,1.0,,,,,92.0,,1.0,0.13,1.34,0.27,2.64,45.07,13.32,0.029,0.298,0.238,2.41,23.96,,29.54,86.11,11.22,104.33,74.11,0.28,2.74,,69.3,0.0,0.0,193.0,0.217,17.97,5.233,12.99,0.042,0.769,10.07,29.85,,44.2,2.225,0.688,27.1,16.42,3.371,6.258,61.4,0.953,,184.4,8.886,51.1,2.304,32.832,2.42,18.24,,1.365,,26.88,11.666,19.4,79.69,4.504,480.8,5.31,13.4,0
64.0,1.0,8.0,6.0,,0.0,41.0,,20.0,103.3,184.4,99.9,46.0,49.0,106.0,113.4,41.6984,130.0,165.0,91.0,30.4,47.5,9.1,6.9,7.9,7.7,5.5,6.3,36.3,45.9,3.1,2.3,4.3,3.6,3.2,2.8,32.5,22.5,32.1,35.0,5373.0,44.2,32.5,69.5,31.0,805.0,453.0,450.0,311.0,328.0,4.314384,3.050995,2.867,551.01918,3.71,,,,2.0,,3.0,6.0,,37.0,,1.0,1.0,5.0,5.0,6.0,0.0,5.0,2.0,2.0,0.0,0.0,1.0,5.0,4.0,,2.0,2.0,2.0,1.0,0.0,0.0,1.0,,1.0,0.0,0.0,,1.0,4.0,29.0,8.0,5.0,2.0,8.0,7.0,2.0,0.0,1.0,0.0,4.0,2.0,0.0,1.0,4.0,1.0,4.0,2.0,3.0,18.0,16.0,4.0,5.0,,,2.0,9.0,2.0,2.0,0.0,4.0,1.0,3.0,4.0,17.0,44.0,0.0,,0.0,,,74.0,,83.0,,0.0,0.2,1.93,0.11,1.04,37.68,12.2,0.008,0.302,0.255,1.31,12.66,32.67,32.36,100.93,7.6,127.16,86.82,0.8,7.75,7.91,76.6,0.0,0.0,272.5,0.207,16.77,3.733,15.89,0.1,0.781,10.33,16.6,46.7,51.5,1.124,,37.6,17.15,2.219,4.823,53.1,0.856,,54.0,,35.2,0.963,,2.875,16.5,,,34.3,,,10.74,77.14,2.747,268.5,6.39,52.0,0
58.0,1.0,5.0,2.0,2.0,,10.0,10.0,24.0,64.2,131.7,88.8,49.0,49.0,67.0,74.8,22.9398,87.0,181.0,99.0,17.7,17.0,0.7,2.9,13.2,11.3,11.8,8.5,27.1,13.1,0.7,0.8,3.9,4.1,4.2,4.3,17.3,8.9,35.9,37.5,7440.0,16.2,10.4,78.5,52.3,495.0,356.0,293.0,238.0,211.0,4.580871,4.136853,,294.908982,4.72,3.0,6.0,,,24.0,,1.0,,351.0,4.0,5.0,3.0,2.0,2.0,3.0,7.0,4.0,2.0,2.0,1.0,,0.0,5.0,1.0,2.0,2.0,2.0,2.0,0.0,0.0,2.0,1.0,72.121,0.0,4.0,3.0,1.0,1.0,4.0,0.0,4.0,7.0,1.0,7.0,,3.0,4.0,2.0,2.0,2.0,0.0,1.0,2.0,3.0,1.0,3.0,2.0,3.0,0.0,0.0,,,,,0.0,18.0,5.0,4.0,6.0,2.0,1.0,3.0,0.0,14.0,1.0,1.0,1.0,1.0,0.0,,,,,,0.0,0.17,3.18,0.57,10.66,41.43,11.71,0.03,0.152,0.351,1.59,29.67,27.37,28.27,96.8,8.7,116.49,88.83,0.2,3.64,,52.9,0.0,0.0,230.6,0.201,16.67,4.28,14.93,0.063,1.968,5.37,,43.71,94.6,1.211,,15.8,1.57,,8.293,69.0,1.158,,122.7,4.591,26.5,1.507,17.719,4.938,107.86,,1.423,,23.76,16.657,4.29,64.52,0.625,496.9,5.82,97.6,0
65.0,0.0,16.0,2.0,14.0,3.0,20.0,4.0,22.0,123.1,174.7,49.0,36.0,14.0,100.0,81.5,31.9187,100.0,160.0,85.0,28.7,44.7,9.3,7.9,8.2,9.5,6.6,8.9,51.6,36.0,2.8,2.1,2.5,2.1,3.7,2.1,34.3,26.6,29.1,26.3,7160.0,,33.6,66.8,43.5,545.0,281.0,297.0,172.0,213.0,4.546409,1.231819,,242.156954,4.17,,1.0,1.0,6.0,275.0,,,,336.0,3.0,4.0,3.0,3.0,0.0,0.0,3.0,7.0,0.0,2.0,3.0,0.0,0.0,6.0,2.0,2.0,1.0,3.0,1.0,1.0,1.0,1.0,,,2.0,7.0,,1.0,4.0,4.0,0.0,9.0,5.0,6.0,4.0,4.0,1.0,2.0,1.0,2.0,1.0,1.0,1.0,2.0,4.0,1.0,5.0,2.0,3.0,,,1.0,20.0,4.0,,8.0,,3.0,2.0,0.0,1.0,2.0,3.0,0.0,,10.0,0.0,,0.0,0.0,,65.0,,84.0,1.0,0.0,0.01,0.25,0.17,3.02,33.52,11.76,0.011,0.171,0.415,2.31,42.09,31.49,35.08,89.76,,101.53,,0.29,5.38,2.7,49.3,0.0,0.0,352.2,0.315,17.13,3.735,16.57,0.089,1.085,5.48,8.81,42.45,104.3,2.047,1.558,15.2,1.13,2.538,6.627,106.9,0.832,1.32,21.1,7.561,60.5,,31.827,4.935,11.0,,0.769,,69.09,0.879,2.65,69.56,1.129,218.5,3.39,,0
62.0,1.0,19.0,2.0,,,22.0,2.0,15.0,103.6,187.8,80.2,44.0,52.0,72.0,85.3,23.9689,93.0,189.0,100.0,20.8,32.6,3.2,4.3,12.9,9.5,12.8,13.4,32.8,22.6,2.4,0.7,3.9,3.8,4.2,4.6,16.4,22.3,43.6,35.0,9129.0,15.6,23.1,65.9,58.9,466.0,308.0,245.0,187.0,184.0,5.895307,3.765293,1.609,357.090979,3.92,,,,,344.0,,,32.0,349.0,2.0,3.0,3.0,4.0,6.0,7.0,0.0,1.0,7.0,3.0,1.0,0.0,0.0,9.0,1.0,1.0,1.0,2.0,2.0,1.0,2.0,2.0,,,0.0,0.0,3.0,7.0,4.0,4.0,0.0,24.0,1.0,13.0,4.0,0.0,2.0,3.0,1.0,2.0,2.0,0.0,2.0,0.0,3.0,2.0,5.0,1.0,3.0,1.0,1.0,1.0,0.0,0.0,,8.0,0.0,1.0,1.0,0.0,3.0,2.0,3.0,11.0,17.0,2.0,0.0,,1.0,0.0,,38.0,83.0,,0.0,1.0,0.01,,0.04,0.44,31.43,13.45,0.154,0.939,0.329,,22.16,36.44,42.79,85.17,11.53,114.59,78.94,0.67,6.51,7.26,70.8,0.0,0.0,366.6,0.423,15.76,3.69,12.59,0.096,14.567,10.25,18.33,50.39,79.9,1.987,1.73,,1.28,2.382,8.384,100.4,0.928,1.53,25.8,4.317,31.9,2.523,34.763,,17.21,,1.458,,129.29,15.771,5.34,79.42,2.194,243.2,9.05,20.8,0
53.0,0.0,5.0,6.0,,,,10.0,17.0,67.3,109.1,93.6,33.0,51.0,68.0,39.4,16.4265,87.0,155.0,96.0,16.7,20.8,1.5,1.9,11.9,7.1,10.5,6.0,14.1,17.6,0.4,0.7,2.4,3.2,2.6,2.3,12.2,4.2,36.5,30.8,5256.0,14.5,8.6,73.7,42.6,494.0,234.0,248.0,169.0,,,3.518032,3.085,353.965347,,3.0,,6.0,4.0,24.0,5.0,6.0,183.0,325.0,4.0,,3.0,3.0,4.0,7.0,6.0,1.0,8.0,2.0,,2.0,0.0,4.0,1.0,2.0,2.0,2.0,2.0,1.0,2.0,2.0,3.0,6.599,,3.0,0.0,1.0,1.0,5.0,0.0,22.0,6.0,13.0,7.0,9.0,1.0,4.0,2.0,2.0,1.0,1.0,0.0,0.0,0.0,1.0,5.0,2.0,3.0,,,27.0,,,,4.0,,2.0,1.0,,3.0,2.0,5.0,9.0,26.0,1.0,1.0,1.0,0.0,0.0,81.0,47.0,96.0,,1.0,0.0,0.07,0.62,0.46,4.37,33.81,11.4,0.009,,0.188,2.53,24.26,27.26,33.72,80.83,11.85,97.49,86.91,0.91,8.73,6.47,62.0,0.0,0.0,157.7,0.187,16.56,4.182,12.91,,0.71,10.43,19.11,,127.3,1.265,1.351,20.3,10.06,2.524,6.621,73.4,0.909,3.75,189.9,4.065,29.7,1.125,5.722,5.522,13.4,,1.511,,,0.806,7.22,64.46,2.723,,7.58,41.0,0
70.0,1.0,3.0,4.0,12.0,28.0,30.0,8.0,,100.3,165.5,49.4,13.0,30.0,74.0,71.0,25.5459,97.0,167.0,87.0,17.2,27.8,2.5,1.9,12.5,12.4,7.0,6.4,24.0,14.0,0.6,1.1,1.9,2.7,2.1,2.6,21.8,6.3,32.5,32.4,6039.0,20.7,30.8,59.0,31.7,449.0,310.0,259.0,176.0,282.0,1.822956,1.750038,-0.716,128.803393,3.45,,2.0,,,,1.0,4.0,208.0,43.0,3.0,3.0,0.0,6.0,3.0,7.0,6.0,2.0,5.0,3.0,4.0,2.0,1.0,4.0,3.0,2.0,1.0,1.0,2.0,0.0,2.0,0.0,3.0,82.036,1.0,,0.0,1.0,1.0,5.0,0.0,7.0,2.0,3.0,1.0,3.0,1.0,3.0,1.0,3.0,2.0,2.0,2.0,1.0,,1.0,1.0,2.0,4.0,4.0,1.0,0.0,17.0,,0.0,2.0,4.0,3.0,1.0,,4.0,3.0,5.0,0.0,,1.0,0.0,1.0,0.0,,,94.0,,,0.0,0.0,,0.84,0.02,0.14,48.45,16.41,0.013,0.469,0.323,3.07,27.71,32.84,33.86,96.98,8.86,107.65,90.15,0.62,5.59,7.29,65.7,0.0,0.0,279.9,0.248,16.85,4.996,14.85,0.111,2.441,11.1,18.08,39.66,60.4,1.835,1.071,30.9,20.37,2.284,4.524,56.2,0.684,1.48,26.3,,57.7,2.292,27.61,2.066,32.52,,1.002,,28.5,14.442,4.51,71.41,2.126,386.2,4.48,30.2,0
58.0,1.0,3.0,5.0,,40.0,37.0,,15.0,79.5,144.6,69.9,16.0,19.0,121.0,113.6,33.0824,121.0,185.0,88.0,40.5,30.6,9.3,9.2,6.0,7.1,6.6,7.8,18.7,41.3,1.1,2.2,1.8,3.6,1.8,2.2,28.7,14.4,22.5,25.2,7807.0,44.8,32.8,43.1,37.7,808.0,438.0,451.0,301.0,288.0,2.583909,,-0.313,270.014934,3.57,,4.0,,3.0,306.0,,4.0,24.0,198.0,2.0,,1.0,3.0,5.0,6.0,3.0,1.0,2.0,3.0,0.0,,0.0,7.0,4.0,1.0,1.0,3.0,1.0,2.0,2.0,0.0,2.0,61.02,,0.0,4.0,1.0,2.0,2.0,0.0,28.0,3.0,3.0,4.0,0.0,1.0,2.0,1.0,2.0,2.0,0.0,1.0,2.0,3.0,2.0,5.0,2.0,3.0,28.0,1.0,,2.0,5.0,,5.0,6.0,4.0,2.0,,5.0,1.0,5.0,0.0,16.0,45.0,0.0,0.0,1.0,,,,82.0,81.0,,1.0,0.06,1.08,0.21,3.99,48.65,15.27,0.038,0.162,0.32,,30.95,31.53,31.38,100.5,8.64,105.28,71.38,0.81,15.38,2.55,48.6,0.0,0.0,195.8,0.169,15.83,4.841,13.58,0.054,1.07,5.25,14.75,46.38,,,1.428,18.9,1.01,2.274,5.879,116.3,0.756,1.02,10.4,4.758,28.3,0.928,18.504,5.107,4.7,,1.527,,25.4,14.401,6.32,82.17,1.352,450.9,5.95,70.6,0
50.0,0.0,40.0,6.0,0.0,,,,15.0,67.9,135.0,98.4,32.0,16.0,105.0,74.3,26.4913,93.0,167.0,90.0,28.1,33.5,2.1,7.1,7.3,8.0,5.5,,26.3,34.4,1.9,2.4,1.9,2.0,1.9,2.2,27.1,22.3,30.8,19.4,5887.0,30.6,16.5,36.8,30.2,800.0,556.0,455.0,302.0,329.0,3.685629,2.962944,1.831,452.902293,,3.0,4.0,,4.0,,3.0,,,310.0,3.0,2.0,2.0,5.0,6.0,6.0,0.0,0.0,3.0,2.0,3.0,,1.0,7.0,4.0,2.0,1.0,2.0,2.0,0.0,0.0,2.0,2.0,,,0.0,0.0,0.0,5.0,7.0,0.0,8.0,23.0,0.0,2.0,2.0,2.0,2.0,4.0,1.0,1.0,2.0,5.0,2.0,5.0,2.0,3.0,2.0,2.0,26.0,9.0,20.0,11.0,2.0,1.0,1.0,1.0,4.0,2.0,6.0,3.0,,2.0,0.0,17.0,,0.0,,0.0,0.0,,56.0,,61.0,,0.0,0.18,3.23,0.29,5.17,46.47,14.08,0.0,0.65,0.243,,17.24,29.72,30.29,98.12,8.68,135.59,92.87,0.21,3.81,3.95,70.6,0.0,0.0,152.2,0.132,16.23,,16.18,0.044,0.976,5.6,9.76,46.89,110.2,1.037,,22.1,1.27,2.244,5.364,74.4,1.332,1.19,17.5,4.155,51.8,0.961,23.167,3.181,136.94,,1.313,,115.8,1.9,4.54,77.4,0.965,236.2,5.46,69.8,0
54.0,0.0,20.0,1.0,,32.0,,9.0,27.0,65.0,118.3,55.3,21.0,15.0,74.0,97.5,40.6842,110.0,155.0,93.0,20.8,15.5,2.9,5.0,11.2,9.4,7.7,7.0,19.1,17.1,1.1,0.7,2.4,2.8,2.4,2.3,33.3,20.5,25.5,23.2,7519.0,40.3,24.5,45.1,38.3,695.0,354.0,454.0,316.0,247.0,2.137461,,-0.486,206.078748,4.15,4.0,3.0,3.0,3.0,80.0,3.0,,38.0,12.0,2.0,4.0,2.0,5.0,5.0,6.0,0.0,1.0,1.0,1.0,1.0,0.0,1.0,7.0,3.0,1.0,2.0,3.0,1.0,0.0,0.0,0.0,1.0,,1.0,5.0,0.0,2.0,8.0,5.0,0.0,0.0,1.0,3.0,0.0,3.0,1.0,2.0,0.0,2.0,2.0,3.0,1.0,1.0,3.0,1.0,5.0,0.0,1.0,1.0,1.0,0.0,0.0,,0.0,6.0,0.0,2.0,2.0,,5.0,1.0,2.0,0.0,15.0,,0.0,1.0,0.0,0.0,,67.0,81.0,80.0,,0.0,0.0,0.01,0.61,5.67,36.14,11.62,0.007,0.214,0.272,1.29,11.94,26.21,32.15,81.53,9.0,107.47,79.21,0.83,7.66,8.11,74.7,0.0,0.0,195.1,0.176,16.27,4.433,12.73,0.053,1.52,10.85,69.07,41.97,140.4,1.706,1.012,27.7,,2.287,3.773,116.8,1.31,,82.0,3.607,29.1,1.162,27.002,2.603,101.75,,1.377,,92.33,1.189,17.27,74.09,1.467,,8.11,38.3,0
50.0,1.0,34.0,2.0,,15.0,,,,93.0,168.9,,30.0,19.0,122.0,57.8,23.4186,109.0,157.0,92.0,47.6,19.5,4.7,7.9,11.0,9.6,8.8,6.1,25.9,25.6,2.7,2.4,4.1,3.3,2.4,4.0,21.4,16.2,25.5,33.5,9606.0,39.1,19.9,52.7,41.9,369.0,245.0,268.0,184.0,186.0,3.492764,2.079033,,663.132941,,,,3.0,,139.0,3.0,,7.0,12.0,2.0,1.0,5.0,1.0,2.0,7.0,0.0,1.0,2.0,1.0,2.0,1.0,1.0,9.0,3.0,1.0,1.0,2.0,1.0,2.0,0.0,0.0,3.0,5.605,1.0,11.0,4.0,8.0,3.0,0.0,0.0,7.0,9.0,0.0,7.0,0.0,1.0,0.0,2.0,0.0,3.0,2.0,0.0,1.0,0.0,3.0,3.0,2.0,5.0,1.0,1.0,,5.0,,1.0,3.0,1.0,3.0,2.0,0.0,3.0,1.0,3.0,0.0,18.0,39.0,0.0,0.0,0.0,0.0,,62.0,,,,0.0,0.19,2.25,0.53,6.24,32.2,12.06,0.036,0.46,0.217,0.99,11.52,31.07,37.44,82.97,8.06,108.69,90.64,0.98,11.42,5.88,68.6,0.0,0.0,391.0,0.315,15.8,3.881,12.61,0.119,2.657,8.57,,43.53,89.0,1.035,1.172,41.7,,2.31,6.137,27.4,0.641,20.32,183.6,3.753,32.5,0.861,30.183,2.737,,,1.17,,,14.204,63.88,69.65,0.622,193.4,3.21,34.6,0
69.0,1.0,11.0,2.0,2.0,,31.0,,24.0,117.5,168.3,84.8,41.0,47.0,120.0,123.2,40.0441,131.0,175.0,99.0,31.2,35.0,,3.4,12.5,9.1,9.8,8.9,44.9,26.2,2.8,3.0,4.3,2.7,2.9,2.3,28.8,,38.0,41.3,5157.0,24.0,43.9,48.2,34.3,675.0,364.0,286.0,260.0,210.0,4.217473,4.048774,-0.007,573.329802,,,3.0,,,136.0,,,154.0,18.0,4.0,3.0,1.0,5.0,1.0,2.0,7.0,0.0,2.0,2.0,3.0,2.0,0.0,6.0,3.0,3.0,1.0,3.0,2.0,1.0,0.0,0.0,4.0,8.597,0.0,0.0,0.0,0.0,0.0,2.0,1.0,7.0,3.0,1.0,1.0,5.0,3.0,2.0,2.0,2.0,0.0,2.0,1.0,1.0,2.0,2.0,5.0,1.0,6.0,1.0,1.0,16.0,,0.0,,9.0,0.0,2.0,3.0,0.0,3.0,1.0,2.0,4.0,27.0,2.0,1.0,0.0,1.0,,,77.0,93.0,,0.0,0.0,,0.09,0.57,3.59,45.4,14.22,,0.251,0.159,10.64,66.62,31.58,31.32,100.84,8.59,116.12,111.14,0.86,5.4,3.88,24.3,0.0,0.0,168.9,0.145,15.7,4.502,13.03,0.052,0.638,15.98,71.61,50.39,77.9,2.231,0.785,27.1,16.81,2.38,4.0,459.6,0.789,4.82,186.4,,,2.408,18.357,,86.42,,1.417,16.0,156.11,13.079,17.76,74.29,0.7,,,45.8,0
49.0,1.0,20.0,6.0,,4.0,,3.0,15.0,76.2,143.1,77.3,16.0,41.0,67.0,46.6,19.8936,96.0,153.0,80.0,36.5,30.9,,2.8,6.6,7.1,6.8,5.8,13.5,27.3,1.1,0.4,2.9,,3.4,2.3,28.0,7.3,35.4,20.6,4575.0,24.1,22.5,36.9,33.4,635.0,336.0,279.0,234.0,272.0,2.554242,1.668329,-0.867,290.323394,3.89,3.0,1.0,3.0,,37.0,,5.0,10.0,221.0,4.0,3.0,5.0,0.0,1.0,0.0,2.0,0.0,2.0,1.0,4.0,,0.0,5.0,4.0,2.0,2.0,2.0,2.0,0.0,1.0,0.0,4.0,,0.0,0.0,0.0,6.0,1.0,1.0,4.0,20.0,5.0,7.0,3.0,1.0,2.0,3.0,2.0,1.0,4.0,0.0,2.0,1.0,3.0,3.0,5.0,2.0,5.0,0.0,0.0,3.0,,0.0,,2.0,0.0,5.0,4.0,0.0,1.0,1.0,3.0,3.0,18.0,3.0,0.0,1.0,1.0,0.0,,84.0,,,,0.0,1.17,13.49,0.08,1.4,40.51,14.35,0.04,,0.379,2.95,49.5,30.95,35.42,87.39,8.64,97.35,87.43,0.33,5.46,1.44,24.1,0.0,0.0,311.3,0.269,19.3,4.636,15.94,0.057,1.233,5.97,,49.11,86.1,2.149,0.763,15.2,1.3,2.524,6.817,87.3,1.216,1.43,73.1,5.931,33.9,2.546,20.643,2.594,6.12,,1.118,,138.51,13.48,6.07,67.16,,267.3,4.37,74.6,0
49.0,0.0,35.0,1.0,4.0,18.0,37.0,1.0,16.0,85.5,135.4,62.6,19.0,46.0,72.0,50.5,20.1149,97.0,158.0,88.0,15.8,41.4,1.6,1.8,8.4,9.7,7.3,7.9,20.8,15.7,0.5,0.4,1.8,2.3,4.5,2.0,15.9,5.8,30.8,32.5,5527.0,,8.5,,45.2,525.0,364.0,319.0,256.0,291.0,,3.563138,,344.722789,2.68,,,2.0,,137.0,,,96.0,,,4.0,3.0,6.0,1.0,6.0,5.0,7.0,,1.0,3.0,0.0,0.0,7.0,4.0,3.0,3.0,3.0,2.0,0.0,0.0,2.0,4.0,,,,0.0,2.0,1.0,1.0,6.0,10.0,2.0,2.0,1.0,8.0,2.0,2.0,1.0,2.0,3.0,4.0,1.0,4.0,1.0,2.0,3.0,0.0,4.0,1.0,0.0,27.0,15.0,3.0,,12.0,1.0,6.0,2.0,0.0,5.0,1.0,3.0,0.0,24.0,3.0,0.0,0.0,0.0,,,83.0,,85.0,,0.0,0.0,0.04,0.01,0.11,44.99,16.12,0.005,0.154,0.213,1.06,18.73,35.34,35.83,98.63,10.21,117.07,,0.09,1.59,4.48,79.5,0.0,0.0,130.4,0.133,15.6,4.561,13.26,0.026,,5.64,9.03,48.0,50.8,1.279,1.046,15.6,,2.574,7.053,85.7,1.017,1.5,14.4,7.593,32.2,1.16,,3.515,15.89,,0.871,,16.23,1.159,4.06,79.59,1.177,178.0,3.64,38.0,0
57.0,1.0,9.0,2.0,,,34.0,10.0,23.0,97.0,153.5,59.6,36.0,53.0,77.0,81.3,23.9968,113.0,184.0,99.0,39.7,24.5,3.6,2.2,13.9,8.7,7.8,14.2,26.3,26.0,1.0,0.6,4.2,5.7,3.9,4.7,31.7,8.8,25.8,32.5,8714.0,26.6,30.3,81.3,45.4,551.0,276.0,311.0,222.0,276.0,4.06828,3.316234,1.864,358.198231,3.2,,1.0,5.0,,,,4.0,202.0,,,,2.0,4.0,1.0,6.0,2.0,7.0,5.0,1.0,,,0.0,5.0,3.0,2.0,2.0,2.0,2.0,1.0,0.0,1.0,2.0,6.426,,5.0,8.0,5.0,7.0,6.0,4.0,2.0,0.0,9.0,3.0,1.0,3.0,3.0,1.0,3.0,3.0,1.0,1.0,1.0,,1.0,5.0,2.0,3.0,14.0,4.0,0.0,0.0,0.0,,,5.0,2.0,2.0,,1.0,,1.0,,16.0,1.0,1.0,0.0,0.0,1.0,76.0,,,51.0,,1.0,0.16,1.32,0.29,2.39,49.1,13.16,0.012,0.641,0.376,2.27,18.86,25.92,26.8,96.72,9.16,120.67,92.53,0.68,5.69,8.63,71.7,0.0,0.0,238.7,0.219,16.03,,12.09,0.109,2.52,12.02,66.5,44.37,56.3,1.159,0.957,52.7,0.43,2.273,6.125,65.5,0.723,1.55,160.3,,26.8,0.92,20.414,2.81,125.52,,1.003,,125.07,11.351,21.33,72.6,0.634,252.2,6.68,39.2,0
40.0,1.0,24.0,5.0,,40.0,39.0,2.0,,65.1,120.3,53.4,29.0,24.0,81.0,61.9,23.4193,91.0,163.0,89.0,18.2,26.0,2.7,3.5,6.6,7.3,6.4,8.2,21.8,25.9,0.5,0.7,2.3,2.0,3.6,2.2,27.9,12.7,24.3,23.1,,16.7,19.5,38.3,35.2,643.0,422.0,441.0,,305.0,1.893407,1.817671,,459.555,3.96,,,3.0,2.0,311.0,3.0,,108.0,251.0,3.0,3.0,3.0,4.0,3.0,4.0,6.0,1.0,0.0,3.0,0.0,1.0,0.0,7.0,2.0,3.0,1.0,1.0,2.0,0.0,2.0,2.0,2.0,,1.0,0.0,4.0,7.0,1.0,6.0,1.0,39.0,6.0,6.0,2.0,7.0,1.0,4.0,1.0,3.0,4.0,1.0,0.0,1.0,1.0,2.0,4.0,2.0,6.0,26.0,12.0,,,2.0,1.0,10.0,7.0,2.0,4.0,0.0,3.0,1.0,5.0,9.0,,36.0,0.0,0.0,1.0,1.0,,81.0,,,,0.0,0.02,0.24,0.07,1.13,52.29,13.16,,0.986,0.433,2.7,42.13,24.29,25.17,96.5,8.26,114.41,94.86,0.47,7.29,3.15,49.2,0.0,0.0,193.7,0.16,16.06,5.419,15.29,0.039,2.733,6.4,57.07,40.57,78.4,1.045,1.016,19.0,7.47,2.605,8.42,65.1,0.644,2.88,11.9,,32.8,0.872,22.637,3.128,18.44,1769.2,1.481,,,15.601,7.52,73.06,5.098,182.2,5.92,30.6,0
65.0,1.0,28.0,2.0,4.0,,7.0,,,77.8,133.3,48.3,35.0,14.0,69.0,71.3,23.0134,87.0,176.0,92.0,24.2,35.5,3.6,5.6,11.3,8.1,13.2,7.5,21.9,18.4,1.0,1.4,2.7,2.5,1.9,3.2,31.4,11.1,25.4,26.0,6861.0,16.8,25.9,79.0,32.4,641.0,392.0,299.0,244.0,234.0,3.020385,1.895719,-1.169,127.39783,,,,,3.0,,,5.0,,,3.0,3.0,4.0,6.0,0.0,1.0,0.0,2.0,0.0,2.0,3.0,0.0,1.0,9.0,4.0,2.0,2.0,3.0,2.0,0.0,0.0,2.0,1.0,55.332,2.0,,3.0,1.0,1.0,1.0,0.0,25.0,4.0,1.0,23.0,4.0,2.0,1.0,1.0,3.0,3.0,0.0,3.0,0.0,3.0,2.0,4.0,2.0,3.0,0.0,,0.0,0.0,,0.0,2.0,0.0,4.0,1.0,0.0,2.0,1.0,3.0,12.0,,,1.0,,1.0,0.0,,45.0,,79.0,,0.0,0.0,0.03,0.6,8.39,40.2,15.23,0.014,0.902,0.37,2.41,33.48,34.89,37.89,92.09,7.68,120.52,88.67,0.94,12.99,3.25,45.1,0.0,0.0,383.6,0.294,18.07,4.365,14.15,0.048,2.5,7.21,55.72,40.3,58.5,1.972,1.357,17.7,16.49,2.638,5.206,61.0,1.083,4.56,162.0,5.973,43.8,,10.261,3.386,,,,,,13.59,15.22,,1.079,213.1,4.68,45.8,0
68.0,0.0,37.0,1.0,62.0,6.0,,,,81.5,166.8,91.0,9.0,28.0,91.0,90.9,36.4484,108.0,158.0,80.0,30.4,35.6,8.3,8.0,6.1,6.5,6.2,6.0,33.0,31.1,0.7,1.3,1.7,1.6,1.4,2.2,48.6,,22.1,19.5,7787.0,39.7,37.3,38.3,30.9,625.0,412.0,406.0,324.0,251.0,1.557455,1.071699,-1.585,12.625968,4.16,,,3.0,,280.0,,,59.0,386.0,5.0,4.0,3.0,3.0,6.0,7.0,5.0,1.0,6.0,3.0,3.0,0.0,0.0,5.0,3.0,2.0,1.0,1.0,,0.0,1.0,0.0,3.0,,2.0,0.0,6.0,1.0,0.0,2.0,0.0,15.0,4.0,3.0,1.0,8.0,1.0,0.0,4.0,2.0,2.0,1.0,5.0,0.0,3.0,2.0,5.0,1.0,4.0,,,11.0,,0.0,,0.0,0.0,1.0,2.0,0.0,6.0,2.0,3.0,5.0,19.0,2.0,0.0,1.0,0.0,,,,65.0,71.0,,1.0,0.01,0.23,0.35,8.06,50.27,13.68,0.02,0.808,0.343,1.08,25.07,26.32,27.21,96.73,11.91,,79.31,0.23,5.33,2.64,61.3,0.0,0.0,172.6,,16.07,5.196,12.42,0.033,2.095,4.3,71.19,41.62,78.7,1.544,1.133,52.3,0.33,2.212,5.56,106.0,1.312,1.47,148.7,4.534,28.0,1.142,22.32,4.672,178.63,,1.361,,102.14,1.919,16.83,,0.841,432.4,8.06,48.9,0
66.0,0.0,33.0,2.0,,4.0,20.0,8.0,23.0,77.5,,65.2,14.0,16.0,97.0,51.4,22.0845,120.0,153.0,85.0,22.5,26.6,1.9,7.7,,8.0,5.6,5.8,28.6,39.5,0.9,2.4,2.2,1.9,3.6,1.6,35.6,14.2,24.1,32.0,5077.0,35.6,12.7,41.1,31.9,806.0,397.0,385.0,308.0,330.0,2.353151,2.259025,0.916,341.502166,,,3.0,,,,3.0,,3.0,36.0,3.0,3.0,4.0,2.0,0.0,1.0,7.0,5.0,5.0,1.0,,1.0,1.0,4.0,3.0,3.0,1.0,1.0,,0.0,2.0,2.0,3.0,,0.0,0.0,0.0,2.0,8.0,1.0,5.0,9.0,8.0,3.0,7.0,0.0,3.0,2.0,1.0,2.0,3.0,2.0,3.0,1.0,3.0,4.0,4.0,1.0,3.0,2.0,0.0,,0.0,,,5.0,1.0,1.0,1.0,0.0,3.0,1.0,2.0,10.0,31.0,3.0,1.0,,1.0,0.0,68.0,87.0,76.0,,0.0,0.0,0.03,0.52,0.27,4.04,35.2,11.35,0.034,0.85,0.411,2.25,34.01,30.37,32.24,94.19,8.78,104.17,90.03,0.84,,3.23,48.7,0.0,,297.0,0.261,17.99,3.737,15.96,0.116,1.212,6.62,48.09,45.01,76.9,1.57,1.296,,13.66,2.471,8.174,105.6,1.164,1.34,,4.902,62.1,1.365,13.984,4.972,103.05,,0.464,,121.71,1.207,23.49,71.15,0.932,452.9,5.95,32.8,0
54.0,0.0,37.0,4.0,1.0,,44.0,,24.0,68.9,118.0,59.8,37.0,15.0,77.0,79.2,26.6019,93.0,173.0,89.0,13.5,21.5,1.3,1.5,7.3,7.4,8.3,,21.5,17.3,0.9,0.8,3.6,2.2,2.2,2.0,29.5,19.4,23.2,38.9,6315.0,22.2,18.8,46.4,30.2,492.0,253.0,323.0,229.0,203.0,1.793392,1.495406,-1.006,169.649295,3.67,,4.0,,4.0,301.0,3.0,4.0,18.0,335.0,,3.0,4.0,7.0,1.0,7.0,0.0,3.0,3.0,3.0,,,0.0,8.0,3.0,2.0,3.0,2.0,2.0,2.0,2.0,0.0,2.0,,,,7.0,8.0,8.0,6.0,0.0,6.0,1.0,13.0,0.0,8.0,1.0,3.0,2.0,1.0,2.0,0.0,1.0,2.0,3.0,1.0,5.0,1.0,5.0,,,,23.0,4.0,,2.0,2.0,3.0,2.0,,4.0,2.0,1.0,0.0,16.0,8.0,0.0,1.0,0.0,1.0,,51.0,,79.0,,0.0,0.02,0.21,0.0,0.02,49.34,16.24,0.03,0.294,0.428,2.49,30.53,30.91,32.92,93.89,11.74,,79.0,0.41,5.1,5.22,64.1,0.0,0.0,415.6,,16.02,5.255,13.82,0.092,1.665,8.14,11.96,43.33,62.1,2.101,1.023,42.9,7.02,2.362,3.313,62.7,1.134,1.46,39.8,4.47,26.1,2.482,17.248,3.241,23.11,204.3,0.578,,,2.873,7.76,75.18,3.469,398.2,4.84,76.3,0
61.0,0.0,39.0,2.0,3.0,,40.0,7.0,,75.1,127.9,75.9,20.0,12.0,72.0,48.4,19.3909,101.0,158.0,80.0,17.3,12.0,1.6,2.9,5.9,7.0,6.0,7.3,28.7,16.7,0.7,0.9,1.9,1.7,2.0,2.4,20.7,11.4,28.4,20.3,4637.0,34.3,,37.4,27.2,810.0,466.0,403.0,333.0,314.0,4.543834,2.792157,1.372,533.171843,2.24,3.0,,5.0,1.0,13.0,,,,,,1.0,4.0,1.0,0.0,5.0,0.0,1.0,3.0,2.0,,2.0,1.0,6.0,3.0,2.0,1.0,1.0,2.0,0.0,1.0,0.0,2.0,,,14.0,0.0,2.0,3.0,2.0,0.0,2.0,9.0,1.0,7.0,4.0,2.0,1.0,0.0,2.0,2.0,1.0,0.0,2.0,3.0,2.0,1.0,2.0,3.0,1.0,3.0,9.0,6.0,0.0,1.0,9.0,3.0,2.0,2.0,12.0,2.0,1.0,3.0,0.0,25.0,6.0,0.0,1.0,0.0,1.0,,36.0,,,,1.0,0.78,6.41,0.48,3.93,31.48,11.5,0.025,0.093,0.267,3.69,30.3,31.52,36.53,86.29,9.23,97.74,79.08,0.39,3.22,6.83,56.1,0.0,0.0,187.3,0.173,17.1,3.648,12.4,0.075,0.793,12.17,58.37,45.05,42.8,,0.759,49.1,13.4,2.603,3.726,65.7,0.995,3.73,83.9,,36.3,1.968,,1.822,138.88,,,,105.25,,,73.16,,,5.44,43.8,0
45.0,1.0,4.0,5.0,4.0,,,,,124.1,186.8,53.6,12.0,42.0,84.0,68.4,26.7072,118.0,160.0,81.0,44.8,41.0,3.2,7.2,6.5,7.0,6.5,10.3,43.2,44.0,2.9,1.5,4.0,2.5,2.3,1.8,30.4,12.5,29.8,22.3,5156.0,38.1,49.2,41.7,35.9,611.0,302.0,303.0,238.0,280.0,,1.986807,2.162,145.216366,,,2.0,,,18.0,,,139.0,13.0,1.0,5.0,1.0,6.0,1.0,3.0,4.0,5.0,5.0,2.0,1.0,0.0,2.0,8.0,1.0,2.0,2.0,2.0,2.0,1.0,1.0,1.0,3.0,48.015,1.0,1.0,0.0,6.0,2.0,5.0,0.0,22.0,1.0,2.0,0.0,2.0,1.0,2.0,3.0,3.0,2.0,1.0,1.0,0.0,0.0,1.0,5.0,0.0,3.0,1.0,8.0,0.0,11.0,,1.0,3.0,1.0,2.0,2.0,0.0,3.0,1.0,2.0,2.0,27.0,2.0,0.0,,0.0,0.0,,37.0,82.0,,,0.0,0.14,1.32,0.2,1.86,34.88,,0.014,0.21,0.166,1.96,18.3,34.76,38.66,89.9,8.74,122.04,87.32,0.39,3.66,8.02,74.9,,0.0,198.6,0.174,15.86,3.88,13.79,0.03,1.87,10.71,9.52,47.67,56.6,1.757,0.809,17.6,7.58,2.624,4.156,110.8,1.371,4.67,18.3,9.633,66.0,2.205,31.297,2.944,,246.7,1.103,,21.23,17.429,2.89,,0.811,509.0,6.84,82.4,0
61.0,0.0,39.0,6.0,31.0,42.0,,,15.0,93.1,139.7,54.1,22.0,11.0,103.0,79.4,35.1278,105.0,150.0,93.0,32.9,38.0,9.1,9.8,6.0,6.3,7.7,7.3,21.5,37.4,3.5,2.9,2.3,1.9,1.9,1.8,40.7,23.6,20.5,26.7,4886.0,34.8,32.4,36.3,29.0,799.0,463.0,458.0,334.0,421.0,2.842602,2.507672,0.876,,,,,6.0,2.0,354.0,3.0,,195.0,202.0,2.0,,3.0,7.0,5.0,,4.0,10.0,6.0,2.0,2.0,0.0,1.0,8.0,4.0,,3.0,2.0,,1.0,0.0,1.0,3.0,,1.0,4.0,2.0,,6.0,7.0,8.0,29.0,8.0,2.0,4.0,7.0,2.0,2.0,3.0,2.0,3.0,1.0,1.0,0.0,3.0,1.0,4.0,0.0,5.0,1.0,1.0,1.0,16.0,0.0,,0.0,6.0,3.0,2.0,,2.0,2.0,2.0,0.0,28.0,,0.0,,0.0,0.0,64.0,74.0,,,1.0,1.0,0.2,1.72,0.6,5.28,42.24,13.03,0.031,0.803,0.327,1.45,12.65,,30.85,88.94,9.14,98.8,83.56,0.56,4.87,8.63,75.5,0.0,0.0,188.7,0.172,16.26,4.749,14.0,0.113,0.948,11.43,13.2,40.52,54.0,,0.582,28.6,17.61,2.406,4.529,51.3,1.123,3.47,22.3,10.333,61.4,1.588,18.681,2.142,110.29,,0.858,,,1.493,14.67,73.72,2.226,,,74.5,0
64.0,0.0,39.0,2.0,64.0,,,,,79.0,160.3,93.9,25.0,27.0,77.0,89.9,26.1853,87.0,185.0,88.0,37.0,21.3,2.2,5.3,6.9,7.3,7.9,10.0,37.8,34.0,2.4,1.3,1.8,3.2,4.0,3.1,27.1,18.2,24.2,33.4,5350.0,39.2,37.4,41.2,26.4,474.0,249.0,294.0,198.0,242.0,2.902857,2.786743,1.326,344.144063,2.17,,1.0,3.0,4.0,24.0,,3.0,11.0,218.0,,3.0,4.0,5.0,1.0,7.0,0.0,1.0,5.0,2.0,3.0,1.0,0.0,5.0,3.0,2.0,1.0,1.0,1.0,0.0,2.0,0.0,1.0,,,0.0,8.0,1.0,26.0,0.0,1.0,3.0,1.0,7.0,0.0,8.0,1.0,4.0,1.0,4.0,3.0,1.0,1.0,2.0,3.0,1.0,2.0,2.0,3.0,,1.0,9.0,20.0,0.0,1.0,1.0,0.0,2.0,3.0,3.0,3.0,2.0,2.0,9.0,18.0,10.0,0.0,0.0,0.0,1.0,92.0,,,,,1.0,,0.02,0.12,3.26,52.9,16.39,0.01,0.118,0.166,1.25,35.0,30.94,30.97,99.9,9.63,118.89,94.52,0.18,5.0,2.03,56.7,,,240.3,0.232,19.68,5.296,14.75,0.029,0.894,3.57,36.04,47.74,106.6,1.969,0.817,,0.2,2.307,6.659,100.9,0.781,1.48,88.1,4.438,35.0,2.517,17.17,4.527,19.79,,1.34,,142.47,,10.58,66.39,2.598,509.5,9.14,81.8,0
55.0,1.0,7.0,2.0,5.0,,39.0,,17.0,65.5,110.4,,31.0,56.0,73.0,117.0,32.9835,94.0,188.0,99.0,20.6,30.8,1.4,4.1,13.6,16.5,12.6,17.8,25.4,26.6,1.4,0.7,3.4,2.7,4.5,2.3,14.8,,42.5,38.4,13265.0,26.4,,78.8,47.6,471.0,234.0,,193.0,171.0,3.755641,3.605415,2.383,670.825204,4.29,,,,,,4.0,,222.0,415.0,,2.0,0.0,6.0,5.0,6.0,5.0,,4.0,3.0,1.0,3.0,0.0,6.0,1.0,4.0,1.0,1.0,1.0,2.0,1.0,0.0,2.0,8.279,,0.0,,7.0,2.0,5.0,0.0,13.0,6.0,2.0,3.0,2.0,1.0,4.0,2.0,0.0,4.0,2.0,4.0,1.0,3.0,2.0,5.0,0.0,4.0,,,21.0,9.0,1.0,,8.0,0.0,2.0,3.0,8.0,3.0,3.0,3.0,0.0,29.0,4.0,1.0,1.0,0.0,1.0,,,,46.0,0.0,0.0,0.01,0.14,0.62,10.83,36.34,14.12,0.023,0.981,0.56,1.5,26.04,33.15,38.85,85.34,8.61,89.95,74.5,0.35,6.02,3.27,57.0,0.0,0.0,140.3,0.121,,4.258,15.0,0.054,1.229,5.74,69.31,,134.2,1.639,0.712,,1.27,2.231,4.137,,0.911,,136.3,7.271,,,28.688,2.574,173.62,,1.229,,128.59,14.809,7.95,77.14,,412.4,6.86,58.2,0
55.0,1.0,31.0,1.0,44.0,3.0,49.0,8.0,15.0,104.7,173.9,63.1,46.0,25.0,91.0,74.4,24.0382,95.0,176.0,94.0,34.7,12.9,2.9,1.6,17.0,13.3,15.7,13.3,21.4,17.4,1.1,0.5,4.9,2.6,4.5,4.5,16.4,12.9,41.5,36.4,9717.0,13.6,19.3,76.4,58.3,444.0,229.0,238.0,182.0,119.0,6.034753,4.34997,2.449,689.729407,,,2.0,,,31.0,,,213.0,10.0,3.0,,3.0,7.0,5.0,4.0,0.0,4.0,5.0,2.0,1.0,0.0,1.0,5.0,2.0,1.0,1.0,1.0,1.0,0.0,0.0,0.0,1.0,,0.0,8.0,0.0,0.0,0.0,1.0,7.0,3.0,6.0,5.0,3.0,0.0,1.0,2.0,0.0,1.0,2.0,1.0,2.0,4.0,5.0,3.0,4.0,0.0,3.0,,77.0,27.0,,4.0,,4.0,6.0,1.0,2.0,3.0,4.0,2.0,3.0,0.0,23.0,2.0,0.0,1.0,0.0,0.0,63.0,56.0,,,,0.0,0.01,0.25,0.11,2.73,42.1,12.63,0.044,0.319,0.233,1.15,28.94,24.71,30.0,82.37,9.16,99.88,,,21.49,,46.6,0.0,0.0,405.9,0.372,15.64,5.11,12.54,0.114,0.783,3.97,,48.41,,,1.376,16.1,0.83,,7.967,89.3,1.381,1.23,10.8,3.921,28.7,2.487,13.159,4.3,40.55,,,,96.65,17.374,6.53,63.9,0.889,506.6,5.8,51.7,0
44.0,1.0,15.0,4.0,4.0,,,8.0,,92.4,173.2,,37.0,55.0,88.0,81.7,23.6646,90.0,186.0,90.0,25.4,30.8,1.9,2.4,,11.6,11.9,13.2,22.6,16.5,0.8,1.7,2.1,2.9,4.4,4.4,14.3,10.0,42.4,36.4,5427.0,22.7,16.4,49.4,56.5,792.0,419.0,335.0,244.0,304.0,2.479689,2.380502,-1.009,130.82383,1.79,,5.0,,3.0,,4.0,,144.0,14.0,,4.0,5.0,6.0,1.0,6.0,0.0,1.0,4.0,3.0,0.0,0.0,0.0,9.0,2.0,1.0,1.0,2.0,2.0,1.0,0.0,1.0,3.0,,0.0,0.0,,5.0,7.0,2.0,0.0,9.0,3.0,1.0,1.0,1.0,1.0,2.0,2.0,0.0,0.0,2.0,2.0,1.0,5.0,3.0,5.0,2.0,,,19.0,17.0,0.0,1.0,1.0,3.0,9.0,3.0,2.0,0.0,4.0,1.0,3.0,0.0,,33.0,0.0,0.0,0.0,,,37.0,,,,0.0,0.0,0.0,0.08,0.73,47.36,12.53,0.009,0.334,0.427,2.68,25.56,,26.45,93.78,12.22,110.41,82.43,0.56,5.36,7.17,68.3,0.0,0.0,,0.177,16.51,5.05,13.3,0.056,1.415,10.5,,42.67,131.2,,0.603,22.5,60.7,2.302,3.333,57.1,1.011,1.6,168.4,6.032,35.5,2.373,23.517,2.059,89.08,,1.095,,39.76,19.068,19.75,73.26,1.441,294.0,6.47,62.8,0
43.0,1.0,7.0,4.0,,32.0,11.0,3.0,14.0,85.5,148.6,87.0,43.0,21.0,82.0,141.2,39.6823,87.0,189.0,95.0,48.8,29.6,8.0,4.3,13.7,11.5,9.5,9.5,22.2,35.0,3.1,1.0,4.8,3.3,,4.6,28.5,10.8,26.3,33.6,7380.0,23.6,32.4,78.8,49.4,676.0,,378.0,315.0,193.0,6.042613,4.688108,3.099,663.16067,,,2.0,7.0,5.0,35.0,,6.0,,156.0,,3.0,4.0,1.0,1.0,6.0,0.0,1.0,4.0,1.0,,1.0,0.0,7.0,4.0,2.0,1.0,2.0,2.0,0.0,1.0,1.0,3.0,,0.0,16.0,2.0,,9.0,5.0,5.0,34.0,5.0,11.0,0.0,6.0,3.0,1.0,0.0,2.0,1.0,2.0,1.0,0.0,3.0,4.0,5.0,0.0,2.0,23.0,18.0,,9.0,0.0,,7.0,7.0,2.0,4.0,0.0,2.0,1.0,1.0,8.0,22.0,2.0,0.0,0.0,0.0,0.0,,,72.0,65.0,,0.0,0.1,1.2,0.57,6.75,47.26,12.54,0.008,0.516,0.152,1.8,21.4,25.38,26.53,95.67,8.79,102.66,92.59,0.19,2.27,5.75,68.4,0.0,0.0,134.0,0.118,16.92,4.94,13.05,0.024,0.575,8.42,68.38,47.31,131.3,1.83,0.588,43.9,1.03,2.551,3.96,102.2,0.832,4.77,174.3,7.702,42.3,0.965,31.239,3.719,11.08,,,,35.7,11.942,25.86,73.13,1.368,192.3,6.76,22.2,0
67.0,0.0,4.0,2.0,0.0,21.0,51.0,,,,126.7,50.7,15.0,24.0,119.0,71.2,28.2553,126.0,159.0,82.0,41.5,46.4,4.2,2.4,8.2,6.0,6.1,5.9,31.4,46.7,1.1,2.7,2.1,1.8,1.8,,42.3,11.1,20.8,19.9,5021.0,34.5,25.5,36.3,28.7,459.0,241.0,153.0,209.0,199.0,1.916063,1.538758,1.938,277.937169,4.05,,,,,11.0,,3.0,200.0,,3.0,4.0,1.0,5.0,5.0,4.0,0.0,0.0,7.0,1.0,,1.0,1.0,7.0,2.0,3.0,2.0,2.0,1.0,0.0,1.0,1.0,1.0,,0.0,0.0,,5.0,8.0,4.0,0.0,2.0,7.0,5.0,0.0,10.0,3.0,2.0,0.0,3.0,0.0,1.0,1.0,1.0,3.0,2.0,3.0,2.0,3.0,,0.0,0.0,0.0,,,,,1.0,2.0,6.0,5.0,3.0,2.0,0.0,,15.0,0.0,,0.0,0.0,,87.0,91.0,85.0,,0.0,0.01,,0.46,6.38,38.56,11.84,0.015,0.093,0.316,2.33,,25.51,30.7,83.07,9.97,93.53,80.58,0.5,6.92,3.89,54.2,0.0,0.0,248.0,0.247,16.62,4.642,,0.084,0.948,7.17,11.74,44.64,90.0,0.949,1.656,13.3,11.58,2.278,8.309,49.5,0.847,3.87,164.2,8.716,32.2,0.94,23.026,5.823,20.07,,,,39.19,1.505,20.78,,1.001,194.0,7.41,77.3,0
41.0,0.0,29.0,2.0,,20.0,,4.0,14.0,67.6,112.4,57.9,33.0,15.0,79.0,62.9,24.4102,94.0,161.0,80.0,41.0,23.5,2.1,1.2,7.5,7.6,5.9,9.9,15.5,39.9,0.6,0.6,2.4,2.3,2.1,2.3,22.2,9.9,24.1,25.0,6165.0,23.6,9.0,36.1,30.5,662.0,370.0,285.0,254.0,178.0,6.009548,4.300212,2.379,358.707421,,,,1.0,,175.0,,,,13.0,5.0,2.0,3.0,1.0,3.0,3.0,6.0,5.0,2.0,2.0,2.0,0.0,0.0,8.0,1.0,,3.0,3.0,2.0,1.0,0.0,1.0,2.0,,0.0,1.0,0.0,1.0,0.0,2.0,0.0,7.0,2.0,0.0,1.0,2.0,1.0,2.0,3.0,1.0,2.0,2.0,1.0,5.0,0.0,2.0,4.0,2.0,4.0,1.0,,0.0,,,1.0,9.0,2.0,6.0,2.0,5.0,4.0,2.0,3.0,5.0,27.0,41.0,1.0,1.0,0.0,0.0,,,,91.0,,1.0,0.02,0.28,0.08,1.28,40.55,16.9,0.005,0.89,0.346,3.59,56.39,33.36,41.68,80.02,8.04,94.83,81.69,0.35,5.48,2.33,36.6,0.0,0.0,372.0,0.299,17.5,5.067,15.57,0.035,0.738,6.36,15.03,47.19,44.3,,1.302,16.2,18.19,2.287,5.217,55.2,0.795,1.09,6.1,4.865,38.5,2.254,30.277,5.362,17.76,,1.475,,143.5,1.252,6.31,64.66,,272.3,5.64,15.3,0
65.0,0.0,12.0,2.0,10.0,,44.0,5.0,16.0,85.7,135.1,84.8,29.0,34.0,81.0,81.3,31.6441,96.0,160.0,80.0,44.1,29.2,3.0,4.0,6.3,12.8,7.0,7.3,40.9,33.7,1.3,1.6,3.4,1.8,3.7,2.1,32.2,14.4,34.2,34.1,6667.0,24.6,32.5,48.8,36.7,702.0,454.0,452.0,321.0,322.0,3.987095,2.581952,0.458,325.916675,,,,3.0,,259.0,6.0,,,101.0,3.0,3.0,0.0,7.0,1.0,7.0,0.0,0.0,2.0,3.0,,0.0,0.0,7.0,4.0,3.0,1.0,3.0,2.0,1.0,0.0,0.0,3.0,,0.0,0.0,6.0,4.0,0.0,1.0,0.0,1.0,1.0,2.0,6.0,5.0,3.0,1.0,1.0,2.0,3.0,1.0,2.0,1.0,2.0,1.0,5.0,0.0,5.0,,,,,,,7.0,0.0,4.0,2.0,13.0,2.0,3.0,3.0,10.0,,2.0,0.0,1.0,1.0,,66.0,91.0,,,1.0,0.0,0.2,5.03,0.03,0.84,33.65,13.21,0.009,0.356,0.272,0.92,23.77,33.91,39.25,86.39,11.54,88.64,76.09,0.31,8.11,2.41,62.2,0.0,0.0,257.3,0.297,17.86,3.895,14.4,0.031,0.75,3.88,11.93,44.62,120.9,2.041,1.25,48.1,0.31,2.385,6.804,103.7,1.187,4.71,42.9,8.131,61.1,1.002,32.768,4.206,20.95,,0.818,,116.29,0.88,11.17,69.04,2.755,212.4,3.7,80.7,0
41.0,0.0,41.0,1.0,79.0,2.0,,8.0,,78.6,124.9,62.2,22.0,42.0,83.0,56.0,23.2097,101.0,155.0,86.0,19.7,15.9,3.6,3.4,7.1,11.1,6.8,12.9,28.7,33.1,1.1,1.7,3.4,3.2,2.3,3.7,24.6,18.2,27.5,26.8,,22.3,13.9,42.0,42.3,641.0,409.0,380.0,239.0,311.0,1.962243,1.883754,,358.292846,3.12,,,,2.0,40.0,,,29.0,17.0,2.0,3.0,2.0,5.0,6.0,2.0,0.0,0.0,8.0,3.0,1.0,0.0,1.0,9.0,4.0,2.0,1.0,2.0,1.0,0.0,0.0,1.0,3.0,5.039,1.0,0.0,1.0,4.0,1.0,1.0,0.0,7.0,0.0,6.0,5.0,9.0,3.0,2.0,3.0,1.0,5.0,4.0,4.0,2.0,4.0,1.0,3.0,1.0,2.0,24.0,,26.0,23.0,1.0,,2.0,2.0,3.0,3.0,0.0,2.0,2.0,2.0,12.0,18.0,16.0,0.0,1.0,1.0,,,61.0,87.0,74.0,,0.0,0.01,0.12,0.06,0.5,48.66,,0.0,0.178,0.223,3.3,28.27,29.59,31.1,95.17,7.69,110.91,87.21,,6.55,7.55,64.6,0.0,0.0,311.8,0.24,15.54,,12.72,0.042,0.091,11.69,27.45,40.64,72.6,2.129,1.752,41.8,1.14,2.607,7.573,108.9,1.121,2.04,15.1,3.999,33.3,1.669,19.484,5.041,81.23,,1.522,,44.12,0.986,51.74,71.34,2.679,259.2,6.33,,0
44.0,0.0,2.0,2.0,16.0,35.0,12.0,,15.0,99.1,187.7,71.9,15.0,13.0,102.0,58.1,21.9679,126.0,163.0,91.0,37.7,36.6,8.0,7.3,13.3,9.3,6.1,6.3,46.6,44.1,0.8,2.4,3.9,3.6,2.2,2.4,43.3,23.2,33.2,41.1,5097.0,30.3,20.9,74.4,43.6,751.0,461.0,418.0,267.0,323.0,5.347586,2.370628,2.225,325.758065,4.13,3.0,2.0,,,,,,,10.0,4.0,4.0,2.0,0.0,6.0,6.0,0.0,0.0,2.0,1.0,1.0,4.0,1.0,8.0,3.0,2.0,1.0,3.0,,0.0,1.0,1.0,4.0,82.236,0.0,0.0,0.0,6.0,0.0,6.0,4.0,20.0,5.0,2.0,5.0,7.0,3.0,3.0,2.0,2.0,5.0,1.0,1.0,2.0,5.0,2.0,4.0,2.0,3.0,,6.0,,,,,7.0,0.0,3.0,3.0,,6.0,,3.0,0.0,15.0,22.0,0.0,0.0,0.0,,,80.0,69.0,,,1.0,0.19,1.82,0.09,0.83,45.69,,0.034,0.504,0.212,2.4,22.75,31.48,36.31,,12.46,,71.84,0.32,3.03,7.55,71.6,0.0,0.0,330.1,0.411,16.34,5.27,16.92,0.123,2.746,10.55,41.15,50.01,45.9,1.192,1.357,,0.9,,7.932,28.6,0.65,,176.9,9.026,48.5,1.266,13.875,5.581,5.28,,,,,1.371,,72.47,1.997,124.4,2.94,51.7,0
69.0,1.0,34.0,2.0,,1.0,,,17.0,103.2,144.7,97.8,20.0,19.0,105.0,86.5,24.1521,101.0,189.0,85.0,16.7,22.6,3.5,4.3,8.2,9.3,12.4,9.0,23.2,37.1,0.9,0.9,2.4,2.8,2.8,2.4,39.6,5.7,27.8,24.2,6253.0,20.3,17.8,61.6,40.7,546.0,313.0,314.0,253.0,289.0,3.339837,2.415328,-0.205,616.804992,2.36,3.0,,3.0,3.0,,,,,85.0,,6.0,3.0,1.0,2.0,6.0,0.0,1.0,1.0,2.0,,2.0,1.0,10.0,1.0,3.0,1.0,2.0,2.0,0.0,1.0,2.0,3.0,,0.0,11.0,7.0,4.0,2.0,4.0,2.0,20.0,5.0,1.0,0.0,0.0,3.0,1.0,2.0,3.0,0.0,2.0,1.0,4.0,4.0,1.0,5.0,2.0,3.0,,6.0,14.0,0.0,,0.0,6.0,6.0,1.0,2.0,,3.0,1.0,2.0,11.0,15.0,9.0,0.0,0.0,,0.0,,44.0,79.0,34.0,,0.0,0.13,1.33,0.46,4.71,30.22,12.11,0.012,0.889,0.386,1.81,18.6,32.1,40.09,80.09,9.0,111.34,86.52,0.7,7.16,6.63,68.2,0.0,0.0,206.5,,17.26,3.773,14.69,0.045,1.263,9.72,31.56,45.5,123.5,1.321,0.587,,1.32,2.193,3.374,87.1,1.141,,112.9,3.922,31.9,0.996,13.938,2.51,13.26,,1.22,,,16.985,5.75,82.68,2.021,280.8,7.03,18.5,0
45.0,0.0,36.0,2.0,6.0,,,10.0,20.0,97.6,168.7,80.9,27.0,42.0,96.0,59.5,24.1635,96.0,157.0,92.0,24.2,41.9,6.3,8.5,11.3,6.0,6.0,12.5,42.3,38.6,3.1,3.0,4.6,2.6,2.1,3.5,40.3,21.6,37.6,22.5,8456.0,38.9,42.9,73.7,54.8,653.0,424.0,415.0,315.0,303.0,2.480931,2.381694,2.329,515.529641,,,,3.0,,29.0,3.0,3.0,,416.0,3.0,4.0,2.0,7.0,5.0,6.0,1.0,4.0,4.0,3.0,2.0,1.0,0.0,6.0,4.0,2.0,1.0,1.0,1.0,0.0,0.0,0.0,3.0,66.321,,0.0,0.0,1.0,1.0,2.0,,12.0,4.0,6.0,7.0,2.0,2.0,1.0,0.0,3.0,3.0,2.0,4.0,2.0,3.0,3.0,3.0,2.0,4.0,2.0,5.0,13.0,,0.0,1.0,1.0,2.0,3.0,2.0,,3.0,2.0,5.0,10.0,13.0,3.0,,1.0,0.0,0.0,,,,47.0,,1.0,0.11,2.38,0.29,6.16,48.01,16.09,0.033,0.378,,2.42,,32.78,33.51,97.81,12.29,116.81,95.81,0.19,,1.75,36.7,0.0,,404.0,0.496,16.09,4.909,13.09,0.12,,4.77,54.86,42.32,83.7,2.176,0.752,,0.54,2.414,4.658,,0.818,,144.4,4.06,,2.275,10.752,1.802,116.91,,1.257,,32.5,1.92,4.78,64.06,,167.7,3.4,28.5,0
50.0,0.0,16.0,6.0,31.0,,,1.0,,62.9,117.6,89.6,17.0,21.0,115.0,85.4,28.2425,127.0,174.0,85.0,47.8,51.6,7.8,9.5,11.0,7.0,9.0,5.8,47.9,41.0,3.9,2.2,2.9,2.6,2.4,2.1,48.9,15.7,21.4,28.4,8791.0,48.9,73.6,48.8,28.4,575.0,251.0,332.0,289.0,,2.249235,1.237329,-0.775,99.245302,4.15,5.0,3.0,,,36.0,3.0,,,308.0,2.0,,1.0,2.0,0.0,7.0,0.0,4.0,7.0,2.0,1.0,0.0,1.0,5.0,3.0,2.0,1.0,2.0,,1.0,0.0,0.0,4.0,18.209,0.0,0.0,5.0,5.0,0.0,2.0,0.0,5.0,5.0,2.0,0.0,2.0,3.0,2.0,5.0,3.0,3.0,2.0,0.0,3.0,3.0,4.0,3.0,1.0,2.0,22.0,20.0,,,2.0,1.0,2.0,1.0,3.0,3.0,0.0,2.0,,5.0,64.0,27.0,26.0,0.0,1.0,0.0,0.0,,58.0,,85.0,0.0,1.0,0.09,1.42,0.15,2.46,38.11,15.44,0.006,0.095,0.251,1.04,16.84,37.08,40.51,91.53,9.4,121.03,88.92,0.22,3.52,4.68,75.8,0.0,0.0,243.2,0.228,17.33,4.163,12.25,0.114,0.534,6.17,19.21,47.95,140.5,1.671,,16.5,0.8,2.386,3.976,88.7,0.771,1.53,25.3,4.868,33.1,,15.334,1.873,,,1.354,,27.02,2.312,4.17,72.62,5.099,238.1,3.84,62.8,0
39.0,1.0,37.0,5.0,6.0,19.0,10.0,2.0,16.0,,135.0,48.2,74.0,65.0,88.0,92.7,25.3953,98.0,191.0,103.0,41.8,43.8,3.6,3.2,14.0,13.8,12.9,13.4,50.8,36.4,1.2,0.5,4.1,6.2,5.3,4.7,37.0,23.3,48.4,41.8,13234.0,38.0,22.3,80.7,59.5,672.0,353.0,277.0,318.0,237.0,5.959829,4.436709,3.414,,,,,,,179.0,3.0,,,45.0,4.0,4.0,1.0,,7.0,,0.0,1.0,5.0,1.0,3.0,1.0,1.0,9.0,4.0,3.0,3.0,2.0,1.0,1.0,1.0,0.0,4.0,,0.0,0.0,0.0,8.0,5.0,6.0,5.0,10.0,3.0,0.0,0.0,5.0,2.0,1.0,0.0,2.0,3.0,5.0,0.0,0.0,1.0,2.0,5.0,1.0,4.0,0.0,1.0,,0.0,0.0,,0.0,1.0,1.0,4.0,1.0,4.0,2.0,4.0,4.0,22.0,4.0,,1.0,,1.0,87.0,,,71.0,,1.0,0.08,2.14,0.16,4.22,37.69,12.52,,0.138,,0.83,22.25,29.67,33.23,89.3,9.18,89.94,75.92,0.33,8.92,2.34,62.5,0.0,0.0,208.9,0.192,17.64,4.221,13.26,,0.676,3.74,28.02,40.26,93.7,,1.45,,8.41,2.377,9.925,47.3,0.741,1.08,19.0,5.198,43.6,1.487,12.819,5.077,115.02,,0.841,,32.25,13.592,21.64,,1.262,162.4,4.22,13.6,0
62.0,0.0,16.0,1.0,,,44.0,,15.0,69.0,96.6,,14.0,21.0,116.0,69.1,29.2002,123.0,154.0,82.0,46.3,40.3,6.7,4.1,6.5,6.8,7.5,6.3,18.8,38.4,0.7,0.9,1.8,2.2,3.0,1.6,31.6,,20.6,29.2,7743.0,47.8,33.5,41.5,31.6,529.0,335.0,235.0,169.0,175.0,2.095724,1.335616,,165.383381,4.09,,,3.0,5.0,38.0,,,,11.0,3.0,,4.0,2.0,2.0,6.0,0.0,1.0,1.0,1.0,1.0,0.0,0.0,10.0,3.0,2.0,1.0,3.0,2.0,1.0,1.0,2.0,3.0,10.725,0.0,,,3.0,7.0,36.0,0.0,5.0,2.0,0.0,2.0,1.0,3.0,2.0,4.0,1.0,1.0,2.0,3.0,1.0,2.0,2.0,4.0,2.0,3.0,1.0,,0.0,17.0,0.0,0.0,3.0,1.0,2.0,2.0,0.0,3.0,1.0,1.0,0.0,19.0,3.0,0.0,1.0,1.0,0.0,,,,85.0,0.0,0.0,0.15,1.7,,0.92,41.43,14.42,0.04,0.981,0.38,0.97,11.24,32.86,34.82,94.37,8.27,118.53,84.7,0.35,4.05,7.11,82.1,0.0,0.0,173.7,0.144,16.48,4.39,13.15,0.04,,8.66,,,87.1,1.545,,17.5,6.23,2.266,6.988,115.1,1.393,1.02,8.1,,32.6,1.184,33.429,2.995,48.23,,0.949,,126.06,,4.09,72.59,1.223,625.9,19.15,42.0,0
47.0,0.0,14.0,3.0,,2.0,8.0,,21.0,107.3,132.4,97.1,24.0,15.0,101.0,56.2,22.847,129.0,157.0,93.0,39.8,27.0,2.1,8.7,5.9,6.1,6.1,6.6,17.0,25.4,1.2,2.5,1.9,2.6,3.5,2.0,27.6,19.6,20.5,34.2,5942.0,43.6,14.3,42.9,35.2,452.0,240.0,233.0,223.0,168.0,1.75512,1.081705,,152.05418,,3.0,,,3.0,9.0,2.0,,20.0,24.0,1.0,,0.0,1.0,0.0,0.0,0.0,0.0,1.0,2.0,1.0,,0.0,7.0,4.0,3.0,1.0,2.0,1.0,1.0,0.0,1.0,1.0,,0.0,0.0,3.0,1.0,10.0,1.0,0.0,1.0,4.0,0.0,34.0,2.0,3.0,1.0,1.0,2.0,2.0,3.0,2.0,1.0,2.0,1.0,5.0,2.0,2.0,1.0,1.0,5.0,30.0,,0.0,9.0,0.0,2.0,1.0,0.0,4.0,3.0,3.0,1.0,18.0,2.0,,,,0.0,,,101.0,,,0.0,0.01,0.09,,0.76,45.48,14.03,0.04,0.689,0.281,1.86,17.97,30.76,30.85,99.72,9.85,110.9,81.97,0.77,7.44,7.63,73.8,0.0,0.0,244.9,0.241,16.07,4.56,13.44,0.043,2.662,10.35,14.32,48.77,62.0,1.283,0.519,16.2,8.41,2.588,3.784,110.5,,1.03,15.2,3.747,46.3,1.089,35.861,2.203,87.29,,1.088,,21.12,0.936,5.15,77.03,1.134,511.8,,102.7,0
65.0,1.0,1.0,2.0,4.0,,31.0,,15.0,,138.9,75.5,54.0,55.0,80.0,88.2,,102.0,184.0,97.0,16.5,13.0,1.4,2.8,12.8,13.0,10.4,9.5,19.8,18.3,0.4,1.1,4.4,5.7,4.3,4.4,25.8,6.2,30.4,41.2,9918.0,15.0,18.9,74.5,56.1,436.0,257.0,228.0,,208.0,,4.603003,2.439,693.142347,4.31,,5.0,,,350.0,,2.0,,20.0,,,2.0,4.0,5.0,7.0,0.0,1.0,2.0,,,0.0,1.0,5.0,4.0,2.0,1.0,2.0,2.0,0.0,2.0,0.0,3.0,12.616,0.0,,2.0,1.0,3.0,1.0,8.0,36.0,1.0,1.0,1.0,0.0,3.0,3.0,2.0,2.0,2.0,1.0,3.0,2.0,2.0,4.0,5.0,2.0,2.0,2.0,2.0,,4.0,,,,9.0,3.0,2.0,0.0,5.0,1.0,3.0,0.0,6.0,20.0,1.0,1.0,,,,76.0,80.0,64.0,,0.0,0.02,0.17,0.65,6.6,34.06,11.51,0.04,1.0,0.403,3.58,36.39,30.79,33.78,91.15,8.16,98.52,88.69,0.91,9.21,4.68,47.6,0.0,0.0,221.9,0.181,16.62,3.737,,0.098,2.506,9.83,65.22,49.69,47.3,,1.476,48.5,17.56,2.199,8.023,91.4,0.679,1.61,189.4,,31.3,2.235,25.177,,,,1.035,,16.43,12.18,67.04,78.58,1.475,477.6,8.26,43.6,0
69.0,0.0,5.0,5.0,3.0,39.0,37.0,2.0,22.0,97.3,170.0,,12.0,15.0,105.0,47.6,21.1219,91.0,150.0,78.0,40.7,47.0,2.6,2.9,6.5,5.9,6.2,4.4,14.1,24.7,2.4,0.5,1.7,,1.7,1.7,20.1,14.6,20.3,19.5,3944.0,23.6,17.8,37.0,28.4,807.0,451.0,887.0,374.0,323.0,1.303204,0.136118,-3.64,22.231187,1.57,,,3.0,1.0,113.0,,4.0,94.0,97.0,,4.0,2.0,2.0,5.0,7.0,0.0,3.0,8.0,2.0,1.0,,2.0,9.0,3.0,3.0,2.0,1.0,1.0,0.0,0.0,0.0,3.0,12.277,0.0,15.0,0.0,1.0,1.0,6.0,4.0,5.0,10.0,2.0,1.0,3.0,1.0,1.0,2.0,3.0,2.0,1.0,2.0,1.0,3.0,1.0,5.0,2.0,4.0,9.0,1.0,,22.0,3.0,1.0,1.0,9.0,1.0,1.0,0.0,1.0,3.0,5.0,,27.0,1.0,0.0,1.0,0.0,,,44.0,72.0,85.0,,0.0,0.08,1.16,,8.67,47.88,16.18,0.008,0.114,0.235,3.02,43.67,32.98,33.79,97.59,15.03,95.98,74.77,0.97,14.06,2.24,,,,138.0,0.207,16.61,4.907,13.55,0.031,,6.91,18.73,,80.1,1.152,0.698,28.8,6.41,2.196,3.338,114.3,1.298,1.02,11.5,6.07,29.4,0.811,,1.919,7.96,,1.273,,95.39,2.115,15.01,,0.656,447.9,6.58,97.8,0
61.0,0.0,2.0,1.0,59.0,,,,16.0,106.1,143.5,67.1,16.0,31.0,96.0,104.7,41.4461,118.0,159.0,81.0,44.8,41.0,1.8,8.3,8.4,6.5,,6.0,54.0,42.0,3.6,3.6,1.7,2.0,1.8,1.7,35.4,12.8,21.3,22.0,4677.0,34.3,43.5,38.4,29.1,724.0,332.0,292.0,308.0,,5.086111,4.113084,1.843,496.095513,2.93,,,,2.0,94.0,,2.0,,277.0,1.0,,2.0,1.0,1.0,4.0,0.0,3.0,1.0,3.0,0.0,2.0,2.0,6.0,2.0,2.0,2.0,2.0,2.0,1.0,0.0,0.0,,3.343,1.0,0.0,8.0,0.0,1.0,5.0,2.0,7.0,8.0,1.0,8.0,1.0,3.0,2.0,2.0,2.0,2.0,4.0,5.0,2.0,2.0,1.0,4.0,2.0,3.0,25.0,14.0,24.0,12.0,,,2.0,0.0,1.0,4.0,0.0,4.0,1.0,5.0,0.0,,42.0,0.0,1.0,0.0,0.0,,34.0,,,,0.0,0.09,1.07,0.0,0.01,32.2,11.54,0.012,0.192,0.256,1.87,21.96,31.82,35.84,88.78,,117.81,85.45,0.22,2.6,6.33,74.4,0.0,0.0,215.7,0.264,15.93,3.627,12.56,0.042,0.778,8.51,29.89,45.77,101.0,2.288,,34.2,13.82,2.337,4.814,52.6,0.686,,19.9,4.537,,2.498,13.485,4.963,31.6,228.7,0.804,,142.99,1.831,13.28,70.5,1.192,383.4,6.48,36.1,0
52.0,1.0,0.0,2.0,,,,,,74.6,105.9,,25.0,24.0,85.0,93.4,28.773,105.0,180.0,97.0,42.5,26.7,8.0,2.8,10.8,8.5,11.4,13.4,29.4,32.9,1.0,3.4,1.9,2.9,3.5,2.5,30.3,8.3,40.8,35.9,6012.0,24.0,21.9,47.5,46.2,640.0,321.0,318.0,225.0,212.0,2.136554,1.719594,-0.118,98.183074,,,,,3.0,15.0,3.0,4.0,,,1.0,,2.0,0.0,0.0,7.0,0.0,0.0,4.0,1.0,1.0,0.0,0.0,9.0,3.0,2.0,1.0,2.0,1.0,0.0,1.0,0.0,3.0,39.009,0.0,10.0,0.0,6.0,7.0,1.0,0.0,28.0,3.0,9.0,2.0,2.0,1.0,1.0,2.0,2.0,4.0,0.0,1.0,1.0,3.0,1.0,5.0,0.0,3.0,,,17.0,56.0,,1.0,10.0,1.0,2.0,2.0,,2.0,1.0,3.0,8.0,14.0,1.0,,1.0,1.0,0.0,,,,,,1.0,0.09,,0.51,7.68,42.84,13.66,0.01,0.188,0.21,2.53,38.33,31.64,31.9,99.19,9.9,114.74,94.01,0.89,13.57,2.58,39.1,0.0,0.0,191.9,0.19,15.57,4.319,15.0,0.027,0.829,6.59,17.33,44.92,83.7,1.509,0.566,39.6,5.06,2.122,4.284,58.2,0.848,,192.1,7.537,50.6,1.531,15.021,2.345,76.18,,,,,15.682,,90.11,2.457,238.7,5.66,95.4,0
49.0,0.0,7.0,1.0,36.0,8.0,60.0,,,88.0,141.0,77.2,26.0,66.0,92.0,70.8,19.908,95.0,189.0,104.0,29.2,20.9,1.8,1.8,12.3,13.9,12.6,9.6,16.6,19.8,0.4,0.8,4.4,4.8,4.6,4.1,19.9,4.3,41.7,33.3,10204.0,20.4,25.4,72.3,51.5,523.0,,294.0,245.0,228.0,2.868654,1.760216,-1.177,429.917059,3.47,3.0,4.0,4.0,4.0,24.0,,,16.0,27.0,4.0,3.0,2.0,4.0,1.0,2.0,0.0,5.0,2.0,1.0,1.0,3.0,0.0,6.0,1.0,1.0,2.0,2.0,2.0,0.0,0.0,0.0,3.0,5.978,1.0,16.0,1.0,0.0,1.0,1.0,2.0,13.0,7.0,1.0,1.0,2.0,2.0,3.0,3.0,2.0,3.0,1.0,1.0,2.0,5.0,1.0,4.0,2.0,4.0,1.0,,0.0,0.0,0.0,,8.0,0.0,2.0,2.0,,5.0,1.0,4.0,0.0,21.0,3.0,0.0,1.0,1.0,0.0,,55.0,76.0,,,0.0,0.02,0.36,0.09,1.61,,,0.035,0.598,0.222,3.14,57.69,34.25,36.69,93.33,11.86,91.18,78.07,0.35,6.38,1.85,34.0,0.0,0.0,133.0,0.158,15.55,4.844,12.58,0.037,2.348,,36.59,45.6,136.0,1.129,1.106,31.1,11.54,2.428,7.038,96.6,,4.2,141.3,4.403,28.6,1.176,31.1,5.905,10.36,243.5,1.524,,99.98,2.121,6.55,77.61,1.407,,8.01,82.1,0
62.0,1.0,24.0,2.0,90.0,,42.0,4.0,19.0,66.1,137.3,60.2,27.0,34.0,65.0,84.5,23.613,116.0,189.0,96.0,20.5,12.8,1.3,,7.8,11.6,9.0,13.1,20.0,26.4,0.9,0.5,2.8,4.6,2.8,2.3,21.0,9.4,43.0,33.0,8789.0,17.8,11.1,70.8,34.6,428.0,242.0,120.0,168.0,115.0,,2.777572,,478.522264,2.83,6.0,,4.0,,300.0,3.0,4.0,175.0,29.0,2.0,3.0,2.0,2.0,4.0,1.0,0.0,1.0,0.0,2.0,1.0,0.0,1.0,6.0,2.0,2.0,1.0,1.0,1.0,0.0,0.0,1.0,,,1.0,4.0,,9.0,2.0,0.0,0.0,25.0,5.0,0.0,1.0,6.0,2.0,2.0,1.0,4.0,3.0,2.0,,1.0,4.0,1.0,5.0,0.0,4.0,2.0,,23.0,0.0,,1.0,0.0,1.0,6.0,3.0,,4.0,1.0,3.0,7.0,31.0,31.0,0.0,,0.0,1.0,,,98.0,39.0,,0.0,0.14,,0.45,7.13,41.55,14.33,0.036,0.737,0.395,1.23,19.73,27.61,34.5,80.04,10.64,91.3,74.77,0.79,,3.64,58.2,0.0,0.0,321.5,0.342,16.65,5.192,16.45,0.034,2.461,,31.9,,29.8,2.144,0.48,28.4,8.16,2.196,3.508,60.4,0.687,,108.5,4.741,28.3,1.393,28.152,1.796,,,0.918,,27.83,11.992,16.52,67.72,5.062,314.9,,,0
41.0,1.0,11.0,2.0,,0.0,21.0,,15.0,78.2,128.3,75.4,37.0,57.0,86.0,63.3,19.8285,93.0,179.0,95.0,27.6,27.5,5.7,6.4,12.3,7.3,,7.7,25.6,27.1,1.2,0.9,3.5,3.3,2.9,2.6,35.2,11.2,34.3,28.6,8803.0,24.4,21.0,54.9,42.1,539.0,282.0,327.0,229.0,235.0,4.160353,2.356686,1.535,280.52029,3.32,4.0,2.0,3.0,6.0,,,2.0,129.0,125.0,3.0,2.0,1.0,7.0,3.0,7.0,1.0,2.0,3.0,3.0,1.0,0.0,0.0,6.0,3.0,2.0,2.0,2.0,2.0,0.0,1.0,0.0,2.0,83.083,0.0,0.0,,0.0,2.0,6.0,2.0,11.0,8.0,0.0,1.0,7.0,3.0,2.0,2.0,2.0,3.0,1.0,2.0,3.0,3.0,4.0,3.0,2.0,2.0,,0.0,1.0,0.0,0.0,1.0,7.0,3.0,1.0,4.0,0.0,3.0,3.0,3.0,0.0,16.0,1.0,0.0,1.0,1.0,0.0,70.0,35.0,,42.0,,1.0,0.1,1.08,0.03,0.36,36.83,11.81,0.012,0.194,0.176,2.12,24.05,27.18,32.07,84.75,7.33,97.83,94.89,0.31,3.56,6.27,71.0,0.0,0.0,272.7,0.2,16.51,4.346,12.15,0.091,1.975,8.83,11.18,42.04,,1.708,1.087,15.3,0.64,2.26,4.472,59.2,0.685,3.82,23.0,4.079,32.7,1.167,16.942,3.26,133.52,,1.054,,,17.017,17.25,80.96,2.687,425.6,3.14,62.5,0
52.0,1.0,6.0,1.0,0.0,8.0,,,17.0,83.5,,63.3,35.0,31.0,90.0,61.4,24.4683,94.0,158.0,95.0,39.4,48.4,7.4,2.1,11.2,9.8,6.4,13.0,23.7,25.4,1.0,0.9,3.5,2.7,2.3,2.0,20.5,14.3,40.1,40.4,6409.0,37.2,26.7,61.5,44.9,560.0,334.0,369.0,253.0,259.0,3.675922,1.759668,,379.614739,3.47,,3.0,2.0,3.0,20.0,2.0,4.0,151.0,6.0,5.0,2.0,2.0,6.0,6.0,6.0,0.0,2.0,4.0,2.0,4.0,1.0,0.0,5.0,3.0,2.0,1.0,2.0,1.0,1.0,2.0,0.0,2.0,,2.0,,6.0,7.0,9.0,2.0,0.0,38.0,1.0,34.0,0.0,6.0,2.0,2.0,2.0,3.0,2.0,0.0,0.0,1.0,4.0,4.0,5.0,2.0,3.0,,10.0,,0.0,,1.0,2.0,15.0,1.0,1.0,9.0,4.0,1.0,3.0,7.0,25.0,28.0,,1.0,0.0,1.0,,93.0,77.0,,1.0,0.0,0.01,0.05,0.04,0.44,36.82,14.85,0.01,0.55,0.308,1.88,19.2,35.67,40.33,88.45,10.06,99.86,83.82,0.54,5.51,7.31,74.8,0.0,0.0,383.4,0.386,16.8,4.163,13.39,0.111,1.428,9.78,10.71,48.0,64.5,,0.746,42.5,18.13,2.351,3.529,96.2,0.812,1.52,23.4,4.859,56.8,2.439,29.639,3.645,,1133.4,1.343,,45.38,16.193,,77.9,,357.7,3.26,75.6,0
57.0,0.0,13.0,2.0,2.0,24.0,52.0,,16.0,88.9,153.7,70.5,9.0,11.0,82.0,72.0,30.5543,107.0,154.0,80.0,37.5,45.0,6.6,6.0,6.7,7.5,6.5,7.1,27.7,34.7,1.9,1.9,1.7,1.7,1.7,0.9,45.1,9.6,23.0,20.7,,25.6,20.6,46.0,35.5,675.0,447.0,453.0,316.0,400.0,3.348226,1.673048,1.359,133.481878,,,,,,,,5.0,149.0,361.0,2.0,3.0,3.0,7.0,6.0,3.0,6.0,2.0,6.0,2.0,2.0,0.0,0.0,6.0,2.0,,3.0,2.0,1.0,1.0,2.0,0.0,2.0,0.606,0.0,0.0,,6.0,8.0,3.0,4.0,34.0,2.0,2.0,0.0,9.0,3.0,2.0,5.0,2.0,2.0,1.0,2.0,5.0,3.0,2.0,4.0,2.0,3.0,,13.0,,,1.0,1.0,0.0,4.0,2.0,1.0,1.0,3.0,,4.0,1.0,17.0,3.0,1.0,1.0,0.0,,,73.0,,84.0,,0.0,0.01,0.15,0.1,1.95,35.96,14.61,,0.411,0.275,2.74,51.84,37.26,40.62,91.74,11.22,105.36,90.38,0.24,4.45,2.2,41.6,0.0,0.0,231.1,0.259,17.12,3.92,13.12,0.039,2.025,5.29,71.61,51.23,123.9,1.691,1.338,23.1,0.58,2.209,7.639,55.0,0.842,1.31,47.7,4.267,30.2,1.395,33.872,5.183,10.31,199.9,0.928,,126.17,0.544,5.22,,0.891,302.2,5.01,36.7,0
65.0,0.0,20.0,1.0,3.0,13.0,55.0,0.0,15.0,74.6,138.2,69.8,45.0,50.0,122.0,119.5,36.9679,123.0,180.0,91.0,43.1,41.8,7.6,5.7,7.0,,11.7,7.7,,48.7,1.5,2.5,2.6,2.7,2.1,2.4,48.9,24.4,30.5,20.9,8554.0,48.5,53.0,41.1,37.8,557.0,259.0,312.0,220.0,258.0,2.192811,2.105099,0.686,326.542394,,,,,,146.0,,3.0,,194.0,3.0,3.0,2.0,1.0,6.0,6.0,1.0,4.0,6.0,1.0,1.0,,0.0,10.0,4.0,2.0,2.0,3.0,2.0,1.0,0.0,0.0,1.0,,0.0,34.0,8.0,2.0,3.0,0.0,6.0,28.0,6.0,2.0,1.0,1.0,1.0,2.0,3.0,0.0,2.0,3.0,3.0,1.0,2.0,1.0,4.0,1.0,3.0,,18.0,,23.0,,0.0,2.0,1.0,2.0,2.0,5.0,2.0,2.0,3.0,0.0,23.0,1.0,0.0,1.0,0.0,,,75.0,91.0,85.0,0.0,1.0,0.0,0.06,0.46,6.15,55.0,16.98,0.013,0.977,0.389,3.65,48.89,31.12,30.88,100.8,7.75,112.43,87.15,0.9,11.99,2.46,32.9,0.0,0.0,163.9,0.127,15.66,5.457,12.99,0.038,,7.47,45.15,45.5,153.9,1.262,1.452,39.8,1.32,2.503,7.698,49.5,0.82,3.8,21.3,2.419,24.0,,10.611,3.241,73.04,303.4,1.249,,46.33,0.853,5.75,73.7,2.384,365.8,4.25,85.6,0
61.0,1.0,3.0,2.0,,33.0,,4.0,,94.2,188.2,55.6,27.0,23.0,91.0,64.3,25.8381,98.0,158.0,93.0,23.6,20.8,6.3,5.1,6.2,7.4,7.0,6.4,45.9,29.0,2.0,2.6,2.1,1.9,2.5,1.9,38.8,9.4,35.0,30.1,,47.2,19.5,51.6,,589.0,309.0,253.0,189.0,247.0,4.062629,2.678954,1.273,264.590869,,5.0,,2.0,4.0,31.0,,,193.0,171.0,4.0,3.0,1.0,2.0,5.0,5.0,0.0,0.0,4.0,2.0,5.0,2.0,0.0,5.0,3.0,2.0,2.0,1.0,2.0,0.0,2.0,0.0,2.0,,0.0,9.0,,6.0,10.0,2.0,0.0,8.0,9.0,1.0,0.0,2.0,2.0,1.0,1.0,1.0,1.0,1.0,0.0,1.0,5.0,1.0,4.0,1.0,5.0,5.0,,3.0,,,1.0,,1.0,1.0,1.0,11.0,3.0,1.0,1.0,7.0,16.0,28.0,0.0,1.0,0.0,1.0,,56.0,83.0,85.0,,1.0,0.01,0.16,0.46,6.18,44.75,13.88,0.019,0.243,0.36,1.56,20.89,29.64,31.01,95.59,10.87,122.31,84.75,0.36,4.78,5.08,68.0,0.0,0.0,263.1,0.286,16.34,4.681,,0.069,2.566,7.47,35.97,51.11,147.1,1.298,1.405,,20.58,2.313,5.108,48.0,1.354,4.22,25.4,7.753,45.1,1.258,25.774,4.516,19.52,1953.6,,,92.54,17.323,7.52,70.34,5.423,200.5,2.86,40.2,0
62.0,0.0,21.0,4.0,23.0,,,,16.0,77.9,93.9,48.7,35.0,43.0,92.0,87.1,28.2683,130.0,176.0,97.0,16.2,44.6,5.1,3.5,12.7,12.4,8.1,12.1,33.7,42.8,3.7,1.8,3.6,2.8,4.1,3.7,36.8,9.1,41.7,34.2,6279.0,25.1,45.7,72.5,54.0,776.0,343.0,380.0,271.0,290.0,2.586679,2.483212,2.599,562.021205,,,,3.0,3.0,157.0,,,,90.0,1.0,4.0,5.0,5.0,5.0,6.0,0.0,3.0,4.0,3.0,2.0,0.0,2.0,4.0,4.0,1.0,3.0,2.0,1.0,1.0,0.0,0.0,4.0,,1.0,,2.0,2.0,3.0,2.0,2.0,1.0,7.0,9.0,0.0,5.0,3.0,1.0,1.0,1.0,0.0,1.0,0.0,1.0,3.0,3.0,5.0,2.0,6.0,2.0,0.0,1.0,0.0,0.0,0.0,,1.0,2.0,2.0,0.0,3.0,1.0,4.0,4.0,19.0,2.0,0.0,0.0,0.0,0.0,,84.0,,85.0,0.0,0.0,0.14,2.0,0.44,6.45,36.42,11.61,0.013,0.206,0.221,2.83,41.05,28.2,31.89,88.43,6.44,90.69,,0.44,6.39,3.04,44.1,0.0,0.0,133.7,0.086,16.11,4.118,14.24,,0.719,6.89,48.4,45.17,96.0,1.359,,48.1,14.28,2.294,5.452,104.0,1.08,,21.0,,61.4,1.557,21.327,3.732,,,1.075,,33.81,1.333,7.05,,1.428,356.0,7.98,34.8,0
60.0,1.0,45.0,1.0,3.0,,,,17.0,71.6,132.3,90.9,1.0,11.0,81.0,79.9,34.2965,95.0,153.0,80.0,41.2,45.6,2.6,3.4,5.9,6.9,5.6,5.7,49.4,44.6,0.8,0.9,1.8,1.8,1.6,1.7,44.5,15.2,28.0,21.3,4557.0,44.9,25.2,44.4,28.6,769.0,392.0,441.0,,333.0,1.82819,1.700123,1.292,123.909638,,,,4.0,6.0,76.0,3.0,,12.0,36.0,4.0,2.0,5.0,2.0,1.0,0.0,0.0,3.0,7.0,2.0,1.0,0.0,2.0,6.0,3.0,2.0,2.0,1.0,2.0,2.0,0.0,0.0,4.0,8.034,2.0,,0.0,8.0,0.0,2.0,6.0,62.0,9.0,12.0,1.0,1.0,,1.0,2.0,0.0,2.0,1.0,0.0,0.0,3.0,1.0,5.0,2.0,2.0,1.0,9.0,23.0,0.0,0.0,,,1.0,2.0,2.0,10.0,3.0,1.0,5.0,4.0,25.0,3.0,0.0,1.0,0.0,0.0,,37.0,,36.0,,0.0,0.01,0.08,,1.18,46.71,13.71,0.01,0.26,0.313,3.47,37.41,28.36,29.35,96.63,8.3,118.93,93.62,0.31,3.38,5.37,57.9,0.0,0.0,191.6,0.159,16.39,4.834,12.9,0.048,1.789,9.27,63.54,44.33,52.2,2.04,0.885,17.7,13.41,2.413,3.584,52.7,1.166,4.79,22.8,5.654,57.1,1.658,26.529,3.54,18.84,238.5,1.444,,80.96,15.9,8.03,82.64,0.868,324.6,3.84,61.7,0
56.0,0.0,32.0,1.0,51.0,,25.0,,16.0,110.6,182.8,67.4,45.0,52.0,119.0,159.0,58.4084,165.0,165.0,92.0,51.0,50.3,9.8,6.7,11.8,14.0,13.2,7.4,53.1,54.0,7.0,8.5,3.1,3.8,4.6,2.5,48.9,24.1,37.3,20.7,8954.0,45.9,49.7,79.0,43.5,577.0,412.0,266.0,227.0,193.0,5.914724,2.628975,1.586,651.54858,,,,,,57.0,2.0,,,25.0,4.0,,,4.0,1.0,6.0,2.0,1.0,6.0,1.0,0.0,0.0,2.0,6.0,1.0,2.0,1.0,2.0,2.0,0.0,2.0,2.0,2.0,7.513,0.0,0.0,1.0,1.0,6.0,1.0,34.0,40.0,1.0,14.0,3.0,10.0,3.0,2.0,1.0,5.0,1.0,0.0,1.0,0.0,3.0,2.0,4.0,1.0,2.0,0.0,0.0,1.0,0.0,0.0,0.0,6.0,6.0,3.0,3.0,8.0,4.0,1.0,3.0,6.0,15.0,,0.0,0.0,,0.0,,53.0,74.0,88.0,,1.0,0.04,0.45,0.33,4.19,51.19,15.43,0.026,0.386,0.256,1.43,17.92,29.73,30.14,98.62,9.39,94.92,93.21,0.7,8.77,,68.7,0.0,0.0,297.4,0.279,15.71,5.191,13.78,0.021,,7.97,38.72,43.22,91.6,1.766,0.488,18.0,10.66,,,84.3,0.825,1.93,23.1,4.113,29.4,,16.439,,,,1.02,,57.1,1.76,,74.37,1.288,411.8,3.71,88.2,0
68.0,0.0,1.0,3.0,,,,5.0,15.0,96.2,145.3,92.0,41.0,37.0,84.0,126.3,38.6919,102.0,181.0,94.0,35.6,28.4,6.1,2.6,8.0,7.7,12.7,7.9,35.4,25.2,1.0,1.1,4.5,4.3,2.1,3.8,36.0,20.1,26.4,34.0,7712.0,21.5,32.2,76.9,40.4,608.0,359.0,345.0,219.0,158.0,2.923408,,-0.013,522.244185,3.79,2.0,,,2.0,,3.0,,,255.0,,2.0,3.0,1.0,0.0,6.0,0.0,0.0,3.0,2.0,,,2.0,6.0,4.0,2.0,1.0,1.0,1.0,0.0,0.0,0.0,3.0,,0.0,9.0,,1.0,5.0,2.0,0.0,32.0,3.0,6.0,1.0,1.0,2.0,1.0,3.0,2.0,2.0,2.0,0.0,1.0,4.0,2.0,5.0,2.0,3.0,,,,11.0,3.0,,2.0,0.0,2.0,2.0,5.0,5.0,1.0,5.0,0.0,,,0.0,1.0,1.0,,72.0,59.0,81.0,37.0,,0.0,0.02,,0.12,1.09,54.24,16.9,0.04,0.868,0.349,2.31,20.31,30.77,31.16,98.74,9.42,116.85,81.94,0.52,4.56,8.41,73.9,0.0,0.0,207.9,0.196,16.31,5.493,12.02,0.103,1.747,11.38,19.46,42.75,85.1,,0.987,15.6,,2.378,4.096,92.2,0.992,1.51,19.2,6.315,31.0,1.98,20.254,2.937,18.4,179.4,0.776,,154.91,,5.72,,,408.7,7.72,72.6,0
48.0,0.0,12.0,12.0,,,51.0,5.0,16.0,75.4,128.2,61.8,8.0,41.0,99.0,61.0,25.4411,90.0,155.0,79.0,46.4,38.0,3.9,3.7,8.3,6.0,7.3,7.1,46.2,33.7,2.4,2.7,1.7,2.9,2.4,1.3,34.8,18.3,28.5,,3811.0,42.3,26.1,42.5,36.7,710.0,366.0,367.0,306.0,292.0,5.875896,4.227007,,568.24408,,,,1.0,2.0,,,,,291.0,3.0,3.0,4.0,1.0,0.0,2.0,7.0,2.0,8.0,2.0,,0.0,0.0,4.0,1.0,1.0,3.0,3.0,1.0,2.0,0.0,0.0,2.0,,0.0,12.0,0.0,2.0,0.0,7.0,4.0,2.0,8.0,1.0,2.0,2.0,3.0,2.0,2.0,3.0,0.0,0.0,4.0,2.0,2.0,1.0,5.0,2.0,4.0,2.0,,8.0,0.0,0.0,,3.0,,5.0,1.0,0.0,4.0,3.0,4.0,4.0,30.0,1.0,0.0,1.0,0.0,0.0,,94.0,,44.0,0.0,0.0,0.07,1.13,0.19,2.85,33.95,11.7,0.04,0.962,0.332,1.92,29.14,31.24,34.46,90.66,11.86,117.39,,0.51,7.76,3.9,59.1,0.0,0.0,344.2,0.408,16.04,3.744,12.62,0.042,1.975,6.6,8.57,49.53,60.2,1.082,1.323,20.3,3.57,2.259,6.827,81.4,0.793,3.43,147.5,3.961,34.7,1.368,34.646,3.745,,,1.306,,78.54,1.711,18.74,81.19,4.316,,3.82,22.0,0
65.0,1.0,17.0,1.0,,,43.0,,21.0,67.1,104.3,64.2,3.0,5.0,96.0,95.2,38.4285,125.0,157.0,72.0,49.4,31.3,2.8,1.7,6.2,6.1,5.9,5.6,18.7,26.2,3.0,2.4,1.9,1.7,1.3,1.6,37.3,16.3,20.4,25.9,4924.0,20.6,51.3,35.9,30.5,643.0,415.0,351.0,330.0,238.0,1.181115,1.13387,-3.161,96.783468,,,,4.0,,,3.0,3.0,70.0,14.0,7.0,4.0,1.0,3.0,5.0,7.0,0.0,4.0,7.0,2.0,,2.0,0.0,4.0,4.0,3.0,1.0,1.0,1.0,0.0,0.0,0.0,3.0,72.671,0.0,12.0,0.0,8.0,1.0,1.0,0.0,8.0,5.0,1.0,1.0,1.0,2.0,2.0,4.0,1.0,5.0,2.0,1.0,1.0,3.0,2.0,5.0,1.0,5.0,,12.0,0.0,0.0,2.0,0.0,7.0,,3.0,2.0,4.0,1.0,2.0,2.0,11.0,,10.0,1.0,,0.0,1.0,91.0,73.0,93.0,,1.0,1.0,0.0,0.01,0.44,8.88,43.09,15.78,0.009,0.167,,1.82,36.58,35.37,,96.58,,88.72,83.09,0.23,4.64,2.49,49.9,0.0,0.0,316.8,0.242,17.37,4.461,16.46,0.028,0.862,4.99,11.28,41.18,65.1,1.293,1.439,17.9,0.17,,5.776,100.4,,1.0,10.9,4.247,35.4,1.551,22.875,3.298,28.69,,1.385,,15.87,,4.34,,1.333,165.3,9.18,41.0,0
59.0,0.0,2.0,2.0,,,,,14.0,89.5,111.4,57.9,13.0,19.0,106.0,61.3,24.183,127.0,159.0,89.0,26.3,22.3,2.3,3.1,6.5,8.5,7.6,10.6,20.5,48.1,1.0,1.4,2.2,2.2,2.5,2.7,17.2,10.5,20.5,27.1,6963.0,22.1,44.1,41.5,35.2,527.0,305.0,277.0,208.0,185.0,2.6207,2.515872,-0.493,203.558354,,2.0,,4.0,,,6.0,,,9.0,,3.0,3.0,1.0,0.0,1.0,0.0,1.0,5.0,2.0,3.0,2.0,0.0,8.0,4.0,2.0,1.0,1.0,2.0,1.0,0.0,2.0,3.0,,0.0,5.0,3.0,1.0,9.0,2.0,0.0,0.0,9.0,2.0,5.0,1.0,3.0,1.0,3.0,2.0,2.0,0.0,2.0,1.0,2.0,1.0,5.0,2.0,3.0,0.0,15.0,14.0,21.0,,1.0,2.0,6.0,1.0,1.0,0.0,4.0,2.0,,0.0,17.0,,0.0,1.0,0.0,0.0,,,92.0,90.0,,0.0,0.15,4.93,0.01,0.3,33.8,13.59,0.031,,0.299,0.83,26.65,36.05,40.21,89.64,11.33,111.93,78.17,0.32,10.07,1.82,58.0,0.0,0.0,202.8,0.23,17.84,3.77,14.56,,0.68,3.13,10.22,40.61,60.3,2.085,1.438,44.5,0.96,2.26,7.293,68.0,0.781,,,3.79,21.0,3.297,13.178,5.37,3.96,,1.407,,26.25,0.685,6.12,,0.841,173.3,8.29,21.7,0
56.0,1.0,22.0,5.0,,14.0,48.0,9.0,19.0,74.3,129.6,75.7,13.0,11.0,91.0,71.9,26.6947,123.0,164.0,81.0,20.0,30.5,2.6,2.5,6.0,6.0,4.5,5.7,21.3,35.9,0.4,1.0,1.7,2.1,1.8,2.7,12.4,8.8,16.1,23.9,5484.0,30.9,10.7,38.0,35.9,,353.0,444.0,324.0,312.0,5.875838,,0.173,616.525798,4.06,,,,,10.0,3.0,,,9.0,2.0,2.0,2.0,4.0,0.0,3.0,0.0,4.0,4.0,2.0,2.0,,0.0,6.0,4.0,2.0,1.0,2.0,2.0,1.0,0.0,0.0,3.0,,2.0,0.0,4.0,10.0,8.0,1.0,3.0,25.0,5.0,8.0,1.0,1.0,1.0,2.0,4.0,0.0,1.0,1.0,2.0,1.0,3.0,2.0,5.0,0.0,3.0,17.0,1.0,21.0,,0.0,,6.0,0.0,5.0,3.0,0.0,6.0,3.0,5.0,0.0,15.0,9.0,1.0,0.0,1.0,0.0,,34.0,75.0,79.0,,1.0,0.08,1.4,0.43,7.86,34.77,11.48,0.042,,0.373,1.14,20.8,31.23,,94.57,10.62,113.78,77.43,0.72,13.23,3.11,56.7,0.0,0.0,232.4,0.247,16.09,3.676,12.8,0.059,1.051,5.47,45.79,42.23,45.8,1.983,0.86,35.2,11.77,2.271,4.1,62.0,0.872,1.33,16.2,4.649,27.2,2.551,67.222,2.3,17.79,,1.21,,13.74,11.968,7.27,76.6,5.042,514.9,3.48,30.5,0
49.0,1.0,5.0,1.0,4.0,,26.0,,,62.8,146.4,61.9,46.0,32.0,115.0,96.1,34.2174,94.0,168.0,86.0,47.5,25.1,5.3,6.7,9.3,6.9,7.2,8.2,,36.6,1.2,1.7,3.0,3.3,1.8,2.3,39.2,12.0,25.1,24.8,5732.0,33.7,26.9,40.0,30.8,771.0,391.0,338.0,251.0,220.0,2.491564,2.391901,0.9,137.787822,4.04,,3.0,1.0,4.0,14.0,,,8.0,28.0,,3.0,4.0,1.0,1.0,7.0,0.0,0.0,7.0,2.0,4.0,0.0,1.0,9.0,3.0,3.0,2.0,3.0,2.0,1.0,0.0,1.0,2.0,2.601,0.0,0.0,60.0,3.0,2.0,17.0,7.0,2.0,6.0,0.0,0.0,2.0,3.0,4.0,2.0,1.0,2.0,3.0,0.0,1.0,3.0,1.0,5.0,2.0,3.0,,0.0,,,,1.0,1.0,0.0,2.0,1.0,14.0,3.0,3.0,3.0,0.0,17.0,3.0,1.0,,0.0,1.0,,75.0,,90.0,,1.0,0.12,2.41,0.64,,34.34,13.27,0.008,0.484,0.261,1.37,27.66,31.99,38.64,82.78,7.74,105.85,76.0,0.64,12.87,2.18,44.1,0.0,0.0,311.1,0.241,17.08,4.149,14.16,0.065,1.899,4.95,36.4,50.07,125.1,,,24.2,0.2,2.58,7.558,64.3,0.646,1.23,176.5,4.074,31.3,0.925,33.012,3.384,,,1.052,,31.7,12.926,6.27,74.84,1.463,172.5,3.97,32.1,0
58.0,1.0,28.0,3.0,,,11.0,6.0,,103.3,,47.2,10.0,21.0,73.0,69.7,26.4264,93.0,162.0,78.0,19.9,16.5,2.1,2.9,10.5,8.0,5.9,6.0,40.6,17.1,2.7,1.3,2.5,2.2,1.9,1.7,28.2,8.4,26.3,24.1,5405.0,33.4,12.5,36.2,27.7,717.0,423.0,431.0,280.0,312.0,2.252611,1.336289,,290.089123,,,,4.0,,227.0,,3.0,665.0,24.0,3.0,3.0,2.0,7.0,1.0,6.0,4.0,1.0,4.0,3.0,1.0,2.0,0.0,10.0,3.0,3.0,2.0,1.0,1.0,1.0,2.0,0.0,4.0,,0.0,0.0,3.0,1.0,4.0,5.0,1.0,5.0,10.0,5.0,7.0,,3.0,5.0,2.0,2.0,1.0,2.0,3.0,4.0,4.0,1.0,5.0,2.0,1.0,,9.0,,0.0,0.0,,3.0,3.0,1.0,2.0,,2.0,1.0,3.0,0.0,16.0,1158.0,1.0,1.0,1.0,1.0,84.0,,,80.0,0.0,0.0,0.03,0.3,0.13,1.35,42.93,16.71,0.014,0.271,0.195,3.09,32.1,33.4,38.91,85.83,12.29,96.58,86.23,0.22,2.28,6.17,64.0,0.0,0.0,379.3,0.466,17.52,5.002,12.8,0.031,2.803,9.64,39.53,,,2.014,1.401,44.1,1.01,2.181,5.612,107.5,,3.04,23.2,4.559,29.4,2.547,27.273,2.195,39.25,240.4,1.65,,84.67,14.82,18.03,80.56,3.85,381.1,4.99,99.1,0
50.0,0.0,41.0,2.0,,6.0,9.0,,18.0,60.7,102.7,61.3,37.0,50.0,76.0,86.6,25.0409,96.0,186.0,99.0,17.4,29.3,3.2,6.6,12.6,9.4,11.7,,20.7,27.3,0.5,0.9,4.9,3.6,3.7,4.4,43.1,9.5,41.9,46.8,7496.0,36.1,20.7,76.6,46.9,452.0,307.0,258.0,180.0,178.0,5.964985,4.626534,3.705,691.558665,1.63,,,,4.0,20.0,5.0,,,19.0,2.0,,1.0,4.0,1.0,7.0,6.0,7.0,3.0,2.0,,2.0,2.0,9.0,1.0,2.0,1.0,1.0,,0.0,2.0,0.0,4.0,48.898,1.0,7.0,,8.0,6.0,0.0,0.0,32.0,9.0,12.0,0.0,0.0,3.0,1.0,2.0,0.0,2.0,3.0,0.0,1.0,2.0,4.0,2.0,0.0,5.0,2.0,0.0,,0.0,1.0,1.0,0.0,0.0,2.0,2.0,0.0,5.0,1.0,3.0,11.0,30.0,1.0,1.0,1.0,1.0,0.0,,92.0,,46.0,,0.0,0.01,0.37,0.45,12.8,39.64,16.96,0.007,0.159,0.151,1.03,29.19,36.84,42.78,86.11,9.06,90.14,,0.29,8.07,1.76,49.6,0.0,0.0,,0.197,,4.604,12.4,0.037,0.883,3.54,13.28,47.42,129.1,,1.279,33.7,20.08,2.483,4.036,94.9,,1.55,122.3,7.79,57.6,1.221,19.624,3.188,12.61,1544.9,1.326,,,,7.07,,3.204,273.9,7.1,17.4,0
58.0,1.0,3.0,2.0,39.0,,,,24.0,84.3,173.5,53.4,53.0,51.0,79.0,58.3,22.3323,96.0,162.0,97.0,21.0,14.4,3.3,6.5,13.7,12.6,12.1,8.3,15.2,28.5,0.9,1.3,4.3,4.7,2.6,1.9,20.4,21.0,39.8,41.4,10178.0,38.5,15.4,50.4,39.5,453.0,235.0,302.0,174.0,168.0,5.369891,1.995078,3.057,660.152323,3.04,,,2.0,4.0,8.0,,,,114.0,7.0,,0.0,0.0,3.0,3.0,2.0,3.0,1.0,2.0,2.0,0.0,0.0,5.0,4.0,1.0,1.0,3.0,2.0,1.0,2.0,2.0,3.0,72.474,0.0,7.0,2.0,2.0,,6.0,4.0,36.0,4.0,2.0,6.0,1.0,2.0,1.0,2.0,4.0,5.0,1.0,1.0,0.0,4.0,2.0,2.0,0.0,3.0,23.0,18.0,,0.0,3.0,,3.0,6.0,2.0,2.0,4.0,2.0,2.0,4.0,0.0,19.0,,1.0,1.0,1.0,,,57.0,,59.0,1.0,0.0,0.01,0.14,0.61,6.09,41.53,16.17,0.007,0.163,,2.49,24.88,35.41,38.93,90.96,6.6,96.58,73.96,0.82,8.16,6.08,60.7,0.0,0.0,389.8,0.257,16.27,4.566,12.0,0.097,1.201,10.02,67.4,48.27,58.8,,1.624,47.4,18.23,2.425,8.203,70.1,0.785,1.22,160.0,9.323,61.8,1.093,31.479,4.646,,,,,134.1,14.749,,77.97,0.672,463.6,,50.6,0
42.0,0.0,29.0,1.0,,,,,16.0,,133.7,97.7,54.0,59.0,77.0,57.3,,102.0,168.0,95.0,35.8,21.5,2.6,1.6,,13.7,8.9,6.9,17.4,25.3,0.5,0.7,6.1,4.0,2.4,3.2,40.3,8.9,43.4,26.6,8549.0,18.3,15.6,74.7,55.5,777.0,419.0,361.0,323.0,283.0,3.125901,3.000865,1.999,,,,2.0,,,276.0,1.0,,,23.0,,4.0,0.0,5.0,5.0,,0.0,5.0,3.0,2.0,0.0,1.0,0.0,7.0,3.0,2.0,1.0,1.0,2.0,0.0,1.0,0.0,2.0,,0.0,13.0,7.0,5.0,7.0,7.0,3.0,0.0,5.0,6.0,1.0,1.0,3.0,2.0,1.0,5.0,0.0,3.0,1.0,5.0,4.0,1.0,5.0,1.0,3.0,28.0,20.0,19.0,15.0,4.0,0.0,1.0,0.0,2.0,1.0,0.0,3.0,3.0,3.0,6.0,17.0,,0.0,0.0,0.0,,,83.0,78.0,92.0,,0.0,0.16,2.81,0.12,1.99,37.78,16.65,,0.812,0.378,2.27,39.16,38.43,44.08,87.17,9.28,111.74,76.77,0.86,14.93,2.38,41.1,0.0,0.0,128.6,0.119,15.9,4.333,12.0,,2.013,5.79,17.04,,73.6,1.992,0.819,,1.33,2.417,5.416,82.9,0.808,,25.4,3.646,45.9,1.707,34.218,3.031,,,1.046,,117.78,,4.83,68.58,0.988,303.2,5.14,78.2,0
59.0,0.0,12.0,1.0,5.0,,28.0,,15.0,77.3,127.9,63.7,20.0,16.0,116.0,87.7,36.3767,123.0,155.0,78.0,46.2,44.3,8.6,7.9,6.9,7.4,12.7,9.3,45.4,34.2,3.4,2.3,2.2,2.8,2.1,2.6,33.0,21.4,25.6,30.1,5227.0,38.0,45.7,49.5,55.4,587.0,400.0,310.0,270.0,298.0,4.888001,2.216625,0.135,299.909327,,,2.0,2.0,,332.0,4.0,,,300.0,2.0,5.0,2.0,,7.0,4.0,0.0,7.0,6.0,2.0,2.0,1.0,2.0,4.0,3.0,4.0,3.0,2.0,1.0,1.0,0.0,0.0,1.0,,0.0,10.0,1.0,10.0,4.0,1.0,7.0,5.0,9.0,12.0,0.0,1.0,1.0,4.0,,1.0,2.0,4.0,1.0,0.0,3.0,1.0,5.0,1.0,2.0,,6.0,,12.0,2.0,,5.0,5.0,6.0,2.0,0.0,3.0,3.0,3.0,4.0,,1.0,1.0,,1.0,0.0,,75.0,,82.0,,0.0,0.0,0.02,0.13,2.24,,15.46,,0.217,0.419,1.4,23.81,30.44,36.85,82.59,8.45,89.2,73.21,0.46,,3.9,66.2,0.0,0.0,330.2,0.279,15.82,5.079,13.57,0.032,1.636,,,,95.7,1.149,0.897,,0.7,2.405,5.297,52.4,0.863,1.49,193.0,4.368,32.9,1.399,33.352,2.195,5.79,,,,114.55,1.175,,72.76,1.004,250.4,6.16,,0
69.0,0.0,42.0,2.0,1.0,5.0,,7.0,,93.1,167.7,62.1,16.0,27.0,124.0,121.4,38.7851,130.0,177.0,79.0,29.6,42.9,9.4,9.3,7.7,7.7,7.9,6.2,41.0,51.9,2.0,2.7,2.1,2.2,3.2,1.8,47.1,17.6,29.2,31.5,5003.0,54.6,44.8,54.1,28.8,737.0,339.0,414.0,218.0,248.0,3.109885,1.231323,-1.08,159.377132,3.41,4.0,,3.0,3.0,,,4.0,,28.0,,,1.0,1.0,0.0,7.0,0.0,1.0,5.0,2.0,4.0,0.0,1.0,9.0,2.0,2.0,1.0,2.0,2.0,1.0,0.0,0.0,2.0,56.59,0.0,,1.0,3.0,2.0,1.0,6.0,2.0,1.0,9.0,1.0,9.0,2.0,5.0,3.0,0.0,3.0,1.0,3.0,1.0,3.0,2.0,4.0,1.0,3.0,27.0,12.0,24.0,14.0,5.0,1.0,2.0,9.0,6.0,2.0,0.0,3.0,1.0,3.0,1.0,,2.0,1.0,1.0,1.0,,,91.0,,38.0,,1.0,0.03,0.62,,1.36,37.92,12.91,0.044,0.387,0.28,1.94,,29.96,34.05,87.99,8.36,94.61,73.52,0.49,8.81,3.07,54.7,0.0,0.0,270.1,0.226,16.06,4.31,16.73,,0.992,5.62,33.62,,43.7,,0.695,19.8,1.14,2.402,6.229,73.7,0.959,3.75,153.2,5.797,40.0,0.985,5.559,1.939,,,1.136,37.4,,0.855,,68.78,1.076,269.4,4.08,16.4,0
40.0,0.0,18.0,1.0,,,52.0,1.0,,,166.7,53.1,19.0,24.0,122.0,124.8,41.1018,125.0,174.0,88.0,,49.6,8.5,10.0,6.5,6.8,6.2,6.2,52.0,53.5,2.6,3.2,2.0,2.8,2.9,2.4,49.3,27.2,22.8,28.5,5131.0,49.2,33.8,66.6,35.0,610.0,421.0,325.0,236.0,228.0,6.05148,,3.135,562.606651,,5.0,,,2.0,8.0,7.0,4.0,,8.0,2.0,2.0,2.0,1.0,3.0,0.0,1.0,1.0,7.0,2.0,2.0,1.0,1.0,8.0,3.0,3.0,1.0,2.0,2.0,0.0,1.0,0.0,2.0,,0.0,,,0.0,2.0,1.0,6.0,5.0,3.0,1.0,1.0,2.0,2.0,2.0,1.0,2.0,0.0,2.0,0.0,0.0,3.0,2.0,4.0,2.0,2.0,1.0,1.0,21.0,0.0,,1.0,8.0,0.0,2.0,2.0,1.0,4.0,2.0,3.0,0.0,15.0,16.0,1.0,,1.0,0.0,,92.0,88.0,43.0,,0.0,0.01,0.29,0.62,12.75,49.32,15.19,0.006,0.161,0.274,2.05,42.45,29.09,30.8,94.45,8.51,107.22,83.14,0.38,7.81,1.77,36.7,0.0,0.0,180.5,0.154,17.03,5.222,13.31,0.091,2.562,4.83,48.34,47.45,44.4,1.186,1.121,18.5,9.7,2.391,5.69,30.1,1.031,4.34,103.0,9.778,54.5,1.148,19.522,5.491,,,1.366,29.2,125.01,1.771,26.81,80.56,1.716,199.5,4.27,,0
48.0,0.0,4.0,6.0,63.0,,56.0,1.0,,96.1,158.8,81.6,18.0,37.0,116.0,90.3,29.9822,127.0,174.0,98.0,42.4,50.0,3.5,8.5,13.4,8.5,7.4,13.0,48.7,46.0,3.0,3.4,3.5,4.2,3.3,3.1,43.6,19.5,35.8,27.0,7854.0,37.8,44.6,42.3,51.2,678.0,370.0,402.0,335.0,323.0,2.31175,,,601.954643,4.52,3.0,,2.0,1.0,11.0,5.0,,,,6.0,4.0,2.0,0.0,0.0,1.0,0.0,4.0,7.0,1.0,2.0,0.0,0.0,6.0,2.0,,2.0,2.0,2.0,1.0,0.0,0.0,1.0,,1.0,7.0,4.0,0.0,0.0,3.0,6.0,2.0,6.0,1.0,2.0,6.0,2.0,2.0,2.0,3.0,2.0,2.0,0.0,0.0,,3.0,5.0,1.0,3.0,1.0,1.0,1.0,17.0,0.0,,8.0,1.0,3.0,4.0,5.0,1.0,,4.0,1.0,28.0,,1.0,0.0,0.0,0.0,,86.0,,,,1.0,0.0,0.05,0.44,5.43,39.39,12.18,0.023,0.831,0.436,1.42,17.73,29.68,30.92,,10.61,115.77,94.16,0.32,3.98,5.85,72.8,0.0,2.0,327.6,0.348,16.15,,12.6,0.091,0.943,8.03,49.39,,61.5,1.04,0.572,15.7,6.25,2.553,3.495,48.8,0.924,,73.1,3.984,35.3,0.823,28.348,1.809,4.3,,,,106.09,1.198,10.22,73.81,1.45,283.5,3.67,13.0,0
45.0,0.0,19.0,1.0,30.0,38.0,42.0,9.0,16.0,65.3,158.8,98.7,39.0,51.0,125.0,113.7,37.1859,91.0,175.0,92.0,49.1,41.8,8.0,5.4,11.7,10.3,11.0,11.0,51.9,43.0,3.7,3.6,4.7,4.4,3.1,2.2,43.6,22.7,41.2,40.3,9867.0,49.6,18.3,77.9,39.5,524.0,271.0,347.0,309.0,187.0,6.996023,5.226565,3.967,694.215034,4.5,3.0,,7.0,1.0,,7.0,3.0,,34.0,3.0,2.0,2.0,0.0,2.0,0.0,0.0,0.0,6.0,2.0,0.0,0.0,0.0,6.0,3.0,2.0,1.0,2.0,1.0,1.0,0.0,1.0,2.0,14.367,0.0,0.0,0.0,1.0,2.0,1.0,6.0,15.0,7.0,3.0,1.0,6.0,3.0,1.0,2.0,4.0,4.0,,2.0,2.0,3.0,2.0,5.0,1.0,6.0,,,0.0,0.0,0.0,,7.0,0.0,2.0,2.0,0.0,2.0,1.0,1.0,0.0,15.0,25.0,1.0,,0.0,1.0,,,,41.0,1.0,1.0,0.0,0.01,0.11,1.39,43.78,,,0.31,0.213,1.04,13.08,30.2,,81.5,8.24,85.06,72.6,0.69,8.74,6.09,76.8,0.0,0.0,,0.217,17.04,5.372,12.44,0.039,0.49,7.93,14.36,46.27,80.1,1.396,0.915,18.2,0.8,2.464,7.338,62.6,0.817,,13.8,5.55,27.9,2.047,25.711,3.482,143.67,,0.964,,13.9,1.665,,76.1,5.164,364.0,4.66,34.4,0
58.0,1.0,10.0,3.0,,,10.0,4.0,,75.9,181.5,59.5,40.0,,151.0,181.7,55.0389,130.0,185.0,97.0,50.3,54.0,9.6,10.1,13.7,14.0,11.2,12.9,65.6,52.4,3.9,3.5,5.4,5.0,5.4,4.5,47.3,26.7,42.3,,10185.0,55.7,57.5,73.5,59.4,510.0,236.0,238.0,232.0,179.0,2.782971,1.123595,-0.721,180.014745,2.46,5.0,2.0,,,135.0,3.0,5.0,,65.0,6.0,3.0,1.0,3.0,5.0,2.0,0.0,1.0,2.0,2.0,0.0,0.0,2.0,4.0,1.0,4.0,2.0,3.0,2.0,0.0,0.0,0.0,3.0,,0.0,9.0,0.0,1.0,1.0,4.0,0.0,28.0,5.0,3.0,0.0,1.0,1.0,5.0,4.0,3.0,3.0,1.0,1.0,1.0,3.0,1.0,4.0,1.0,2.0,,20.0,13.0,,0.0,0.0,2.0,7.0,3.0,1.0,0.0,1.0,2.0,1.0,9.0,32.0,20.0,0.0,0.0,1.0,1.0,,72.0,,,,1.0,0.0,0.02,0.4,,25.02,13.67,0.047,0.901,0.391,1.82,19.89,32.77,54.64,59.98,11.07,106.44,79.57,0.96,10.47,,65.3,,0.0,324.8,0.36,17.13,4.172,16.29,0.098,1.065,9.14,53.46,41.25,128.7,,0.586,37.6,0.9,,,66.5,0.687,1.45,45.6,8.501,48.3,1.506,11.071,2.096,14.78,,0.98,,49.5,10.534,10.8,78.17,0.602,351.4,4.93,,0
44.0,1.0,17.0,3.0,61.0,12.0,58.0,2.0,,62.4,151.0,84.2,14.0,43.0,74.0,47.5,20.4146,87.0,153.0,78.0,30.6,17.6,1.4,1.4,7.0,6.6,6.1,7.6,13.7,13.9,0.5,0.6,1.8,3.6,2.8,2.0,8.9,5.0,26.6,,8182.0,,8.8,35.1,28.8,532.0,290.0,281.0,217.0,259.0,4.741064,3.808669,1.472,649.028293,3.41,3.0,2.0,4.0,,,,4.0,16.0,6.0,,,2.0,1.0,0.0,0.0,6.0,1.0,3.0,2.0,2.0,1.0,0.0,8.0,3.0,1.0,2.0,1.0,2.0,0.0,0.0,2.0,2.0,,0.0,8.0,5.0,1.0,3.0,4.0,0.0,2.0,2.0,1.0,4.0,9.0,2.0,1.0,3.0,2.0,2.0,1.0,4.0,2.0,4.0,1.0,4.0,2.0,4.0,23.0,1.0,18.0,6.0,,1.0,4.0,4.0,1.0,2.0,,5.0,2.0,4.0,0.0,29.0,,1.0,0.0,0.0,0.0,,91.0,85.0,57.0,0.0,0.0,0.02,0.58,0.26,6.13,32.05,14.29,0.04,0.688,0.277,1.45,34.63,35.41,44.59,79.4,9.97,85.15,72.9,0.46,10.97,2.0,47.7,0.0,0.0,382.1,0.381,17.3,4.037,15.89,0.082,1.987,4.2,15.03,43.94,137.0,1.235,0.571,35.7,0.4,2.337,4.263,63.1,1.009,3.95,14.0,10.22,,1.222,29.11,1.969,10.65,,0.778,,14.62,3.464,6.85,66.8,1.406,278.6,3.38,50.9,0
69.0,0.0,7.0,1.0,99.0,,24.0,,15.0,100.8,160.3,51.7,30.0,20.0,98.0,78.8,38.9969,124.0,142.0,82.0,51.1,,4.0,5.7,6.3,6.6,6.0,8.2,24.4,30.0,1.3,2.3,2.3,1.8,2.1,1.9,28.0,25.3,24.7,27.8,,40.0,40.7,40.7,,774.0,380.0,454.0,322.0,241.0,2.953862,1.431437,,131.273623,2.54,,,3.0,,20.0,,2.0,,24.0,6.0,3.0,0.0,6.0,1.0,1.0,4.0,5.0,1.0,2.0,1.0,1.0,1.0,5.0,3.0,2.0,2.0,3.0,2.0,2.0,2.0,1.0,3.0,,0.0,0.0,2.0,2.0,5.0,6.0,0.0,14.0,3.0,0.0,4.0,8.0,2.0,2.0,5.0,2.0,1.0,1.0,0.0,3.0,2.0,3.0,3.0,2.0,4.0,,0.0,14.0,,,,4.0,4.0,2.0,,5.0,3.0,2.0,4.0,1.0,,25.0,0.0,1.0,0.0,1.0,,65.0,,40.0,,0.0,0.14,2.03,0.6,8.85,49.03,15.33,,0.693,0.179,2.35,34.53,30.31,31.28,96.93,10.32,115.15,96.6,0.33,4.89,,49.7,0.0,0.0,299.5,0.309,15.9,5.058,12.53,0.056,0.789,6.8,18.01,40.39,91.9,2.127,,19.6,0.99,,7.611,83.1,1.144,1.42,29.1,3.939,26.0,2.486,32.368,3.91,97.67,,1.266,,33.6,1.411,9.06,,1.919,,5.41,33.6,0
55.0,1.0,0.0,3.0,5.0,41.0,48.0,,,72.1,121.2,52.0,43.0,16.0,110.0,96.9,39.9508,122.0,156.0,87.0,49.4,18.3,8.3,3.8,7.6,8.4,6.6,10.2,32.0,45.0,2.9,2.2,3.0,2.0,2.8,2.3,24.1,14.7,21.4,22.5,5984.0,47.2,11.3,49.8,36.5,791.0,414.0,312.0,229.0,295.0,2.15316,1.81673,-0.784,155.420997,1.43,,,,,,4.0,5.0,175.0,119.0,3.0,,3.0,5.0,1.0,6.0,1.0,1.0,7.0,3.0,5.0,0.0,0.0,6.0,4.0,2.0,2.0,1.0,2.0,0.0,0.0,0.0,3.0,,0.0,0.0,4.0,1.0,0.0,5.0,6.0,27.0,4.0,1.0,0.0,3.0,1.0,3.0,2.0,4.0,2.0,1.0,1.0,1.0,2.0,1.0,2.0,0.0,4.0,,1.0,0.0,,0.0,1.0,7.0,2.0,2.0,1.0,10.0,3.0,,2.0,0.0,25.0,,,,0.0,0.0,,,,83.0,0.0,0.0,0.02,0.16,0.28,2.91,43.26,13.94,0.008,0.101,0.132,2.48,26.16,29.71,32.22,92.21,,114.65,,0.7,7.35,6.01,,0.0,0.0,310.3,0.249,15.99,4.692,12.27,0.048,0.651,9.47,16.09,42.19,70.3,1.838,0.795,25.7,19.19,2.192,4.395,61.5,0.719,2.63,143.5,5.531,48.1,1.963,31.289,2.901,,,1.017,,,15.725,23.21,64.57,1.929,176.1,7.51,,0
51.0,0.0,44.0,3.0,,,,,25.0,67.2,181.3,99.3,22.0,12.0,106.0,91.1,29.4311,104.0,176.0,84.0,37.9,33.6,9.7,5.1,9.9,6.7,6.9,9.9,29.6,32.6,2.4,0.8,2.4,2.3,2.3,1.7,17.8,8.9,24.9,25.7,8980.0,22.8,15.8,42.3,34.3,510.0,319.0,256.0,224.0,225.0,4.379892,2.790935,1.064,,,,,3.0,1.0,,,,,11.0,4.0,3.0,2.0,2.0,1.0,6.0,2.0,6.0,2.0,1.0,4.0,1.0,0.0,5.0,3.0,4.0,1.0,1.0,1.0,0.0,0.0,0.0,3.0,,,9.0,5.0,2.0,4.0,2.0,0.0,45.0,19.0,4.0,5.0,0.0,3.0,2.0,4.0,3.0,1.0,3.0,0.0,2.0,0.0,1.0,5.0,2.0,2.0,1.0,0.0,1.0,0.0,,,,1.0,2.0,2.0,0.0,3.0,3.0,5.0,6.0,16.0,34.0,0.0,1.0,1.0,0.0,,48.0,,83.0,,0.0,0.0,0.04,,1.62,40.81,12.76,0.012,0.138,0.275,2.89,42.36,30.12,31.27,96.33,12.11,100.84,84.74,0.36,5.34,3.45,50.6,0.0,0.0,319.4,,15.69,4.236,15.84,0.045,1.47,6.82,51.94,,116.3,2.111,0.719,16.6,15.67,,4.089,69.2,0.775,,23.2,6.51,35.1,2.033,21.314,2.236,18.76,,1.245,,67.45,1.223,21.2,72.68,7.576,281.3,5.57,13.6,0
63.0,1.0,6.0,1.0,33.0,27.0,,6.0,16.0,106.8,165.4,43.8,56.0,27.0,100.0,110.4,36.3824,118.0,174.0,92.0,45.6,30.5,5.2,6.8,13.3,12.8,9.4,10.6,33.0,27.0,2.1,2.5,4.2,3.5,2.7,4.5,28.4,21.1,40.1,37.7,8979.0,43.1,50.8,74.6,54.3,452.0,252.0,240.0,188.0,223.0,1.835187,1.761779,,205.008931,,2.0,,,,39.0,,4.0,201.0,229.0,6.0,2.0,4.0,5.0,7.0,7.0,0.0,0.0,5.0,3.0,2.0,0.0,1.0,4.0,2.0,1.0,1.0,1.0,2.0,3.0,1.0,0.0,3.0,,1.0,0.0,7.0,1.0,0.0,6.0,0.0,2.0,0.0,0.0,3.0,5.0,1.0,1.0,3.0,2.0,3.0,1.0,0.0,1.0,1.0,2.0,5.0,2.0,3.0,19.0,,27.0,14.0,,,0.0,,3.0,1.0,,3.0,3.0,2.0,3.0,17.0,,0.0,1.0,0.0,1.0,,59.0,,,0.0,0.0,0.14,1.85,0.44,5.83,52.83,12.49,0.009,0.102,0.254,3.42,45.24,23.23,23.65,,9.96,102.62,89.33,0.28,3.73,3.28,43.4,0.0,0.0,131.5,0.131,17.35,5.378,14.39,0.051,1.651,7.57,29.42,39.28,78.8,1.462,1.541,,0.15,2.206,5.313,47.6,0.715,1.38,68.0,3.633,26.0,,19.647,2.624,178.61,1834.0,0.977,,,14.791,4.02,66.7,5.117,186.9,3.3,42.8,0
61.0,1.0,24.0,2.0,82.0,,12.0,3.0,18.0,65.4,174.6,,41.0,54.0,88.0,128.1,39.1528,100.0,181.0,98.0,21.6,16.6,4.3,8.6,9.1,13.0,17.2,11.5,47.3,32.5,1.8,2.8,4.8,6.1,3.9,3.7,28.1,19.8,36.7,23.5,9996.0,39.8,15.8,77.9,38.6,556.0,291.0,242.0,220.0,193.0,,4.678318,2.49,517.357862,3.81,,2.0,,3.0,28.0,,,18.0,8.0,7.0,3.0,1.0,2.0,0.0,5.0,0.0,1.0,6.0,1.0,0.0,3.0,0.0,8.0,4.0,2.0,1.0,3.0,2.0,1.0,1.0,1.0,3.0,,0.0,0.0,0.0,9.0,1.0,2.0,0.0,1.0,7.0,7.0,1.0,0.0,2.0,5.0,3.0,1.0,2.0,2.0,1.0,2.0,4.0,1.0,5.0,2.0,4.0,1.0,1.0,0.0,0.0,0.0,1.0,7.0,,4.0,1.0,0.0,3.0,1.0,1.0,7.0,20.0,28.0,,0.0,1.0,0.0,92.0,,,,,0.0,0.02,0.33,0.15,,35.19,14.52,0.021,0.46,0.297,0.92,15.96,33.87,41.27,82.09,7.93,87.48,64.66,0.33,,4.37,75.5,0.0,0.0,255.2,0.202,15.92,4.287,12.09,0.114,0.721,5.79,13.97,43.52,72.7,1.542,1.587,19.8,0.91,2.28,6.767,77.8,1.289,,20.6,5.684,32.1,1.548,34.174,4.461,167.41,,0.93,,117.71,15.074,15.42,,2.319,485.2,6.55,,0
66.0,0.0,37.0,3.0,,1.0,,4.0,15.0,66.4,143.9,81.8,19.0,19.0,84.0,66.3,20.3371,93.0,181.0,88.0,21.4,24.0,2.9,3.8,12.6,8.7,6.0,7.8,17.0,33.1,1.2,,1.8,2.2,1.9,2.0,15.5,11.7,24.3,20.9,6928.0,23.8,9.4,37.8,32.0,597.0,328.0,297.0,228.0,263.0,3.63311,3.487786,0.847,,4.52,3.0,2.0,3.0,,23.0,,,17.0,22.0,7.0,,4.0,4.0,0.0,6.0,0.0,,2.0,1.0,1.0,1.0,1.0,7.0,1.0,1.0,1.0,2.0,2.0,0.0,0.0,0.0,4.0,,0.0,0.0,6.0,2.0,9.0,3.0,2.0,2.0,3.0,1.0,1.0,5.0,2.0,3.0,2.0,0.0,3.0,3.0,2.0,2.0,3.0,1.0,3.0,2.0,1.0,,,0.0,,0.0,0.0,4.0,0.0,1.0,1.0,,5.0,2.0,3.0,0.0,16.0,2.0,0.0,1.0,1.0,0.0,,,,92.0,0.0,0.0,0.0,0.0,0.41,5.33,33.46,13.73,0.045,0.698,0.403,3.05,39.21,33.06,41.02,80.6,10.94,98.28,73.9,0.91,11.7,3.4,,0.0,0.0,200.2,0.219,16.45,4.152,12.38,,1.942,7.77,9.82,51.25,144.5,1.808,0.992,17.1,3.89,2.546,8.383,89.3,0.889,,39.4,10.289,,1.922,20.187,4.371,9.81,,1.299,,17.98,,6.69,63.86,5.535,286.4,5.72,,0
54.0,1.0,18.0,2.0,78.0,,30.0,,20.0,83.0,,62.0,25.0,16.0,72.0,60.2,21.638,90.0,167.0,83.0,30.4,34.2,5.7,3.6,8.2,6.6,6.0,7.8,36.5,36.9,1.0,1.5,,,3.3,2.9,20.8,9.4,26.2,29.6,4883.0,31.5,13.8,42.7,32.4,641.0,420.0,451.0,304.0,328.0,6.069395,,1.81,1285.35457,,,,3.0,2.0,,,,,20.0,3.0,3.0,2.0,6.0,6.0,7.0,0.0,0.0,1.0,3.0,1.0,,2.0,8.0,2.0,,1.0,2.0,2.0,0.0,0.0,1.0,3.0,,0.0,,0.0,0.0,2.0,3.0,5.0,12.0,6.0,1.0,1.0,,2.0,4.0,1.0,0.0,4.0,4.0,1.0,1.0,4.0,3.0,3.0,2.0,2.0,20.0,,1.0,23.0,,,2.0,1.0,2.0,2.0,4.0,3.0,2.0,4.0,8.0,18.0,3.0,0.0,,0.0,0.0,,60.0,,78.0,,0.0,0.2,3.29,0.04,0.71,41.08,13.37,0.024,0.884,0.43,2.81,46.99,31.88,32.55,97.93,10.36,94.51,85.99,0.41,6.85,2.52,42.2,0.0,0.0,208.3,0.216,16.93,4.194,,0.067,,5.97,57.34,41.28,79.1,,1.144,37.0,,2.589,,71.2,1.125,1.39,92.9,4.199,30.3,,15.275,3.62,173.18,,1.111,,43.24,14.781,6.34,,3.273,327.5,5.62,53.9,0
57.0,0.0,24.0,2.0,51.0,10.0,,,,76.5,182.6,98.3,12.0,14.0,124.0,69.7,30.5417,132.0,151.0,76.0,48.4,51.3,9.9,9.7,6.4,6.3,5.6,5.9,55.8,52.6,8.1,3.2,1.7,1.9,,1.6,41.2,26.1,17.0,20.2,4691.0,48.2,27.1,35.9,26.4,759.0,401.0,383.0,281.0,299.0,2.40639,1.40264,,127.980461,,,,,,31.0,6.0,,,,,4.0,2.0,1.0,1.0,6.0,5.0,0.0,2.0,1.0,0.0,1.0,0.0,5.0,3.0,,1.0,3.0,2.0,0.0,2.0,0.0,3.0,84.061,0.0,0.0,0.0,1.0,1.0,6.0,8.0,9.0,7.0,0.0,6.0,2.0,2.0,3.0,3.0,1.0,5.0,0.0,1.0,3.0,0.0,1.0,4.0,2.0,3.0,2.0,16.0,24.0,,,,,0.0,2.0,2.0,0.0,1.0,2.0,3.0,0.0,30.0,34.0,0.0,,0.0,0.0,,61.0,,90.0,0.0,0.0,0.0,0.01,0.33,3.68,49.58,11.71,0.006,0.341,0.198,2.85,31.76,22.5,23.63,95.23,,113.72,83.4,0.73,8.13,5.07,,0.0,0.0,272.6,0.229,16.41,5.206,12.33,0.037,0.586,8.98,17.77,,153.6,1.072,0.584,23.1,0.9,2.324,3.866,52.0,0.847,1.4,16.6,4.901,60.9,1.102,26.97,2.378,4.64,,,,38.58,1.063,,75.02,4.143,,4.4,24.4,0
52.0,0.0,24.0,2.0,13.0,,25.0,7.0,,106.5,192.5,79.0,10.0,11.0,85.0,68.0,28.4172,121.0,155.0,68.0,36.1,46.4,8.4,8.2,4.7,4.5,5.5,6.3,33.7,37.3,2.2,3.1,1.8,1.9,,1.8,43.7,21.1,20.3,19.6,4011.0,37.5,46.5,36.2,28.5,555.0,347.0,257.0,,256.0,1.87613,1.075911,-1.417,41.19522,,1.0,,,,,4.0,,24.0,71.0,,,2.0,1.0,1.0,0.0,0.0,1.0,1.0,2.0,,2.0,1.0,6.0,3.0,2.0,1.0,1.0,2.0,1.0,1.0,1.0,4.0,10.529,0.0,0.0,0.0,2.0,1.0,6.0,2.0,16.0,8.0,7.0,0.0,6.0,2.0,5.0,5.0,3.0,0.0,1.0,1.0,2.0,3.0,2.0,5.0,2.0,3.0,25.0,1.0,12.0,0.0,0.0,0.0,2.0,1.0,2.0,4.0,0.0,2.0,1.0,2.0,0.0,15.0,21.0,1.0,0.0,0.0,0.0,73.0,66.0,80.0,,,0.0,0.09,1.57,0.32,5.69,42.99,14.94,0.009,0.475,,,26.9,33.55,34.74,96.57,12.27,109.02,92.63,,3.96,3.46,61.9,,0.0,263.3,0.323,17.37,4.452,,0.03,0.634,5.58,12.21,46.69,103.6,1.45,0.775,21.8,11.59,2.506,3.93,77.6,0.848,,22.8,8.764,47.7,1.304,35.115,2.79,,,0.909,,64.95,2.009,12.96,64.39,4.251,415.4,,32.6,0
59.0,1.0,24.0,3.0,85.0,,,,15.0,85.3,179.2,64.5,30.0,32.0,112.0,86.8,30.0102,127.0,170.0,89.0,48.1,51.2,9.5,5.0,7.5,7.2,8.1,10.5,33.4,34.0,3.6,1.4,2.6,3.2,3.4,2.2,44.9,10.6,33.3,34.2,8854.0,42.7,,48.8,54.3,470.0,283.0,327.0,249.0,207.0,,,-0.868,506.10346,1.9,,3.0,1.0,3.0,12.0,,,,9.0,4.0,3.0,2.0,4.0,1.0,,0.0,7.0,1.0,1.0,1.0,0.0,1.0,5.0,3.0,4.0,1.0,1.0,1.0,1.0,1.0,0.0,1.0,63.703,0.0,0.0,3.0,2.0,8.0,3.0,0.0,12.0,6.0,2.0,3.0,1.0,2.0,2.0,2.0,0.0,1.0,1.0,1.0,1.0,3.0,1.0,3.0,2.0,3.0,,17.0,,0.0,,0.0,2.0,4.0,3.0,2.0,0.0,3.0,1.0,2.0,9.0,23.0,2.0,1.0,0.0,1.0,1.0,,84.0,,91.0,,0.0,0.2,1.75,0.43,3.84,46.45,16.92,,,0.41,3.58,31.72,31.66,36.42,86.91,8.18,96.29,75.97,0.69,6.13,6.38,56.6,0.0,0.0,277.4,0.227,16.32,5.345,16.7,0.079,1.194,11.28,15.21,,153.0,,0.699,15.7,18.29,2.265,3.468,50.7,,,29.1,8.944,53.3,,31.105,2.863,,,1.52,,51.05,8.161,,64.38,3.723,187.7,3.52,28.0,0
53.0,0.0,11.0,2.0,,6.0,56.0,8.0,15.0,86.9,120.8,81.2,10.0,10.0,96.0,47.8,20.7934,124.0,152.0,88.0,35.5,33.2,2.9,3.2,8.1,6.8,6.5,9.8,43.9,54.7,1.3,2.7,1.8,2.0,1.7,1.7,36.0,22.8,19.7,22.0,5432.0,25.8,33.6,44.8,29.1,573.0,409.0,395.0,326.0,282.0,1.551692,1.376694,-1.304,273.544459,4.79,,4.0,,,,6.0,,,6.0,1.0,,3.0,5.0,,6.0,,1.0,4.0,1.0,2.0,,1.0,8.0,2.0,1.0,2.0,1.0,1.0,0.0,0.0,2.0,3.0,,0.0,14.0,0.0,1.0,5.0,0.0,0.0,27.0,2.0,7.0,1.0,9.0,2.0,1.0,1.0,5.0,2.0,2.0,2.0,5.0,3.0,2.0,3.0,2.0,2.0,,0.0,0.0,0.0,0.0,,7.0,,2.0,,,2.0,1.0,5.0,9.0,16.0,1.0,1.0,0.0,1.0,0.0,,88.0,,79.0,0.0,0.0,0.08,1.61,0.14,2.66,38.57,12.18,0.044,0.676,0.208,0.96,18.69,31.13,31.58,98.56,10.71,114.54,87.48,0.17,3.36,3.8,73.7,0.0,0.0,280.2,0.3,15.68,3.913,14.86,0.071,0.907,5.16,11.92,48.71,25.3,1.812,1.278,38.2,0.34,2.257,5.523,55.8,0.688,1.29,21.8,9.761,39.5,2.327,28.439,2.132,179.71,,1.488,,38.45,2.13,7.87,68.96,1.082,204.9,3.03,96.8,0
42.0,0.0,27.0,5.0,,,,8.0,,68.4,113.2,63.6,26.0,52.0,74.0,64.1,20.3626,100.0,177.0,97.0,31.7,16.8,,6.9,11.6,9.7,11.3,7.1,25.6,32.9,1.1,1.0,4.9,2.3,2.9,3.4,19.6,13.4,23.2,23.1,7471.0,18.1,40.9,43.7,43.6,577.0,294.0,345.0,211.0,238.0,5.08355,,1.623,425.874756,3.14,3.0,,5.0,,,3.0,4.0,,15.0,4.0,,2.0,0.0,0.0,1.0,1.0,0.0,5.0,1.0,,2.0,0.0,8.0,2.0,1.0,1.0,3.0,2.0,0.0,0.0,1.0,4.0,,1.0,5.0,,8.0,1.0,4.0,0.0,4.0,10.0,3.0,2.0,1.0,1.0,3.0,5.0,3.0,3.0,1.0,1.0,0.0,2.0,1.0,2.0,2.0,3.0,,0.0,,0.0,,,,5.0,3.0,1.0,,3.0,1.0,3.0,0.0,14.0,2.0,0.0,1.0,0.0,1.0,,,77.0,,,1.0,0.05,0.47,0.11,1.03,49.64,13.23,0.015,0.123,0.296,,25.11,26.62,26.66,99.87,9.7,121.06,80.28,0.87,7.99,7.09,65.4,0.0,0.0,152.7,0.148,16.25,4.971,12.25,0.058,0.697,10.84,22.88,44.03,115.0,2.268,1.214,21.3,1.02,2.55,,82.1,0.878,1.25,13.0,5.682,28.2,2.436,21.796,2.357,12.77,,0.799,,,1.155,4.53,70.14,0.629,255.0,3.87,28.4,0
66.0,0.0,29.0,4.0,2.0,9.0,11.0,9.0,15.0,89.4,168.3,78.1,16.0,20.0,155.0,95.3,41.2886,131.0,152.0,92.0,49.4,47.6,9.9,9.2,7.6,5.9,6.9,6.7,,57.2,3.4,3.6,,2.9,2.0,2.2,50.7,39.5,24.3,25.7,5291.0,49.8,54.0,39.5,31.1,468.0,398.0,327.0,227.0,229.0,,1.329998,0.98,149.063026,3.09,3.0,,,,33.0,4.0,6.0,91.0,7.0,3.0,3.0,2.0,1.0,0.0,3.0,0.0,1.0,7.0,2.0,1.0,1.0,2.0,5.0,3.0,1.0,3.0,3.0,2.0,3.0,0.0,0.0,4.0,34.086,0.0,0.0,2.0,5.0,1.0,0.0,0.0,31.0,8.0,1.0,1.0,4.0,3.0,2.0,2.0,1.0,3.0,5.0,2.0,1.0,4.0,2.0,1.0,1.0,3.0,14.0,,,11.0,,,,4.0,2.0,2.0,13.0,5.0,1.0,4.0,0.0,16.0,3.0,0.0,1.0,0.0,0.0,65.0,42.0,,95.0,,1.0,0.01,0.17,0.39,5.13,47.16,,,0.118,0.161,0.92,12.21,25.72,26.96,95.4,8.43,119.11,77.11,0.83,11.03,5.37,71.4,0.0,0.0,198.3,0.167,17.4,4.944,12.76,0.031,0.522,7.52,47.43,40.3,71.6,,0.714,34.6,0.6,2.577,4.984,58.2,1.106,2.79,109.1,7.175,49.4,1.666,22.196,2.535,113.71,269.3,,,,1.462,22.5,74.99,3.283,350.8,5.3,97.6,0
43.0,0.0,10.0,2.0,,,52.0,1.0,14.0,66.9,116.5,59.1,28.0,15.0,70.0,67.9,25.0602,122.0,165.0,80.0,23.2,16.2,3.8,2.2,7.2,6.2,6.9,8.4,19.1,36.4,1.2,0.6,2.2,2.2,3.2,2.4,34.4,11.8,24.7,30.9,6811.0,26.9,28.5,43.3,34.9,436.0,240.0,227.0,104.0,171.0,15.30538,5.037734,2.933,940.253008,,,2.0,,,23.0,5.0,,126.0,,2.0,6.0,,0.0,3.0,6.0,0.0,1.0,7.0,3.0,0.0,,2.0,8.0,2.0,1.0,2.0,3.0,2.0,3.0,0.0,0.0,3.0,,,0.0,0.0,1.0,9.0,0.0,0.0,5.0,1.0,0.0,2.0,10.0,1.0,2.0,2.0,3.0,2.0,1.0,1.0,1.0,5.0,1.0,3.0,0.0,5.0,,1.0,0.0,,0.0,,1.0,2.0,2.0,2.0,125.0,2.0,2.0,4.0,3.0,,13.0,0.0,,0.0,0.0,,109.0,,,,0.0,0.17,2.4,0.59,8.43,31.42,11.83,0.019,4.368,0.323,1.47,21.09,31.89,37.65,84.7,12.23,118.24,76.06,0.82,11.83,3.92,56.2,0.0,0.0,137.2,0.168,17.19,3.709,15.13,0.065,1.758,6.97,72.6,51.15,67.9,1.643,1.097,48.1,10.9,,4.427,53.3,0.737,3.25,119.6,4.078,35.0,1.586,11.423,2.44,,285.3,0.951,,14.15,1.135,13.41,71.84,1.383,445.6,3.42,39.1,0
59.0,0.0,12.0,3.0,,6.0,,4.0,17.0,68.8,180.7,49.0,1.0,10.0,115.0,54.0,22.338,92.0,155.0,80.0,14.7,23.1,5.9,3.6,5.2,7.3,6.0,4.7,14.4,24.5,0.6,0.5,1.6,1.8,1.6,1.6,18.7,14.2,21.6,19.9,4705.0,27.5,11.5,31.4,26.9,783.0,468.0,413.0,249.0,312.0,2.298855,1.116614,0.343,,3.04,,2.0,,3.0,,,5.0,162.0,18.0,,3.0,2.0,7.0,2.0,7.0,6.0,5.0,1.0,1.0,0.0,0.0,1.0,9.0,3.0,3.0,2.0,2.0,2.0,1.0,0.0,0.0,2.0,75.26,2.0,,0.0,2.0,7.0,1.0,2.0,1.0,6.0,12.0,6.0,0.0,2.0,4.0,0.0,4.0,2.0,1.0,1.0,2.0,3.0,1.0,2.0,2.0,5.0,6.0,1.0,18.0,1.0,,1.0,,5.0,2.0,1.0,2.0,2.0,2.0,3.0,8.0,18.0,3.0,0.0,,0.0,1.0,88.0,40.0,,,,0.0,0.02,0.24,0.04,0.53,44.84,16.16,0.034,0.52,0.423,3.7,54.12,31.47,36.05,87.31,7.33,113.56,90.51,0.54,7.89,2.54,37.2,0.0,0.0,366.0,0.268,16.51,5.136,15.29,0.116,2.069,6.83,18.19,42.11,,1.338,,20.6,7.71,2.19,5.237,107.6,1.001,1.67,19.3,6.774,37.9,1.418,11.673,3.229,145.38,,1.532,,3.09,0.815,10.66,,,309.6,8.61,29.2,0
50.0,1.0,10.0,2.0,98.0,,38.0,7.0,14.0,85.5,123.5,52.6,14.0,22.0,117.0,61.6,24.6791,113.0,158.0,72.0,41.3,46.3,9.7,4.2,8.0,6.6,7.1,7.5,41.3,41.4,5.1,3.4,2.2,1.9,2.2,2.7,46.5,11.7,20.5,22.3,5248.0,43.6,44.2,42.6,29.4,546.0,292.0,272.0,310.0,241.0,2.760208,1.245826,-0.836,231.480557,4.32,,,,,191.0,,,,150.0,3.0,3.0,1.0,3.0,5.0,2.0,0.0,2.0,0.0,1.0,1.0,2.0,0.0,9.0,3.0,3.0,1.0,1.0,1.0,0.0,0.0,1.0,3.0,1.832,0.0,12.0,0.0,3.0,0.0,1.0,0.0,9.0,7.0,0.0,0.0,8.0,1.0,0.0,2.0,2.0,1.0,1.0,0.0,2.0,3.0,1.0,5.0,1.0,2.0,,,,,0.0,0.0,,1.0,2.0,2.0,4.0,2.0,2.0,3.0,10.0,29.0,43.0,,1.0,0.0,1.0,,53.0,,,,0.0,0.04,0.35,0.85,8.5,51.61,14.06,0.017,0.288,0.246,2.25,22.45,25.87,27.24,94.98,8.89,100.12,91.87,0.54,5.35,,63.3,0.0,0.0,252.2,0.224,17.67,5.434,12.0,0.054,2.272,10.01,14.37,45.42,86.1,1.379,1.174,19.5,0.68,2.282,8.303,,1.007,1.14,12.4,9.189,59.9,1.058,29.014,5.513,18.41,,1.337,,,16.366,6.16,81.52,0.698,470.2,8.49,,0
66.0,1.0,37.0,2.0,,0.0,,8.0,24.0,75.5,126.2,55.4,21.0,54.0,118.0,122.9,38.2151,114.0,179.0,87.0,50.0,38.4,8.7,7.5,12.8,13.8,10.7,8.7,45.8,51.0,1.2,3.5,3.5,2.3,2.6,4.3,30.0,24.9,31.1,41.4,9797.0,32.5,21.2,75.7,53.2,646.0,354.0,406.0,252.0,238.0,3.26382,3.133267,,597.88823,2.32,1.0,1.0,6.0,,9.0,2.0,,,11.0,4.0,1.0,,6.0,4.0,3.0,0.0,0.0,2.0,2.0,,0.0,0.0,8.0,2.0,3.0,1.0,1.0,2.0,0.0,0.0,0.0,,73.13,2.0,0.0,4.0,5.0,0.0,1.0,0.0,23.0,2.0,9.0,4.0,3.0,3.0,2.0,3.0,1.0,2.0,1.0,1.0,0.0,1.0,2.0,1.0,1.0,4.0,1.0,,1.0,,0.0,1.0,8.0,1.0,2.0,3.0,3.0,2.0,,3.0,0.0,,2.0,0.0,0.0,1.0,1.0,,37.0,72.0,,,0.0,0.09,0.83,0.44,3.87,39.7,17.02,,0.22,0.313,2.43,21.43,,42.86,82.67,9.15,106.83,95.39,0.55,4.83,7.82,69.0,0.0,0.0,229.3,0.21,16.75,4.802,12.71,0.11,1.854,11.32,10.67,44.98,135.9,1.037,1.222,34.4,0.77,2.605,7.263,98.0,0.979,1.29,,8.165,57.4,,10.896,4.356,12.03,,1.272,29.1,15.95,8.391,9.55,,0.851,372.9,3.73,17.7,0
42.0,1.0,13.0,2.0,,35.0,,4.0,,65.8,102.3,77.9,43.0,55.0,66.0,78.3,21.7124,96.0,190.0,98.0,19.8,38.1,2.7,7.4,12.2,,12.0,12.5,15.2,15.9,0.7,0.9,4.8,5.0,4.0,,17.6,19.4,43.3,49.1,11900.0,25.2,17.9,61.9,52.9,601.0,292.0,250.0,229.0,244.0,5.080604,,-0.315,287.233166,,,5.0,1.0,1.0,41.0,,,,185.0,4.0,,2.0,3.0,1.0,6.0,2.0,1.0,1.0,2.0,0.0,,0.0,7.0,3.0,3.0,1.0,2.0,2.0,0.0,1.0,0.0,1.0,2.586,0.0,,5.0,1.0,10.0,3.0,0.0,21.0,6.0,1.0,0.0,1.0,2.0,2.0,2.0,0.0,3.0,2.0,1.0,2.0,3.0,2.0,4.0,2.0,4.0,5.0,,,,0.0,,3.0,0.0,3.0,1.0,,4.0,1.0,3.0,0.0,16.0,,0.0,0.0,0.0,0.0,87.0,56.0,70.0,,,1.0,0.0,0.07,0.42,7.25,50.59,15.51,0.009,0.238,0.173,2.55,44.49,29.21,30.66,95.25,8.86,117.76,83.65,0.26,4.57,2.5,43.6,0.0,0.0,509.7,0.452,16.59,5.311,14.5,0.032,0.855,5.73,37.55,47.56,75.9,1.985,1.2,40.5,0.57,,7.038,75.0,0.865,1.39,181.4,6.825,55.1,2.249,24.935,,,,1.475,,32.88,16.431,17.74,67.84,4.905,204.7,5.03,61.8,0
61.0,1.0,8.0,1.0,,2.0,,1.0,14.0,,133.3,80.4,22.0,47.0,79.0,73.9,22.28,110.0,182.0,,,41.3,4.7,2.2,11.3,10.4,7.7,7.4,30.1,27.9,1.0,0.4,4.2,3.4,2.2,2.4,25.5,23.5,28.6,35.5,4773.0,24.3,39.9,45.7,32.8,508.0,247.0,413.0,195.0,291.0,4.846457,3.63226,0.301,697.050306,2.93,1.0,,,4.0,271.0,,5.0,94.0,330.0,,3.0,1.0,2.0,1.0,6.0,0.0,0.0,2.0,3.0,2.0,0.0,0.0,4.0,3.0,3.0,2.0,1.0,2.0,1.0,0.0,0.0,1.0,,0.0,10.0,,7.0,6.0,6.0,4.0,4.0,5.0,8.0,5.0,6.0,,2.0,3.0,2.0,1.0,5.0,2.0,1.0,3.0,2.0,2.0,1.0,5.0,24.0,,,,3.0,,8.0,1.0,2.0,1.0,0.0,4.0,3.0,3.0,7.0,,13.0,0.0,0.0,0.0,0.0,,61.0,92.0,,0.0,0.0,0.05,0.77,0.65,9.97,34.79,12.12,0.003,0.227,0.391,,14.99,,34.83,79.68,9.0,92.29,79.36,0.25,3.87,4.59,70.4,0.0,0.0,193.9,0.174,16.28,4.366,13.33,0.05,1.181,6.52,73.33,43.36,48.7,1.077,0.997,,14.61,2.291,5.392,53.1,0.867,2.71,98.8,9.322,61.6,0.811,14.764,3.65,13.88,,1.16,,62.76,13.803,18.58,,0.879,282.9,5.36,60.7,0
64.0,1.0,1.0,2.0,20.0,,17.0,8.0,16.0,77.4,134.1,62.7,53.0,49.0,74.0,69.5,25.8546,101.0,164.0,100.0,16.8,16.1,5.0,4.9,9.4,10.3,15.7,11.6,44.5,24.0,0.7,0.7,3.2,4.9,3.1,3.2,24.3,5.8,24.5,41.4,9972.0,48.9,27.8,48.2,56.0,471.0,322.0,311.0,176.0,171.0,2.406358,,1.307,530.247614,1.65,2.0,,,3.0,38.0,,4.0,15.0,9.0,6.0,3.0,2.0,7.0,6.0,4.0,6.0,0.0,6.0,2.0,3.0,0.0,0.0,6.0,2.0,3.0,1.0,2.0,1.0,0.0,2.0,0.0,3.0,8.593,0.0,1.0,,1.0,1.0,4.0,0.0,28.0,6.0,13.0,1.0,1.0,1.0,2.0,2.0,1.0,0.0,1.0,3.0,1.0,3.0,2.0,5.0,2.0,4.0,0.0,,1.0,,4.0,1.0,7.0,1.0,3.0,2.0,0.0,4.0,,4.0,7.0,,10.0,0.0,1.0,0.0,,,64.0,,,0.0,0.0,0.04,0.43,0.03,0.32,34.32,12.04,0.024,0.844,0.33,1.47,14.29,28.1,35.08,80.1,7.35,102.25,73.62,0.61,5.98,8.12,79.0,0.0,0.0,199.8,0.147,15.66,4.285,16.33,0.074,1.099,10.29,71.42,,52.7,2.27,0.909,32.4,7.52,,3.898,53.3,0.896,1.22,14.3,4.025,27.2,2.542,17.094,2.575,20.16,,0.873,,140.99,,7.18,69.29,0.463,245.5,7.26,23.9,0
45.0,0.0,1.0,1.0,1.0,20.0,37.0,7.0,15.0,67.0,137.8,,14.0,15.0,121.0,93.9,39.9888,113.0,153.0,79.0,44.1,42.9,8.5,3.2,7.0,6.0,8.2,5.7,44.5,44.9,2.3,2.4,1.8,1.7,3.2,2.1,29.9,23.8,22.2,22.6,4059.0,34.1,39.4,43.9,27.3,516.0,332.0,258.0,207.0,268.0,3.047053,2.606387,,132.069567,4.81,,,4.0,,9.0,,3.0,,94.0,4.0,3.0,1.0,0.0,3.0,6.0,6.0,3.0,1.0,3.0,2.0,2.0,2.0,7.0,2.0,2.0,1.0,2.0,2.0,0.0,0.0,0.0,2.0,,2.0,0.0,0.0,2.0,0.0,7.0,5.0,17.0,1.0,1.0,4.0,,2.0,2.0,4.0,2.0,4.0,1.0,0.0,0.0,0.0,1.0,5.0,2.0,3.0,1.0,1.0,1.0,0.0,0.0,,1.0,1.0,5.0,3.0,,3.0,2.0,3.0,0.0,31.0,15.0,0.0,,1.0,0.0,,47.0,85.0,85.0,0.0,0.0,0.09,1.34,0.03,0.38,46.17,16.71,0.005,0.624,0.252,1.18,16.68,34.64,36.19,95.71,12.33,111.44,90.38,0.25,3.57,5.5,78.0,0.0,0.0,264.5,0.326,17.29,4.824,12.53,0.077,2.453,7.05,,46.65,97.5,1.253,1.082,17.3,1.77,,6.019,64.1,1.325,1.41,24.5,9.921,33.1,,21.435,2.471,50.1,,1.097,,44.16,1.5,7.23,66.09,0.521,421.3,4.93,76.2,0
46.0,1.0,7.0,4.0,,33.0,,0.0,,80.8,162.8,91.7,31.0,14.0,92.0,61.0,22.5597,93.0,165.0,,21.9,20.8,2.0,2.1,9.8,13.6,6.4,8.0,31.7,15.7,1.2,1.1,1.9,2.3,3.0,3.0,15.1,11.9,41.2,25.7,7247.0,29.0,36.6,40.5,30.6,626.0,385.0,361.0,244.0,197.0,2.110723,2.026294,,334.816739,,,,4.0,,30.0,,,,133.0,3.0,3.0,1.0,3.0,0.0,5.0,0.0,0.0,3.0,1.0,2.0,1.0,0.0,10.0,4.0,3.0,2.0,2.0,2.0,0.0,0.0,0.0,3.0,,0.0,0.0,0.0,1.0,2.0,2.0,6.0,32.0,4.0,1.0,0.0,2.0,2.0,3.0,2.0,2.0,1.0,4.0,3.0,1.0,4.0,3.0,1.0,1.0,4.0,,16.0,11.0,14.0,1.0,,3.0,4.0,2.0,2.0,,4.0,1.0,5.0,0.0,,3.0,,1.0,0.0,0.0,,,,,0.0,0.0,0.08,0.67,0.35,2.78,38.81,,0.013,0.274,0.225,3.41,27.18,29.48,31.45,93.73,10.71,115.47,,0.93,7.42,7.78,62.0,0.0,0.0,327.0,0.35,15.63,4.141,12.01,0.044,0.734,12.55,10.24,47.67,52.9,1.362,,56.2,3.47,,5.108,104.2,,2.47,43.0,4.677,60.5,1.11,15.488,2.282,,,1.237,,84.6,12.038,,73.62,1.45,482.5,7.75,32.6,0
63.0,0.0,2.0,1.0,21.0,2.0,7.0,,15.0,79.0,121.7,67.6,41.0,15.0,93.0,60.1,25.131,87.0,155.0,82.0,18.8,20.1,5.7,6.6,7.0,6.3,6.4,10.4,25.3,53.2,0.7,1.4,2.0,2.5,2.4,1.8,11.7,6.8,25.9,23.7,,23.3,30.4,61.1,45.3,768.0,425.0,345.0,278.0,260.0,2.650207,,-0.806,121.457298,3.9,,2.0,,4.0,,,5.0,9.0,410.0,3.0,1.0,2.0,4.0,1.0,6.0,3.0,3.0,8.0,3.0,0.0,1.0,0.0,9.0,2.0,2.0,2.0,2.0,1.0,1.0,1.0,0.0,1.0,,1.0,12.0,1.0,2.0,0.0,4.0,,7.0,0.0,5.0,5.0,3.0,2.0,5.0,2.0,2.0,1.0,3.0,2.0,3.0,5.0,1.0,5.0,0.0,6.0,14.0,,21.0,12.0,,,1.0,6.0,2.0,2.0,,1.0,2.0,2.0,6.0,27.0,,0.0,0.0,0.0,1.0,,,,,,0.0,0.01,0.09,0.02,0.21,43.31,15.8,0.013,0.168,0.271,1.58,20.82,33.53,36.48,91.93,,113.07,86.86,0.27,3.59,5.71,75.3,0.0,0.0,200.1,0.234,17.88,4.711,13.04,0.11,1.17,7.59,19.35,,68.0,1.076,1.091,32.0,0.71,2.285,4.652,78.5,1.25,2.05,152.1,4.753,30.9,,,2.989,,,1.497,,122.14,1.998,6.38,71.31,5.114,347.2,6.32,68.5,0
58.0,0.0,20.0,4.0,1.0,32.0,58.0,,20.0,73.4,158.5,48.7,16.0,13.0,111.0,89.9,39.8193,116.0,150.0,79.0,48.2,40.0,4.1,8.2,6.7,,5.8,7.9,53.3,40.5,1.1,1.5,,1.8,1.9,1.9,,12.8,21.9,37.1,4596.0,23.8,48.1,40.1,29.8,775.0,429.0,348.0,321.0,307.0,1.935766,1.511137,,115.619041,,,1.0,,1.0,349.0,,3.0,,,,,2.0,3.0,5.0,6.0,0.0,4.0,3.0,3.0,1.0,0.0,1.0,7.0,3.0,1.0,1.0,3.0,1.0,0.0,1.0,0.0,3.0,,1.0,1.0,0.0,1.0,0.0,3.0,0.0,3.0,5.0,0.0,4.0,0.0,2.0,3.0,4.0,1.0,2.0,0.0,3.0,0.0,3.0,2.0,5.0,1.0,5.0,,5.0,1.0,0.0,5.0,,7.0,2.0,3.0,4.0,3.0,3.0,1.0,2.0,6.0,30.0,22.0,0.0,,0.0,1.0,,66.0,,,,1.0,0.0,0.05,0.34,4.34,40.04,14.94,0.013,0.909,0.346,3.52,44.54,34.39,,,9.88,,95.01,0.32,4.09,3.71,47.0,0.0,0.0,255.2,0.252,,4.344,12.12,,0.732,7.9,16.31,48.58,,2.009,0.825,24.0,0.76,2.261,4.79,112.6,0.824,1.28,,5.942,,1.613,28.833,3.801,20.9,,1.528,,101.86,,23.43,77.52,,495.4,8.94,28.6,0
59.0,0.0,12.0,1.0,83.0,,,,6.0,91.3,113.3,92.4,34.0,48.0,66.0,122.7,31.7163,92.0,197.0,100.0,19.5,22.6,1.9,3.1,11.1,12.5,13.1,8.0,23.7,18.6,0.8,0.6,2.1,3.7,3.8,4.6,18.9,5.2,40.6,35.0,8531.0,15.0,13.9,80.9,40.3,495.0,262.0,304.0,204.0,171.0,,4.551861,,692.026157,,,,,,14.0,,6.0,7.0,354.0,,3.0,1.0,2.0,7.0,4.0,0.0,5.0,6.0,2.0,1.0,1.0,2.0,9.0,3.0,1.0,1.0,1.0,2.0,2.0,1.0,0.0,3.0,1.986,1.0,,,9.0,1.0,17.0,1.0,1.0,6.0,1.0,7.0,2.0,2.0,4.0,4.0,2.0,3.0,1.0,0.0,1.0,3.0,3.0,1.0,1.0,3.0,,16.0,17.0,,4.0,1.0,2.0,7.0,2.0,3.0,5.0,1.0,1.0,3.0,0.0,28.0,,0.0,0.0,1.0,1.0,77.0,93.0,67.0,46.0,,0.0,0.09,1.79,0.03,0.69,35.89,11.62,0.003,0.205,0.152,1.44,28.74,32.28,32.38,99.72,8.76,119.86,94.94,0.76,15.22,2.68,53.6,0.0,0.0,273.8,0.24,16.77,3.599,12.65,0.087,0.827,5.0,,40.01,76.2,1.464,1.288,16.7,1.17,2.239,6.002,71.3,0.742,,87.6,4.05,29.7,2.05,29.955,4.201,17.95,,,,151.02,2.073,4.62,,0.392,455.3,8.48,73.0,0
62.0,0.0,22.0,5.0,38.0,,,3.0,,60.9,112.5,80.3,10.0,18.0,104.0,95.7,38.4367,111.0,158.0,83.0,39.8,24.5,6.7,7.0,8.4,6.8,6.5,6.1,26.1,39.7,2.9,2.4,1.8,2.4,1.7,1.9,37.7,25.1,27.6,21.9,5325.0,43.9,19.6,64.7,35.8,557.0,358.0,252.0,246.0,294.0,1.689722,1.340971,-0.307,167.877006,,,,3.0,,179.0,3.0,,,362.0,,2.0,3.0,5.0,1.0,4.0,0.0,6.0,0.0,,1.0,2.0,0.0,7.0,2.0,2.0,1.0,3.0,,0.0,0.0,1.0,3.0,71.705,1.0,6.0,,10.0,0.0,4.0,0.0,58.0,0.0,3.0,0.0,3.0,2.0,3.0,3.0,4.0,3.0,1.0,1.0,3.0,4.0,1.0,5.0,2.0,5.0,1.0,,1.0,,,,10.0,2.0,2.0,2.0,0.0,4.0,2.0,4.0,1.0,22.0,,1.0,1.0,0.0,1.0,89.0,78.0,79.0,96.0,1.0,0.0,0.0,0.02,0.52,6.35,37.92,15.4,0.006,0.201,0.383,3.44,42.08,35.11,40.62,86.45,11.35,99.49,80.02,0.28,3.43,3.94,48.1,0.0,0.0,179.4,0.204,15.94,4.387,,0.067,1.526,8.18,11.36,44.72,128.0,,1.012,40.0,1.09,2.339,,51.7,0.714,1.61,89.6,10.059,54.1,1.628,32.318,,7.79,,0.841,,,1.617,,,0.942,230.3,3.34,24.3,0
54.0,1.0,26.0,2.0,2.0,40.0,45.0,,22.0,85.5,124.5,73.2,38.0,18.0,87.0,101.9,36.2782,90.0,,96.0,35.6,39.5,4.0,3.8,8.4,7.8,11.2,7.5,,26.2,0.9,2.1,4.7,2.1,3.1,2.5,23.9,9.9,24.0,24.8,5463.0,,42.4,49.4,39.6,514.0,261.0,242.0,221.0,189.0,5.850045,,2.962,654.615396,4.67,5.0,2.0,,,,3.0,,20.0,13.0,,,2.0,5.0,0.0,5.0,0.0,1.0,1.0,2.0,0.0,,0.0,7.0,3.0,2.0,2.0,1.0,,0.0,0.0,1.0,1.0,18.254,0.0,0.0,0.0,,2.0,6.0,7.0,2.0,8.0,2.0,7.0,1.0,2.0,4.0,1.0,3.0,2.0,2.0,0.0,3.0,3.0,1.0,5.0,1.0,3.0,5.0,19.0,,10.0,0.0,1.0,2.0,1.0,2.0,2.0,3.0,2.0,2.0,3.0,7.0,18.0,2.0,0.0,,0.0,,86.0,87.0,75.0,,1.0,0.0,0.07,0.89,0.13,1.67,32.85,12.12,0.035,0.158,0.158,3.45,44.05,30.73,36.91,83.25,9.84,107.46,91.52,0.57,7.3,3.6,46.1,,0.0,152.1,0.15,17.35,3.946,14.39,0.107,0.585,7.82,44.31,47.72,49.5,2.096,1.394,50.4,5.17,2.551,8.445,55.6,0.753,1.53,18.3,7.537,55.7,2.51,30.87,5.11,,,1.014,,27.18,8.291,15.28,,1.44,201.1,4.59,99.3,0
53.0,1.0,2.0,4.0,4.0,7.0,,,14.0,70.3,145.7,75.2,42.0,16.0,98.0,64.9,23.0264,96.0,168.0,85.0,13.9,22.3,3.0,2.1,7.4,10.0,9.0,7.7,14.6,13.2,1.3,0.8,2.2,2.5,2.3,3.2,32.7,10.2,32.2,38.0,5359.0,16.9,12.1,49.5,42.6,,230.0,227.0,175.0,190.0,6.011886,4.241137,,903.288424,4.78,,,,,14.0,2.0,,89.0,10.0,3.0,4.0,4.0,4.0,4.0,7.0,0.0,5.0,5.0,,1.0,0.0,0.0,10.0,3.0,2.0,1.0,3.0,2.0,0.0,1.0,0.0,4.0,,0.0,14.0,6.0,6.0,6.0,6.0,1.0,18.0,10.0,1.0,0.0,5.0,1.0,2.0,3.0,2.0,0.0,0.0,4.0,3.0,1.0,1.0,4.0,2.0,3.0,27.0,1.0,1.0,2.0,0.0,,1.0,0.0,3.0,1.0,0.0,,1.0,4.0,0.0,27.0,33.0,0.0,,0.0,0.0,,68.0,,,0.0,0.0,0.16,3.31,0.33,6.72,43.55,15.26,0.004,0.698,0.268,1.42,28.86,32.45,35.03,92.62,8.09,90.84,,0.48,9.83,2.52,51.3,0.0,0.0,248.7,0.201,16.23,4.702,15.23,0.069,2.235,4.91,53.37,,59.1,1.428,0.441,,1.13,2.391,3.488,103.6,0.874,,101.0,4.103,43.0,,9.873,1.842,81.44,,,,37.72,13.936,7.79,78.06,2.617,327.7,6.51,19.2,0
65.0,0.0,25.0,2.0,61.0,,,,,95.7,162.2,47.2,25.0,27.0,99.0,84.5,31.5111,128.0,164.0,87.0,18.6,26.5,1.9,5.2,12.2,6.8,8.9,6.5,44.2,37.6,2.4,0.8,4.7,3.2,1.8,3.0,35.0,11.1,24.8,37.8,7470.0,45.4,21.2,49.2,28.9,559.0,351.0,258.0,179.0,186.0,3.046848,2.924974,-0.893,168.014857,,,,,3.0,,2.0,,,45.0,2.0,2.0,1.0,7.0,5.0,6.0,5.0,5.0,5.0,1.0,0.0,1.0,1.0,7.0,3.0,4.0,1.0,2.0,1.0,0.0,1.0,0.0,4.0,,0.0,12.0,,2.0,0.0,1.0,3.0,20.0,5.0,2.0,1.0,0.0,3.0,0.0,2.0,2.0,4.0,2.0,1.0,2.0,2.0,1.0,2.0,1.0,3.0,,,14.0,0.0,4.0,,9.0,0.0,3.0,3.0,,4.0,1.0,2.0,0.0,14.0,,,1.0,1.0,0.0,90.0,57.0,65.0,87.0,0.0,,,0.11,0.58,4.69,39.03,11.8,0.007,0.16,0.157,3.32,26.8,25.91,30.22,85.72,11.42,110.38,73.49,0.42,3.38,8.06,65.0,0.0,0.0,135.6,,15.74,4.553,13.2,0.024,0.522,12.39,53.51,45.47,43.5,1.8,1.12,37.2,15.5,2.383,4.885,61.7,1.21,4.3,40.2,,28.2,1.815,19.997,4.852,38.66,,1.233,,66.84,1.772,,73.43,2.537,471.5,7.19,40.0,0
61.0,1.0,14.0,2.0,,2.0,47.0,7.0,16.0,79.5,181.4,53.7,55.0,48.0,66.0,66.1,19.1402,87.0,186.0,96.0,12.8,19.2,1.4,1.8,7.3,8.0,10.2,9.4,13.5,13.0,0.6,0.2,4.8,4.1,4.0,3.4,13.7,4.6,23.2,30.0,5366.0,6.4,10.0,54.8,44.4,756.0,421.0,434.0,304.0,276.0,3.536618,3.395153,,682.491275,,,,4.0,,,3.0,5.0,,25.0,4.0,4.0,2.0,6.0,2.0,7.0,7.0,4.0,0.0,3.0,3.0,1.0,0.0,5.0,3.0,1.0,1.0,1.0,2.0,0.0,0.0,1.0,3.0,8.296,1.0,12.0,0.0,5.0,7.0,2.0,3.0,36.0,2.0,7.0,6.0,4.0,2.0,4.0,3.0,5.0,2.0,0.0,1.0,1.0,2.0,2.0,5.0,2.0,3.0,9.0,5.0,1.0,1.0,,1.0,2.0,0.0,1.0,2.0,0.0,4.0,2.0,4.0,0.0,32.0,2.0,1.0,1.0,1.0,0.0,,57.0,73.0,74.0,,0.0,0.11,1.22,0.14,1.57,39.41,15.89,,0.251,0.152,3.18,36.66,32.07,40.32,79.53,,103.49,73.56,0.79,9.17,4.46,51.4,0.0,0.0,288.9,0.424,15.54,4.955,13.87,0.042,,8.67,12.1,48.45,49.5,2.201,0.788,43.8,17.37,2.458,3.752,,,3.72,118.4,,33.8,1.242,31.106,1.265,161.96,,1.519,,42.13,14.06,,80.86,0.907,672.7,8.63,17.4,0
60.0,0.0,0.0,2.0,,,50.0,1.0,,86.8,164.5,83.3,8.0,18.0,91.0,120.2,47.0528,139.0,160.0,84.0,40.9,38.3,5.2,8.7,11.7,6.0,5.8,8.7,28.5,37.3,3.5,3.5,2.5,1.7,1.7,1.8,48.3,37.1,23.2,20.1,5086.0,48.6,21.7,38.3,29.4,741.0,391.0,444.0,286.0,315.0,1.999753,1.919763,-1.834,287.058372,3.99,2.0,,1.0,,103.0,5.0,,,,,,2.0,0.0,0.0,7.0,0.0,1.0,2.0,2.0,,1.0,0.0,6.0,4.0,4.0,1.0,1.0,1.0,3.0,1.0,2.0,2.0,10.299,0.0,9.0,2.0,6.0,1.0,6.0,0.0,7.0,8.0,1.0,0.0,6.0,1.0,2.0,1.0,1.0,4.0,1.0,1.0,3.0,3.0,2.0,5.0,2.0,1.0,0.0,,,3.0,0.0,1.0,8.0,0.0,3.0,2.0,0.0,3.0,2.0,5.0,,18.0,,0.0,1.0,1.0,1.0,,,,,,1.0,0.0,0.05,0.07,0.91,33.83,15.13,0.038,0.351,0.303,1.43,20.09,37.29,44.73,83.37,8.45,95.81,91.6,0.72,10.05,4.92,,0.0,0.0,140.9,0.119,16.35,4.058,15.01,0.108,1.56,7.14,12.18,41.43,56.5,1.51,0.639,28.2,0.49,2.282,5.225,108.5,1.273,3.82,89.8,5.946,31.6,1.324,32.276,3.239,17.74,,1.191,,69.76,1.834,4.54,69.97,1.046,292.7,7.65,25.7,0
52.0,1.0,14.0,6.0,,9.0,,,19.0,77.0,117.1,100.4,15.0,23.0,87.0,53.5,23.0374,88.0,152.0,85.0,32.9,35.2,4.5,7.5,7.9,7.7,6.1,10.5,,22.0,1.4,0.9,4.2,2.1,1.7,3.4,15.3,5.6,24.5,23.4,5268.0,15.5,,37.4,26.7,489.0,280.0,304.0,207.0,224.0,2.575119,2.472114,1.671,620.413098,,,,,3.0,15.0,,,,19.0,3.0,,1.0,3.0,0.0,7.0,2.0,1.0,3.0,2.0,5.0,0.0,2.0,8.0,3.0,4.0,1.0,2.0,,0.0,2.0,0.0,3.0,16.896,2.0,12.0,0.0,2.0,24.0,2.0,1.0,34.0,5.0,3.0,6.0,0.0,,2.0,5.0,0.0,3.0,2.0,4.0,,3.0,3.0,5.0,0.0,3.0,1.0,0.0,1.0,,,,2.0,0.0,1.0,1.0,0.0,1.0,1.0,5.0,0.0,20.0,1.0,0.0,,1.0,,61.0,,,77.0,0.0,0.0,0.04,0.31,0.07,0.65,44.07,16.07,0.018,0.766,0.32,3.31,29.21,30.61,36.47,83.94,,85.28,75.6,0.23,2.04,7.69,67.8,0.0,0.0,401.2,0.338,16.74,5.25,15.33,0.12,1.095,11.34,10.67,43.23,96.4,,1.272,,1.91,,4.81,62.3,0.687,1.18,12.0,5.638,59.8,1.148,16.264,2.618,6.63,,,,14.19,11.312,3.72,72.49,,275.8,4.01,27.2,0
63.0,0.0,11.0,5.0,41.0,16.0,,,22.0,106.3,184.1,94.0,18.0,57.0,114.0,93.9,37.0053,122.0,159.0,78.0,53.9,50.8,9.4,14.6,6.4,8.6,7.2,7.5,55.2,55.1,3.6,3.1,2.4,2.0,2.6,2.3,48.8,41.0,27.7,28.0,4880.0,48.2,42.5,44.2,33.3,573.0,285.0,330.0,183.0,217.0,2.365021,1.62206,1.038,205.213606,,,,2.0,,38.0,3.0,,5.0,21.0,5.0,2.0,2.0,2.0,1.0,6.0,0.0,1.0,0.0,2.0,4.0,3.0,1.0,9.0,2.0,1.0,2.0,1.0,2.0,1.0,1.0,1.0,2.0,,1.0,,0.0,2.0,0.0,7.0,0.0,,7.0,6.0,0.0,9.0,2.0,3.0,2.0,1.0,2.0,1.0,2.0,1.0,2.0,1.0,4.0,2.0,3.0,0.0,0.0,4.0,0.0,0.0,,8.0,5.0,1.0,3.0,12.0,1.0,2.0,4.0,5.0,28.0,27.0,0.0,,0.0,0.0,,,,62.0,1.0,1.0,0.12,1.17,0.13,1.27,39.71,14.26,0.04,0.677,,2.55,25.29,29.4,35.9,81.89,7.71,109.51,,,4.54,6.84,67.7,0.0,0.0,230.6,0.178,15.8,4.849,12.41,0.113,1.531,10.1,11.87,44.43,57.2,1.155,1.081,29.1,0.68,2.365,,89.0,1.191,1.39,179.9,4.974,55.9,,35.715,2.294,24.2,,,,150.07,2.118,11.47,,1.814,331.4,7.17,35.7,0
49.0,1.0,9.0,2.0,,24.0,23.0,,,69.3,160.0,49.7,26.0,38.0,111.0,117.2,36.4848,127.0,179.0,96.0,,41.4,6.3,7.3,6.3,8.1,7.4,7.5,49.1,43.2,1.7,2.9,2.4,2.6,2.7,3.3,37.8,24.6,30.6,24.8,5968.0,31.6,52.6,77.7,49.2,524.0,332.0,327.0,218.0,208.0,,,0.912,575.070973,,,,,3.0,,7.0,4.0,161.0,371.0,,3.0,4.0,6.0,4.0,7.0,3.0,1.0,4.0,2.0,2.0,0.0,0.0,5.0,3.0,3.0,1.0,3.0,,1.0,0.0,0.0,3.0,,,0.0,,1.0,4.0,3.0,2.0,1.0,9.0,14.0,0.0,1.0,2.0,3.0,2.0,2.0,0.0,1.0,2.0,2.0,4.0,4.0,1.0,2.0,3.0,,3.0,,0.0,,0.0,8.0,3.0,2.0,1.0,13.0,3.0,2.0,3.0,0.0,,45.0,0.0,0.0,1.0,,,,,94.0,,0.0,0.05,0.53,0.34,3.53,,13.3,0.029,0.517,0.25,2.03,20.95,26.89,32.12,,11.16,101.0,88.16,0.68,6.99,6.59,68.0,0.0,0.0,176.9,,15.67,4.947,13.06,0.023,1.72,9.69,11.87,48.42,,1.611,,21.7,5.94,3.091,4.66,65.0,0.769,,178.8,3.885,31.2,2.445,18.034,3.126,59.21,1384.6,1.003,,20.45,14.705,6.37,,1.121,280.1,4.92,,0
46.0,0.0,0.0,2.0,,1.0,55.0,,18.0,75.7,155.0,59.2,43.0,20.0,72.0,73.5,22.3338,91.0,181.0,94.0,18.9,34.4,2.4,2.5,7.9,7.2,9.2,6.4,18.8,16.3,0.8,0.6,4.2,4.2,4.0,4.2,28.1,4.4,32.7,19.5,7239.0,16.7,39.5,50.3,38.5,609.0,391.0,352.0,319.0,318.0,3.28314,2.346889,,271.253521,,,,1.0,4.0,24.0,2.0,,,27.0,4.0,,2.0,1.0,5.0,6.0,0.0,6.0,1.0,,2.0,1.0,1.0,9.0,4.0,2.0,2.0,1.0,,1.0,0.0,0.0,3.0,,1.0,14.0,0.0,1.0,9.0,1.0,55.0,13.0,9.0,2.0,6.0,0.0,3.0,3.0,2.0,3.0,4.0,0.0,2.0,0.0,2.0,1.0,4.0,2.0,2.0,0.0,1.0,,,0.0,1.0,8.0,1.0,3.0,1.0,0.0,3.0,3.0,5.0,0.0,,28.0,0.0,1.0,0.0,0.0,74.0,67.0,85.0,49.0,0.0,1.0,0.01,0.09,0.01,0.16,30.69,11.75,0.008,0.31,0.29,0.97,11.52,31.49,38.29,82.22,11.06,94.24,86.22,0.94,11.24,6.46,77.0,0.0,0.0,,0.166,15.7,3.733,16.36,0.104,0.725,8.39,37.57,42.39,95.9,1.489,1.23,186.6,0.75,2.186,5.526,73.4,0.764,4.08,,6.218,29.2,1.217,28.983,3.964,15.38,,1.055,,98.78,1.183,24.47,,0.595,303.9,5.06,100.9,0
70.0,1.0,21.0,1.0,,,,,16.0,,106.6,60.2,51.0,56.0,72.0,116.5,32.5224,94.0,189.0,85.0,15.4,41.6,3.5,6.7,13.7,13.8,12.8,8.6,27.3,16.8,2.7,2.5,3.9,4.5,4.0,4.3,16.8,17.2,23.5,31.7,6154.0,22.2,14.4,73.1,47.6,737.0,404.0,420.0,312.0,316.0,1.855055,1.77923,2.389,343.336476,,,2.0,1.0,4.0,,6.0,5.0,134.0,351.0,4.0,,3.0,3.0,0.0,6.0,0.0,0.0,5.0,2.0,,,0.0,4.0,4.0,4.0,3.0,2.0,2.0,2.0,0.0,0.0,1.0,,0.0,11.0,1.0,1.0,4.0,1.0,0.0,,2.0,11.0,6.0,2.0,2.0,1.0,3.0,2.0,2.0,5.0,0.0,1.0,2.0,2.0,3.0,0.0,4.0,24.0,,13.0,,5.0,,5.0,1.0,1.0,3.0,0.0,3.0,1.0,3.0,1.0,,,0.0,,0.0,0.0,,84.0,,48.0,,0.0,0.1,1.11,0.32,3.62,56.11,16.41,0.013,0.863,0.369,1.51,16.95,28.44,29.02,98.0,10.7,122.41,94.71,0.61,6.87,,71.4,0.0,0.0,141.9,0.152,15.78,5.769,12.73,0.055,1.762,8.91,27.37,45.96,114.5,2.179,0.701,45.9,3.33,2.638,3.296,73.5,0.644,1.55,144.7,3.676,30.6,0.98,11.913,3.517,33.52,,1.334,,83.56,15.869,21.76,77.34,1.471,479.2,7.11,,0
46.0,0.0,5.0,5.0,,19.0,23.0,,16.0,90.6,,63.5,53.0,49.0,97.0,105.2,35.0472,103.0,173.0,91.0,51.2,44.7,8.3,4.0,11.3,12.5,8.6,10.2,40.4,37.6,1.3,3.0,4.8,3.1,2.6,3.9,44.5,13.6,36.2,28.4,7178.0,26.0,45.6,62.4,36.0,548.0,440.0,357.0,228.0,320.0,5.419843,2.396266,1.222,353.944014,4.39,2.0,2.0,,,32.0,4.0,,,,,4.0,2.0,2.0,5.0,7.0,6.0,1.0,4.0,3.0,0.0,1.0,0.0,9.0,3.0,,2.0,2.0,2.0,0.0,1.0,0.0,2.0,,1.0,0.0,,9.0,1.0,0.0,0.0,8.0,8.0,2.0,8.0,1.0,2.0,4.0,3.0,2.0,2.0,2.0,0.0,0.0,3.0,1.0,4.0,2.0,6.0,1.0,0.0,0.0,0.0,0.0,1.0,5.0,0.0,1.0,,,3.0,1.0,3.0,0.0,14.0,,0.0,1.0,0.0,1.0,,90.0,74.0,,0.0,0.0,0.01,0.17,0.02,0.27,33.98,11.76,0.008,0.648,0.16,2.9,43.33,29.93,34.59,86.53,7.92,93.24,78.52,0.43,6.43,3.33,49.8,0.0,0.0,,0.153,16.56,3.927,13.08,,0.894,6.68,35.6,39.53,133.8,1.323,1.244,20.6,0.3,2.317,4.719,48.7,0.713,1.56,76.8,9.51,62.7,0.904,14.967,3.161,11.78,,0.823,,37.06,0.665,19.93,68.34,4.045,196.4,5.06,43.7,0
51.0,1.0,15.0,2.0,,16.0,,,15.0,64.3,113.5,98.3,37.0,53.0,108.0,101.4,32.6872,122.0,176.0,91.0,17.7,46.0,3.6,4.1,13.6,13.0,11.7,13.4,32.8,34.9,2.5,2.3,4.7,4.7,3.3,3.3,27.0,24.7,42.4,38.3,9140.0,28.2,17.3,77.1,55.8,540.0,423.0,403.0,264.0,283.0,,3.142996,-0.568,398.037779,3.35,,,,5.0,11.0,,,,,4.0,4.0,2.0,1.0,1.0,6.0,0.0,4.0,5.0,1.0,0.0,0.0,1.0,9.0,3.0,4.0,1.0,3.0,,0.0,2.0,0.0,3.0,7.966,0.0,2.0,0.0,0.0,2.0,4.0,2.0,24.0,4.0,0.0,1.0,4.0,2.0,2.0,0.0,2.0,1.0,5.0,3.0,1.0,3.0,2.0,4.0,2.0,2.0,20.0,,25.0,,3.0,,,2.0,3.0,2.0,6.0,3.0,1.0,4.0,0.0,14.0,27.0,1.0,,1.0,0.0,,74.0,81.0,91.0,,0.0,0.02,0.36,0.56,12.18,38.83,11.52,0.039,0.223,0.342,1.01,,26.86,29.68,90.49,7.49,87.95,71.78,0.72,15.8,2.27,49.5,0.0,0.0,,,,4.291,12.69,0.119,2.742,4.58,18.67,45.96,151.6,2.104,1.253,20.2,9.92,2.407,6.125,104.0,1.261,,19.3,5.494,33.5,2.384,23.627,2.577,158.74,,1.433,,39.64,10.867,,64.58,,193.3,8.01,,0
64.0,0.0,10.0,1.0,,,,1.0,15.0,91.9,155.4,53.0,21.0,16.0,88.0,68.3,29.057,129.0,153.0,83.0,48.2,39.6,9.0,6.0,7.0,8.3,5.5,7.6,37.9,40.8,1.1,3.2,2.3,2.3,1.7,1.8,42.9,20.5,25.0,27.9,4978.0,41.1,32.2,43.7,29.9,771.0,464.0,459.0,308.0,334.0,4.577041,,,546.468478,3.87,4.0,,3.0,,,,,7.0,18.0,3.0,4.0,2.0,4.0,1.0,7.0,0.0,0.0,2.0,3.0,1.0,0.0,0.0,8.0,4.0,1.0,1.0,1.0,2.0,0.0,0.0,2.0,3.0,,0.0,13.0,1.0,0.0,1.0,3.0,8.0,7.0,6.0,1.0,1.0,1.0,2.0,0.0,3.0,3.0,2.0,2.0,0.0,1.0,,1.0,1.0,2.0,1.0,2.0,,23.0,21.0,4.0,0.0,2.0,0.0,2.0,3.0,,5.0,2.0,2.0,0.0,16.0,3.0,,,0.0,,,,,101.0,1.0,0.0,0.01,0.09,,3.66,34.22,15.69,0.025,,0.273,3.36,56.11,38.07,45.84,83.04,8.54,106.51,75.91,0.38,6.42,2.02,33.7,0.0,0.0,342.8,0.293,16.06,4.122,12.96,0.09,0.498,5.99,17.84,53.05,72.5,1.866,0.71,26.1,5.47,,4.582,59.0,1.279,1.38,177.6,9.276,36.7,2.426,16.343,,101.11,,1.493,,76.72,1.848,,71.92,3.858,217.2,3.28,94.6,0
58.0,1.0,11.0,1.0,3.0,5.0,46.0,,17.0,67.5,110.9,62.3,41.0,49.0,78.0,93.7,26.7546,87.0,187.0,92.0,31.7,15.2,3.1,3.2,10.6,13.2,12.0,12.5,24.2,48.8,0.5,0.7,3.9,4.3,3.7,2.1,35.0,4.0,35.2,25.6,7024.0,37.8,13.0,55.9,50.3,625.0,278.0,,271.0,289.0,3.673262,2.231796,0.964,519.653923,3.77,,,3.0,4.0,10.0,3.0,,,,4.0,,2.0,0.0,0.0,1.0,,0.0,2.0,1.0,3.0,0.0,2.0,10.0,1.0,3.0,1.0,1.0,,0.0,0.0,0.0,2.0,35.107,1.0,3.0,0.0,1.0,6.0,3.0,0.0,20.0,2.0,6.0,2.0,0.0,1.0,2.0,1.0,1.0,3.0,1.0,5.0,1.0,3.0,1.0,,2.0,3.0,21.0,1.0,0.0,,4.0,0.0,1.0,1.0,2.0,1.0,8.0,3.0,1.0,4.0,5.0,23.0,3.0,1.0,,0.0,0.0,78.0,48.0,,,,1.0,0.15,2.52,0.1,1.63,36.58,12.64,0.006,0.11,0.193,0.88,14.68,27.69,34.57,80.11,10.49,106.8,76.64,0.64,10.64,4.24,70.5,0.0,,329.6,0.346,16.23,4.566,14.06,0.052,1.431,6.02,14.65,48.28,42.2,1.341,1.498,18.6,0.71,2.554,7.489,106.9,1.09,,8.7,7.925,31.1,,27.349,4.117,15.12,1605.3,1.026,,23.65,14.887,27.79,69.84,,443.9,6.58,,0
44.0,0.0,44.0,5.0,,14.0,,3.0,,68.7,127.9,89.7,51.0,41.0,103.0,81.1,25.934,104.0,177.0,99.0,36.1,28.8,1.6,7.2,,8.3,7.6,9.7,26.5,,1.5,1.8,2.1,4.3,2.2,2.3,42.4,9.1,35.5,35.6,6280.0,26.8,53.6,51.1,34.7,502.0,,252.0,206.0,174.0,4.268792,3.342238,,141.388558,3.48,,1.0,,,,3.0,6.0,,19.0,,6.0,3.0,1.0,1.0,2.0,0.0,2.0,1.0,2.0,0.0,1.0,0.0,5.0,3.0,2.0,1.0,3.0,2.0,2.0,2.0,0.0,3.0,,0.0,0.0,4.0,4.0,0.0,3.0,0.0,1.0,9.0,1.0,0.0,3.0,2.0,0.0,0.0,2.0,1.0,0.0,1.0,1.0,4.0,3.0,4.0,2.0,5.0,,,,,3.0,,7.0,1.0,1.0,2.0,,4.0,1.0,1.0,5.0,21.0,18.0,0.0,,0.0,0.0,,59.0,,,,0.0,0.0,0.01,0.08,1.26,41.67,13.66,0.013,0.453,0.421,3.69,56.89,26.07,32.77,79.54,8.84,99.11,73.73,0.28,4.24,2.44,37.6,0.0,0.0,165.7,0.146,15.73,5.238,14.11,0.065,,6.49,14.45,39.79,87.9,2.222,1.388,17.7,0.76,2.629,7.892,84.7,1.206,1.22,168.9,6.806,34.6,1.822,20.538,4.191,21.67,,1.359,,117.77,1.169,26.22,64.21,4.572,516.1,,,0
45.0,0.0,28.0,3.0,,39.0,58.0,9.0,,65.3,152.8,92.5,32.0,29.0,125.0,124.4,40.7237,116.0,175.0,86.0,29.6,50.1,8.0,9.5,7.3,7.0,7.7,5.8,51.6,55.1,1.3,3.6,2.5,2.3,2.0,,42.9,17.1,22.6,24.6,4784.0,39.0,48.4,39.6,30.8,752.0,458.0,420.0,264.0,283.0,2.675724,1.4292,,130.356619,,3.0,,,3.0,36.0,1.0,,,308.0,3.0,,1.0,0.0,3.0,6.0,0.0,5.0,3.0,2.0,1.0,0.0,1.0,3.0,3.0,3.0,1.0,2.0,2.0,0.0,2.0,0.0,1.0,,,85.0,,7.0,10.0,1.0,0.0,39.0,9.0,1.0,1.0,1.0,3.0,2.0,0.0,1.0,2.0,3.0,0.0,0.0,0.0,2.0,5.0,2.0,4.0,,,0.0,0.0,3.0,0.0,1.0,5.0,1.0,3.0,0.0,3.0,1.0,4.0,2.0,15.0,6.0,0.0,,0.0,1.0,72.0,72.0,,86.0,1.0,0.0,0.01,0.15,0.14,1.72,43.99,,0.004,0.373,0.152,2.13,,35.19,36.07,97.57,7.86,114.39,83.49,0.75,9.07,5.23,63.3,0.0,0.0,349.9,,16.31,4.509,15.38,0.04,0.981,8.27,,44.17,117.3,1.215,1.027,20.8,20.73,2.603,3.36,50.5,0.775,1.01,15.0,,56.9,0.904,12.619,1.849,147.06,,1.452,,119.18,1.725,16.25,65.37,1.501,205.9,4.63,63.7,0
66.0,0.0,15.0,3.0,5.0,,,0.0,14.0,90.1,126.4,50.6,35.0,29.0,119.0,105.5,41.5216,133.0,159.0,82.0,29.7,41.8,9.7,7.0,8.8,7.0,5.7,6.8,54.4,30.3,2.5,3.4,3.4,2.1,2.1,2.2,39.6,12.7,25.4,21.3,4780.0,49.4,37.7,51.2,34.8,449.0,260.0,185.0,193.0,169.0,2.659797,2.085412,,260.464471,3.83,,,5.0,4.0,37.0,,,7.0,13.0,6.0,2.0,0.0,5.0,0.0,6.0,0.0,2.0,7.0,2.0,2.0,,0.0,10.0,2.0,3.0,1.0,2.0,1.0,0.0,0.0,1.0,3.0,,0.0,,6.0,11.0,6.0,1.0,0.0,14.0,3.0,10.0,2.0,2.0,3.0,3.0,2.0,5.0,0.0,1.0,1.0,1.0,2.0,1.0,5.0,1.0,5.0,17.0,4.0,11.0,0.0,0.0,0.0,1.0,1.0,5.0,2.0,3.0,3.0,1.0,2.0,0.0,31.0,2.0,0.0,0.0,0.0,0.0,,78.0,,62.0,,1.0,0.15,2.86,0.42,7.73,33.34,14.98,0.012,0.384,0.307,1.25,23.17,38.79,44.93,86.34,7.57,116.69,84.0,0.82,15.25,2.75,51.0,0.0,0.0,153.2,0.116,17.33,3.862,16.42,0.029,1.877,5.39,51.06,41.58,47.3,,1.441,37.2,4.55,2.242,7.362,72.2,1.146,3.37,26.2,4.425,33.6,,12.869,4.374,35.46,,,10.2,56.47,2.47,6.54,64.18,2.901,362.9,6.44,36.3,0
64.0,1.0,24.0,2.0,,,,,15.0,70.1,,50.5,52.0,53.0,99.0,60.6,19.4546,97.0,177.0,97.0,15.1,15.1,6.6,3.4,14.1,12.3,12.6,11.8,33.3,21.3,0.8,1.0,2.3,4.6,2.7,2.8,24.3,5.5,26.9,28.3,8120.0,21.8,35.6,65.3,50.9,467.0,275.0,265.0,189.0,205.0,5.124471,3.864317,2.388,503.286288,2.02,,5.0,3.0,,,3.0,3.0,,362.0,3.0,1.0,2.0,7.0,1.0,7.0,6.0,1.0,4.0,3.0,1.0,1.0,0.0,4.0,4.0,2.0,3.0,2.0,,0.0,1.0,0.0,1.0,,0.0,6.0,0.0,1.0,1.0,1.0,0.0,33.0,7.0,0.0,1.0,1.0,1.0,1.0,4.0,5.0,2.0,1.0,2.0,1.0,2.0,2.0,4.0,0.0,3.0,,1.0,0.0,0.0,0.0,,2.0,2.0,2.0,1.0,0.0,4.0,1.0,2.0,0.0,29.0,3.0,0.0,0.0,0.0,0.0,,64.0,,55.0,,0.0,0.01,0.11,0.05,0.83,40.98,14.32,0.036,0.288,0.29,1.61,25.16,33.54,34.95,95.96,11.12,110.76,114.03,0.67,10.5,4.06,63.4,0.0,0.0,358.9,0.399,17.65,4.27,13.37,0.051,1.187,6.4,8.16,44.78,43.4,1.365,0.959,17.6,17.17,2.334,6.179,58.9,0.709,,25.9,3.816,26.1,1.269,12.206,3.696,,,0.793,,43.6,13.314,7.81,66.62,4.369,194.6,3.1,,0
69.0,0.0,14.0,6.0,24.0,,,,15.0,60.8,108.0,79.1,27.0,14.0,94.0,70.9,28.2968,91.0,158.0,80.0,23.7,29.9,1.7,1.9,10.7,7.8,11.1,5.4,27.4,19.3,1.9,0.8,1.9,1.9,1.7,2.1,20.2,19.0,23.1,30.9,4769.0,,23.1,39.3,36.6,793.0,456.0,453.0,335.0,303.0,5.967905,3.235931,1.721,,1.79,,5.0,3.0,,,4.0,4.0,231.0,113.0,3.0,,2.0,,7.0,6.0,3.0,6.0,3.0,2.0,1.0,2.0,2.0,8.0,3.0,3.0,2.0,2.0,1.0,0.0,1.0,0.0,2.0,,1.0,0.0,,3.0,,2.0,0.0,5.0,2.0,11.0,5.0,10.0,2.0,0.0,2.0,4.0,2.0,1.0,1.0,2.0,4.0,1.0,5.0,2.0,2.0,1.0,0.0,1.0,0.0,0.0,0.0,,4.0,2.0,1.0,12.0,3.0,,3.0,0.0,16.0,13.0,0.0,1.0,0.0,0.0,,46.0,75.0,54.0,,0.0,0.14,1.58,0.0,0.0,47.06,11.84,0.005,0.574,0.434,1.56,17.13,24.87,25.16,98.85,7.95,105.81,94.73,0.74,8.1,6.68,73.2,0.0,0.0,382.2,0.304,15.76,4.761,12.74,0.122,0.994,9.13,378.11,42.36,,,0.767,49.3,7.27,2.26,4.332,690.4,2.227,3.75,,3.725,53.2,1.575,28.468,,47.61,,,,,2.691,27.08,,,741.3,7.93,28.9,0
63.0,1.0,1.0,2.0,75.0,27.0,34.0,,,61.2,142.5,60.6,54.0,20.0,72.0,39.2,15.5915,88.0,158.0,99.0,11.9,19.4,1.5,2.0,10.4,8.5,11.9,12.8,23.0,13.1,0.7,0.5,3.6,3.0,4.0,4.3,14.6,4.8,34.3,35.2,6189.0,20.6,13.0,78.9,54.2,768.0,459.0,413.0,258.0,280.0,,1.528558,2.686,95.213945,3.34,,,,2.0,13.0,,4.0,,32.0,1.0,,3.0,1.0,0.0,4.0,0.0,2.0,1.0,3.0,1.0,1.0,0.0,5.0,3.0,4.0,1.0,2.0,1.0,0.0,2.0,1.0,4.0,,2.0,0.0,0.0,9.0,3.0,6.0,0.0,26.0,9.0,7.0,0.0,0.0,2.0,2.0,3.0,0.0,4.0,1.0,0.0,1.0,1.0,1.0,4.0,1.0,2.0,13.0,,,2.0,,0.0,2.0,2.0,3.0,1.0,,3.0,3.0,5.0,0.0,30.0,21.0,0.0,1.0,0.0,0.0,,46.0,90.0,54.0,0.0,0.0,0.06,0.88,0.08,1.21,47.65,16.82,0.015,0.723,0.356,1.52,22.76,31.23,35.3,,11.38,119.37,114.06,0.28,4.24,4.73,70.9,0.0,0.0,128.4,0.146,18.0,5.386,14.05,0.06,2.643,6.67,62.13,49.66,54.0,,1.332,43.1,1.13,2.444,7.62,96.7,,1.24,29.3,3.898,28.8,1.46,17.341,4.663,100.08,,1.059,,16.96,5.525,13.15,80.29,1.371,673.3,25.23,57.9,0
54.0,0.0,33.0,1.0,,6.0,58.0,,14.0,,110.5,86.9,18.0,19.0,118.0,80.8,35.2759,94.0,151.0,80.0,39.2,26.6,3.3,6.3,6.9,6.0,6.1,6.7,21.3,41.1,1.8,1.0,1.6,2.8,1.7,1.8,41.3,10.4,24.9,34.4,5150.0,36.9,28.9,52.4,31.3,686.0,298.0,432.0,311.0,312.0,5.978855,4.649505,2.29,590.184184,3.8,,,,1.0,170.0,2.0,5.0,20.0,9.0,3.0,,1.0,2.0,3.0,,0.0,6.0,7.0,1.0,2.0,0.0,0.0,6.0,2.0,2.0,1.0,3.0,1.0,0.0,0.0,2.0,2.0,8.452,1.0,6.0,0.0,1.0,8.0,0.0,0.0,16.0,2.0,7.0,1.0,2.0,1.0,5.0,2.0,2.0,,1.0,2.0,2.0,1.0,2.0,4.0,2.0,4.0,,19.0,22.0,24.0,,0.0,3.0,1.0,6.0,1.0,13.0,3.0,1.0,1.0,6.0,19.0,37.0,1.0,1.0,1.0,1.0,,33.0,,38.0,,0.0,0.01,0.14,0.09,1.33,36.88,13.96,0.019,0.462,0.33,2.6,37.72,31.86,37.85,84.18,6.7,100.96,75.84,,12.77,3.3,,0.0,0.0,134.0,0.09,,4.381,16.79,0.064,2.039,6.88,16.45,42.99,,1.332,0.938,20.8,11.51,2.457,5.583,59.6,1.044,1.16,23.7,8.861,54.5,1.336,28.114,2.155,,274.9,0.835,,33.31,,,75.34,1.315,397.3,,82.9,0
56.0,1.0,38.0,2.0,5.0,5.0,,7.0,,84.3,181.8,55.4,27.0,22.0,87.0,65.2,28.7535,109.0,151.0,90.0,39.2,40.2,3.0,3.4,8.9,11.2,10.8,6.2,20.2,29.4,3.6,0.6,2.7,2.6,1.7,1.9,26.3,14.5,21.8,20.7,5834.0,33.8,44.0,,34.0,768.0,324.0,304.0,281.0,303.0,0.138247,0.132717,-1.397,113.262245,1.85,2.0,,,5.0,340.0,,,,11.0,2.0,4.0,2.0,,1.0,3.0,7.0,1.0,3.0,2.0,2.0,0.0,0.0,7.0,4.0,1.0,1.0,1.0,2.0,0.0,1.0,2.0,3.0,,0.0,12.0,0.0,7.0,9.0,2.0,7.0,4.0,6.0,9.0,4.0,1.0,2.0,1.0,1.0,3.0,2.0,4.0,1.0,2.0,1.0,3.0,3.0,1.0,3.0,,1.0,,,0.0,,8.0,5.0,6.0,1.0,11.0,3.0,1.0,3.0,2.0,26.0,11.0,1.0,1.0,0.0,1.0,85.0,73.0,,,0.0,1.0,0.19,3.56,0.63,11.93,46.01,11.7,0.025,0.324,0.188,2.34,43.95,24.79,25.43,97.46,12.34,92.39,85.81,0.15,2.76,2.01,37.8,0.0,0.0,371.9,0.459,17.25,4.721,12.86,0.057,0.861,5.32,43.71,45.44,113.7,1.406,0.997,47.0,5.97,2.487,7.274,99.4,0.753,2.22,173.7,3.594,15.6,1.481,18.903,3.435,120.78,1167.0,0.873,,41.02,8.254,7.95,71.36,1.123,351.0,7.48,36.4,0
58.0,1.0,0.0,33.0,4.0,6.0,40.0,,23.0,91.8,154.4,51.2,50.0,34.0,104.0,110.8,39.3034,125.0,168.0,100.0,37.7,28.5,6.1,3.1,12.5,9.5,7.4,,38.9,30.2,2.0,1.1,4.0,4.1,2.2,3.9,31.9,21.5,34.7,37.1,9280.0,47.9,50.6,77.7,34.4,629.0,384.0,228.0,257.0,196.0,4.848682,4.039625,2.284,418.169195,,,,5.0,2.0,45.0,2.0,,223.0,,3.0,,1.0,3.0,0.0,7.0,1.0,0.0,8.0,2.0,,1.0,0.0,9.0,3.0,2.0,1.0,2.0,2.0,2.0,1.0,1.0,2.0,,2.0,3.0,1.0,2.0,9.0,5.0,77.0,17.0,9.0,0.0,7.0,1.0,2.0,5.0,2.0,3.0,2.0,1.0,1.0,0.0,2.0,3.0,3.0,2.0,2.0,1.0,21.0,20.0,0.0,0.0,0.0,8.0,4.0,3.0,4.0,0.0,3.0,1.0,1.0,0.0,14.0,16.0,0.0,1.0,0.0,0.0,67.0,,,,,0.0,0.01,0.4,0.02,0.53,42.87,14.32,0.032,0.408,0.376,0.97,31.34,30.53,33.4,,10.18,107.22,72.06,0.34,10.92,1.76,56.8,0.0,0.0,324.7,0.331,16.5,4.69,18.54,0.129,2.344,3.09,18.94,,62.7,1.346,1.605,46.3,0.81,2.614,8.536,61.1,1.099,1.26,27.3,4.144,27.8,,12.788,4.205,8.39,,,,30.43,11.675,17.35,78.6,10.841,263.5,3.21,44.4,0
65.0,0.0,2.0,5.0,,,,,23.0,71.9,117.2,87.5,22.0,36.0,104.0,101.6,32.9699,91.0,176.0,97.0,34.9,25.9,3.5,3.9,9.9,8.5,6.1,10.9,46.4,16.6,2.1,0.7,2.3,2.7,2.2,4.7,42.4,15.3,32.0,36.0,7382.0,37.1,43.5,45.8,40.1,772.0,400.0,348.0,274.0,289.0,4.380333,,-1.236,210.461939,2.39,,5.0,4.0,,32.0,3.0,4.0,10.0,6.0,,,3.0,2.0,0.0,3.0,4.0,6.0,0.0,2.0,1.0,1.0,0.0,4.0,4.0,2.0,3.0,2.0,2.0,2.0,1.0,0.0,3.0,,0.0,,0.0,2.0,6.0,4.0,5.0,8.0,2.0,1.0,3.0,7.0,3.0,0.0,3.0,3.0,2.0,2.0,1.0,1.0,1.0,3.0,4.0,2.0,3.0,1.0,1.0,24.0,0.0,0.0,,4.0,0.0,1.0,2.0,1.0,4.0,,3.0,1.0,22.0,2.0,1.0,0.0,1.0,,76.0,,,70.0,,0.0,0.01,0.07,0.08,0.89,,16.16,0.034,0.415,0.326,2.6,28.1,36.8,43.37,84.85,10.06,,88.36,0.59,6.34,5.97,64.6,0.0,0.0,249.1,0.251,17.62,4.392,12.49,0.072,1.257,9.24,71.38,50.53,101.3,1.614,0.758,40.9,18.71,2.543,6.403,85.5,1.318,4.91,154.4,,28.6,1.064,12.972,3.006,183.23,,1.095,,108.23,1.069,21.19,68.6,5.059,,6.35,23.0,0
64.0,0.0,3.0,1.0,2.0,1.0,25.0,,,79.3,142.4,58.2,9.0,26.0,91.0,129.0,38.7814,127.0,182.0,83.0,41.8,41.2,4.4,2.9,7.4,10.1,6.3,6.2,27.7,35.9,3.0,1.0,2.2,3.2,4.5,1.9,37.0,12.3,,30.5,5154.0,38.9,43.3,45.5,32.2,556.0,392.0,322.0,178.0,225.0,5.683886,3.671617,0.198,647.675877,3.84,6.0,,,2.0,10.0,6.0,6.0,175.0,6.0,2.0,4.0,1.0,4.0,0.0,5.0,0.0,4.0,1.0,1.0,,1.0,0.0,9.0,2.0,2.0,3.0,2.0,2.0,1.0,0.0,0.0,,,1.0,8.0,7.0,7.0,0.0,2.0,7.0,6.0,8.0,0.0,4.0,1.0,2.0,5.0,2.0,2.0,1.0,0.0,1.0,0.0,3.0,3.0,4.0,2.0,4.0,1.0,0.0,7.0,0.0,0.0,,0.0,7.0,6.0,,0.0,3.0,,3.0,0.0,13.0,2.0,0.0,0.0,1.0,,76.0,40.0,89.0,,,1.0,0.08,0.98,0.64,7.69,41.86,15.35,0.01,0.632,0.257,2.5,30.32,34.5,36.67,94.07,11.93,122.33,87.55,0.52,6.31,4.52,54.7,0.0,0.0,254.6,0.304,17.55,4.45,12.27,0.097,1.904,8.26,27.78,40.01,144.6,1.481,1.25,56.0,0.52,2.271,8.167,70.9,1.362,2.98,138.3,4.925,33.4,,26.07,2.352,32.87,,0.741,,,,5.63,69.53,2.075,513.8,7.48,35.6,0
40.0,0.0,1.0,5.0,,,,10.0,25.0,61.8,103.2,95.3,52.0,30.0,91.0,137.8,37.7937,119.0,191.0,100.0,42.2,35.1,3.7,8.4,13.4,11.5,12.7,12.1,47.0,49.7,2.4,1.9,4.6,2.8,2.8,4.7,37.4,14.8,40.4,41.0,8320.0,43.2,49.0,79.9,46.8,744.0,451.0,351.0,318.0,256.0,10.202757,4.693609,,604.815049,3.55,,2.0,2.0,3.0,,3.0,,30.0,11.0,4.0,4.0,2.0,2.0,4.0,4.0,0.0,1.0,7.0,3.0,0.0,0.0,0.0,9.0,4.0,1.0,1.0,3.0,2.0,2.0,0.0,1.0,1.0,47.118,1.0,0.0,,0.0,0.0,2.0,0.0,9.0,10.0,2.0,0.0,0.0,1.0,2.0,2.0,1.0,2.0,1.0,3.0,0.0,2.0,1.0,3.0,1.0,3.0,,1.0,1.0,0.0,4.0,0.0,3.0,2.0,2.0,3.0,0.0,3.0,2.0,3.0,4.0,31.0,3.0,1.0,0.0,0.0,0.0,,93.0,,,,0.0,0.01,0.22,0.09,1.49,47.53,15.25,0.008,0.492,0.342,2.02,31.86,29.9,32.09,93.16,13.06,102.69,81.34,0.19,2.93,4.03,63.5,0.0,0.0,349.5,0.456,17.75,5.102,15.81,0.086,0.83,6.34,68.43,41.66,90.2,1.484,0.759,39.3,,,4.096,69.1,1.044,3.23,20.2,4.747,31.9,1.571,20.821,2.794,,,0.986,,61.73,1.39,17.98,69.82,0.752,458.5,2.96,,0
