association_id,column_index,label_id,feature_name,atlas,disease,comparison,reference_id,source_region,source_url,doi,tissue,mapping_status,direction,effect_type,effect_value,uncertainty,measurement,source_location,mapping_limitation,evidence_strength,shared_evidence_group
A00001,13,26,L_Accumbens,FIRST,MCI,case_vs_NC,Fjell2010,Accumbens bilateral average,https://pmc.ncbi.nlm.nih.gov/articles/PMC2828879/,10.1523/JNEUROSCI.3785-09.2010,gray matter or nucleus; see measurement,parent_region_extrapolation,lower,reported_Cohen_D_case_minus_NC,-0.47,p<.01; CI not numerically reported,FreeSurfer subcortical volume; cortical thickness reported separately,Table2 subcortical rows,Bilateral averaged effect shared across L/R; FreeSurfer→FIRST/AAL3 segmentation transfer.,supported,Fjell2010:Accumbens bilateral average:MCI:case_vs_NC
A00002,14,58,R_Accumbens,FIRST,MCI,case_vs_NC,Fjell2010,Accumbens bilateral average,https://pmc.ncbi.nlm.nih.gov/articles/PMC2828879/,10.1523/JNEUROSCI.3785-09.2010,gray matter or nucleus; see measurement,parent_region_extrapolation,lower,reported_Cohen_D_case_minus_NC,-0.47,p<.01; CI not numerically reported,FreeSurfer subcortical volume; cortical thickness reported separately,Table2 subcortical rows,Bilateral averaged effect shared across L/R; FreeSurfer→FIRST/AAL3 segmentation transfer.,supported,Fjell2010:Accumbens bilateral average:MCI:case_vs_NC
A00003,152,157,N_Acc_L,AAL3,MCI,case_vs_NC,Fjell2010,Accumbens bilateral average,https://pmc.ncbi.nlm.nih.gov/articles/PMC2828879/,10.1523/JNEUROSCI.3785-09.2010,gray matter or nucleus; see measurement,parent_region_extrapolation,lower,reported_Cohen_D_case_minus_NC,-0.47,p<.01; CI not numerically reported,FreeSurfer subcortical volume; cortical thickness reported separately,Table2 subcortical rows,Bilateral averaged effect shared across L/R; FreeSurfer→FIRST/AAL3 segmentation transfer.,supported,Fjell2010:Accumbens bilateral average:MCI:case_vs_NC
A00004,153,158,N_Acc_R,AAL3,MCI,case_vs_NC,Fjell2010,Accumbens bilateral average,https://pmc.ncbi.nlm.nih.gov/articles/PMC2828879/,10.1523/JNEUROSCI.3785-09.2010,gray matter or nucleus; see measurement,parent_region_extrapolation,lower,reported_Cohen_D_case_minus_NC,-0.47,p<.01; CI not numerically reported,FreeSurfer subcortical volume; cortical thickness reported separately,Table2 subcortical rows,Bilateral averaged effect shared across L/R; FreeSurfer→FIRST/AAL3 segmentation transfer.,supported,Fjell2010:Accumbens bilateral average:MCI:case_vs_NC
A00005,13,26,L_Accumbens,FIRST,AD,case_vs_NC,Fjell2010,Accumbens bilateral average,https://pmc.ncbi.nlm.nih.gov/articles/PMC2828879/,10.1523/JNEUROSCI.3785-09.2010,gray matter or nucleus; see measurement,parent_region_extrapolation,lower,reported_Cohen_D_case_minus_NC,-0.73,p<.001; CI not numerically reported,FreeSurfer subcortical volume; cortical thickness reported separately,Table2 subcortical rows,Bilateral averaged effect shared across L/R; FreeSurfer→FIRST/AAL3 segmentation transfer.,supported,Fjell2010:Accumbens bilateral average:AD:case_vs_NC
A00006,14,58,R_Accumbens,FIRST,AD,case_vs_NC,Fjell2010,Accumbens bilateral average,https://pmc.ncbi.nlm.nih.gov/articles/PMC2828879/,10.1523/JNEUROSCI.3785-09.2010,gray matter or nucleus; see measurement,parent_region_extrapolation,lower,reported_Cohen_D_case_minus_NC,-0.73,p<.001; CI not numerically reported,FreeSurfer subcortical volume; cortical thickness reported separately,Table2 subcortical rows,Bilateral averaged effect shared across L/R; FreeSurfer→FIRST/AAL3 segmentation transfer.,supported,Fjell2010:Accumbens bilateral average:AD:case_vs_NC
A00007,152,157,N_Acc_L,AAL3,AD,case_vs_NC,Fjell2010,Accumbens bilateral average,https://pmc.ncbi.nlm.nih.gov/articles/PMC2828879/,10.1523/JNEUROSCI.3785-09.2010,gray matter or nucleus; see measurement,parent_region_extrapolation,lower,reported_Cohen_D_case_minus_NC,-0.73,p<.001; CI not numerically reported,FreeSurfer subcortical volume; cortical thickness reported separately,Table2 subcortical rows,Bilateral averaged effect shared across L/R; FreeSurfer→FIRST/AAL3 segmentation transfer.,supported,Fjell2010:Accumbens bilateral average:AD:case_vs_NC
A00008,153,158,N_Acc_R,AAL3,AD,case_vs_NC,Fjell2010,Accumbens bilateral average,https://pmc.ncbi.nlm.nih.gov/articles/PMC2828879/,10.1523/JNEUROSCI.3785-09.2010,gray matter or nucleus; see measurement,parent_region_extrapolation,lower,reported_Cohen_D_case_minus_NC,-0.73,p<.001; CI not numerically reported,FreeSurfer subcortical volume; cortical thickness reported separately,Table2 subcortical rows,Bilateral averaged effect shared across L/R; FreeSurfer→FIRST/AAL3 segmentation transfer.,supported,Fjell2010:Accumbens bilateral average:AD:case_vs_NC
A00009,11,18,L_Amygdala,FIRST,MCI,case_vs_NC,Fjell2010,Amygdala bilateral average,https://pmc.ncbi.nlm.nih.gov/articles/PMC2828879/,10.1523/JNEUROSCI.3785-09.2010,gray matter or nucleus; see measurement,parent_region_extrapolation,lower,reported_Cohen_D_case_minus_NC,-1.2,p<1e-11; CI not numerically reported,FreeSurfer subcortical volume; cortical thickness reported separately,Table2 subcortical rows,Bilateral averaged effect shared across L/R; FreeSurfer→FIRST/AAL3 segmentation transfer.,supported,Fjell2010:Amygdala bilateral average:MCI:case_vs_NC
A00010,12,54,R_Amygdala,FIRST,MCI,case_vs_NC,Fjell2010,Amygdala bilateral average,https://pmc.ncbi.nlm.nih.gov/articles/PMC2828879/,10.1523/JNEUROSCI.3785-09.2010,gray matter or nucleus; see measurement,parent_region_extrapolation,lower,reported_Cohen_D_case_minus_NC,-1.2,p<1e-11; CI not numerically reported,FreeSurfer subcortical volume; cortical thickness reported separately,Table2 subcortical rows,Bilateral averaged effect shared across L/R; FreeSurfer→FIRST/AAL3 segmentation transfer.,supported,Fjell2010:Amygdala bilateral average:MCI:case_vs_NC
A00011,42,45,Amygdala_L,AAL3,MCI,case_vs_NC,Fjell2010,Amygdala bilateral average,https://pmc.ncbi.nlm.nih.gov/articles/PMC2828879/,10.1523/JNEUROSCI.3785-09.2010,gray matter or nucleus; see measurement,parent_region_extrapolation,lower,reported_Cohen_D_case_minus_NC,-1.2,p<1e-11; CI not numerically reported,FreeSurfer subcortical volume; cortical thickness reported separately,Table2 subcortical rows,Bilateral averaged effect shared across L/R; FreeSurfer→FIRST/AAL3 segmentation transfer.,supported,Fjell2010:Amygdala bilateral average:MCI:case_vs_NC
A00012,43,46,Amygdala_R,AAL3,MCI,case_vs_NC,Fjell2010,Amygdala bilateral average,https://pmc.ncbi.nlm.nih.gov/articles/PMC2828879/,10.1523/JNEUROSCI.3785-09.2010,gray matter or nucleus; see measurement,parent_region_extrapolation,lower,reported_Cohen_D_case_minus_NC,-1.2,p<1e-11; CI not numerically reported,FreeSurfer subcortical volume; cortical thickness reported separately,Table2 subcortical rows,Bilateral averaged effect shared across L/R; FreeSurfer→FIRST/AAL3 segmentation transfer.,supported,Fjell2010:Amygdala bilateral average:MCI:case_vs_NC
A00013,11,18,L_Amygdala,FIRST,AD,case_vs_NC,Fjell2010,Amygdala bilateral average,https://pmc.ncbi.nlm.nih.gov/articles/PMC2828879/,10.1523/JNEUROSCI.3785-09.2010,gray matter or nucleus; see measurement,parent_region_extrapolation,lower,reported_Cohen_D_case_minus_NC,-2.06,p<1e-18; CI not numerically reported,FreeSurfer subcortical volume; cortical thickness reported separately,Table2 subcortical rows,Bilateral averaged effect shared across L/R; FreeSurfer→FIRST/AAL3 segmentation transfer.,supported,Fjell2010:Amygdala bilateral average:AD:case_vs_NC
A00014,12,54,R_Amygdala,FIRST,AD,case_vs_NC,Fjell2010,Amygdala bilateral average,https://pmc.ncbi.nlm.nih.gov/articles/PMC2828879/,10.1523/JNEUROSCI.3785-09.2010,gray matter or nucleus; see measurement,parent_region_extrapolation,lower,reported_Cohen_D_case_minus_NC,-2.06,p<1e-18; CI not numerically reported,FreeSurfer subcortical volume; cortical thickness reported separately,Table2 subcortical rows,Bilateral averaged effect shared across L/R; FreeSurfer→FIRST/AAL3 segmentation transfer.,supported,Fjell2010:Amygdala bilateral average:AD:case_vs_NC
A00015,42,45,Amygdala_L,AAL3,AD,case_vs_NC,Fjell2010,Amygdala bilateral average,https://pmc.ncbi.nlm.nih.gov/articles/PMC2828879/,10.1523/JNEUROSCI.3785-09.2010,gray matter or nucleus; see measurement,parent_region_extrapolation,lower,reported_Cohen_D_case_minus_NC,-2.06,p<1e-18; CI not numerically reported,FreeSurfer subcortical volume; cortical thickness reported separately,Table2 subcortical rows,Bilateral averaged effect shared across L/R; FreeSurfer→FIRST/AAL3 segmentation transfer.,supported,Fjell2010:Amygdala bilateral average:AD:case_vs_NC
A00016,43,46,Amygdala_R,AAL3,AD,case_vs_NC,Fjell2010,Amygdala bilateral average,https://pmc.ncbi.nlm.nih.gov/articles/PMC2828879/,10.1523/JNEUROSCI.3785-09.2010,gray matter or nucleus; see measurement,parent_region_extrapolation,lower,reported_Cohen_D_case_minus_NC,-2.06,p<1e-18; CI not numerically reported,FreeSurfer subcortical volume; cortical thickness reported separately,Table2 subcortical rows,Bilateral averaged effect shared across L/R; FreeSurfer→FIRST/AAL3 segmentation transfer.,supported,Fjell2010:Amygdala bilateral average:AD:case_vs_NC
A00017,2,11,L_Caudate,FIRST,MCI,case_vs_NC,Fjell2010,Caudate bilateral average,https://pmc.ncbi.nlm.nih.gov/articles/PMC2828879/,10.1523/JNEUROSCI.3785-09.2010,gray matter or nucleus; see measurement,parent_region_extrapolation,lower,reported_Cohen_D_case_minus_NC,-0.19,pNS; CI not numerically reported,FreeSurfer subcortical volume; cortical thickness reported separately,Table2 subcortical rows,Bilateral averaged effect shared across L/R; FreeSurfer→FIRST/AAL3 segmentation transfer.,not_significant,Fjell2010:Caudate bilateral average:MCI:case_vs_NC
A00018,3,50,R_Caudate,FIRST,MCI,case_vs_NC,Fjell2010,Caudate bilateral average,https://pmc.ncbi.nlm.nih.gov/articles/PMC2828879/,10.1523/JNEUROSCI.3785-09.2010,gray matter or nucleus; see measurement,parent_region_extrapolation,lower,reported_Cohen_D_case_minus_NC,-0.19,pNS; CI not numerically reported,FreeSurfer subcortical volume; cortical thickness reported separately,Table2 subcortical rows,Bilateral averaged effect shared across L/R; FreeSurfer→FIRST/AAL3 segmentation transfer.,not_significant,Fjell2010:Caudate bilateral average:MCI:case_vs_NC
A00019,72,75,Caudate_L,AAL3,MCI,case_vs_NC,Fjell2010,Caudate bilateral average,https://pmc.ncbi.nlm.nih.gov/articles/PMC2828879/,10.1523/JNEUROSCI.3785-09.2010,gray matter or nucleus; see measurement,parent_region_extrapolation,lower,reported_Cohen_D_case_minus_NC,-0.19,pNS; CI not numerically reported,FreeSurfer subcortical volume; cortical thickness reported separately,Table2 subcortical rows,Bilateral averaged effect shared across L/R; FreeSurfer→FIRST/AAL3 segmentation transfer.,not_significant,Fjell2010:Caudate bilateral average:MCI:case_vs_NC
A00020,73,76,Caudate_R,AAL3,MCI,case_vs_NC,Fjell2010,Caudate bilateral average,https://pmc.ncbi.nlm.nih.gov/articles/PMC2828879/,10.1523/JNEUROSCI.3785-09.2010,gray matter or nucleus; see measurement,parent_region_extrapolation,lower,reported_Cohen_D_case_minus_NC,-0.19,pNS; CI not numerically reported,FreeSurfer subcortical volume; cortical thickness reported separately,Table2 subcortical rows,Bilateral averaged effect shared across L/R; FreeSurfer→FIRST/AAL3 segmentation transfer.,not_significant,Fjell2010:Caudate bilateral average:MCI:case_vs_NC
A00021,2,11,L_Caudate,FIRST,AD,case_vs_NC,Fjell2010,Caudate bilateral average,https://pmc.ncbi.nlm.nih.gov/articles/PMC2828879/,10.1523/JNEUROSCI.3785-09.2010,gray matter or nucleus; see measurement,parent_region_extrapolation,lower,reported_Cohen_D_case_minus_NC,-0.35,pNS; CI not numerically reported,FreeSurfer subcortical volume; cortical thickness reported separately,Table2 subcortical rows,Bilateral averaged effect shared across L/R; FreeSurfer→FIRST/AAL3 segmentation transfer.,not_significant,Fjell2010:Caudate bilateral average:AD:case_vs_NC
A00022,3,50,R_Caudate,FIRST,AD,case_vs_NC,Fjell2010,Caudate bilateral average,https://pmc.ncbi.nlm.nih.gov/articles/PMC2828879/,10.1523/JNEUROSCI.3785-09.2010,gray matter or nucleus; see measurement,parent_region_extrapolation,lower,reported_Cohen_D_case_minus_NC,-0.35,pNS; CI not numerically reported,FreeSurfer subcortical volume; cortical thickness reported separately,Table2 subcortical rows,Bilateral averaged effect shared across L/R; FreeSurfer→FIRST/AAL3 segmentation transfer.,not_significant,Fjell2010:Caudate bilateral average:AD:case_vs_NC
A00023,72,75,Caudate_L,AAL3,AD,case_vs_NC,Fjell2010,Caudate bilateral average,https://pmc.ncbi.nlm.nih.gov/articles/PMC2828879/,10.1523/JNEUROSCI.3785-09.2010,gray matter or nucleus; see measurement,parent_region_extrapolation,lower,reported_Cohen_D_case_minus_NC,-0.35,pNS; CI not numerically reported,FreeSurfer subcortical volume; cortical thickness reported separately,Table2 subcortical rows,Bilateral averaged effect shared across L/R; FreeSurfer→FIRST/AAL3 segmentation transfer.,not_significant,Fjell2010:Caudate bilateral average:AD:case_vs_NC
A00024,73,76,Caudate_R,AAL3,AD,case_vs_NC,Fjell2010,Caudate bilateral average,https://pmc.ncbi.nlm.nih.gov/articles/PMC2828879/,10.1523/JNEUROSCI.3785-09.2010,gray matter or nucleus; see measurement,parent_region_extrapolation,lower,reported_Cohen_D_case_minus_NC,-0.35,pNS; CI not numerically reported,FreeSurfer subcortical volume; cortical thickness reported separately,Table2 subcortical rows,Bilateral averaged effect shared across L/R; FreeSurfer→FIRST/AAL3 segmentation transfer.,not_significant,Fjell2010:Caudate bilateral average:AD:case_vs_NC
A00025,9,17,L_Hippocampus,FIRST,MCI,case_vs_NC,Fjell2010,Hippocampus bilateral average,https://pmc.ncbi.nlm.nih.gov/articles/PMC2828879/,10.1523/JNEUROSCI.3785-09.2010,gray matter or nucleus; see measurement,parent_region_extrapolation,lower,reported_Cohen_D_case_minus_NC,-1.76,p<1e-20; CI not numerically reported,FreeSurfer subcortical volume; cortical thickness reported separately,Table2 subcortical rows,Bilateral averaged effect shared across L/R; FreeSurfer→FIRST/AAL3 segmentation transfer.,supported,Fjell2010:Hippocampus bilateral average:MCI:case_vs_NC
A00026,10,53,R_Hippocampus,FIRST,MCI,case_vs_NC,Fjell2010,Hippocampus bilateral average,https://pmc.ncbi.nlm.nih.gov/articles/PMC2828879/,10.1523/JNEUROSCI.3785-09.2010,gray matter or nucleus; see measurement,parent_region_extrapolation,lower,reported_Cohen_D_case_minus_NC,-1.76,p<1e-20; CI not numerically reported,FreeSurfer subcortical volume; cortical thickness reported separately,Table2 subcortical rows,Bilateral averaged effect shared across L/R; FreeSurfer→FIRST/AAL3 segmentation transfer.,supported,Fjell2010:Hippocampus bilateral average:MCI:case_vs_NC
A00027,38,41,Hippocampus_L,AAL3,MCI,case_vs_NC,Fjell2010,Hippocampus bilateral average,https://pmc.ncbi.nlm.nih.gov/articles/PMC2828879/,10.1523/JNEUROSCI.3785-09.2010,gray matter or nucleus; see measurement,parent_region_extrapolation,lower,reported_Cohen_D_case_minus_NC,-1.76,p<1e-20; CI not numerically reported,FreeSurfer subcortical volume; cortical thickness reported separately,Table2 subcortical rows,Bilateral averaged effect shared across L/R; FreeSurfer→FIRST/AAL3 segmentation transfer.,supported,Fjell2010:Hippocampus bilateral average:MCI:case_vs_NC
A00028,39,42,Hippocampus_R,AAL3,MCI,case_vs_NC,Fjell2010,Hippocampus bilateral average,https://pmc.ncbi.nlm.nih.gov/articles/PMC2828879/,10.1523/JNEUROSCI.3785-09.2010,gray matter or nucleus; see measurement,parent_region_extrapolation,lower,reported_Cohen_D_case_minus_NC,-1.76,p<1e-20; CI not numerically reported,FreeSurfer subcortical volume; cortical thickness reported separately,Table2 subcortical rows,Bilateral averaged effect shared across L/R; FreeSurfer→FIRST/AAL3 segmentation transfer.,supported,Fjell2010:Hippocampus bilateral average:MCI:case_vs_NC
A00029,9,17,L_Hippocampus,FIRST,AD,case_vs_NC,Fjell2010,Hippocampus bilateral average,https://pmc.ncbi.nlm.nih.gov/articles/PMC2828879/,10.1523/JNEUROSCI.3785-09.2010,gray matter or nucleus; see measurement,parent_region_extrapolation,lower,reported_Cohen_D_case_minus_NC,-2.57,p<1e-24; CI not numerically reported,FreeSurfer subcortical volume; cortical thickness reported separately,Table2 subcortical rows,Bilateral averaged effect shared across L/R; FreeSurfer→FIRST/AAL3 segmentation transfer.,supported,Fjell2010:Hippocampus bilateral average:AD:case_vs_NC
A00030,10,53,R_Hippocampus,FIRST,AD,case_vs_NC,Fjell2010,Hippocampus bilateral average,https://pmc.ncbi.nlm.nih.gov/articles/PMC2828879/,10.1523/JNEUROSCI.3785-09.2010,gray matter or nucleus; see measurement,parent_region_extrapolation,lower,reported_Cohen_D_case_minus_NC,-2.57,p<1e-24; CI not numerically reported,FreeSurfer subcortical volume; cortical thickness reported separately,Table2 subcortical rows,Bilateral averaged effect shared across L/R; FreeSurfer→FIRST/AAL3 segmentation transfer.,supported,Fjell2010:Hippocampus bilateral average:AD:case_vs_NC
A00031,38,41,Hippocampus_L,AAL3,AD,case_vs_NC,Fjell2010,Hippocampus bilateral average,https://pmc.ncbi.nlm.nih.gov/articles/PMC2828879/,10.1523/JNEUROSCI.3785-09.2010,gray matter or nucleus; see measurement,parent_region_extrapolation,lower,reported_Cohen_D_case_minus_NC,-2.57,p<1e-24; CI not numerically reported,FreeSurfer subcortical volume; cortical thickness reported separately,Table2 subcortical rows,Bilateral averaged effect shared across L/R; FreeSurfer→FIRST/AAL3 segmentation transfer.,supported,Fjell2010:Hippocampus bilateral average:AD:case_vs_NC
A00032,39,42,Hippocampus_R,AAL3,AD,case_vs_NC,Fjell2010,Hippocampus bilateral average,https://pmc.ncbi.nlm.nih.gov/articles/PMC2828879/,10.1523/JNEUROSCI.3785-09.2010,gray matter or nucleus; see measurement,parent_region_extrapolation,lower,reported_Cohen_D_case_minus_NC,-2.57,p<1e-24; CI not numerically reported,FreeSurfer subcortical volume; cortical thickness reported separately,Table2 subcortical rows,Bilateral averaged effect shared across L/R; FreeSurfer→FIRST/AAL3 segmentation transfer.,supported,Fjell2010:Hippocampus bilateral average:AD:case_vs_NC
A00033,6,13,L_Pallidum,FIRST,MCI,case_vs_NC,Fjell2010,Pallidum bilateral average,https://pmc.ncbi.nlm.nih.gov/articles/PMC2828879/,10.1523/JNEUROSCI.3785-09.2010,gray matter or nucleus; see measurement,parent_region_extrapolation,higher,reported_Cohen_D_case_minus_NC,0.22,pNS; CI not numerically reported,FreeSurfer subcortical volume; cortical thickness reported separately,Table2 subcortical rows,Bilateral averaged effect shared across L/R; FreeSurfer→FIRST/AAL3 segmentation transfer.,not_significant,Fjell2010:Pallidum bilateral average:MCI:case_vs_NC
A00034,7,52,R_Pallidum,FIRST,MCI,case_vs_NC,Fjell2010,Pallidum bilateral average,https://pmc.ncbi.nlm.nih.gov/articles/PMC2828879/,10.1523/JNEUROSCI.3785-09.2010,gray matter or nucleus; see measurement,parent_region_extrapolation,higher,reported_Cohen_D_case_minus_NC,0.22,pNS; CI not numerically reported,FreeSurfer subcortical volume; cortical thickness reported separately,Table2 subcortical rows,Bilateral averaged effect shared across L/R; FreeSurfer→FIRST/AAL3 segmentation transfer.,not_significant,Fjell2010:Pallidum bilateral average:MCI:case_vs_NC
A00035,76,79,Pallidum_L,AAL3,MCI,case_vs_NC,Fjell2010,Pallidum bilateral average,https://pmc.ncbi.nlm.nih.gov/articles/PMC2828879/,10.1523/JNEUROSCI.3785-09.2010,gray matter or nucleus; see measurement,parent_region_extrapolation,higher,reported_Cohen_D_case_minus_NC,0.22,pNS; CI not numerically reported,FreeSurfer subcortical volume; cortical thickness reported separately,Table2 subcortical rows,Bilateral averaged effect shared across L/R; FreeSurfer→FIRST/AAL3 segmentation transfer.,not_significant,Fjell2010:Pallidum bilateral average:MCI:case_vs_NC
A00036,77,80,Pallidum_R,AAL3,MCI,case_vs_NC,Fjell2010,Pallidum bilateral average,https://pmc.ncbi.nlm.nih.gov/articles/PMC2828879/,10.1523/JNEUROSCI.3785-09.2010,gray matter or nucleus; see measurement,parent_region_extrapolation,higher,reported_Cohen_D_case_minus_NC,0.22,pNS; CI not numerically reported,FreeSurfer subcortical volume; cortical thickness reported separately,Table2 subcortical rows,Bilateral averaged effect shared across L/R; FreeSurfer→FIRST/AAL3 segmentation transfer.,not_significant,Fjell2010:Pallidum bilateral average:MCI:case_vs_NC
A00037,6,13,L_Pallidum,FIRST,AD,case_vs_NC,Fjell2010,Pallidum bilateral average,https://pmc.ncbi.nlm.nih.gov/articles/PMC2828879/,10.1523/JNEUROSCI.3785-09.2010,gray matter or nucleus; see measurement,parent_region_extrapolation,lower,reported_Cohen_D_case_minus_NC,-0.17,pNS; CI not numerically reported,FreeSurfer subcortical volume; cortical thickness reported separately,Table2 subcortical rows,Bilateral averaged effect shared across L/R; FreeSurfer→FIRST/AAL3 segmentation transfer.,not_significant,Fjell2010:Pallidum bilateral average:AD:case_vs_NC
A00038,7,52,R_Pallidum,FIRST,AD,case_vs_NC,Fjell2010,Pallidum bilateral average,https://pmc.ncbi.nlm.nih.gov/articles/PMC2828879/,10.1523/JNEUROSCI.3785-09.2010,gray matter or nucleus; see measurement,parent_region_extrapolation,lower,reported_Cohen_D_case_minus_NC,-0.17,pNS; CI not numerically reported,FreeSurfer subcortical volume; cortical thickness reported separately,Table2 subcortical rows,Bilateral averaged effect shared across L/R; FreeSurfer→FIRST/AAL3 segmentation transfer.,not_significant,Fjell2010:Pallidum bilateral average:AD:case_vs_NC
A00039,76,79,Pallidum_L,AAL3,AD,case_vs_NC,Fjell2010,Pallidum bilateral average,https://pmc.ncbi.nlm.nih.gov/articles/PMC2828879/,10.1523/JNEUROSCI.3785-09.2010,gray matter or nucleus; see measurement,parent_region_extrapolation,lower,reported_Cohen_D_case_minus_NC,-0.17,pNS; CI not numerically reported,FreeSurfer subcortical volume; cortical thickness reported separately,Table2 subcortical rows,Bilateral averaged effect shared across L/R; FreeSurfer→FIRST/AAL3 segmentation transfer.,not_significant,Fjell2010:Pallidum bilateral average:AD:case_vs_NC
A00040,77,80,Pallidum_R,AAL3,AD,case_vs_NC,Fjell2010,Pallidum bilateral average,https://pmc.ncbi.nlm.nih.gov/articles/PMC2828879/,10.1523/JNEUROSCI.3785-09.2010,gray matter or nucleus; see measurement,parent_region_extrapolation,lower,reported_Cohen_D_case_minus_NC,-0.17,pNS; CI not numerically reported,FreeSurfer subcortical volume; cortical thickness reported separately,Table2 subcortical rows,Bilateral averaged effect shared across L/R; FreeSurfer→FIRST/AAL3 segmentation transfer.,not_significant,Fjell2010:Pallidum bilateral average:AD:case_vs_NC
A00041,4,12,L_Putamen,FIRST,MCI,case_vs_NC,Fjell2010,Putamen bilateral average,https://pmc.ncbi.nlm.nih.gov/articles/PMC2828879/,10.1523/JNEUROSCI.3785-09.2010,gray matter or nucleus; see measurement,parent_region_extrapolation,lower,reported_Cohen_D_case_minus_NC,-0.25,pNS; CI not numerically reported,FreeSurfer subcortical volume; cortical thickness reported separately,Table2 subcortical rows,Bilateral averaged effect shared across L/R; FreeSurfer→FIRST/AAL3 segmentation transfer.,not_significant,Fjell2010:Putamen bilateral average:MCI:case_vs_NC
A00042,5,51,R_Putamen,FIRST,MCI,case_vs_NC,Fjell2010,Putamen bilateral average,https://pmc.ncbi.nlm.nih.gov/articles/PMC2828879/,10.1523/JNEUROSCI.3785-09.2010,gray matter or nucleus; see measurement,parent_region_extrapolation,lower,reported_Cohen_D_case_minus_NC,-0.25,pNS; CI not numerically reported,FreeSurfer subcortical volume; cortical thickness reported separately,Table2 subcortical rows,Bilateral averaged effect shared across L/R; FreeSurfer→FIRST/AAL3 segmentation transfer.,not_significant,Fjell2010:Putamen bilateral average:MCI:case_vs_NC
A00043,74,77,Putamen_L,AAL3,MCI,case_vs_NC,Fjell2010,Putamen bilateral average,https://pmc.ncbi.nlm.nih.gov/articles/PMC2828879/,10.1523/JNEUROSCI.3785-09.2010,gray matter or nucleus; see measurement,parent_region_extrapolation,lower,reported_Cohen_D_case_minus_NC,-0.25,pNS; CI not numerically reported,FreeSurfer subcortical volume; cortical thickness reported separately,Table2 subcortical rows,Bilateral averaged effect shared across L/R; FreeSurfer→FIRST/AAL3 segmentation transfer.,not_significant,Fjell2010:Putamen bilateral average:MCI:case_vs_NC
A00044,75,78,Putamen_R,AAL3,MCI,case_vs_NC,Fjell2010,Putamen bilateral average,https://pmc.ncbi.nlm.nih.gov/articles/PMC2828879/,10.1523/JNEUROSCI.3785-09.2010,gray matter or nucleus; see measurement,parent_region_extrapolation,lower,reported_Cohen_D_case_minus_NC,-0.25,pNS; CI not numerically reported,FreeSurfer subcortical volume; cortical thickness reported separately,Table2 subcortical rows,Bilateral averaged effect shared across L/R; FreeSurfer→FIRST/AAL3 segmentation transfer.,not_significant,Fjell2010:Putamen bilateral average:MCI:case_vs_NC
A00045,4,12,L_Putamen,FIRST,AD,case_vs_NC,Fjell2010,Putamen bilateral average,https://pmc.ncbi.nlm.nih.gov/articles/PMC2828879/,10.1523/JNEUROSCI.3785-09.2010,gray matter or nucleus; see measurement,parent_region_extrapolation,lower,reported_Cohen_D_case_minus_NC,-0.51,p<.05; CI not numerically reported,FreeSurfer subcortical volume; cortical thickness reported separately,Table2 subcortical rows,Bilateral averaged effect shared across L/R; FreeSurfer→FIRST/AAL3 segmentation transfer.,nominal,Fjell2010:Putamen bilateral average:AD:case_vs_NC
A00046,5,51,R_Putamen,FIRST,AD,case_vs_NC,Fjell2010,Putamen bilateral average,https://pmc.ncbi.nlm.nih.gov/articles/PMC2828879/,10.1523/JNEUROSCI.3785-09.2010,gray matter or nucleus; see measurement,parent_region_extrapolation,lower,reported_Cohen_D_case_minus_NC,-0.51,p<.05; CI not numerically reported,FreeSurfer subcortical volume; cortical thickness reported separately,Table2 subcortical rows,Bilateral averaged effect shared across L/R; FreeSurfer→FIRST/AAL3 segmentation transfer.,nominal,Fjell2010:Putamen bilateral average:AD:case_vs_NC
A00047,74,77,Putamen_L,AAL3,AD,case_vs_NC,Fjell2010,Putamen bilateral average,https://pmc.ncbi.nlm.nih.gov/articles/PMC2828879/,10.1523/JNEUROSCI.3785-09.2010,gray matter or nucleus; see measurement,parent_region_extrapolation,lower,reported_Cohen_D_case_minus_NC,-0.51,p<.05; CI not numerically reported,FreeSurfer subcortical volume; cortical thickness reported separately,Table2 subcortical rows,Bilateral averaged effect shared across L/R; FreeSurfer→FIRST/AAL3 segmentation transfer.,nominal,Fjell2010:Putamen bilateral average:AD:case_vs_NC
A00048,75,78,Putamen_R,AAL3,AD,case_vs_NC,Fjell2010,Putamen bilateral average,https://pmc.ncbi.nlm.nih.gov/articles/PMC2828879/,10.1523/JNEUROSCI.3785-09.2010,gray matter or nucleus; see measurement,parent_region_extrapolation,lower,reported_Cohen_D_case_minus_NC,-0.51,p<.05; CI not numerically reported,FreeSurfer subcortical volume; cortical thickness reported separately,Table2 subcortical rows,Bilateral averaged effect shared across L/R; FreeSurfer→FIRST/AAL3 segmentation transfer.,nominal,Fjell2010:Putamen bilateral average:AD:case_vs_NC
A00049,0,10,L_Thalamus,FIRST,MCI,case_vs_NC,Fjell2010,Thalamus bilateral average,https://pmc.ncbi.nlm.nih.gov/articles/PMC2828879/,10.1523/JNEUROSCI.3785-09.2010,gray matter or nucleus; see measurement,parent_region_extrapolation,lower,reported_Cohen_D_case_minus_NC,-0.42,p<.05; CI not numerically reported,FreeSurfer subcortical volume; cortical thickness reported separately,Table2 subcortical rows,Bilateral averaged effect shared across L/R; FreeSurfer→FIRST/AAL3 segmentation transfer.,nominal,Fjell2010:Thalamus bilateral average:MCI:case_vs_NC
A00050,1,49,R_Thalamus,FIRST,MCI,case_vs_NC,Fjell2010,Thalamus bilateral average,https://pmc.ncbi.nlm.nih.gov/articles/PMC2828879/,10.1523/JNEUROSCI.3785-09.2010,gray matter or nucleus; see measurement,parent_region_extrapolation,lower,reported_Cohen_D_case_minus_NC,-0.42,p<.05; CI not numerically reported,FreeSurfer subcortical volume; cortical thickness reported separately,Table2 subcortical rows,Bilateral averaged effect shared across L/R; FreeSurfer→FIRST/AAL3 segmentation transfer.,nominal,Fjell2010:Thalamus bilateral average:MCI:case_vs_NC
A00051,0,10,L_Thalamus,FIRST,AD,case_vs_NC,Fjell2010,Thalamus bilateral average,https://pmc.ncbi.nlm.nih.gov/articles/PMC2828879/,10.1523/JNEUROSCI.3785-09.2010,gray matter or nucleus; see measurement,parent_region_extrapolation,lower,reported_Cohen_D_case_minus_NC,-0.86,p<1e-4; CI not numerically reported,FreeSurfer subcortical volume; cortical thickness reported separately,Table2 subcortical rows,Bilateral averaged effect shared across L/R; FreeSurfer→FIRST/AAL3 segmentation transfer.,supported,Fjell2010:Thalamus bilateral average:AD:case_vs_NC
A00052,1,49,R_Thalamus,FIRST,AD,case_vs_NC,Fjell2010,Thalamus bilateral average,https://pmc.ncbi.nlm.nih.gov/articles/PMC2828879/,10.1523/JNEUROSCI.3785-09.2010,gray matter or nucleus; see measurement,parent_region_extrapolation,lower,reported_Cohen_D_case_minus_NC,-0.86,p<1e-4; CI not numerically reported,FreeSurfer subcortical volume; cortical thickness reported separately,Table2 subcortical rows,Bilateral averaged effect shared across L/R; FreeSurfer→FIRST/AAL3 segmentation transfer.,supported,Fjell2010:Thalamus bilateral average:AD:case_vs_NC
A00053,13,26,L_Accumbens,FIRST,AD,case_vs_NC,Yi2016,Accumbens,https://pubmed.ncbi.nlm.nih.gov/25904810/,10.1136/jnnp-2014-309105,gray matter or nucleus; see measurement,parent_region_extrapolation,lower,,,reported significant,3T FSL FIRST volume,PubMed abstract Results,Pooled hemispheres; memory-clinic subjective controls.,supported,Yi2016:Accumbens:AD:case_vs_NC
A00054,14,58,R_Accumbens,FIRST,AD,case_vs_NC,Yi2016,Accumbens,https://pubmed.ncbi.nlm.nih.gov/25904810/,10.1136/jnnp-2014-309105,gray matter or nucleus; see measurement,parent_region_extrapolation,lower,,,reported significant,3T FSL FIRST volume,PubMed abstract Results,Pooled hemispheres; memory-clinic subjective controls.,supported,Yi2016:Accumbens:AD:case_vs_NC
A00055,152,157,N_Acc_L,AAL3,AD,case_vs_NC,Yi2016,Accumbens,https://pubmed.ncbi.nlm.nih.gov/25904810/,10.1136/jnnp-2014-309105,gray matter or nucleus; see measurement,parent_region_extrapolation,lower,,,reported significant,3T FSL FIRST volume,PubMed abstract Results,Pooled hemispheres; memory-clinic subjective controls.,supported,Yi2016:Accumbens:AD:case_vs_NC
A00056,153,158,N_Acc_R,AAL3,AD,case_vs_NC,Yi2016,Accumbens,https://pubmed.ncbi.nlm.nih.gov/25904810/,10.1136/jnnp-2014-309105,gray matter or nucleus; see measurement,parent_region_extrapolation,lower,,,reported significant,3T FSL FIRST volume,PubMed abstract Results,Pooled hemispheres; memory-clinic subjective controls.,supported,Yi2016:Accumbens:AD:case_vs_NC
A00057,11,18,L_Amygdala,FIRST,AD,case_vs_NC,Yi2016,Amygdala,https://pubmed.ncbi.nlm.nih.gov/25904810/,10.1136/jnnp-2014-309105,gray matter or nucleus; see measurement,parent_region_extrapolation,lower,,,reported significant,3T FSL FIRST volume,PubMed abstract Results,Pooled hemispheres; memory-clinic subjective controls.,supported,Yi2016:Amygdala:AD:case_vs_NC
A00058,12,54,R_Amygdala,FIRST,AD,case_vs_NC,Yi2016,Amygdala,https://pubmed.ncbi.nlm.nih.gov/25904810/,10.1136/jnnp-2014-309105,gray matter or nucleus; see measurement,parent_region_extrapolation,lower,,,reported significant,3T FSL FIRST volume,PubMed abstract Results,Pooled hemispheres; memory-clinic subjective controls.,supported,Yi2016:Amygdala:AD:case_vs_NC
A00059,42,45,Amygdala_L,AAL3,AD,case_vs_NC,Yi2016,Amygdala,https://pubmed.ncbi.nlm.nih.gov/25904810/,10.1136/jnnp-2014-309105,gray matter or nucleus; see measurement,parent_region_extrapolation,lower,,,reported significant,3T FSL FIRST volume,PubMed abstract Results,Pooled hemispheres; memory-clinic subjective controls.,supported,Yi2016:Amygdala:AD:case_vs_NC
A00060,43,46,Amygdala_R,AAL3,AD,case_vs_NC,Yi2016,Amygdala,https://pubmed.ncbi.nlm.nih.gov/25904810/,10.1136/jnnp-2014-309105,gray matter or nucleus; see measurement,parent_region_extrapolation,lower,,,reported significant,3T FSL FIRST volume,PubMed abstract Results,Pooled hemispheres; memory-clinic subjective controls.,supported,Yi2016:Amygdala:AD:case_vs_NC
A00061,2,11,L_Caudate,FIRST,AD,case_vs_NC,Yi2016,Caudate,https://pubmed.ncbi.nlm.nih.gov/25904810/,10.1136/jnnp-2014-309105,gray matter or nucleus; see measurement,parent_region_extrapolation,lower,,,reported significant,3T FSL FIRST volume,PubMed abstract Results,Pooled hemispheres; memory-clinic subjective controls.,supported,Yi2016:Caudate:AD:case_vs_NC
A00062,3,50,R_Caudate,FIRST,AD,case_vs_NC,Yi2016,Caudate,https://pubmed.ncbi.nlm.nih.gov/25904810/,10.1136/jnnp-2014-309105,gray matter or nucleus; see measurement,parent_region_extrapolation,lower,,,reported significant,3T FSL FIRST volume,PubMed abstract Results,Pooled hemispheres; memory-clinic subjective controls.,supported,Yi2016:Caudate:AD:case_vs_NC
A00063,72,75,Caudate_L,AAL3,AD,case_vs_NC,Yi2016,Caudate,https://pubmed.ncbi.nlm.nih.gov/25904810/,10.1136/jnnp-2014-309105,gray matter or nucleus; see measurement,parent_region_extrapolation,lower,,,reported significant,3T FSL FIRST volume,PubMed abstract Results,Pooled hemispheres; memory-clinic subjective controls.,supported,Yi2016:Caudate:AD:case_vs_NC
A00064,73,76,Caudate_R,AAL3,AD,case_vs_NC,Yi2016,Caudate,https://pubmed.ncbi.nlm.nih.gov/25904810/,10.1136/jnnp-2014-309105,gray matter or nucleus; see measurement,parent_region_extrapolation,lower,,,reported significant,3T FSL FIRST volume,PubMed abstract Results,Pooled hemispheres; memory-clinic subjective controls.,supported,Yi2016:Caudate:AD:case_vs_NC
A00065,9,17,L_Hippocampus,FIRST,AD,case_vs_NC,Yi2016,Hippocampus,https://pubmed.ncbi.nlm.nih.gov/25904810/,10.1136/jnnp-2014-309105,gray matter or nucleus; see measurement,parent_region_extrapolation,lower,,,reported significant,3T FSL FIRST volume,PubMed abstract Results,Pooled hemispheres; memory-clinic subjective controls.,supported,Yi2016:Hippocampus:AD:case_vs_NC
A00066,10,53,R_Hippocampus,FIRST,AD,case_vs_NC,Yi2016,Hippocampus,https://pubmed.ncbi.nlm.nih.gov/25904810/,10.1136/jnnp-2014-309105,gray matter or nucleus; see measurement,parent_region_extrapolation,lower,,,reported significant,3T FSL FIRST volume,PubMed abstract Results,Pooled hemispheres; memory-clinic subjective controls.,supported,Yi2016:Hippocampus:AD:case_vs_NC
A00067,38,41,Hippocampus_L,AAL3,AD,case_vs_NC,Yi2016,Hippocampus,https://pubmed.ncbi.nlm.nih.gov/25904810/,10.1136/jnnp-2014-309105,gray matter or nucleus; see measurement,parent_region_extrapolation,lower,,,reported significant,3T FSL FIRST volume,PubMed abstract Results,Pooled hemispheres; memory-clinic subjective controls.,supported,Yi2016:Hippocampus:AD:case_vs_NC
A00068,39,42,Hippocampus_R,AAL3,AD,case_vs_NC,Yi2016,Hippocampus,https://pubmed.ncbi.nlm.nih.gov/25904810/,10.1136/jnnp-2014-309105,gray matter or nucleus; see measurement,parent_region_extrapolation,lower,,,reported significant,3T FSL FIRST volume,PubMed abstract Results,Pooled hemispheres; memory-clinic subjective controls.,supported,Yi2016:Hippocampus:AD:case_vs_NC
A00069,6,13,L_Pallidum,FIRST,AD,case_vs_NC,Yi2016,Pallidum,https://pubmed.ncbi.nlm.nih.gov/25904810/,10.1136/jnnp-2014-309105,gray matter or nucleus; see measurement,parent_region_extrapolation,not_established,,,no significant difference reported,3T FSL FIRST volume,PubMed abstract Results,Pooled hemispheres; memory-clinic subjective controls.,not_significant,Yi2016:Pallidum:AD:case_vs_NC
A00070,7,52,R_Pallidum,FIRST,AD,case_vs_NC,Yi2016,Pallidum,https://pubmed.ncbi.nlm.nih.gov/25904810/,10.1136/jnnp-2014-309105,gray matter or nucleus; see measurement,parent_region_extrapolation,not_established,,,no significant difference reported,3T FSL FIRST volume,PubMed abstract Results,Pooled hemispheres; memory-clinic subjective controls.,not_significant,Yi2016:Pallidum:AD:case_vs_NC
A00071,76,79,Pallidum_L,AAL3,AD,case_vs_NC,Yi2016,Pallidum,https://pubmed.ncbi.nlm.nih.gov/25904810/,10.1136/jnnp-2014-309105,gray matter or nucleus; see measurement,parent_region_extrapolation,not_established,,,no significant difference reported,3T FSL FIRST volume,PubMed abstract Results,Pooled hemispheres; memory-clinic subjective controls.,not_significant,Yi2016:Pallidum:AD:case_vs_NC
A00072,77,80,Pallidum_R,AAL3,AD,case_vs_NC,Yi2016,Pallidum,https://pubmed.ncbi.nlm.nih.gov/25904810/,10.1136/jnnp-2014-309105,gray matter or nucleus; see measurement,parent_region_extrapolation,not_established,,,no significant difference reported,3T FSL FIRST volume,PubMed abstract Results,Pooled hemispheres; memory-clinic subjective controls.,not_significant,Yi2016:Pallidum:AD:case_vs_NC
A00073,4,12,L_Putamen,FIRST,AD,case_vs_NC,Yi2016,Putamen,https://pubmed.ncbi.nlm.nih.gov/25904810/,10.1136/jnnp-2014-309105,gray matter or nucleus; see measurement,parent_region_extrapolation,lower,,,reported significant,3T FSL FIRST volume,PubMed abstract Results,Pooled hemispheres; memory-clinic subjective controls.,supported,Yi2016:Putamen:AD:case_vs_NC
A00074,5,51,R_Putamen,FIRST,AD,case_vs_NC,Yi2016,Putamen,https://pubmed.ncbi.nlm.nih.gov/25904810/,10.1136/jnnp-2014-309105,gray matter or nucleus; see measurement,parent_region_extrapolation,lower,,,reported significant,3T FSL FIRST volume,PubMed abstract Results,Pooled hemispheres; memory-clinic subjective controls.,supported,Yi2016:Putamen:AD:case_vs_NC
A00075,74,77,Putamen_L,AAL3,AD,case_vs_NC,Yi2016,Putamen,https://pubmed.ncbi.nlm.nih.gov/25904810/,10.1136/jnnp-2014-309105,gray matter or nucleus; see measurement,parent_region_extrapolation,lower,,,reported significant,3T FSL FIRST volume,PubMed abstract Results,Pooled hemispheres; memory-clinic subjective controls.,supported,Yi2016:Putamen:AD:case_vs_NC
A00076,75,78,Putamen_R,AAL3,AD,case_vs_NC,Yi2016,Putamen,https://pubmed.ncbi.nlm.nih.gov/25904810/,10.1136/jnnp-2014-309105,gray matter or nucleus; see measurement,parent_region_extrapolation,lower,,,reported significant,3T FSL FIRST volume,PubMed abstract Results,Pooled hemispheres; memory-clinic subjective controls.,supported,Yi2016:Putamen:AD:case_vs_NC
A00077,0,10,L_Thalamus,FIRST,AD,case_vs_NC,Yi2016,Thalamus,https://pubmed.ncbi.nlm.nih.gov/25904810/,10.1136/jnnp-2014-309105,gray matter or nucleus; see measurement,parent_region_extrapolation,lower,,,reported significant,3T FSL FIRST volume,PubMed abstract Results,Pooled hemispheres; memory-clinic subjective controls.,supported,Yi2016:Thalamus:AD:case_vs_NC
A00078,1,49,R_Thalamus,FIRST,AD,case_vs_NC,Yi2016,Thalamus,https://pubmed.ncbi.nlm.nih.gov/25904810/,10.1136/jnnp-2014-309105,gray matter or nucleus; see measurement,parent_region_extrapolation,lower,,,reported significant,3T FSL FIRST volume,PubMed abstract Results,Pooled hemispheres; memory-clinic subjective controls.,supported,Yi2016:Thalamus:AD:case_vs_NC
A00079,13,26,L_Accumbens,FIRST,MCI,case_vs_NC,Yi2016,Accumbens,https://pubmed.ncbi.nlm.nih.gov/25904810/,10.1136/jnnp-2014-309105,gray matter or nucleus; see measurement,parent_region_extrapolation,lower,,,reported significant,3T FSL FIRST volume,PubMed abstract Results,Pooled hemispheres; memory-clinic subjective controls.,supported,Yi2016:Accumbens:MCI:case_vs_NC
A00080,14,58,R_Accumbens,FIRST,MCI,case_vs_NC,Yi2016,Accumbens,https://pubmed.ncbi.nlm.nih.gov/25904810/,10.1136/jnnp-2014-309105,gray matter or nucleus; see measurement,parent_region_extrapolation,lower,,,reported significant,3T FSL FIRST volume,PubMed abstract Results,Pooled hemispheres; memory-clinic subjective controls.,supported,Yi2016:Accumbens:MCI:case_vs_NC
A00081,152,157,N_Acc_L,AAL3,MCI,case_vs_NC,Yi2016,Accumbens,https://pubmed.ncbi.nlm.nih.gov/25904810/,10.1136/jnnp-2014-309105,gray matter or nucleus; see measurement,parent_region_extrapolation,lower,,,reported significant,3T FSL FIRST volume,PubMed abstract Results,Pooled hemispheres; memory-clinic subjective controls.,supported,Yi2016:Accumbens:MCI:case_vs_NC
A00082,153,158,N_Acc_R,AAL3,MCI,case_vs_NC,Yi2016,Accumbens,https://pubmed.ncbi.nlm.nih.gov/25904810/,10.1136/jnnp-2014-309105,gray matter or nucleus; see measurement,parent_region_extrapolation,lower,,,reported significant,3T FSL FIRST volume,PubMed abstract Results,Pooled hemispheres; memory-clinic subjective controls.,supported,Yi2016:Accumbens:MCI:case_vs_NC
A00083,11,18,L_Amygdala,FIRST,MCI,case_vs_NC,Yi2016,Amygdala,https://pubmed.ncbi.nlm.nih.gov/25904810/,10.1136/jnnp-2014-309105,gray matter or nucleus; see measurement,parent_region_extrapolation,lower,,,reported significant,3T FSL FIRST volume,PubMed abstract Results,Pooled hemispheres; memory-clinic subjective controls.,supported,Yi2016:Amygdala:MCI:case_vs_NC
A00084,12,54,R_Amygdala,FIRST,MCI,case_vs_NC,Yi2016,Amygdala,https://pubmed.ncbi.nlm.nih.gov/25904810/,10.1136/jnnp-2014-309105,gray matter or nucleus; see measurement,parent_region_extrapolation,lower,,,reported significant,3T FSL FIRST volume,PubMed abstract Results,Pooled hemispheres; memory-clinic subjective controls.,supported,Yi2016:Amygdala:MCI:case_vs_NC
A00085,42,45,Amygdala_L,AAL3,MCI,case_vs_NC,Yi2016,Amygdala,https://pubmed.ncbi.nlm.nih.gov/25904810/,10.1136/jnnp-2014-309105,gray matter or nucleus; see measurement,parent_region_extrapolation,lower,,,reported significant,3T FSL FIRST volume,PubMed abstract Results,Pooled hemispheres; memory-clinic subjective controls.,supported,Yi2016:Amygdala:MCI:case_vs_NC
A00086,43,46,Amygdala_R,AAL3,MCI,case_vs_NC,Yi2016,Amygdala,https://pubmed.ncbi.nlm.nih.gov/25904810/,10.1136/jnnp-2014-309105,gray matter or nucleus; see measurement,parent_region_extrapolation,lower,,,reported significant,3T FSL FIRST volume,PubMed abstract Results,Pooled hemispheres; memory-clinic subjective controls.,supported,Yi2016:Amygdala:MCI:case_vs_NC
A00087,2,11,L_Caudate,FIRST,MCI,case_vs_NC,Yi2016,Caudate,https://pubmed.ncbi.nlm.nih.gov/25904810/,10.1136/jnnp-2014-309105,gray matter or nucleus; see measurement,parent_region_extrapolation,not_established,,,no significant difference reported,3T FSL FIRST volume,PubMed abstract Results,Pooled hemispheres; memory-clinic subjective controls.,not_significant,Yi2016:Caudate:MCI:case_vs_NC
A00088,3,50,R_Caudate,FIRST,MCI,case_vs_NC,Yi2016,Caudate,https://pubmed.ncbi.nlm.nih.gov/25904810/,10.1136/jnnp-2014-309105,gray matter or nucleus; see measurement,parent_region_extrapolation,not_established,,,no significant difference reported,3T FSL FIRST volume,PubMed abstract Results,Pooled hemispheres; memory-clinic subjective controls.,not_significant,Yi2016:Caudate:MCI:case_vs_NC
A00089,72,75,Caudate_L,AAL3,MCI,case_vs_NC,Yi2016,Caudate,https://pubmed.ncbi.nlm.nih.gov/25904810/,10.1136/jnnp-2014-309105,gray matter or nucleus; see measurement,parent_region_extrapolation,not_established,,,no significant difference reported,3T FSL FIRST volume,PubMed abstract Results,Pooled hemispheres; memory-clinic subjective controls.,not_significant,Yi2016:Caudate:MCI:case_vs_NC
A00090,73,76,Caudate_R,AAL3,MCI,case_vs_NC,Yi2016,Caudate,https://pubmed.ncbi.nlm.nih.gov/25904810/,10.1136/jnnp-2014-309105,gray matter or nucleus; see measurement,parent_region_extrapolation,not_established,,,no significant difference reported,3T FSL FIRST volume,PubMed abstract Results,Pooled hemispheres; memory-clinic subjective controls.,not_significant,Yi2016:Caudate:MCI:case_vs_NC
A00091,9,17,L_Hippocampus,FIRST,MCI,case_vs_NC,Yi2016,Hippocampus,https://pubmed.ncbi.nlm.nih.gov/25904810/,10.1136/jnnp-2014-309105,gray matter or nucleus; see measurement,parent_region_extrapolation,lower,,,reported significant,3T FSL FIRST volume,PubMed abstract Results,Pooled hemispheres; memory-clinic subjective controls.,supported,Yi2016:Hippocampus:MCI:case_vs_NC
A00092,10,53,R_Hippocampus,FIRST,MCI,case_vs_NC,Yi2016,Hippocampus,https://pubmed.ncbi.nlm.nih.gov/25904810/,10.1136/jnnp-2014-309105,gray matter or nucleus; see measurement,parent_region_extrapolation,lower,,,reported significant,3T FSL FIRST volume,PubMed abstract Results,Pooled hemispheres; memory-clinic subjective controls.,supported,Yi2016:Hippocampus:MCI:case_vs_NC
A00093,38,41,Hippocampus_L,AAL3,MCI,case_vs_NC,Yi2016,Hippocampus,https://pubmed.ncbi.nlm.nih.gov/25904810/,10.1136/jnnp-2014-309105,gray matter or nucleus; see measurement,parent_region_extrapolation,lower,,,reported significant,3T FSL FIRST volume,PubMed abstract Results,Pooled hemispheres; memory-clinic subjective controls.,supported,Yi2016:Hippocampus:MCI:case_vs_NC
A00094,39,42,Hippocampus_R,AAL3,MCI,case_vs_NC,Yi2016,Hippocampus,https://pubmed.ncbi.nlm.nih.gov/25904810/,10.1136/jnnp-2014-309105,gray matter or nucleus; see measurement,parent_region_extrapolation,lower,,,reported significant,3T FSL FIRST volume,PubMed abstract Results,Pooled hemispheres; memory-clinic subjective controls.,supported,Yi2016:Hippocampus:MCI:case_vs_NC
A00095,6,13,L_Pallidum,FIRST,MCI,case_vs_NC,Yi2016,Pallidum,https://pubmed.ncbi.nlm.nih.gov/25904810/,10.1136/jnnp-2014-309105,gray matter or nucleus; see measurement,parent_region_extrapolation,not_established,,,no significant difference reported,3T FSL FIRST volume,PubMed abstract Results,Pooled hemispheres; memory-clinic subjective controls.,not_significant,Yi2016:Pallidum:MCI:case_vs_NC
A00096,7,52,R_Pallidum,FIRST,MCI,case_vs_NC,Yi2016,Pallidum,https://pubmed.ncbi.nlm.nih.gov/25904810/,10.1136/jnnp-2014-309105,gray matter or nucleus; see measurement,parent_region_extrapolation,not_established,,,no significant difference reported,3T FSL FIRST volume,PubMed abstract Results,Pooled hemispheres; memory-clinic subjective controls.,not_significant,Yi2016:Pallidum:MCI:case_vs_NC
A00097,76,79,Pallidum_L,AAL3,MCI,case_vs_NC,Yi2016,Pallidum,https://pubmed.ncbi.nlm.nih.gov/25904810/,10.1136/jnnp-2014-309105,gray matter or nucleus; see measurement,parent_region_extrapolation,not_established,,,no significant difference reported,3T FSL FIRST volume,PubMed abstract Results,Pooled hemispheres; memory-clinic subjective controls.,not_significant,Yi2016:Pallidum:MCI:case_vs_NC
A00098,77,80,Pallidum_R,AAL3,MCI,case_vs_NC,Yi2016,Pallidum,https://pubmed.ncbi.nlm.nih.gov/25904810/,10.1136/jnnp-2014-309105,gray matter or nucleus; see measurement,parent_region_extrapolation,not_established,,,no significant difference reported,3T FSL FIRST volume,PubMed abstract Results,Pooled hemispheres; memory-clinic subjective controls.,not_significant,Yi2016:Pallidum:MCI:case_vs_NC
A00099,4,12,L_Putamen,FIRST,MCI,case_vs_NC,Yi2016,Putamen,https://pubmed.ncbi.nlm.nih.gov/25904810/,10.1136/jnnp-2014-309105,gray matter or nucleus; see measurement,parent_region_extrapolation,lower,,,reported significant,3T FSL FIRST volume,PubMed abstract Results,Pooled hemispheres; memory-clinic subjective controls.,supported,Yi2016:Putamen:MCI:case_vs_NC
A00100,5,51,R_Putamen,FIRST,MCI,case_vs_NC,Yi2016,Putamen,https://pubmed.ncbi.nlm.nih.gov/25904810/,10.1136/jnnp-2014-309105,gray matter or nucleus; see measurement,parent_region_extrapolation,lower,,,reported significant,3T FSL FIRST volume,PubMed abstract Results,Pooled hemispheres; memory-clinic subjective controls.,supported,Yi2016:Putamen:MCI:case_vs_NC
A00101,74,77,Putamen_L,AAL3,MCI,case_vs_NC,Yi2016,Putamen,https://pubmed.ncbi.nlm.nih.gov/25904810/,10.1136/jnnp-2014-309105,gray matter or nucleus; see measurement,parent_region_extrapolation,lower,,,reported significant,3T FSL FIRST volume,PubMed abstract Results,Pooled hemispheres; memory-clinic subjective controls.,supported,Yi2016:Putamen:MCI:case_vs_NC
A00102,75,78,Putamen_R,AAL3,MCI,case_vs_NC,Yi2016,Putamen,https://pubmed.ncbi.nlm.nih.gov/25904810/,10.1136/jnnp-2014-309105,gray matter or nucleus; see measurement,parent_region_extrapolation,lower,,,reported significant,3T FSL FIRST volume,PubMed abstract Results,Pooled hemispheres; memory-clinic subjective controls.,supported,Yi2016:Putamen:MCI:case_vs_NC
A00103,0,10,L_Thalamus,FIRST,MCI,case_vs_NC,Yi2016,Thalamus,https://pubmed.ncbi.nlm.nih.gov/25904810/,10.1136/jnnp-2014-309105,gray matter or nucleus; see measurement,parent_region_extrapolation,lower,,,reported significant,3T FSL FIRST volume,PubMed abstract Results,Pooled hemispheres; memory-clinic subjective controls.,supported,Yi2016:Thalamus:MCI:case_vs_NC
A00104,1,49,R_Thalamus,FIRST,MCI,case_vs_NC,Yi2016,Thalamus,https://pubmed.ncbi.nlm.nih.gov/25904810/,10.1136/jnnp-2014-309105,gray matter or nucleus; see measurement,parent_region_extrapolation,lower,,,reported significant,3T FSL FIRST volume,PubMed abstract Results,Pooled hemispheres; memory-clinic subjective controls.,supported,Yi2016:Thalamus:MCI:case_vs_NC
A00105,1,49,R_Thalamus,FIRST,MCI,case_vs_NC,MCI2016,Thalamus R,https://doi.org/10.3233/JAD-150353,10.3233/JAD-150353,gray matter or nucleus; see measurement,direct,lower,derived_Cohen_d_raw_means,-1.100035,"n=14/14; case=8888.16±622.37, NC=9459.3±389.61 mm3; p<0.008; no CI reported",FSL FIRST SIENAX-normalized structure volume mm3,Table2,"FIRST matches structure; source SIENAX-normalized, target native FIRST or modulated GM. Derived d from pooled raw SD, not adjusted causal effect.",nominal,MCI2016:Thalamus R:MCI:case_vs_NC
A00106,0,10,L_Thalamus,FIRST,MCI,case_vs_NC,MCI2016,Thalamus L,https://doi.org/10.3233/JAD-150353,10.3233/JAD-150353,gray matter or nucleus; see measurement,direct,lower,derived_Cohen_d_raw_means,-0.78704,"n=14/14; case=9359.32±686.09, NC=9890.16±662.66 mm3; p<0.05; no CI reported",FSL FIRST SIENAX-normalized structure volume mm3,Table2,"FIRST matches structure; source SIENAX-normalized, target native FIRST or modulated GM. Derived d from pooled raw SD, not adjusted causal effect.",nominal,MCI2016:Thalamus L:MCI:case_vs_NC
A00107,3,50,R_Caudate,FIRST,MCI,case_vs_NC,MCI2016,Caudate R,https://doi.org/10.3233/JAD-150353,10.3233/JAD-150353,gray matter or nucleus; see measurement,direct,lower,derived_Cohen_d_raw_means,-0.244964,"n=14/14; case=4601.67±520.51, NC=4735.18±568.47 mm3; pn.s.; no CI reported",FSL FIRST SIENAX-normalized structure volume mm3,Table2,"FIRST matches structure; source SIENAX-normalized, target native FIRST or modulated GM. Derived d from pooled raw SD, not adjusted causal effect.",not_significant,MCI2016:Caudate R:MCI:case_vs_NC
A00108,73,76,Caudate_R,AAL3,MCI,case_vs_NC,MCI2016,Caudate R,https://doi.org/10.3233/JAD-150353,10.3233/JAD-150353,gray matter or nucleus; see measurement,direct,lower,derived_Cohen_d_raw_means,-0.244964,"n=14/14; case=4601.67±520.51, NC=4735.18±568.47 mm3; pn.s.; no CI reported",FSL FIRST SIENAX-normalized structure volume mm3,Table2,"FIRST matches structure; source SIENAX-normalized, target native FIRST or modulated GM. Derived d from pooled raw SD, not adjusted causal effect.",not_significant,MCI2016:Caudate R:MCI:case_vs_NC
A00109,2,11,L_Caudate,FIRST,MCI,case_vs_NC,MCI2016,Caudate L,https://doi.org/10.3233/JAD-150353,10.3233/JAD-150353,gray matter or nucleus; see measurement,direct,lower,derived_Cohen_d_raw_means,-0.488103,"n=14/14; case=4147.76±616.79, NC=4449.21±618.4 mm3; pn.s.; no CI reported",FSL FIRST SIENAX-normalized structure volume mm3,Table2,"FIRST matches structure; source SIENAX-normalized, target native FIRST or modulated GM. Derived d from pooled raw SD, not adjusted causal effect.",not_significant,MCI2016:Caudate L:MCI:case_vs_NC
A00110,72,75,Caudate_L,AAL3,MCI,case_vs_NC,MCI2016,Caudate L,https://doi.org/10.3233/JAD-150353,10.3233/JAD-150353,gray matter or nucleus; see measurement,direct,lower,derived_Cohen_d_raw_means,-0.488103,"n=14/14; case=4147.76±616.79, NC=4449.21±618.4 mm3; pn.s.; no CI reported",FSL FIRST SIENAX-normalized structure volume mm3,Table2,"FIRST matches structure; source SIENAX-normalized, target native FIRST or modulated GM. Derived d from pooled raw SD, not adjusted causal effect.",not_significant,MCI2016:Caudate L:MCI:case_vs_NC
A00111,5,51,R_Putamen,FIRST,MCI,case_vs_NC,MCI2016,Putamen R,https://doi.org/10.3233/JAD-150353,10.3233/JAD-150353,gray matter or nucleus; see measurement,direct,lower,derived_Cohen_d_raw_means,-0.904005,"n=14/14; case=5337.11±573.16, NC=5869.91±605.16 mm3; p<0.03; no CI reported",FSL FIRST SIENAX-normalized structure volume mm3,Table2,"FIRST matches structure; source SIENAX-normalized, target native FIRST or modulated GM. Derived d from pooled raw SD, not adjusted causal effect.",nominal,MCI2016:Putamen R:MCI:case_vs_NC
A00112,75,78,Putamen_R,AAL3,MCI,case_vs_NC,MCI2016,Putamen R,https://doi.org/10.3233/JAD-150353,10.3233/JAD-150353,gray matter or nucleus; see measurement,direct,lower,derived_Cohen_d_raw_means,-0.904005,"n=14/14; case=5337.11±573.16, NC=5869.91±605.16 mm3; p<0.03; no CI reported",FSL FIRST SIENAX-normalized structure volume mm3,Table2,"FIRST matches structure; source SIENAX-normalized, target native FIRST or modulated GM. Derived d from pooled raw SD, not adjusted causal effect.",nominal,MCI2016:Putamen R:MCI:case_vs_NC
A00113,4,12,L_Putamen,FIRST,MCI,case_vs_NC,MCI2016,Putamen L,https://doi.org/10.3233/JAD-150353,10.3233/JAD-150353,gray matter or nucleus; see measurement,direct,lower,derived_Cohen_d_raw_means,-1.084039,"n=14/14; case=5439.62±385.45, NC=5932.4±514.5 mm3; p<0.009; no CI reported",FSL FIRST SIENAX-normalized structure volume mm3,Table2,"FIRST matches structure; source SIENAX-normalized, target native FIRST or modulated GM. Derived d from pooled raw SD, not adjusted causal effect.",nominal,MCI2016:Putamen L:MCI:case_vs_NC
A00114,74,77,Putamen_L,AAL3,MCI,case_vs_NC,MCI2016,Putamen L,https://doi.org/10.3233/JAD-150353,10.3233/JAD-150353,gray matter or nucleus; see measurement,direct,lower,derived_Cohen_d_raw_means,-1.084039,"n=14/14; case=5439.62±385.45, NC=5932.4±514.5 mm3; p<0.009; no CI reported",FSL FIRST SIENAX-normalized structure volume mm3,Table2,"FIRST matches structure; source SIENAX-normalized, target native FIRST or modulated GM. Derived d from pooled raw SD, not adjusted causal effect.",nominal,MCI2016:Putamen L:MCI:case_vs_NC
A00115,7,52,R_Pallidum,FIRST,MCI,case_vs_NC,MCI2016,Pallidum R,https://doi.org/10.3233/JAD-150353,10.3233/JAD-150353,gray matter or nucleus; see measurement,direct,lower,derived_Cohen_d_raw_means,-0.381871,"n=14/14; case=2506.98±438.29, NC=2700.36±566.38 mm3; pn.s.; no CI reported",FSL FIRST SIENAX-normalized structure volume mm3,Table2,"FIRST matches structure; source SIENAX-normalized, target native FIRST or modulated GM. Derived d from pooled raw SD, not adjusted causal effect.",not_significant,MCI2016:Pallidum R:MCI:case_vs_NC
A00116,77,80,Pallidum_R,AAL3,MCI,case_vs_NC,MCI2016,Pallidum R,https://doi.org/10.3233/JAD-150353,10.3233/JAD-150353,gray matter or nucleus; see measurement,direct,lower,derived_Cohen_d_raw_means,-0.381871,"n=14/14; case=2506.98±438.29, NC=2700.36±566.38 mm3; pn.s.; no CI reported",FSL FIRST SIENAX-normalized structure volume mm3,Table2,"FIRST matches structure; source SIENAX-normalized, target native FIRST or modulated GM. Derived d from pooled raw SD, not adjusted causal effect.",not_significant,MCI2016:Pallidum R:MCI:case_vs_NC
A00117,6,13,L_Pallidum,FIRST,MCI,case_vs_NC,MCI2016,Pallidum L,https://doi.org/10.3233/JAD-150353,10.3233/JAD-150353,gray matter or nucleus; see measurement,direct,lower,derived_Cohen_d_raw_means,-0.419904,"n=14/14; case=2562.02±399.97, NC=2796.99±682.85 mm3; pn.s.; no CI reported",FSL FIRST SIENAX-normalized structure volume mm3,Table2,"FIRST matches structure; source SIENAX-normalized, target native FIRST or modulated GM. Derived d from pooled raw SD, not adjusted causal effect.",not_significant,MCI2016:Pallidum L:MCI:case_vs_NC
A00118,76,79,Pallidum_L,AAL3,MCI,case_vs_NC,MCI2016,Pallidum L,https://doi.org/10.3233/JAD-150353,10.3233/JAD-150353,gray matter or nucleus; see measurement,direct,lower,derived_Cohen_d_raw_means,-0.419904,"n=14/14; case=2562.02±399.97, NC=2796.99±682.85 mm3; pn.s.; no CI reported",FSL FIRST SIENAX-normalized structure volume mm3,Table2,"FIRST matches structure; source SIENAX-normalized, target native FIRST or modulated GM. Derived d from pooled raw SD, not adjusted causal effect.",not_significant,MCI2016:Pallidum L:MCI:case_vs_NC
A00119,10,53,R_Hippocampus,FIRST,MCI,case_vs_NC,MCI2016,Hippocampus R,https://doi.org/10.3233/JAD-150353,10.3233/JAD-150353,gray matter or nucleus; see measurement,direct,lower,derived_Cohen_d_raw_means,-1.166798,"n=14/14; case=3857.03±836.32, NC=4673.19±528.33 mm3; p<0.005; no CI reported",FSL FIRST SIENAX-normalized structure volume mm3,Table2,"FIRST matches structure; source SIENAX-normalized, target native FIRST or modulated GM. Derived d from pooled raw SD, not adjusted causal effect.",nominal,MCI2016:Hippocampus R:MCI:case_vs_NC
A00120,39,42,Hippocampus_R,AAL3,MCI,case_vs_NC,MCI2016,Hippocampus R,https://doi.org/10.3233/JAD-150353,10.3233/JAD-150353,gray matter or nucleus; see measurement,direct,lower,derived_Cohen_d_raw_means,-1.166798,"n=14/14; case=3857.03±836.32, NC=4673.19±528.33 mm3; p<0.005; no CI reported",FSL FIRST SIENAX-normalized structure volume mm3,Table2,"FIRST matches structure; source SIENAX-normalized, target native FIRST or modulated GM. Derived d from pooled raw SD, not adjusted causal effect.",nominal,MCI2016:Hippocampus R:MCI:case_vs_NC
A00121,9,17,L_Hippocampus,FIRST,MCI,case_vs_NC,MCI2016,Hippocampus L,https://doi.org/10.3233/JAD-150353,10.3233/JAD-150353,gray matter or nucleus; see measurement,direct,lower,derived_Cohen_d_raw_means,-2.211814,"n=14/14; case=3594.97±463.65, NC=4610.65±454.72 mm3; p<0.0001; no CI reported",FSL FIRST SIENAX-normalized structure volume mm3,Table2,"FIRST matches structure; source SIENAX-normalized, target native FIRST or modulated GM. Derived d from pooled raw SD, not adjusted causal effect.",nominal,MCI2016:Hippocampus L:MCI:case_vs_NC
A00122,38,41,Hippocampus_L,AAL3,MCI,case_vs_NC,MCI2016,Hippocampus L,https://doi.org/10.3233/JAD-150353,10.3233/JAD-150353,gray matter or nucleus; see measurement,direct,lower,derived_Cohen_d_raw_means,-2.211814,"n=14/14; case=3594.97±463.65, NC=4610.65±454.72 mm3; p<0.0001; no CI reported",FSL FIRST SIENAX-normalized structure volume mm3,Table2,"FIRST matches structure; source SIENAX-normalized, target native FIRST or modulated GM. Derived d from pooled raw SD, not adjusted causal effect.",nominal,MCI2016:Hippocampus L:MCI:case_vs_NC
A00123,12,54,R_Amygdala,FIRST,MCI,case_vs_NC,MCI2016,Amygdala R,https://doi.org/10.3233/JAD-150353,10.3233/JAD-150353,gray matter or nucleus; see measurement,direct,lower,derived_Cohen_d_raw_means,-1.124087,"n=14/14; case=1318.06±339.16, NC=1602.18±112.88 mm3; p<0.007; no CI reported",FSL FIRST SIENAX-normalized structure volume mm3,Table2,"FIRST matches structure; source SIENAX-normalized, target native FIRST or modulated GM. Derived d from pooled raw SD, not adjusted causal effect.",nominal,MCI2016:Amygdala R:MCI:case_vs_NC
A00124,43,46,Amygdala_R,AAL3,MCI,case_vs_NC,MCI2016,Amygdala R,https://doi.org/10.3233/JAD-150353,10.3233/JAD-150353,gray matter or nucleus; see measurement,direct,lower,derived_Cohen_d_raw_means,-1.124087,"n=14/14; case=1318.06±339.16, NC=1602.18±112.88 mm3; p<0.007; no CI reported",FSL FIRST SIENAX-normalized structure volume mm3,Table2,"FIRST matches structure; source SIENAX-normalized, target native FIRST or modulated GM. Derived d from pooled raw SD, not adjusted causal effect.",nominal,MCI2016:Amygdala R:MCI:case_vs_NC
A00125,11,18,L_Amygdala,FIRST,MCI,case_vs_NC,MCI2016,Amygdala L,https://doi.org/10.3233/JAD-150353,10.3233/JAD-150353,gray matter or nucleus; see measurement,direct,lower,derived_Cohen_d_raw_means,-0.592406,"n=14/14; case=1212.21±274.3, NC=1378.96±288.48 mm3; pn.s.; no CI reported",FSL FIRST SIENAX-normalized structure volume mm3,Table2,"FIRST matches structure; source SIENAX-normalized, target native FIRST or modulated GM. Derived d from pooled raw SD, not adjusted causal effect.",not_significant,MCI2016:Amygdala L:MCI:case_vs_NC
A00126,42,45,Amygdala_L,AAL3,MCI,case_vs_NC,MCI2016,Amygdala L,https://doi.org/10.3233/JAD-150353,10.3233/JAD-150353,gray matter or nucleus; see measurement,direct,lower,derived_Cohen_d_raw_means,-0.592406,"n=14/14; case=1212.21±274.3, NC=1378.96±288.48 mm3; pn.s.; no CI reported",FSL FIRST SIENAX-normalized structure volume mm3,Table2,"FIRST matches structure; source SIENAX-normalized, target native FIRST or modulated GM. Derived d from pooled raw SD, not adjusted causal effect.",not_significant,MCI2016:Amygdala L:MCI:case_vs_NC
A00127,14,58,R_Accumbens,FIRST,MCI,case_vs_NC,MCI2016,Accumbens R,https://doi.org/10.3233/JAD-150353,10.3233/JAD-150353,gray matter or nucleus; see measurement,direct,lower,derived_Cohen_d_raw_means,-0.663092,"n=14/14; case=314.1±102.97, NC=387.63±118.28 mm3; pn.s.; no CI reported",FSL FIRST SIENAX-normalized structure volume mm3,Table2,"FIRST matches structure; source SIENAX-normalized, target native FIRST or modulated GM. Derived d from pooled raw SD, not adjusted causal effect.",not_significant,MCI2016:Accumbens R:MCI:case_vs_NC
A00128,153,158,N_Acc_R,AAL3,MCI,case_vs_NC,MCI2016,Accumbens R,https://doi.org/10.3233/JAD-150353,10.3233/JAD-150353,gray matter or nucleus; see measurement,direct,lower,derived_Cohen_d_raw_means,-0.663092,"n=14/14; case=314.1±102.97, NC=387.63±118.28 mm3; pn.s.; no CI reported",FSL FIRST SIENAX-normalized structure volume mm3,Table2,"FIRST matches structure; source SIENAX-normalized, target native FIRST or modulated GM. Derived d from pooled raw SD, not adjusted causal effect.",not_significant,MCI2016:Accumbens R:MCI:case_vs_NC
A00129,13,26,L_Accumbens,FIRST,MCI,case_vs_NC,MCI2016,Accumbens L,https://doi.org/10.3233/JAD-150353,10.3233/JAD-150353,gray matter or nucleus; see measurement,direct,lower,derived_Cohen_d_raw_means,-0.891386,"n=14/14; case=386.39±111.71, NC=507.19±155.73 mm3; p<0.03; no CI reported",FSL FIRST SIENAX-normalized structure volume mm3,Table2,"FIRST matches structure; source SIENAX-normalized, target native FIRST or modulated GM. Derived d from pooled raw SD, not adjusted causal effect.",nominal,MCI2016:Accumbens L:MCI:case_vs_NC
A00130,152,157,N_Acc_L,AAL3,MCI,case_vs_NC,MCI2016,Accumbens L,https://doi.org/10.3233/JAD-150353,10.3233/JAD-150353,gray matter or nucleus; see measurement,direct,lower,derived_Cohen_d_raw_means,-0.891386,"n=14/14; case=386.39±111.71, NC=507.19±155.73 mm3; p<0.03; no CI reported",FSL FIRST SIENAX-normalized structure volume mm3,Table2,"FIRST matches structure; source SIENAX-normalized, target native FIRST or modulated GM. Derived d from pooled raw SD, not adjusted causal effect.",nominal,MCI2016:Accumbens L:MCI:case_vs_NC
A00131,2,3,Frontal_Sup_2_L,AAL3,AD,case_vs_NC,Kang2024,frontal lobe,https://doi.org/10.1007/s12264-024-01218-x,10.1007/s12264-024-01218-x,gray matter or nucleus; see measurement,parent_region_extrapolation,lower,,,No exact AAL3 ROI d/CI recovered; lobar atrophy description,CAT12 GMV; Brainnetome246; AAL3 robustness,Abstract/Results GMV; AAL3 robustness FigS10,Lobar inference only; does not prove this specific ROI. Brainnetome and AAL3 boundaries differ.,regional_inference,Kang2024:frontal lobe:AD:case_vs_NC
A00132,2,3,Frontal_Sup_2_L,AAL3,MCI,case_vs_NC,Kang2024,frontal lobe,https://doi.org/10.1007/s12264-024-01218-x,10.1007/s12264-024-01218-x,gray matter or nucleus; see measurement,parent_region_extrapolation,lower,,,No exact AAL3 ROI d/CI recovered; lobar atrophy description,CAT12 GMV; Brainnetome246; AAL3 robustness,Abstract/Results GMV; AAL3 robustness FigS10,Lobar inference only; does not prove this specific ROI. Brainnetome and AAL3 boundaries differ.,regional_inference,Kang2024:frontal lobe:MCI:case_vs_NC
A00133,3,4,Frontal_Sup_2_R,AAL3,AD,case_vs_NC,Kang2024,frontal lobe,https://doi.org/10.1007/s12264-024-01218-x,10.1007/s12264-024-01218-x,gray matter or nucleus; see measurement,parent_region_extrapolation,lower,,,No exact AAL3 ROI d/CI recovered; lobar atrophy description,CAT12 GMV; Brainnetome246; AAL3 robustness,Abstract/Results GMV; AAL3 robustness FigS10,Lobar inference only; does not prove this specific ROI. Brainnetome and AAL3 boundaries differ.,regional_inference,Kang2024:frontal lobe:AD:case_vs_NC
A00134,3,4,Frontal_Sup_2_R,AAL3,MCI,case_vs_NC,Kang2024,frontal lobe,https://doi.org/10.1007/s12264-024-01218-x,10.1007/s12264-024-01218-x,gray matter or nucleus; see measurement,parent_region_extrapolation,lower,,,No exact AAL3 ROI d/CI recovered; lobar atrophy description,CAT12 GMV; Brainnetome246; AAL3 robustness,Abstract/Results GMV; AAL3 robustness FigS10,Lobar inference only; does not prove this specific ROI. Brainnetome and AAL3 boundaries differ.,regional_inference,Kang2024:frontal lobe:MCI:case_vs_NC
A00135,4,5,Frontal_Mid_2_L,AAL3,AD,case_vs_NC,Kang2024,frontal lobe,https://doi.org/10.1007/s12264-024-01218-x,10.1007/s12264-024-01218-x,gray matter or nucleus; see measurement,parent_region_extrapolation,lower,,,No exact AAL3 ROI d/CI recovered; lobar atrophy description,CAT12 GMV; Brainnetome246; AAL3 robustness,Abstract/Results GMV; AAL3 robustness FigS10,Lobar inference only; does not prove this specific ROI. Brainnetome and AAL3 boundaries differ.,regional_inference,Kang2024:frontal lobe:AD:case_vs_NC
A00136,4,5,Frontal_Mid_2_L,AAL3,MCI,case_vs_NC,Kang2024,frontal lobe,https://doi.org/10.1007/s12264-024-01218-x,10.1007/s12264-024-01218-x,gray matter or nucleus; see measurement,parent_region_extrapolation,lower,,,No exact AAL3 ROI d/CI recovered; lobar atrophy description,CAT12 GMV; Brainnetome246; AAL3 robustness,Abstract/Results GMV; AAL3 robustness FigS10,Lobar inference only; does not prove this specific ROI. Brainnetome and AAL3 boundaries differ.,regional_inference,Kang2024:frontal lobe:MCI:case_vs_NC
A00137,5,6,Frontal_Mid_2_R,AAL3,AD,case_vs_NC,Kang2024,frontal lobe,https://doi.org/10.1007/s12264-024-01218-x,10.1007/s12264-024-01218-x,gray matter or nucleus; see measurement,parent_region_extrapolation,lower,,,No exact AAL3 ROI d/CI recovered; lobar atrophy description,CAT12 GMV; Brainnetome246; AAL3 robustness,Abstract/Results GMV; AAL3 robustness FigS10,Lobar inference only; does not prove this specific ROI. Brainnetome and AAL3 boundaries differ.,regional_inference,Kang2024:frontal lobe:AD:case_vs_NC
A00138,5,6,Frontal_Mid_2_R,AAL3,MCI,case_vs_NC,Kang2024,frontal lobe,https://doi.org/10.1007/s12264-024-01218-x,10.1007/s12264-024-01218-x,gray matter or nucleus; see measurement,parent_region_extrapolation,lower,,,No exact AAL3 ROI d/CI recovered; lobar atrophy description,CAT12 GMV; Brainnetome246; AAL3 robustness,Abstract/Results GMV; AAL3 robustness FigS10,Lobar inference only; does not prove this specific ROI. Brainnetome and AAL3 boundaries differ.,regional_inference,Kang2024:frontal lobe:MCI:case_vs_NC
A00139,6,7,Frontal_Inf_Oper_L,AAL3,AD,case_vs_NC,Kang2024,frontal lobe,https://doi.org/10.1007/s12264-024-01218-x,10.1007/s12264-024-01218-x,gray matter or nucleus; see measurement,parent_region_extrapolation,lower,,,No exact AAL3 ROI d/CI recovered; lobar atrophy description,CAT12 GMV; Brainnetome246; AAL3 robustness,Abstract/Results GMV; AAL3 robustness FigS10,Lobar inference only; does not prove this specific ROI. Brainnetome and AAL3 boundaries differ.,regional_inference,Kang2024:frontal lobe:AD:case_vs_NC
A00140,6,7,Frontal_Inf_Oper_L,AAL3,MCI,case_vs_NC,Kang2024,frontal lobe,https://doi.org/10.1007/s12264-024-01218-x,10.1007/s12264-024-01218-x,gray matter or nucleus; see measurement,parent_region_extrapolation,lower,,,No exact AAL3 ROI d/CI recovered; lobar atrophy description,CAT12 GMV; Brainnetome246; AAL3 robustness,Abstract/Results GMV; AAL3 robustness FigS10,Lobar inference only; does not prove this specific ROI. Brainnetome and AAL3 boundaries differ.,regional_inference,Kang2024:frontal lobe:MCI:case_vs_NC
A00141,7,8,Frontal_Inf_Oper_R,AAL3,AD,case_vs_NC,Kang2024,frontal lobe,https://doi.org/10.1007/s12264-024-01218-x,10.1007/s12264-024-01218-x,gray matter or nucleus; see measurement,parent_region_extrapolation,lower,,,No exact AAL3 ROI d/CI recovered; lobar atrophy description,CAT12 GMV; Brainnetome246; AAL3 robustness,Abstract/Results GMV; AAL3 robustness FigS10,Lobar inference only; does not prove this specific ROI. Brainnetome and AAL3 boundaries differ.,regional_inference,Kang2024:frontal lobe:AD:case_vs_NC
A00142,7,8,Frontal_Inf_Oper_R,AAL3,MCI,case_vs_NC,Kang2024,frontal lobe,https://doi.org/10.1007/s12264-024-01218-x,10.1007/s12264-024-01218-x,gray matter or nucleus; see measurement,parent_region_extrapolation,lower,,,No exact AAL3 ROI d/CI recovered; lobar atrophy description,CAT12 GMV; Brainnetome246; AAL3 robustness,Abstract/Results GMV; AAL3 robustness FigS10,Lobar inference only; does not prove this specific ROI. Brainnetome and AAL3 boundaries differ.,regional_inference,Kang2024:frontal lobe:MCI:case_vs_NC
A00143,8,9,Frontal_Inf_Tri_L,AAL3,AD,case_vs_NC,Kang2024,frontal lobe,https://doi.org/10.1007/s12264-024-01218-x,10.1007/s12264-024-01218-x,gray matter or nucleus; see measurement,parent_region_extrapolation,lower,,,No exact AAL3 ROI d/CI recovered; lobar atrophy description,CAT12 GMV; Brainnetome246; AAL3 robustness,Abstract/Results GMV; AAL3 robustness FigS10,Lobar inference only; does not prove this specific ROI. Brainnetome and AAL3 boundaries differ.,regional_inference,Kang2024:frontal lobe:AD:case_vs_NC
A00144,8,9,Frontal_Inf_Tri_L,AAL3,MCI,case_vs_NC,Kang2024,frontal lobe,https://doi.org/10.1007/s12264-024-01218-x,10.1007/s12264-024-01218-x,gray matter or nucleus; see measurement,parent_region_extrapolation,lower,,,No exact AAL3 ROI d/CI recovered; lobar atrophy description,CAT12 GMV; Brainnetome246; AAL3 robustness,Abstract/Results GMV; AAL3 robustness FigS10,Lobar inference only; does not prove this specific ROI. Brainnetome and AAL3 boundaries differ.,regional_inference,Kang2024:frontal lobe:MCI:case_vs_NC
A00145,9,10,Frontal_Inf_Tri_R,AAL3,AD,case_vs_NC,Kang2024,frontal lobe,https://doi.org/10.1007/s12264-024-01218-x,10.1007/s12264-024-01218-x,gray matter or nucleus; see measurement,parent_region_extrapolation,lower,,,No exact AAL3 ROI d/CI recovered; lobar atrophy description,CAT12 GMV; Brainnetome246; AAL3 robustness,Abstract/Results GMV; AAL3 robustness FigS10,Lobar inference only; does not prove this specific ROI. Brainnetome and AAL3 boundaries differ.,regional_inference,Kang2024:frontal lobe:AD:case_vs_NC
A00146,9,10,Frontal_Inf_Tri_R,AAL3,MCI,case_vs_NC,Kang2024,frontal lobe,https://doi.org/10.1007/s12264-024-01218-x,10.1007/s12264-024-01218-x,gray matter or nucleus; see measurement,parent_region_extrapolation,lower,,,No exact AAL3 ROI d/CI recovered; lobar atrophy description,CAT12 GMV; Brainnetome246; AAL3 robustness,Abstract/Results GMV; AAL3 robustness FigS10,Lobar inference only; does not prove this specific ROI. Brainnetome and AAL3 boundaries differ.,regional_inference,Kang2024:frontal lobe:MCI:case_vs_NC
A00147,10,11,Frontal_Inf_Orb_2_L,AAL3,AD,case_vs_NC,Kang2024,frontal lobe,https://doi.org/10.1007/s12264-024-01218-x,10.1007/s12264-024-01218-x,gray matter or nucleus; see measurement,parent_region_extrapolation,lower,,,No exact AAL3 ROI d/CI recovered; lobar atrophy description,CAT12 GMV; Brainnetome246; AAL3 robustness,Abstract/Results GMV; AAL3 robustness FigS10,Lobar inference only; does not prove this specific ROI. Brainnetome and AAL3 boundaries differ.,regional_inference,Kang2024:frontal lobe:AD:case_vs_NC
A00148,10,11,Frontal_Inf_Orb_2_L,AAL3,MCI,case_vs_NC,Kang2024,frontal lobe,https://doi.org/10.1007/s12264-024-01218-x,10.1007/s12264-024-01218-x,gray matter or nucleus; see measurement,parent_region_extrapolation,lower,,,No exact AAL3 ROI d/CI recovered; lobar atrophy description,CAT12 GMV; Brainnetome246; AAL3 robustness,Abstract/Results GMV; AAL3 robustness FigS10,Lobar inference only; does not prove this specific ROI. Brainnetome and AAL3 boundaries differ.,regional_inference,Kang2024:frontal lobe:MCI:case_vs_NC
A00149,11,12,Frontal_Inf_Orb_2_R,AAL3,AD,case_vs_NC,Kang2024,frontal lobe,https://doi.org/10.1007/s12264-024-01218-x,10.1007/s12264-024-01218-x,gray matter or nucleus; see measurement,parent_region_extrapolation,lower,,,No exact AAL3 ROI d/CI recovered; lobar atrophy description,CAT12 GMV; Brainnetome246; AAL3 robustness,Abstract/Results GMV; AAL3 robustness FigS10,Lobar inference only; does not prove this specific ROI. Brainnetome and AAL3 boundaries differ.,regional_inference,Kang2024:frontal lobe:AD:case_vs_NC
A00150,11,12,Frontal_Inf_Orb_2_R,AAL3,MCI,case_vs_NC,Kang2024,frontal lobe,https://doi.org/10.1007/s12264-024-01218-x,10.1007/s12264-024-01218-x,gray matter or nucleus; see measurement,parent_region_extrapolation,lower,,,No exact AAL3 ROI d/CI recovered; lobar atrophy description,CAT12 GMV; Brainnetome246; AAL3 robustness,Abstract/Results GMV; AAL3 robustness FigS10,Lobar inference only; does not prove this specific ROI. Brainnetome and AAL3 boundaries differ.,regional_inference,Kang2024:frontal lobe:MCI:case_vs_NC
A00151,14,15,Supp_Motor_Area_L,AAL3,AD,case_vs_NC,Kang2024,frontal lobe,https://doi.org/10.1007/s12264-024-01218-x,10.1007/s12264-024-01218-x,gray matter or nucleus; see measurement,parent_region_extrapolation,lower,,,No exact AAL3 ROI d/CI recovered; lobar atrophy description,CAT12 GMV; Brainnetome246; AAL3 robustness,Abstract/Results GMV; AAL3 robustness FigS10,Lobar inference only; does not prove this specific ROI. Brainnetome and AAL3 boundaries differ.,regional_inference,Kang2024:frontal lobe:AD:case_vs_NC
A00152,14,15,Supp_Motor_Area_L,AAL3,MCI,case_vs_NC,Kang2024,frontal lobe,https://doi.org/10.1007/s12264-024-01218-x,10.1007/s12264-024-01218-x,gray matter or nucleus; see measurement,parent_region_extrapolation,lower,,,No exact AAL3 ROI d/CI recovered; lobar atrophy description,CAT12 GMV; Brainnetome246; AAL3 robustness,Abstract/Results GMV; AAL3 robustness FigS10,Lobar inference only; does not prove this specific ROI. Brainnetome and AAL3 boundaries differ.,regional_inference,Kang2024:frontal lobe:MCI:case_vs_NC
A00153,15,16,Supp_Motor_Area_R,AAL3,AD,case_vs_NC,Kang2024,frontal lobe,https://doi.org/10.1007/s12264-024-01218-x,10.1007/s12264-024-01218-x,gray matter or nucleus; see measurement,parent_region_extrapolation,lower,,,No exact AAL3 ROI d/CI recovered; lobar atrophy description,CAT12 GMV; Brainnetome246; AAL3 robustness,Abstract/Results GMV; AAL3 robustness FigS10,Lobar inference only; does not prove this specific ROI. Brainnetome and AAL3 boundaries differ.,regional_inference,Kang2024:frontal lobe:AD:case_vs_NC
A00154,15,16,Supp_Motor_Area_R,AAL3,MCI,case_vs_NC,Kang2024,frontal lobe,https://doi.org/10.1007/s12264-024-01218-x,10.1007/s12264-024-01218-x,gray matter or nucleus; see measurement,parent_region_extrapolation,lower,,,No exact AAL3 ROI d/CI recovered; lobar atrophy description,CAT12 GMV; Brainnetome246; AAL3 robustness,Abstract/Results GMV; AAL3 robustness FigS10,Lobar inference only; does not prove this specific ROI. Brainnetome and AAL3 boundaries differ.,regional_inference,Kang2024:frontal lobe:MCI:case_vs_NC
A00155,18,19,Frontal_Sup_Medial_L,AAL3,AD,case_vs_NC,Kang2024,frontal lobe,https://doi.org/10.1007/s12264-024-01218-x,10.1007/s12264-024-01218-x,gray matter or nucleus; see measurement,parent_region_extrapolation,lower,,,No exact AAL3 ROI d/CI recovered; lobar atrophy description,CAT12 GMV; Brainnetome246; AAL3 robustness,Abstract/Results GMV; AAL3 robustness FigS10,Lobar inference only; does not prove this specific ROI. Brainnetome and AAL3 boundaries differ.,regional_inference,Kang2024:frontal lobe:AD:case_vs_NC
A00156,18,19,Frontal_Sup_Medial_L,AAL3,MCI,case_vs_NC,Kang2024,frontal lobe,https://doi.org/10.1007/s12264-024-01218-x,10.1007/s12264-024-01218-x,gray matter or nucleus; see measurement,parent_region_extrapolation,lower,,,No exact AAL3 ROI d/CI recovered; lobar atrophy description,CAT12 GMV; Brainnetome246; AAL3 robustness,Abstract/Results GMV; AAL3 robustness FigS10,Lobar inference only; does not prove this specific ROI. Brainnetome and AAL3 boundaries differ.,regional_inference,Kang2024:frontal lobe:MCI:case_vs_NC
A00157,19,20,Frontal_Sup_Medial_R,AAL3,AD,case_vs_NC,Kang2024,frontal lobe,https://doi.org/10.1007/s12264-024-01218-x,10.1007/s12264-024-01218-x,gray matter or nucleus; see measurement,parent_region_extrapolation,lower,,,No exact AAL3 ROI d/CI recovered; lobar atrophy description,CAT12 GMV; Brainnetome246; AAL3 robustness,Abstract/Results GMV; AAL3 robustness FigS10,Lobar inference only; does not prove this specific ROI. Brainnetome and AAL3 boundaries differ.,regional_inference,Kang2024:frontal lobe:AD:case_vs_NC
A00158,19,20,Frontal_Sup_Medial_R,AAL3,MCI,case_vs_NC,Kang2024,frontal lobe,https://doi.org/10.1007/s12264-024-01218-x,10.1007/s12264-024-01218-x,gray matter or nucleus; see measurement,parent_region_extrapolation,lower,,,No exact AAL3 ROI d/CI recovered; lobar atrophy description,CAT12 GMV; Brainnetome246; AAL3 robustness,Abstract/Results GMV; AAL3 robustness FigS10,Lobar inference only; does not prove this specific ROI. Brainnetome and AAL3 boundaries differ.,regional_inference,Kang2024:frontal lobe:MCI:case_vs_NC
A00159,20,21,Frontal_Med_Orb_L,AAL3,AD,case_vs_NC,Kang2024,frontal lobe,https://doi.org/10.1007/s12264-024-01218-x,10.1007/s12264-024-01218-x,gray matter or nucleus; see measurement,parent_region_extrapolation,lower,,,No exact AAL3 ROI d/CI recovered; lobar atrophy description,CAT12 GMV; Brainnetome246; AAL3 robustness,Abstract/Results GMV; AAL3 robustness FigS10,Lobar inference only; does not prove this specific ROI. Brainnetome and AAL3 boundaries differ.,regional_inference,Kang2024:frontal lobe:AD:case_vs_NC
A00160,20,21,Frontal_Med_Orb_L,AAL3,MCI,case_vs_NC,Kang2024,frontal lobe,https://doi.org/10.1007/s12264-024-01218-x,10.1007/s12264-024-01218-x,gray matter or nucleus; see measurement,parent_region_extrapolation,lower,,,No exact AAL3 ROI d/CI recovered; lobar atrophy description,CAT12 GMV; Brainnetome246; AAL3 robustness,Abstract/Results GMV; AAL3 robustness FigS10,Lobar inference only; does not prove this specific ROI. Brainnetome and AAL3 boundaries differ.,regional_inference,Kang2024:frontal lobe:MCI:case_vs_NC
A00161,21,22,Frontal_Med_Orb_R,AAL3,AD,case_vs_NC,Kang2024,frontal lobe,https://doi.org/10.1007/s12264-024-01218-x,10.1007/s12264-024-01218-x,gray matter or nucleus; see measurement,parent_region_extrapolation,lower,,,No exact AAL3 ROI d/CI recovered; lobar atrophy description,CAT12 GMV; Brainnetome246; AAL3 robustness,Abstract/Results GMV; AAL3 robustness FigS10,Lobar inference only; does not prove this specific ROI. Brainnetome and AAL3 boundaries differ.,regional_inference,Kang2024:frontal lobe:AD:case_vs_NC
A00162,21,22,Frontal_Med_Orb_R,AAL3,MCI,case_vs_NC,Kang2024,frontal lobe,https://doi.org/10.1007/s12264-024-01218-x,10.1007/s12264-024-01218-x,gray matter or nucleus; see measurement,parent_region_extrapolation,lower,,,No exact AAL3 ROI d/CI recovered; lobar atrophy description,CAT12 GMV; Brainnetome246; AAL3 robustness,Abstract/Results GMV; AAL3 robustness FigS10,Lobar inference only; does not prove this specific ROI. Brainnetome and AAL3 boundaries differ.,regional_inference,Kang2024:frontal lobe:MCI:case_vs_NC
A00163,22,23,Rectus_L,AAL3,AD,case_vs_NC,Kang2024,frontal lobe,https://doi.org/10.1007/s12264-024-01218-x,10.1007/s12264-024-01218-x,gray matter or nucleus; see measurement,parent_region_extrapolation,lower,,,No exact AAL3 ROI d/CI recovered; lobar atrophy description,CAT12 GMV; Brainnetome246; AAL3 robustness,Abstract/Results GMV; AAL3 robustness FigS10,Lobar inference only; does not prove this specific ROI. Brainnetome and AAL3 boundaries differ.,regional_inference,Kang2024:frontal lobe:AD:case_vs_NC
A00164,22,23,Rectus_L,AAL3,MCI,case_vs_NC,Kang2024,frontal lobe,https://doi.org/10.1007/s12264-024-01218-x,10.1007/s12264-024-01218-x,gray matter or nucleus; see measurement,parent_region_extrapolation,lower,,,No exact AAL3 ROI d/CI recovered; lobar atrophy description,CAT12 GMV; Brainnetome246; AAL3 robustness,Abstract/Results GMV; AAL3 robustness FigS10,Lobar inference only; does not prove this specific ROI. Brainnetome and AAL3 boundaries differ.,regional_inference,Kang2024:frontal lobe:MCI:case_vs_NC
A00165,23,24,Rectus_R,AAL3,AD,case_vs_NC,Kang2024,frontal lobe,https://doi.org/10.1007/s12264-024-01218-x,10.1007/s12264-024-01218-x,gray matter or nucleus; see measurement,parent_region_extrapolation,lower,,,No exact AAL3 ROI d/CI recovered; lobar atrophy description,CAT12 GMV; Brainnetome246; AAL3 robustness,Abstract/Results GMV; AAL3 robustness FigS10,Lobar inference only; does not prove this specific ROI. Brainnetome and AAL3 boundaries differ.,regional_inference,Kang2024:frontal lobe:AD:case_vs_NC
A00166,23,24,Rectus_R,AAL3,MCI,case_vs_NC,Kang2024,frontal lobe,https://doi.org/10.1007/s12264-024-01218-x,10.1007/s12264-024-01218-x,gray matter or nucleus; see measurement,parent_region_extrapolation,lower,,,No exact AAL3 ROI d/CI recovered; lobar atrophy description,CAT12 GMV; Brainnetome246; AAL3 robustness,Abstract/Results GMV; AAL3 robustness FigS10,Lobar inference only; does not prove this specific ROI. Brainnetome and AAL3 boundaries differ.,regional_inference,Kang2024:frontal lobe:MCI:case_vs_NC
A00167,24,25,OFCmed_L,AAL3,AD,case_vs_NC,Kang2024,frontal lobe,https://doi.org/10.1007/s12264-024-01218-x,10.1007/s12264-024-01218-x,gray matter or nucleus; see measurement,parent_region_extrapolation,lower,,,No exact AAL3 ROI d/CI recovered; lobar atrophy description,CAT12 GMV; Brainnetome246; AAL3 robustness,Abstract/Results GMV; AAL3 robustness FigS10,Lobar inference only; does not prove this specific ROI. Brainnetome and AAL3 boundaries differ.,regional_inference,Kang2024:frontal lobe:AD:case_vs_NC
A00168,24,25,OFCmed_L,AAL3,MCI,case_vs_NC,Kang2024,frontal lobe,https://doi.org/10.1007/s12264-024-01218-x,10.1007/s12264-024-01218-x,gray matter or nucleus; see measurement,parent_region_extrapolation,lower,,,No exact AAL3 ROI d/CI recovered; lobar atrophy description,CAT12 GMV; Brainnetome246; AAL3 robustness,Abstract/Results GMV; AAL3 robustness FigS10,Lobar inference only; does not prove this specific ROI. Brainnetome and AAL3 boundaries differ.,regional_inference,Kang2024:frontal lobe:MCI:case_vs_NC
A00169,25,26,OFCmed_R,AAL3,AD,case_vs_NC,Kang2024,frontal lobe,https://doi.org/10.1007/s12264-024-01218-x,10.1007/s12264-024-01218-x,gray matter or nucleus; see measurement,parent_region_extrapolation,lower,,,No exact AAL3 ROI d/CI recovered; lobar atrophy description,CAT12 GMV; Brainnetome246; AAL3 robustness,Abstract/Results GMV; AAL3 robustness FigS10,Lobar inference only; does not prove this specific ROI. Brainnetome and AAL3 boundaries differ.,regional_inference,Kang2024:frontal lobe:AD:case_vs_NC
A00170,25,26,OFCmed_R,AAL3,MCI,case_vs_NC,Kang2024,frontal lobe,https://doi.org/10.1007/s12264-024-01218-x,10.1007/s12264-024-01218-x,gray matter or nucleus; see measurement,parent_region_extrapolation,lower,,,No exact AAL3 ROI d/CI recovered; lobar atrophy description,CAT12 GMV; Brainnetome246; AAL3 robustness,Abstract/Results GMV; AAL3 robustness FigS10,Lobar inference only; does not prove this specific ROI. Brainnetome and AAL3 boundaries differ.,regional_inference,Kang2024:frontal lobe:MCI:case_vs_NC
A00171,26,27,OFCant_L,AAL3,AD,case_vs_NC,Kang2024,frontal lobe,https://doi.org/10.1007/s12264-024-01218-x,10.1007/s12264-024-01218-x,gray matter or nucleus; see measurement,parent_region_extrapolation,lower,,,No exact AAL3 ROI d/CI recovered; lobar atrophy description,CAT12 GMV; Brainnetome246; AAL3 robustness,Abstract/Results GMV; AAL3 robustness FigS10,Lobar inference only; does not prove this specific ROI. Brainnetome and AAL3 boundaries differ.,regional_inference,Kang2024:frontal lobe:AD:case_vs_NC
A00172,26,27,OFCant_L,AAL3,MCI,case_vs_NC,Kang2024,frontal lobe,https://doi.org/10.1007/s12264-024-01218-x,10.1007/s12264-024-01218-x,gray matter or nucleus; see measurement,parent_region_extrapolation,lower,,,No exact AAL3 ROI d/CI recovered; lobar atrophy description,CAT12 GMV; Brainnetome246; AAL3 robustness,Abstract/Results GMV; AAL3 robustness FigS10,Lobar inference only; does not prove this specific ROI. Brainnetome and AAL3 boundaries differ.,regional_inference,Kang2024:frontal lobe:MCI:case_vs_NC
A00173,27,28,OFCant_R,AAL3,AD,case_vs_NC,Kang2024,frontal lobe,https://doi.org/10.1007/s12264-024-01218-x,10.1007/s12264-024-01218-x,gray matter or nucleus; see measurement,parent_region_extrapolation,lower,,,No exact AAL3 ROI d/CI recovered; lobar atrophy description,CAT12 GMV; Brainnetome246; AAL3 robustness,Abstract/Results GMV; AAL3 robustness FigS10,Lobar inference only; does not prove this specific ROI. Brainnetome and AAL3 boundaries differ.,regional_inference,Kang2024:frontal lobe:AD:case_vs_NC
A00174,27,28,OFCant_R,AAL3,MCI,case_vs_NC,Kang2024,frontal lobe,https://doi.org/10.1007/s12264-024-01218-x,10.1007/s12264-024-01218-x,gray matter or nucleus; see measurement,parent_region_extrapolation,lower,,,No exact AAL3 ROI d/CI recovered; lobar atrophy description,CAT12 GMV; Brainnetome246; AAL3 robustness,Abstract/Results GMV; AAL3 robustness FigS10,Lobar inference only; does not prove this specific ROI. Brainnetome and AAL3 boundaries differ.,regional_inference,Kang2024:frontal lobe:MCI:case_vs_NC
A00175,28,29,OFCpost_L,AAL3,AD,case_vs_NC,Kang2024,frontal lobe,https://doi.org/10.1007/s12264-024-01218-x,10.1007/s12264-024-01218-x,gray matter or nucleus; see measurement,parent_region_extrapolation,lower,,,No exact AAL3 ROI d/CI recovered; lobar atrophy description,CAT12 GMV; Brainnetome246; AAL3 robustness,Abstract/Results GMV; AAL3 robustness FigS10,Lobar inference only; does not prove this specific ROI. Brainnetome and AAL3 boundaries differ.,regional_inference,Kang2024:frontal lobe:AD:case_vs_NC
A00176,28,29,OFCpost_L,AAL3,MCI,case_vs_NC,Kang2024,frontal lobe,https://doi.org/10.1007/s12264-024-01218-x,10.1007/s12264-024-01218-x,gray matter or nucleus; see measurement,parent_region_extrapolation,lower,,,No exact AAL3 ROI d/CI recovered; lobar atrophy description,CAT12 GMV; Brainnetome246; AAL3 robustness,Abstract/Results GMV; AAL3 robustness FigS10,Lobar inference only; does not prove this specific ROI. Brainnetome and AAL3 boundaries differ.,regional_inference,Kang2024:frontal lobe:MCI:case_vs_NC
A00177,29,30,OFCpost_R,AAL3,AD,case_vs_NC,Kang2024,frontal lobe,https://doi.org/10.1007/s12264-024-01218-x,10.1007/s12264-024-01218-x,gray matter or nucleus; see measurement,parent_region_extrapolation,lower,,,No exact AAL3 ROI d/CI recovered; lobar atrophy description,CAT12 GMV; Brainnetome246; AAL3 robustness,Abstract/Results GMV; AAL3 robustness FigS10,Lobar inference only; does not prove this specific ROI. Brainnetome and AAL3 boundaries differ.,regional_inference,Kang2024:frontal lobe:AD:case_vs_NC
A00178,29,30,OFCpost_R,AAL3,MCI,case_vs_NC,Kang2024,frontal lobe,https://doi.org/10.1007/s12264-024-01218-x,10.1007/s12264-024-01218-x,gray matter or nucleus; see measurement,parent_region_extrapolation,lower,,,No exact AAL3 ROI d/CI recovered; lobar atrophy description,CAT12 GMV; Brainnetome246; AAL3 robustness,Abstract/Results GMV; AAL3 robustness FigS10,Lobar inference only; does not prove this specific ROI. Brainnetome and AAL3 boundaries differ.,regional_inference,Kang2024:frontal lobe:MCI:case_vs_NC
A00179,30,31,OFClat_L,AAL3,AD,case_vs_NC,Kang2024,frontal lobe,https://doi.org/10.1007/s12264-024-01218-x,10.1007/s12264-024-01218-x,gray matter or nucleus; see measurement,parent_region_extrapolation,lower,,,No exact AAL3 ROI d/CI recovered; lobar atrophy description,CAT12 GMV; Brainnetome246; AAL3 robustness,Abstract/Results GMV; AAL3 robustness FigS10,Lobar inference only; does not prove this specific ROI. Brainnetome and AAL3 boundaries differ.,regional_inference,Kang2024:frontal lobe:AD:case_vs_NC
A00180,30,31,OFClat_L,AAL3,MCI,case_vs_NC,Kang2024,frontal lobe,https://doi.org/10.1007/s12264-024-01218-x,10.1007/s12264-024-01218-x,gray matter or nucleus; see measurement,parent_region_extrapolation,lower,,,No exact AAL3 ROI d/CI recovered; lobar atrophy description,CAT12 GMV; Brainnetome246; AAL3 robustness,Abstract/Results GMV; AAL3 robustness FigS10,Lobar inference only; does not prove this specific ROI. Brainnetome and AAL3 boundaries differ.,regional_inference,Kang2024:frontal lobe:MCI:case_vs_NC
A00181,31,32,OFClat_R,AAL3,AD,case_vs_NC,Kang2024,frontal lobe,https://doi.org/10.1007/s12264-024-01218-x,10.1007/s12264-024-01218-x,gray matter or nucleus; see measurement,parent_region_extrapolation,lower,,,No exact AAL3 ROI d/CI recovered; lobar atrophy description,CAT12 GMV; Brainnetome246; AAL3 robustness,Abstract/Results GMV; AAL3 robustness FigS10,Lobar inference only; does not prove this specific ROI. Brainnetome and AAL3 boundaries differ.,regional_inference,Kang2024:frontal lobe:AD:case_vs_NC
A00182,31,32,OFClat_R,AAL3,MCI,case_vs_NC,Kang2024,frontal lobe,https://doi.org/10.1007/s12264-024-01218-x,10.1007/s12264-024-01218-x,gray matter or nucleus; see measurement,parent_region_extrapolation,lower,,,No exact AAL3 ROI d/CI recovered; lobar atrophy description,CAT12 GMV; Brainnetome246; AAL3 robustness,Abstract/Results GMV; AAL3 robustness FigS10,Lobar inference only; does not prove this specific ROI. Brainnetome and AAL3 boundaries differ.,regional_inference,Kang2024:frontal lobe:MCI:case_vs_NC
A00183,40,43,ParaHippocampal_L,AAL3,AD,case_vs_NC,Kang2024,temporal lobe,https://doi.org/10.1007/s12264-024-01218-x,10.1007/s12264-024-01218-x,gray matter or nucleus; see measurement,parent_region_extrapolation,lower,,,No exact AAL3 ROI d/CI recovered; lobar atrophy description,CAT12 GMV; Brainnetome246; AAL3 robustness,Abstract/Results GMV; AAL3 robustness FigS10,Lobar inference only; does not prove this specific ROI. Brainnetome and AAL3 boundaries differ.,regional_inference,Kang2024:temporal lobe:AD:case_vs_NC
A00184,40,43,ParaHippocampal_L,AAL3,MCI,case_vs_NC,Kang2024,temporal lobe,https://doi.org/10.1007/s12264-024-01218-x,10.1007/s12264-024-01218-x,gray matter or nucleus; see measurement,parent_region_extrapolation,lower,,,No exact AAL3 ROI d/CI recovered; lobar atrophy description,CAT12 GMV; Brainnetome246; AAL3 robustness,Abstract/Results GMV; AAL3 robustness FigS10,Lobar inference only; does not prove this specific ROI. Brainnetome and AAL3 boundaries differ.,regional_inference,Kang2024:temporal lobe:MCI:case_vs_NC
A00185,41,44,ParaHippocampal_R,AAL3,AD,case_vs_NC,Kang2024,temporal lobe,https://doi.org/10.1007/s12264-024-01218-x,10.1007/s12264-024-01218-x,gray matter or nucleus; see measurement,parent_region_extrapolation,lower,,,No exact AAL3 ROI d/CI recovered; lobar atrophy description,CAT12 GMV; Brainnetome246; AAL3 robustness,Abstract/Results GMV; AAL3 robustness FigS10,Lobar inference only; does not prove this specific ROI. Brainnetome and AAL3 boundaries differ.,regional_inference,Kang2024:temporal lobe:AD:case_vs_NC
A00186,41,44,ParaHippocampal_R,AAL3,MCI,case_vs_NC,Kang2024,temporal lobe,https://doi.org/10.1007/s12264-024-01218-x,10.1007/s12264-024-01218-x,gray matter or nucleus; see measurement,parent_region_extrapolation,lower,,,No exact AAL3 ROI d/CI recovered; lobar atrophy description,CAT12 GMV; Brainnetome246; AAL3 robustness,Abstract/Results GMV; AAL3 robustness FigS10,Lobar inference only; does not prove this specific ROI. Brainnetome and AAL3 boundaries differ.,regional_inference,Kang2024:temporal lobe:MCI:case_vs_NC
A00187,44,47,Calcarine_L,AAL3,AD,case_vs_NC,Kang2024,occipital lobe,https://doi.org/10.1007/s12264-024-01218-x,10.1007/s12264-024-01218-x,gray matter or nucleus; see measurement,parent_region_extrapolation,lower,,,No exact AAL3 ROI d/CI recovered; lobar atrophy description,CAT12 GMV; Brainnetome246; AAL3 robustness,Abstract/Results GMV; AAL3 robustness FigS10,Lobar inference only; does not prove this specific ROI. Brainnetome and AAL3 boundaries differ.,regional_inference,Kang2024:occipital lobe:AD:case_vs_NC
A00188,44,47,Calcarine_L,AAL3,MCI,case_vs_NC,Kang2024,occipital lobe,https://doi.org/10.1007/s12264-024-01218-x,10.1007/s12264-024-01218-x,gray matter or nucleus; see measurement,parent_region_extrapolation,lower,,,No exact AAL3 ROI d/CI recovered; lobar atrophy description,CAT12 GMV; Brainnetome246; AAL3 robustness,Abstract/Results GMV; AAL3 robustness FigS10,Lobar inference only; does not prove this specific ROI. Brainnetome and AAL3 boundaries differ.,regional_inference,Kang2024:occipital lobe:MCI:case_vs_NC
A00189,45,48,Calcarine_R,AAL3,AD,case_vs_NC,Kang2024,occipital lobe,https://doi.org/10.1007/s12264-024-01218-x,10.1007/s12264-024-01218-x,gray matter or nucleus; see measurement,parent_region_extrapolation,lower,,,No exact AAL3 ROI d/CI recovered; lobar atrophy description,CAT12 GMV; Brainnetome246; AAL3 robustness,Abstract/Results GMV; AAL3 robustness FigS10,Lobar inference only; does not prove this specific ROI. Brainnetome and AAL3 boundaries differ.,regional_inference,Kang2024:occipital lobe:AD:case_vs_NC
A00190,45,48,Calcarine_R,AAL3,MCI,case_vs_NC,Kang2024,occipital lobe,https://doi.org/10.1007/s12264-024-01218-x,10.1007/s12264-024-01218-x,gray matter or nucleus; see measurement,parent_region_extrapolation,lower,,,No exact AAL3 ROI d/CI recovered; lobar atrophy description,CAT12 GMV; Brainnetome246; AAL3 robustness,Abstract/Results GMV; AAL3 robustness FigS10,Lobar inference only; does not prove this specific ROI. Brainnetome and AAL3 boundaries differ.,regional_inference,Kang2024:occipital lobe:MCI:case_vs_NC
A00191,46,49,Cuneus_L,AAL3,AD,case_vs_NC,Kang2024,occipital lobe,https://doi.org/10.1007/s12264-024-01218-x,10.1007/s12264-024-01218-x,gray matter or nucleus; see measurement,parent_region_extrapolation,lower,,,No exact AAL3 ROI d/CI recovered; lobar atrophy description,CAT12 GMV; Brainnetome246; AAL3 robustness,Abstract/Results GMV; AAL3 robustness FigS10,Lobar inference only; does not prove this specific ROI. Brainnetome and AAL3 boundaries differ.,regional_inference,Kang2024:occipital lobe:AD:case_vs_NC
A00192,46,49,Cuneus_L,AAL3,MCI,case_vs_NC,Kang2024,occipital lobe,https://doi.org/10.1007/s12264-024-01218-x,10.1007/s12264-024-01218-x,gray matter or nucleus; see measurement,parent_region_extrapolation,lower,,,No exact AAL3 ROI d/CI recovered; lobar atrophy description,CAT12 GMV; Brainnetome246; AAL3 robustness,Abstract/Results GMV; AAL3 robustness FigS10,Lobar inference only; does not prove this specific ROI. Brainnetome and AAL3 boundaries differ.,regional_inference,Kang2024:occipital lobe:MCI:case_vs_NC
A00193,47,50,Cuneus_R,AAL3,AD,case_vs_NC,Kang2024,occipital lobe,https://doi.org/10.1007/s12264-024-01218-x,10.1007/s12264-024-01218-x,gray matter or nucleus; see measurement,parent_region_extrapolation,lower,,,No exact AAL3 ROI d/CI recovered; lobar atrophy description,CAT12 GMV; Brainnetome246; AAL3 robustness,Abstract/Results GMV; AAL3 robustness FigS10,Lobar inference only; does not prove this specific ROI. Brainnetome and AAL3 boundaries differ.,regional_inference,Kang2024:occipital lobe:AD:case_vs_NC
A00194,47,50,Cuneus_R,AAL3,MCI,case_vs_NC,Kang2024,occipital lobe,https://doi.org/10.1007/s12264-024-01218-x,10.1007/s12264-024-01218-x,gray matter or nucleus; see measurement,parent_region_extrapolation,lower,,,No exact AAL3 ROI d/CI recovered; lobar atrophy description,CAT12 GMV; Brainnetome246; AAL3 robustness,Abstract/Results GMV; AAL3 robustness FigS10,Lobar inference only; does not prove this specific ROI. Brainnetome and AAL3 boundaries differ.,regional_inference,Kang2024:occipital lobe:MCI:case_vs_NC
A00195,48,51,Lingual_L,AAL3,AD,case_vs_NC,Kang2024,occipital lobe,https://doi.org/10.1007/s12264-024-01218-x,10.1007/s12264-024-01218-x,gray matter or nucleus; see measurement,parent_region_extrapolation,lower,,,No exact AAL3 ROI d/CI recovered; lobar atrophy description,CAT12 GMV; Brainnetome246; AAL3 robustness,Abstract/Results GMV; AAL3 robustness FigS10,Lobar inference only; does not prove this specific ROI. Brainnetome and AAL3 boundaries differ.,regional_inference,Kang2024:occipital lobe:AD:case_vs_NC
A00196,48,51,Lingual_L,AAL3,MCI,case_vs_NC,Kang2024,occipital lobe,https://doi.org/10.1007/s12264-024-01218-x,10.1007/s12264-024-01218-x,gray matter or nucleus; see measurement,parent_region_extrapolation,lower,,,No exact AAL3 ROI d/CI recovered; lobar atrophy description,CAT12 GMV; Brainnetome246; AAL3 robustness,Abstract/Results GMV; AAL3 robustness FigS10,Lobar inference only; does not prove this specific ROI. Brainnetome and AAL3 boundaries differ.,regional_inference,Kang2024:occipital lobe:MCI:case_vs_NC
A00197,49,52,Lingual_R,AAL3,AD,case_vs_NC,Kang2024,occipital lobe,https://doi.org/10.1007/s12264-024-01218-x,10.1007/s12264-024-01218-x,gray matter or nucleus; see measurement,parent_region_extrapolation,lower,,,No exact AAL3 ROI d/CI recovered; lobar atrophy description,CAT12 GMV; Brainnetome246; AAL3 robustness,Abstract/Results GMV; AAL3 robustness FigS10,Lobar inference only; does not prove this specific ROI. Brainnetome and AAL3 boundaries differ.,regional_inference,Kang2024:occipital lobe:AD:case_vs_NC
A00198,49,52,Lingual_R,AAL3,MCI,case_vs_NC,Kang2024,occipital lobe,https://doi.org/10.1007/s12264-024-01218-x,10.1007/s12264-024-01218-x,gray matter or nucleus; see measurement,parent_region_extrapolation,lower,,,No exact AAL3 ROI d/CI recovered; lobar atrophy description,CAT12 GMV; Brainnetome246; AAL3 robustness,Abstract/Results GMV; AAL3 robustness FigS10,Lobar inference only; does not prove this specific ROI. Brainnetome and AAL3 boundaries differ.,regional_inference,Kang2024:occipital lobe:MCI:case_vs_NC
A00199,50,53,Occipital_Sup_L,AAL3,AD,case_vs_NC,Kang2024,occipital lobe,https://doi.org/10.1007/s12264-024-01218-x,10.1007/s12264-024-01218-x,gray matter or nucleus; see measurement,parent_region_extrapolation,lower,,,No exact AAL3 ROI d/CI recovered; lobar atrophy description,CAT12 GMV; Brainnetome246; AAL3 robustness,Abstract/Results GMV; AAL3 robustness FigS10,Lobar inference only; does not prove this specific ROI. Brainnetome and AAL3 boundaries differ.,regional_inference,Kang2024:occipital lobe:AD:case_vs_NC
A00200,50,53,Occipital_Sup_L,AAL3,MCI,case_vs_NC,Kang2024,occipital lobe,https://doi.org/10.1007/s12264-024-01218-x,10.1007/s12264-024-01218-x,gray matter or nucleus; see measurement,parent_region_extrapolation,lower,,,No exact AAL3 ROI d/CI recovered; lobar atrophy description,CAT12 GMV; Brainnetome246; AAL3 robustness,Abstract/Results GMV; AAL3 robustness FigS10,Lobar inference only; does not prove this specific ROI. Brainnetome and AAL3 boundaries differ.,regional_inference,Kang2024:occipital lobe:MCI:case_vs_NC
A00201,51,54,Occipital_Sup_R,AAL3,AD,case_vs_NC,Kang2024,occipital lobe,https://doi.org/10.1007/s12264-024-01218-x,10.1007/s12264-024-01218-x,gray matter or nucleus; see measurement,parent_region_extrapolation,lower,,,No exact AAL3 ROI d/CI recovered; lobar atrophy description,CAT12 GMV; Brainnetome246; AAL3 robustness,Abstract/Results GMV; AAL3 robustness FigS10,Lobar inference only; does not prove this specific ROI. Brainnetome and AAL3 boundaries differ.,regional_inference,Kang2024:occipital lobe:AD:case_vs_NC
A00202,51,54,Occipital_Sup_R,AAL3,MCI,case_vs_NC,Kang2024,occipital lobe,https://doi.org/10.1007/s12264-024-01218-x,10.1007/s12264-024-01218-x,gray matter or nucleus; see measurement,parent_region_extrapolation,lower,,,No exact AAL3 ROI d/CI recovered; lobar atrophy description,CAT12 GMV; Brainnetome246; AAL3 robustness,Abstract/Results GMV; AAL3 robustness FigS10,Lobar inference only; does not prove this specific ROI. Brainnetome and AAL3 boundaries differ.,regional_inference,Kang2024:occipital lobe:MCI:case_vs_NC
A00203,52,55,Occipital_Mid_L,AAL3,AD,case_vs_NC,Kang2024,occipital lobe,https://doi.org/10.1007/s12264-024-01218-x,10.1007/s12264-024-01218-x,gray matter or nucleus; see measurement,parent_region_extrapolation,lower,,,No exact AAL3 ROI d/CI recovered; lobar atrophy description,CAT12 GMV; Brainnetome246; AAL3 robustness,Abstract/Results GMV; AAL3 robustness FigS10,Lobar inference only; does not prove this specific ROI. Brainnetome and AAL3 boundaries differ.,regional_inference,Kang2024:occipital lobe:AD:case_vs_NC
A00204,52,55,Occipital_Mid_L,AAL3,MCI,case_vs_NC,Kang2024,occipital lobe,https://doi.org/10.1007/s12264-024-01218-x,10.1007/s12264-024-01218-x,gray matter or nucleus; see measurement,parent_region_extrapolation,lower,,,No exact AAL3 ROI d/CI recovered; lobar atrophy description,CAT12 GMV; Brainnetome246; AAL3 robustness,Abstract/Results GMV; AAL3 robustness FigS10,Lobar inference only; does not prove this specific ROI. Brainnetome and AAL3 boundaries differ.,regional_inference,Kang2024:occipital lobe:MCI:case_vs_NC
A00205,53,56,Occipital_Mid_R,AAL3,AD,case_vs_NC,Kang2024,occipital lobe,https://doi.org/10.1007/s12264-024-01218-x,10.1007/s12264-024-01218-x,gray matter or nucleus; see measurement,parent_region_extrapolation,lower,,,No exact AAL3 ROI d/CI recovered; lobar atrophy description,CAT12 GMV; Brainnetome246; AAL3 robustness,Abstract/Results GMV; AAL3 robustness FigS10,Lobar inference only; does not prove this specific ROI. Brainnetome and AAL3 boundaries differ.,regional_inference,Kang2024:occipital lobe:AD:case_vs_NC
A00206,53,56,Occipital_Mid_R,AAL3,MCI,case_vs_NC,Kang2024,occipital lobe,https://doi.org/10.1007/s12264-024-01218-x,10.1007/s12264-024-01218-x,gray matter or nucleus; see measurement,parent_region_extrapolation,lower,,,No exact AAL3 ROI d/CI recovered; lobar atrophy description,CAT12 GMV; Brainnetome246; AAL3 robustness,Abstract/Results GMV; AAL3 robustness FigS10,Lobar inference only; does not prove this specific ROI. Brainnetome and AAL3 boundaries differ.,regional_inference,Kang2024:occipital lobe:MCI:case_vs_NC
A00207,54,57,Occipital_Inf_L,AAL3,AD,case_vs_NC,Kang2024,occipital lobe,https://doi.org/10.1007/s12264-024-01218-x,10.1007/s12264-024-01218-x,gray matter or nucleus; see measurement,parent_region_extrapolation,lower,,,No exact AAL3 ROI d/CI recovered; lobar atrophy description,CAT12 GMV; Brainnetome246; AAL3 robustness,Abstract/Results GMV; AAL3 robustness FigS10,Lobar inference only; does not prove this specific ROI. Brainnetome and AAL3 boundaries differ.,regional_inference,Kang2024:occipital lobe:AD:case_vs_NC
A00208,54,57,Occipital_Inf_L,AAL3,MCI,case_vs_NC,Kang2024,occipital lobe,https://doi.org/10.1007/s12264-024-01218-x,10.1007/s12264-024-01218-x,gray matter or nucleus; see measurement,parent_region_extrapolation,lower,,,No exact AAL3 ROI d/CI recovered; lobar atrophy description,CAT12 GMV; Brainnetome246; AAL3 robustness,Abstract/Results GMV; AAL3 robustness FigS10,Lobar inference only; does not prove this specific ROI. Brainnetome and AAL3 boundaries differ.,regional_inference,Kang2024:occipital lobe:MCI:case_vs_NC
A00209,55,58,Occipital_Inf_R,AAL3,AD,case_vs_NC,Kang2024,occipital lobe,https://doi.org/10.1007/s12264-024-01218-x,10.1007/s12264-024-01218-x,gray matter or nucleus; see measurement,parent_region_extrapolation,lower,,,No exact AAL3 ROI d/CI recovered; lobar atrophy description,CAT12 GMV; Brainnetome246; AAL3 robustness,Abstract/Results GMV; AAL3 robustness FigS10,Lobar inference only; does not prove this specific ROI. Brainnetome and AAL3 boundaries differ.,regional_inference,Kang2024:occipital lobe:AD:case_vs_NC
A00210,55,58,Occipital_Inf_R,AAL3,MCI,case_vs_NC,Kang2024,occipital lobe,https://doi.org/10.1007/s12264-024-01218-x,10.1007/s12264-024-01218-x,gray matter or nucleus; see measurement,parent_region_extrapolation,lower,,,No exact AAL3 ROI d/CI recovered; lobar atrophy description,CAT12 GMV; Brainnetome246; AAL3 robustness,Abstract/Results GMV; AAL3 robustness FigS10,Lobar inference only; does not prove this specific ROI. Brainnetome and AAL3 boundaries differ.,regional_inference,Kang2024:occipital lobe:MCI:case_vs_NC
A00211,56,59,Fusiform_L,AAL3,AD,case_vs_NC,Kang2024,temporal lobe,https://doi.org/10.1007/s12264-024-01218-x,10.1007/s12264-024-01218-x,gray matter or nucleus; see measurement,parent_region_extrapolation,lower,,,No exact AAL3 ROI d/CI recovered; lobar atrophy description,CAT12 GMV; Brainnetome246; AAL3 robustness,Abstract/Results GMV; AAL3 robustness FigS10,Lobar inference only; does not prove this specific ROI. Brainnetome and AAL3 boundaries differ.,regional_inference,Kang2024:temporal lobe:AD:case_vs_NC
A00212,56,59,Fusiform_L,AAL3,MCI,case_vs_NC,Kang2024,temporal lobe,https://doi.org/10.1007/s12264-024-01218-x,10.1007/s12264-024-01218-x,gray matter or nucleus; see measurement,parent_region_extrapolation,lower,,,No exact AAL3 ROI d/CI recovered; lobar atrophy description,CAT12 GMV; Brainnetome246; AAL3 robustness,Abstract/Results GMV; AAL3 robustness FigS10,Lobar inference only; does not prove this specific ROI. Brainnetome and AAL3 boundaries differ.,regional_inference,Kang2024:temporal lobe:MCI:case_vs_NC
A00213,57,60,Fusiform_R,AAL3,AD,case_vs_NC,Kang2024,temporal lobe,https://doi.org/10.1007/s12264-024-01218-x,10.1007/s12264-024-01218-x,gray matter or nucleus; see measurement,parent_region_extrapolation,lower,,,No exact AAL3 ROI d/CI recovered; lobar atrophy description,CAT12 GMV; Brainnetome246; AAL3 robustness,Abstract/Results GMV; AAL3 robustness FigS10,Lobar inference only; does not prove this specific ROI. Brainnetome and AAL3 boundaries differ.,regional_inference,Kang2024:temporal lobe:AD:case_vs_NC
A00214,57,60,Fusiform_R,AAL3,MCI,case_vs_NC,Kang2024,temporal lobe,https://doi.org/10.1007/s12264-024-01218-x,10.1007/s12264-024-01218-x,gray matter or nucleus; see measurement,parent_region_extrapolation,lower,,,No exact AAL3 ROI d/CI recovered; lobar atrophy description,CAT12 GMV; Brainnetome246; AAL3 robustness,Abstract/Results GMV; AAL3 robustness FigS10,Lobar inference only; does not prove this specific ROI. Brainnetome and AAL3 boundaries differ.,regional_inference,Kang2024:temporal lobe:MCI:case_vs_NC
A00215,78,83,Heschl_L,AAL3,AD,case_vs_NC,Kang2024,temporal lobe,https://doi.org/10.1007/s12264-024-01218-x,10.1007/s12264-024-01218-x,gray matter or nucleus; see measurement,parent_region_extrapolation,lower,,,No exact AAL3 ROI d/CI recovered; lobar atrophy description,CAT12 GMV; Brainnetome246; AAL3 robustness,Abstract/Results GMV; AAL3 robustness FigS10,Lobar inference only; does not prove this specific ROI. Brainnetome and AAL3 boundaries differ.,regional_inference,Kang2024:temporal lobe:AD:case_vs_NC
A00216,78,83,Heschl_L,AAL3,MCI,case_vs_NC,Kang2024,temporal lobe,https://doi.org/10.1007/s12264-024-01218-x,10.1007/s12264-024-01218-x,gray matter or nucleus; see measurement,parent_region_extrapolation,lower,,,No exact AAL3 ROI d/CI recovered; lobar atrophy description,CAT12 GMV; Brainnetome246; AAL3 robustness,Abstract/Results GMV; AAL3 robustness FigS10,Lobar inference only; does not prove this specific ROI. Brainnetome and AAL3 boundaries differ.,regional_inference,Kang2024:temporal lobe:MCI:case_vs_NC
A00217,79,84,Heschl_R,AAL3,AD,case_vs_NC,Kang2024,temporal lobe,https://doi.org/10.1007/s12264-024-01218-x,10.1007/s12264-024-01218-x,gray matter or nucleus; see measurement,parent_region_extrapolation,lower,,,No exact AAL3 ROI d/CI recovered; lobar atrophy description,CAT12 GMV; Brainnetome246; AAL3 robustness,Abstract/Results GMV; AAL3 robustness FigS10,Lobar inference only; does not prove this specific ROI. Brainnetome and AAL3 boundaries differ.,regional_inference,Kang2024:temporal lobe:AD:case_vs_NC
A00218,79,84,Heschl_R,AAL3,MCI,case_vs_NC,Kang2024,temporal lobe,https://doi.org/10.1007/s12264-024-01218-x,10.1007/s12264-024-01218-x,gray matter or nucleus; see measurement,parent_region_extrapolation,lower,,,No exact AAL3 ROI d/CI recovered; lobar atrophy description,CAT12 GMV; Brainnetome246; AAL3 robustness,Abstract/Results GMV; AAL3 robustness FigS10,Lobar inference only; does not prove this specific ROI. Brainnetome and AAL3 boundaries differ.,regional_inference,Kang2024:temporal lobe:MCI:case_vs_NC
A00219,80,85,Temporal_Sup_L,AAL3,AD,case_vs_NC,Kang2024,temporal lobe,https://doi.org/10.1007/s12264-024-01218-x,10.1007/s12264-024-01218-x,gray matter or nucleus; see measurement,parent_region_extrapolation,lower,,,No exact AAL3 ROI d/CI recovered; lobar atrophy description,CAT12 GMV; Brainnetome246; AAL3 robustness,Abstract/Results GMV; AAL3 robustness FigS10,Lobar inference only; does not prove this specific ROI. Brainnetome and AAL3 boundaries differ.,regional_inference,Kang2024:temporal lobe:AD:case_vs_NC
A00220,80,85,Temporal_Sup_L,AAL3,MCI,case_vs_NC,Kang2024,temporal lobe,https://doi.org/10.1007/s12264-024-01218-x,10.1007/s12264-024-01218-x,gray matter or nucleus; see measurement,parent_region_extrapolation,lower,,,No exact AAL3 ROI d/CI recovered; lobar atrophy description,CAT12 GMV; Brainnetome246; AAL3 robustness,Abstract/Results GMV; AAL3 robustness FigS10,Lobar inference only; does not prove this specific ROI. Brainnetome and AAL3 boundaries differ.,regional_inference,Kang2024:temporal lobe:MCI:case_vs_NC
A00221,81,86,Temporal_Sup_R,AAL3,AD,case_vs_NC,Kang2024,temporal lobe,https://doi.org/10.1007/s12264-024-01218-x,10.1007/s12264-024-01218-x,gray matter or nucleus; see measurement,parent_region_extrapolation,lower,,,No exact AAL3 ROI d/CI recovered; lobar atrophy description,CAT12 GMV; Brainnetome246; AAL3 robustness,Abstract/Results GMV; AAL3 robustness FigS10,Lobar inference only; does not prove this specific ROI. Brainnetome and AAL3 boundaries differ.,regional_inference,Kang2024:temporal lobe:AD:case_vs_NC
A00222,81,86,Temporal_Sup_R,AAL3,MCI,case_vs_NC,Kang2024,temporal lobe,https://doi.org/10.1007/s12264-024-01218-x,10.1007/s12264-024-01218-x,gray matter or nucleus; see measurement,parent_region_extrapolation,lower,,,No exact AAL3 ROI d/CI recovered; lobar atrophy description,CAT12 GMV; Brainnetome246; AAL3 robustness,Abstract/Results GMV; AAL3 robustness FigS10,Lobar inference only; does not prove this specific ROI. Brainnetome and AAL3 boundaries differ.,regional_inference,Kang2024:temporal lobe:MCI:case_vs_NC
A00223,82,87,Temporal_Pole_Sup_L,AAL3,AD,case_vs_NC,Kang2024,temporal lobe,https://doi.org/10.1007/s12264-024-01218-x,10.1007/s12264-024-01218-x,gray matter or nucleus; see measurement,parent_region_extrapolation,lower,,,No exact AAL3 ROI d/CI recovered; lobar atrophy description,CAT12 GMV; Brainnetome246; AAL3 robustness,Abstract/Results GMV; AAL3 robustness FigS10,Lobar inference only; does not prove this specific ROI. Brainnetome and AAL3 boundaries differ.,regional_inference,Kang2024:temporal lobe:AD:case_vs_NC
A00224,82,87,Temporal_Pole_Sup_L,AAL3,MCI,case_vs_NC,Kang2024,temporal lobe,https://doi.org/10.1007/s12264-024-01218-x,10.1007/s12264-024-01218-x,gray matter or nucleus; see measurement,parent_region_extrapolation,lower,,,No exact AAL3 ROI d/CI recovered; lobar atrophy description,CAT12 GMV; Brainnetome246; AAL3 robustness,Abstract/Results GMV; AAL3 robustness FigS10,Lobar inference only; does not prove this specific ROI. Brainnetome and AAL3 boundaries differ.,regional_inference,Kang2024:temporal lobe:MCI:case_vs_NC
A00225,83,88,Temporal_Pole_Sup_R,AAL3,AD,case_vs_NC,Kang2024,temporal lobe,https://doi.org/10.1007/s12264-024-01218-x,10.1007/s12264-024-01218-x,gray matter or nucleus; see measurement,parent_region_extrapolation,lower,,,No exact AAL3 ROI d/CI recovered; lobar atrophy description,CAT12 GMV; Brainnetome246; AAL3 robustness,Abstract/Results GMV; AAL3 robustness FigS10,Lobar inference only; does not prove this specific ROI. Brainnetome and AAL3 boundaries differ.,regional_inference,Kang2024:temporal lobe:AD:case_vs_NC
A00226,83,88,Temporal_Pole_Sup_R,AAL3,MCI,case_vs_NC,Kang2024,temporal lobe,https://doi.org/10.1007/s12264-024-01218-x,10.1007/s12264-024-01218-x,gray matter or nucleus; see measurement,parent_region_extrapolation,lower,,,No exact AAL3 ROI d/CI recovered; lobar atrophy description,CAT12 GMV; Brainnetome246; AAL3 robustness,Abstract/Results GMV; AAL3 robustness FigS10,Lobar inference only; does not prove this specific ROI. Brainnetome and AAL3 boundaries differ.,regional_inference,Kang2024:temporal lobe:MCI:case_vs_NC
A00227,84,89,Temporal_Mid_L,AAL3,AD,case_vs_NC,Kang2024,temporal lobe,https://doi.org/10.1007/s12264-024-01218-x,10.1007/s12264-024-01218-x,gray matter or nucleus; see measurement,parent_region_extrapolation,lower,,,No exact AAL3 ROI d/CI recovered; lobar atrophy description,CAT12 GMV; Brainnetome246; AAL3 robustness,Abstract/Results GMV; AAL3 robustness FigS10,Lobar inference only; does not prove this specific ROI. Brainnetome and AAL3 boundaries differ.,regional_inference,Kang2024:temporal lobe:AD:case_vs_NC
A00228,84,89,Temporal_Mid_L,AAL3,MCI,case_vs_NC,Kang2024,temporal lobe,https://doi.org/10.1007/s12264-024-01218-x,10.1007/s12264-024-01218-x,gray matter or nucleus; see measurement,parent_region_extrapolation,lower,,,No exact AAL3 ROI d/CI recovered; lobar atrophy description,CAT12 GMV; Brainnetome246; AAL3 robustness,Abstract/Results GMV; AAL3 robustness FigS10,Lobar inference only; does not prove this specific ROI. Brainnetome and AAL3 boundaries differ.,regional_inference,Kang2024:temporal lobe:MCI:case_vs_NC
A00229,85,90,Temporal_Mid_R,AAL3,AD,case_vs_NC,Kang2024,temporal lobe,https://doi.org/10.1007/s12264-024-01218-x,10.1007/s12264-024-01218-x,gray matter or nucleus; see measurement,parent_region_extrapolation,lower,,,No exact AAL3 ROI d/CI recovered; lobar atrophy description,CAT12 GMV; Brainnetome246; AAL3 robustness,Abstract/Results GMV; AAL3 robustness FigS10,Lobar inference only; does not prove this specific ROI. Brainnetome and AAL3 boundaries differ.,regional_inference,Kang2024:temporal lobe:AD:case_vs_NC
A00230,85,90,Temporal_Mid_R,AAL3,MCI,case_vs_NC,Kang2024,temporal lobe,https://doi.org/10.1007/s12264-024-01218-x,10.1007/s12264-024-01218-x,gray matter or nucleus; see measurement,parent_region_extrapolation,lower,,,No exact AAL3 ROI d/CI recovered; lobar atrophy description,CAT12 GMV; Brainnetome246; AAL3 robustness,Abstract/Results GMV; AAL3 robustness FigS10,Lobar inference only; does not prove this specific ROI. Brainnetome and AAL3 boundaries differ.,regional_inference,Kang2024:temporal lobe:MCI:case_vs_NC
A00231,86,91,Temporal_Pole_Mid_L,AAL3,AD,case_vs_NC,Kang2024,temporal lobe,https://doi.org/10.1007/s12264-024-01218-x,10.1007/s12264-024-01218-x,gray matter or nucleus; see measurement,parent_region_extrapolation,lower,,,No exact AAL3 ROI d/CI recovered; lobar atrophy description,CAT12 GMV; Brainnetome246; AAL3 robustness,Abstract/Results GMV; AAL3 robustness FigS10,Lobar inference only; does not prove this specific ROI. Brainnetome and AAL3 boundaries differ.,regional_inference,Kang2024:temporal lobe:AD:case_vs_NC
A00232,86,91,Temporal_Pole_Mid_L,AAL3,MCI,case_vs_NC,Kang2024,temporal lobe,https://doi.org/10.1007/s12264-024-01218-x,10.1007/s12264-024-01218-x,gray matter or nucleus; see measurement,parent_region_extrapolation,lower,,,No exact AAL3 ROI d/CI recovered; lobar atrophy description,CAT12 GMV; Brainnetome246; AAL3 robustness,Abstract/Results GMV; AAL3 robustness FigS10,Lobar inference only; does not prove this specific ROI. Brainnetome and AAL3 boundaries differ.,regional_inference,Kang2024:temporal lobe:MCI:case_vs_NC
A00233,87,92,Temporal_Pole_Mid_R,AAL3,AD,case_vs_NC,Kang2024,temporal lobe,https://doi.org/10.1007/s12264-024-01218-x,10.1007/s12264-024-01218-x,gray matter or nucleus; see measurement,parent_region_extrapolation,lower,,,No exact AAL3 ROI d/CI recovered; lobar atrophy description,CAT12 GMV; Brainnetome246; AAL3 robustness,Abstract/Results GMV; AAL3 robustness FigS10,Lobar inference only; does not prove this specific ROI. Brainnetome and AAL3 boundaries differ.,regional_inference,Kang2024:temporal lobe:AD:case_vs_NC
A00234,87,92,Temporal_Pole_Mid_R,AAL3,MCI,case_vs_NC,Kang2024,temporal lobe,https://doi.org/10.1007/s12264-024-01218-x,10.1007/s12264-024-01218-x,gray matter or nucleus; see measurement,parent_region_extrapolation,lower,,,No exact AAL3 ROI d/CI recovered; lobar atrophy description,CAT12 GMV; Brainnetome246; AAL3 robustness,Abstract/Results GMV; AAL3 robustness FigS10,Lobar inference only; does not prove this specific ROI. Brainnetome and AAL3 boundaries differ.,regional_inference,Kang2024:temporal lobe:MCI:case_vs_NC
A00235,88,93,Temporal_Inf_L,AAL3,AD,case_vs_NC,Kang2024,temporal lobe,https://doi.org/10.1007/s12264-024-01218-x,10.1007/s12264-024-01218-x,gray matter or nucleus; see measurement,parent_region_extrapolation,lower,,,No exact AAL3 ROI d/CI recovered; lobar atrophy description,CAT12 GMV; Brainnetome246; AAL3 robustness,Abstract/Results GMV; AAL3 robustness FigS10,Lobar inference only; does not prove this specific ROI. Brainnetome and AAL3 boundaries differ.,regional_inference,Kang2024:temporal lobe:AD:case_vs_NC
A00236,88,93,Temporal_Inf_L,AAL3,MCI,case_vs_NC,Kang2024,temporal lobe,https://doi.org/10.1007/s12264-024-01218-x,10.1007/s12264-024-01218-x,gray matter or nucleus; see measurement,parent_region_extrapolation,lower,,,No exact AAL3 ROI d/CI recovered; lobar atrophy description,CAT12 GMV; Brainnetome246; AAL3 robustness,Abstract/Results GMV; AAL3 robustness FigS10,Lobar inference only; does not prove this specific ROI. Brainnetome and AAL3 boundaries differ.,regional_inference,Kang2024:temporal lobe:MCI:case_vs_NC
A00237,89,94,Temporal_Inf_R,AAL3,AD,case_vs_NC,Kang2024,temporal lobe,https://doi.org/10.1007/s12264-024-01218-x,10.1007/s12264-024-01218-x,gray matter or nucleus; see measurement,parent_region_extrapolation,lower,,,No exact AAL3 ROI d/CI recovered; lobar atrophy description,CAT12 GMV; Brainnetome246; AAL3 robustness,Abstract/Results GMV; AAL3 robustness FigS10,Lobar inference only; does not prove this specific ROI. Brainnetome and AAL3 boundaries differ.,regional_inference,Kang2024:temporal lobe:AD:case_vs_NC
A00238,89,94,Temporal_Inf_R,AAL3,MCI,case_vs_NC,Kang2024,temporal lobe,https://doi.org/10.1007/s12264-024-01218-x,10.1007/s12264-024-01218-x,gray matter or nucleus; see measurement,parent_region_extrapolation,lower,,,No exact AAL3 ROI d/CI recovered; lobar atrophy description,CAT12 GMV; Brainnetome246; AAL3 robustness,Abstract/Results GMV; AAL3 robustness FigS10,Lobar inference only; does not prove this specific ROI. Brainnetome and AAL3 boundaries differ.,regional_inference,Kang2024:temporal lobe:MCI:case_vs_NC
A00239,38,41,Hippocampus_L,AAL3,AD,case_vs_NC,Wang2015,hippocampus,https://doi.org/10.1186/s40035-015-0027-z,10.1186/s40035-015-0027-z,gray matter or nucleus; see measurement,direct,lower,,,SDM meta voxel p<.005; no whole-ROI d/CI,coordinate-based VBM GMV meta-analysis,Table3,Anatomically named GMV cluster overlaps ROI; does not quantify whole-ROI average.,supported_cluster,Wang2015:hippocampus:AD:case_vs_NC
A00240,39,42,Hippocampus_R,AAL3,AD,case_vs_NC,Wang2015,hippocampus,https://doi.org/10.1186/s40035-015-0027-z,10.1186/s40035-015-0027-z,gray matter or nucleus; see measurement,direct,lower,,,SDM meta voxel p<.005; no whole-ROI d/CI,coordinate-based VBM GMV meta-analysis,Table3,Anatomically named GMV cluster overlaps ROI; does not quantify whole-ROI average.,supported_cluster,Wang2015:hippocampus:AD:case_vs_NC
A00241,40,43,ParaHippocampal_L,AAL3,AD,case_vs_NC,Wang2015,parahippocampal,https://doi.org/10.1186/s40035-015-0027-z,10.1186/s40035-015-0027-z,gray matter or nucleus; see measurement,direct,lower,,,SDM meta voxel p<.005; no whole-ROI d/CI,coordinate-based VBM GMV meta-analysis,Table3,Anatomically named GMV cluster overlaps ROI; does not quantify whole-ROI average.,supported_cluster,Wang2015:parahippocampal:AD:case_vs_NC
A00242,41,44,ParaHippocampal_R,AAL3,AD,case_vs_NC,Wang2015,parahippocampal,https://doi.org/10.1186/s40035-015-0027-z,10.1186/s40035-015-0027-z,gray matter or nucleus; see measurement,direct,lower,,,SDM meta voxel p<.005; no whole-ROI d/CI,coordinate-based VBM GMV meta-analysis,Table3,Anatomically named GMV cluster overlaps ROI; does not quantify whole-ROI average.,supported_cluster,Wang2015:parahippocampal:AD:case_vs_NC
A00243,32,33,Insula_L,AAL3,AD,case_vs_NC,Wang2015,insula,https://doi.org/10.1186/s40035-015-0027-z,10.1186/s40035-015-0027-z,gray matter or nucleus; see measurement,direct,lower,,,SDM meta voxel p<.005; no whole-ROI d/CI,coordinate-based VBM GMV meta-analysis,Table3,Anatomically named GMV cluster overlaps ROI; does not quantify whole-ROI average.,supported_cluster,Wang2015:insula:AD:case_vs_NC
A00244,33,34,Insula_R,AAL3,AD,case_vs_NC,Wang2015,insula,https://doi.org/10.1186/s40035-015-0027-z,10.1186/s40035-015-0027-z,gray matter or nucleus; see measurement,direct,lower,,,SDM meta voxel p<.005; no whole-ROI d/CI,coordinate-based VBM GMV meta-analysis,Table3,Anatomically named GMV cluster overlaps ROI; does not quantify whole-ROI average.,supported_cluster,Wang2015:insula:AD:case_vs_NC
A00245,12,13,Rolandic_Oper_L,AAL3,AD,case_vs_NC,Wang2015,rolandic operculum,https://doi.org/10.1186/s40035-015-0027-z,10.1186/s40035-015-0027-z,gray matter or nucleus; see measurement,direct,lower,,,SDM meta voxel p<.005; no whole-ROI d/CI,coordinate-based VBM GMV meta-analysis,Table3,Anatomically named GMV cluster overlaps ROI; does not quantify whole-ROI average.,supported_cluster,Wang2015:rolandic operculum:AD:case_vs_NC
A00246,13,14,Rolandic_Oper_R,AAL3,AD,case_vs_NC,Wang2015,rolandic operculum,https://doi.org/10.1186/s40035-015-0027-z,10.1186/s40035-015-0027-z,gray matter or nucleus; see measurement,direct,lower,,,SDM meta voxel p<.005; no whole-ROI d/CI,coordinate-based VBM GMV meta-analysis,Table3,Anatomically named GMV cluster overlaps ROI; does not quantify whole-ROI average.,supported_cluster,Wang2015:rolandic operculum:AD:case_vs_NC
A00247,68,71,Precuneus_L,AAL3,AD,case_vs_NC,Wang2015,precuneus,https://doi.org/10.1186/s40035-015-0027-z,10.1186/s40035-015-0027-z,gray matter or nucleus; see measurement,direct,lower,,,SDM meta voxel p<.005; no whole-ROI d/CI,coordinate-based VBM GMV meta-analysis,Table3,Anatomically named GMV cluster overlaps ROI; does not quantify whole-ROI average.,supported_cluster,Wang2015:precuneus:AD:case_vs_NC
A00248,69,72,Precuneus_R,AAL3,AD,case_vs_NC,Wang2015,precuneus,https://doi.org/10.1186/s40035-015-0027-z,10.1186/s40035-015-0027-z,gray matter or nucleus; see measurement,direct,lower,,,SDM meta voxel p<.005; no whole-ROI d/CI,coordinate-based VBM GMV meta-analysis,Table3,Anatomically named GMV cluster overlaps ROI; does not quantify whole-ROI average.,supported_cluster,Wang2015:precuneus:AD:case_vs_NC
A00249,36,39,Cingulate_Post_L,AAL3,AD,case_vs_NC,Wang2015,posterior cingulate,https://doi.org/10.1186/s40035-015-0027-z,10.1186/s40035-015-0027-z,gray matter or nucleus; see measurement,direct,lower,,,SDM meta voxel p<.005; no whole-ROI d/CI,coordinate-based VBM GMV meta-analysis,Table3,Anatomically named GMV cluster overlaps ROI; does not quantify whole-ROI average.,supported_cluster,Wang2015:posterior cingulate:AD:case_vs_NC
A00250,37,40,Cingulate_Post_R,AAL3,AD,case_vs_NC,Wang2015,posterior cingulate,https://doi.org/10.1186/s40035-015-0027-z,10.1186/s40035-015-0027-z,gray matter or nucleus; see measurement,direct,lower,,,SDM meta voxel p<.005; no whole-ROI d/CI,coordinate-based VBM GMV meta-analysis,Table3,Anatomically named GMV cluster overlaps ROI; does not quantify whole-ROI average.,supported_cluster,Wang2015:posterior cingulate:AD:case_vs_NC
A00251,34,37,Cingulate_Mid_L,AAL3,AD,case_vs_NC,Wang2015,middle cingulate,https://doi.org/10.1186/s40035-015-0027-z,10.1186/s40035-015-0027-z,gray matter or nucleus; see measurement,direct,lower,,,SDM meta voxel p<.005; no whole-ROI d/CI,coordinate-based VBM GMV meta-analysis,Table3,Anatomically named GMV cluster overlaps ROI; does not quantify whole-ROI average.,supported_cluster,Wang2015:middle cingulate:AD:case_vs_NC
A00252,35,38,Cingulate_Mid_R,AAL3,AD,case_vs_NC,Wang2015,middle cingulate,https://doi.org/10.1186/s40035-015-0027-z,10.1186/s40035-015-0027-z,gray matter or nucleus; see measurement,direct,lower,,,SDM meta voxel p<.005; no whole-ROI d/CI,coordinate-based VBM GMV meta-analysis,Table3,Anatomically named GMV cluster overlaps ROI; does not quantify whole-ROI average.,supported_cluster,Wang2015:middle cingulate:AD:case_vs_NC
A00253,20,21,Frontal_Med_Orb_L,AAL3,AD,case_vs_NC,Wang2015,medial orbital superior frontal,https://doi.org/10.1186/s40035-015-0027-z,10.1186/s40035-015-0027-z,gray matter or nucleus; see measurement,direct,lower,,,SDM meta voxel p<.005; no whole-ROI d/CI,coordinate-based VBM GMV meta-analysis,Table3,Anatomically named GMV cluster overlaps ROI; does not quantify whole-ROI average.,supported_cluster,Wang2015:medial orbital superior frontal:AD:case_vs_NC
A00254,21,22,Frontal_Med_Orb_R,AAL3,AD,case_vs_NC,Wang2015,medial orbital superior frontal,https://doi.org/10.1186/s40035-015-0027-z,10.1186/s40035-015-0027-z,gray matter or nucleus; see measurement,direct,lower,,,SDM meta voxel p<.005; no whole-ROI d/CI,coordinate-based VBM GMV meta-analysis,Table3,Anatomically named GMV cluster overlaps ROI; does not quantify whole-ROI average.,supported_cluster,Wang2015:medial orbital superior frontal:AD:case_vs_NC
A00255,22,23,Rectus_L,AAL3,AD,case_vs_NC,Wang2015,gyrus rectus,https://doi.org/10.1186/s40035-015-0027-z,10.1186/s40035-015-0027-z,gray matter or nucleus; see measurement,direct,lower,,,SDM meta voxel p<.005; no whole-ROI d/CI,coordinate-based VBM GMV meta-analysis,Table3,Anatomically named GMV cluster overlaps ROI; does not quantify whole-ROI average.,supported_cluster,Wang2015:gyrus rectus:AD:case_vs_NC
A00256,23,24,Rectus_R,AAL3,AD,case_vs_NC,Wang2015,gyrus rectus,https://doi.org/10.1186/s40035-015-0027-z,10.1186/s40035-015-0027-z,gray matter or nucleus; see measurement,direct,lower,,,SDM meta voxel p<.005; no whole-ROI d/CI,coordinate-based VBM GMV meta-analysis,Table3,Anatomically named GMV cluster overlaps ROI; does not quantify whole-ROI average.,supported_cluster,Wang2015:gyrus rectus:AD:case_vs_NC
A00257,57,60,Fusiform_R,AAL3,AD,case_vs_NC,Wang2015,right fusiform,https://doi.org/10.1186/s40035-015-0027-z,10.1186/s40035-015-0027-z,gray matter or nucleus; see measurement,direct,lower,,,SDM meta voxel p<.005; no whole-ROI d/CI,coordinate-based VBM GMV meta-analysis,Table3,Anatomically named GMV cluster overlaps ROI; does not quantify whole-ROI average.,supported_cluster,Wang2015:right fusiform:AD:case_vs_NC
A00258,6,7,Frontal_Inf_Oper_L,AAL3,AD,case_vs_NC,Wang2015,left inferior frontal gyrus,https://doi.org/10.1186/s40035-015-0027-z,10.1186/s40035-015-0027-z,gray matter or nucleus; see measurement,parent_region_extrapolation,lower,,,450 cluster voxels across unspecified IFG subdivisions,coordinate-based VBM GMV meta-analysis,Table3,Parent IFG cluster does not resolve each AAL3 subdivision.,regional_inference,Wang2015:left inferior frontal gyrus:AD:case_vs_NC
A00259,8,9,Frontal_Inf_Tri_L,AAL3,AD,case_vs_NC,Wang2015,left inferior frontal gyrus,https://doi.org/10.1186/s40035-015-0027-z,10.1186/s40035-015-0027-z,gray matter or nucleus; see measurement,parent_region_extrapolation,lower,,,450 cluster voxels across unspecified IFG subdivisions,coordinate-based VBM GMV meta-analysis,Table3,Parent IFG cluster does not resolve each AAL3 subdivision.,regional_inference,Wang2015:left inferior frontal gyrus:AD:case_vs_NC
A00260,10,11,Frontal_Inf_Orb_2_L,AAL3,AD,case_vs_NC,Wang2015,left inferior frontal gyrus,https://doi.org/10.1186/s40035-015-0027-z,10.1186/s40035-015-0027-z,gray matter or nucleus; see measurement,parent_region_extrapolation,lower,,,450 cluster voxels across unspecified IFG subdivisions,coordinate-based VBM GMV meta-analysis,Table3,Parent IFG cluster does not resolve each AAL3 subdivision.,regional_inference,Wang2015:left inferior frontal gyrus:AD:case_vs_NC
A00261,146,151,ACC_sub_L,AAL3,AD,case_vs_NC,Wang2015,left anterior cingulate,https://doi.org/10.1186/s40035-015-0027-z,10.1186/s40035-015-0027-z,gray matter or nucleus; see measurement,parent_region_extrapolation,lower,,,18 overlapping voxels; no subdivision effect,coordinate-based VBM GMV meta-analysis,Table3,Small ACC overlap; AAL3 subdivision not separately tested.,weak_cluster_overlap,Wang2015:left anterior cingulate:AD:case_vs_NC
A00262,148,153,ACC_pre_L,AAL3,AD,case_vs_NC,Wang2015,left anterior cingulate,https://doi.org/10.1186/s40035-015-0027-z,10.1186/s40035-015-0027-z,gray matter or nucleus; see measurement,parent_region_extrapolation,lower,,,18 overlapping voxels; no subdivision effect,coordinate-based VBM GMV meta-analysis,Table3,Small ACC overlap; AAL3 subdivision not separately tested.,weak_cluster_overlap,Wang2015:left anterior cingulate:AD:case_vs_NC
A00263,150,155,ACC_sup_L,AAL3,AD,case_vs_NC,Wang2015,left anterior cingulate,https://doi.org/10.1186/s40035-015-0027-z,10.1186/s40035-015-0027-z,gray matter or nucleus; see measurement,parent_region_extrapolation,lower,,,18 overlapping voxels; no subdivision effect,coordinate-based VBM GMV meta-analysis,Table3,Small ACC overlap; AAL3 subdivision not separately tested.,weak_cluster_overlap,Wang2015:left anterior cingulate:AD:case_vs_NC
A00264,81,86,Temporal_Sup_R,AAL3,MCI,case_vs_NC,MCI2023,Temporal_Sup R,https://academic.oup.com/cercor/article/33/14/8876/7169132,10.1093/cercor/bhad167,gray matter or nucleus; see measurement,direct,lower,cluster_overlap_voxels,741,Peak cluster SDM -5.218(R)/-4.087(L); P≈0; ROI d/CI unavailable,GMV VBM meta-analysis only; separate fMRI arm excluded,Table2 GMV only,Cluster overlap size is not effect magnitude. Boundary/smoothing uncertainty greatest for very small overlaps.,supported_cluster,MCI2023:Temporal_Sup R:MCI:case_vs_NC
A00265,33,34,Insula_R,AAL3,MCI,case_vs_NC,MCI2023,Insula R,https://academic.oup.com/cercor/article/33/14/8876/7169132,10.1093/cercor/bhad167,gray matter or nucleus; see measurement,direct,lower,cluster_overlap_voxels,566,Peak cluster SDM -5.218(R)/-4.087(L); P≈0; ROI d/CI unavailable,GMV VBM meta-analysis only; separate fMRI arm excluded,Table2 GMV only,Cluster overlap size is not effect magnitude. Boundary/smoothing uncertainty greatest for very small overlaps.,supported_cluster,MCI2023:Insula R:MCI:case_vs_NC
A00266,41,44,ParaHippocampal_R,AAL3,MCI,case_vs_NC,MCI2023,ParaHippocampal R,https://academic.oup.com/cercor/article/33/14/8876/7169132,10.1093/cercor/bhad167,gray matter or nucleus; see measurement,direct,lower,cluster_overlap_voxels,553,Peak cluster SDM -5.218(R)/-4.087(L); P≈0; ROI d/CI unavailable,GMV VBM meta-analysis only; separate fMRI arm excluded,Table2 GMV only,Cluster overlap size is not effect magnitude. Boundary/smoothing uncertainty greatest for very small overlaps.,supported_cluster,MCI2023:ParaHippocampal R:MCI:case_vs_NC
A00267,83,88,Temporal_Pole_Sup_R,AAL3,MCI,case_vs_NC,MCI2023,Temporal_Pole_Sup R,https://academic.oup.com/cercor/article/33/14/8876/7169132,10.1093/cercor/bhad167,gray matter or nucleus; see measurement,direct,lower,cluster_overlap_voxels,435,Peak cluster SDM -5.218(R)/-4.087(L); P≈0; ROI d/CI unavailable,GMV VBM meta-analysis only; separate fMRI arm excluded,Table2 GMV only,Cluster overlap size is not effect magnitude. Boundary/smoothing uncertainty greatest for very small overlaps.,supported_cluster,MCI2023:Temporal_Pole_Sup R:MCI:case_vs_NC
A00268,85,90,Temporal_Mid_R,AAL3,MCI,case_vs_NC,MCI2023,Temporal_Mid R,https://academic.oup.com/cercor/article/33/14/8876/7169132,10.1093/cercor/bhad167,gray matter or nucleus; see measurement,direct,lower,cluster_overlap_voxels,320,Peak cluster SDM -5.218(R)/-4.087(L); P≈0; ROI d/CI unavailable,GMV VBM meta-analysis only; separate fMRI arm excluded,Table2 GMV only,Cluster overlap size is not effect magnitude. Boundary/smoothing uncertainty greatest for very small overlaps.,supported_cluster,MCI2023:Temporal_Mid R:MCI:case_vs_NC
A00269,39,42,Hippocampus_R,AAL3,MCI,case_vs_NC,MCI2023,Hippocampus R,https://academic.oup.com/cercor/article/33/14/8876/7169132,10.1093/cercor/bhad167,gray matter or nucleus; see measurement,direct,lower,cluster_overlap_voxels,295,Peak cluster SDM -5.218(R)/-4.087(L); P≈0; ROI d/CI unavailable,GMV VBM meta-analysis only; separate fMRI arm excluded,Table2 GMV only,Cluster overlap size is not effect magnitude. Boundary/smoothing uncertainty greatest for very small overlaps.,supported_cluster,MCI2023:Hippocampus R:MCI:case_vs_NC
A00270,13,14,Rolandic_Oper_R,AAL3,MCI,case_vs_NC,MCI2023,Rolandic_Oper R,https://academic.oup.com/cercor/article/33/14/8876/7169132,10.1093/cercor/bhad167,gray matter or nucleus; see measurement,direct,lower,cluster_overlap_voxels,233,Peak cluster SDM -5.218(R)/-4.087(L); P≈0; ROI d/CI unavailable,GMV VBM meta-analysis only; separate fMRI arm excluded,Table2 GMV only,Cluster overlap size is not effect magnitude. Boundary/smoothing uncertainty greatest for very small overlaps.,supported_cluster,MCI2023:Rolandic_Oper R:MCI:case_vs_NC
A00271,43,46,Amygdala_R,AAL3,MCI,case_vs_NC,MCI2023,Amygdala R,https://academic.oup.com/cercor/article/33/14/8876/7169132,10.1093/cercor/bhad167,gray matter or nucleus; see measurement,direct,lower,cluster_overlap_voxels,191,Peak cluster SDM -5.218(R)/-4.087(L); P≈0; ROI d/CI unavailable,GMV VBM meta-analysis only; separate fMRI arm excluded,Table2 GMV only,Cluster overlap size is not effect magnitude. Boundary/smoothing uncertainty greatest for very small overlaps.,supported_cluster,MCI2023:Amygdala R:MCI:case_vs_NC
A00272,57,60,Fusiform_R,AAL3,MCI,case_vs_NC,MCI2023,Fusiform R,https://academic.oup.com/cercor/article/33/14/8876/7169132,10.1093/cercor/bhad167,gray matter or nucleus; see measurement,direct,lower,cluster_overlap_voxels,182,Peak cluster SDM -5.218(R)/-4.087(L); P≈0; ROI d/CI unavailable,GMV VBM meta-analysis only; separate fMRI arm excluded,Table2 GMV only,Cluster overlap size is not effect magnitude. Boundary/smoothing uncertainty greatest for very small overlaps.,supported_cluster,MCI2023:Fusiform R:MCI:case_vs_NC
A00273,75,78,Putamen_R,AAL3,MCI,case_vs_NC,MCI2023,Putamen R,https://academic.oup.com/cercor/article/33/14/8876/7169132,10.1093/cercor/bhad167,gray matter or nucleus; see measurement,direct,lower,cluster_overlap_voxels,103,Peak cluster SDM -5.218(R)/-4.087(L); P≈0; ROI d/CI unavailable,GMV VBM meta-analysis only; separate fMRI arm excluded,Table2 GMV only,Cluster overlap size is not effect magnitude. Boundary/smoothing uncertainty greatest for very small overlaps.,supported_cluster,MCI2023:Putamen R:MCI:case_vs_NC
A00274,79,84,Heschl_R,AAL3,MCI,case_vs_NC,MCI2023,Heschl R,https://academic.oup.com/cercor/article/33/14/8876/7169132,10.1093/cercor/bhad167,gray matter or nucleus; see measurement,direct,lower,cluster_overlap_voxels,99,Peak cluster SDM -5.218(R)/-4.087(L); P≈0; ROI d/CI unavailable,GMV VBM meta-analysis only; separate fMRI arm excluded,Table2 GMV only,Cluster overlap size is not effect magnitude. Boundary/smoothing uncertainty greatest for very small overlaps.,supported_cluster,MCI2023:Heschl R:MCI:case_vs_NC
A00275,87,92,Temporal_Pole_Mid_R,AAL3,MCI,case_vs_NC,MCI2023,Temporal_Pole_Mid R,https://academic.oup.com/cercor/article/33/14/8876/7169132,10.1093/cercor/bhad167,gray matter or nucleus; see measurement,direct,lower,cluster_overlap_voxels,46,Peak cluster SDM -5.218(R)/-4.087(L); P≈0; ROI d/CI unavailable,GMV VBM meta-analysis only; separate fMRI arm excluded,Table2 GMV only,Cluster overlap size is not effect magnitude. Boundary/smoothing uncertainty greatest for very small overlaps.,weak_cluster_overlap,MCI2023:Temporal_Pole_Mid R:MCI:case_vs_NC
A00276,97,102,Cerebellum_4_5_R,AAL3,MCI,case_vs_NC,MCI2023,Cerebellum_4_5 R,https://academic.oup.com/cercor/article/33/14/8876/7169132,10.1093/cercor/bhad167,gray matter or nucleus; see measurement,direct,lower,cluster_overlap_voxels,28,Peak cluster SDM -5.218(R)/-4.087(L); P≈0; ROI d/CI unavailable,GMV VBM meta-analysis only; separate fMRI arm excluded,Table2 GMV only,Cluster overlap size is not effect magnitude. Boundary/smoothing uncertainty greatest for very small overlaps.,weak_cluster_overlap,MCI2023:Cerebellum_4_5 R:MCI:case_vs_NC
A00277,7,8,Frontal_Inf_Oper_R,AAL3,MCI,case_vs_NC,MCI2023,Frontal_Inf_Oper R,https://academic.oup.com/cercor/article/33/14/8876/7169132,10.1093/cercor/bhad167,gray matter or nucleus; see measurement,direct,lower,cluster_overlap_voxels,11,Peak cluster SDM -5.218(R)/-4.087(L); P≈0; ROI d/CI unavailable,GMV VBM meta-analysis only; separate fMRI arm excluded,Table2 GMV only,Cluster overlap size is not effect magnitude. Boundary/smoothing uncertainty greatest for very small overlaps.,weak_cluster_overlap,MCI2023:Frontal_Inf_Oper R:MCI:case_vs_NC
A00278,95,100,Cerebellum_3_R,AAL3,MCI,case_vs_NC,MCI2023,Cerebellum_3 R,https://academic.oup.com/cercor/article/33/14/8876/7169132,10.1093/cercor/bhad167,gray matter or nucleus; see measurement,direct,lower,cluster_overlap_voxels,4,Peak cluster SDM -5.218(R)/-4.087(L); P≈0; ROI d/CI unavailable,GMV VBM meta-analysis only; separate fMRI arm excluded,Table2 GMV only,Cluster overlap size is not effect magnitude. Boundary/smoothing uncertainty greatest for very small overlaps.,weak_cluster_overlap,MCI2023:Cerebellum_3 R:MCI:case_vs_NC
A00279,49,52,Lingual_R,AAL3,MCI,case_vs_NC,MCI2023,Lingual R,https://academic.oup.com/cercor/article/33/14/8876/7169132,10.1093/cercor/bhad167,gray matter or nucleus; see measurement,direct,lower,cluster_overlap_voxels,2,Peak cluster SDM -5.218(R)/-4.087(L); P≈0; ROI d/CI unavailable,GMV VBM meta-analysis only; separate fMRI arm excluded,Table2 GMV only,Cluster overlap size is not effect magnitude. Boundary/smoothing uncertainty greatest for very small overlaps.,weak_cluster_overlap,MCI2023:Lingual R:MCI:case_vs_NC
A00280,17,18,Olfactory_R,AAL3,MCI,case_vs_NC,MCI2023,Olfactory R,https://academic.oup.com/cercor/article/33/14/8876/7169132,10.1093/cercor/bhad167,gray matter or nucleus; see measurement,direct,lower,cluster_overlap_voxels,1,Peak cluster SDM -5.218(R)/-4.087(L); P≈0; ROI d/CI unavailable,GMV VBM meta-analysis only; separate fMRI arm excluded,Table2 GMV only,Cluster overlap size is not effect magnitude. Boundary/smoothing uncertainty greatest for very small overlaps.,weak_cluster_overlap,MCI2023:Olfactory R:MCI:case_vs_NC
A00281,89,94,Temporal_Inf_R,AAL3,MCI,case_vs_NC,MCI2023,Temporal_Inf R,https://academic.oup.com/cercor/article/33/14/8876/7169132,10.1093/cercor/bhad167,gray matter or nucleus; see measurement,direct,lower,cluster_overlap_voxels,1,Peak cluster SDM -5.218(R)/-4.087(L); P≈0; ROI d/CI unavailable,GMV VBM meta-analysis only; separate fMRI arm excluded,Table2 GMV only,Cluster overlap size is not effect magnitude. Boundary/smoothing uncertainty greatest for very small overlaps.,weak_cluster_overlap,MCI2023:Temporal_Inf R:MCI:case_vs_NC
A00282,32,33,Insula_L,AAL3,MCI,case_vs_NC,MCI2023,Insula L,https://academic.oup.com/cercor/article/33/14/8876/7169132,10.1093/cercor/bhad167,gray matter or nucleus; see measurement,direct,lower,cluster_overlap_voxels,491,Peak cluster SDM -5.218(R)/-4.087(L); P≈0; ROI d/CI unavailable,GMV VBM meta-analysis only; separate fMRI arm excluded,Table2 GMV only,Cluster overlap size is not effect magnitude. Boundary/smoothing uncertainty greatest for very small overlaps.,supported_cluster,MCI2023:Insula L:MCI:case_vs_NC
A00283,82,87,Temporal_Pole_Sup_L,AAL3,MCI,case_vs_NC,MCI2023,Temporal_Pole_Sup L,https://academic.oup.com/cercor/article/33/14/8876/7169132,10.1093/cercor/bhad167,gray matter or nucleus; see measurement,direct,lower,cluster_overlap_voxels,464,Peak cluster SDM -5.218(R)/-4.087(L); P≈0; ROI d/CI unavailable,GMV VBM meta-analysis only; separate fMRI arm excluded,Table2 GMV only,Cluster overlap size is not effect magnitude. Boundary/smoothing uncertainty greatest for very small overlaps.,supported_cluster,MCI2023:Temporal_Pole_Sup L:MCI:case_vs_NC
A00284,40,43,ParaHippocampal_L,AAL3,MCI,case_vs_NC,MCI2023,ParaHippocampal L,https://academic.oup.com/cercor/article/33/14/8876/7169132,10.1093/cercor/bhad167,gray matter or nucleus; see measurement,direct,lower,cluster_overlap_voxels,412,Peak cluster SDM -5.218(R)/-4.087(L); P≈0; ROI d/CI unavailable,GMV VBM meta-analysis only; separate fMRI arm excluded,Table2 GMV only,Cluster overlap size is not effect magnitude. Boundary/smoothing uncertainty greatest for very small overlaps.,supported_cluster,MCI2023:ParaHippocampal L:MCI:case_vs_NC
A00285,38,41,Hippocampus_L,AAL3,MCI,case_vs_NC,MCI2023,Hippocampus L,https://academic.oup.com/cercor/article/33/14/8876/7169132,10.1093/cercor/bhad167,gray matter or nucleus; see measurement,direct,lower,cluster_overlap_voxels,383,Peak cluster SDM -5.218(R)/-4.087(L); P≈0; ROI d/CI unavailable,GMV VBM meta-analysis only; separate fMRI arm excluded,Table2 GMV only,Cluster overlap size is not effect magnitude. Boundary/smoothing uncertainty greatest for very small overlaps.,supported_cluster,MCI2023:Hippocampus L:MCI:case_vs_NC
A00286,80,85,Temporal_Sup_L,AAL3,MCI,case_vs_NC,MCI2023,Temporal_Sup L,https://academic.oup.com/cercor/article/33/14/8876/7169132,10.1093/cercor/bhad167,gray matter or nucleus; see measurement,direct,lower,cluster_overlap_voxels,321,Peak cluster SDM -5.218(R)/-4.087(L); P≈0; ROI d/CI unavailable,GMV VBM meta-analysis only; separate fMRI arm excluded,Table2 GMV only,Cluster overlap size is not effect magnitude. Boundary/smoothing uncertainty greatest for very small overlaps.,supported_cluster,MCI2023:Temporal_Sup L:MCI:case_vs_NC
A00287,56,59,Fusiform_L,AAL3,MCI,case_vs_NC,MCI2023,Fusiform L,https://academic.oup.com/cercor/article/33/14/8876/7169132,10.1093/cercor/bhad167,gray matter or nucleus; see measurement,direct,lower,cluster_overlap_voxels,283,Peak cluster SDM -5.218(R)/-4.087(L); P≈0; ROI d/CI unavailable,GMV VBM meta-analysis only; separate fMRI arm excluded,Table2 GMV only,Cluster overlap size is not effect magnitude. Boundary/smoothing uncertainty greatest for very small overlaps.,supported_cluster,MCI2023:Fusiform L:MCI:case_vs_NC
A00288,42,45,Amygdala_L,AAL3,MCI,case_vs_NC,MCI2023,Amygdala L,https://academic.oup.com/cercor/article/33/14/8876/7169132,10.1093/cercor/bhad167,gray matter or nucleus; see measurement,direct,lower,cluster_overlap_voxels,197,Peak cluster SDM -5.218(R)/-4.087(L); P≈0; ROI d/CI unavailable,GMV VBM meta-analysis only; separate fMRI arm excluded,Table2 GMV only,Cluster overlap size is not effect magnitude. Boundary/smoothing uncertainty greatest for very small overlaps.,supported_cluster,MCI2023:Amygdala L:MCI:case_vs_NC
A00289,12,13,Rolandic_Oper_L,AAL3,MCI,case_vs_NC,MCI2023,Rolandic_Oper L,https://academic.oup.com/cercor/article/33/14/8876/7169132,10.1093/cercor/bhad167,gray matter or nucleus; see measurement,direct,lower,cluster_overlap_voxels,131,Peak cluster SDM -5.218(R)/-4.087(L); P≈0; ROI d/CI unavailable,GMV VBM meta-analysis only; separate fMRI arm excluded,Table2 GMV only,Cluster overlap size is not effect magnitude. Boundary/smoothing uncertainty greatest for very small overlaps.,supported_cluster,MCI2023:Rolandic_Oper L:MCI:case_vs_NC
A00290,78,83,Heschl_L,AAL3,MCI,case_vs_NC,MCI2023,Heschl L,https://academic.oup.com/cercor/article/33/14/8876/7169132,10.1093/cercor/bhad167,gray matter or nucleus; see measurement,direct,lower,cluster_overlap_voxels,94,Peak cluster SDM -5.218(R)/-4.087(L); P≈0; ROI d/CI unavailable,GMV VBM meta-analysis only; separate fMRI arm excluded,Table2 GMV only,Cluster overlap size is not effect magnitude. Boundary/smoothing uncertainty greatest for very small overlaps.,supported_cluster,MCI2023:Heschl L:MCI:case_vs_NC
A00291,74,77,Putamen_L,AAL3,MCI,case_vs_NC,MCI2023,Putamen L,https://academic.oup.com/cercor/article/33/14/8876/7169132,10.1093/cercor/bhad167,gray matter or nucleus; see measurement,direct,lower,cluster_overlap_voxels,93,Peak cluster SDM -5.218(R)/-4.087(L); P≈0; ROI d/CI unavailable,GMV VBM meta-analysis only; separate fMRI arm excluded,Table2 GMV only,Cluster overlap size is not effect magnitude. Boundary/smoothing uncertainty greatest for very small overlaps.,supported_cluster,MCI2023:Putamen L:MCI:case_vs_NC
A00292,10,11,Frontal_Inf_Orb_2_L,AAL3,MCI,case_vs_NC,MCI2023,Frontal_Inf_Orb_2 L,https://academic.oup.com/cercor/article/33/14/8876/7169132,10.1093/cercor/bhad167,gray matter or nucleus; see measurement,direct,lower,cluster_overlap_voxels,48,Peak cluster SDM -5.218(R)/-4.087(L); P≈0; ROI d/CI unavailable,GMV VBM meta-analysis only; separate fMRI arm excluded,Table2 GMV only,Cluster overlap size is not effect magnitude. Boundary/smoothing uncertainty greatest for very small overlaps.,weak_cluster_overlap,MCI2023:Frontal_Inf_Orb_2 L:MCI:case_vs_NC
A00293,84,89,Temporal_Mid_L,AAL3,MCI,case_vs_NC,MCI2023,Temporal_Mid L,https://academic.oup.com/cercor/article/33/14/8876/7169132,10.1093/cercor/bhad167,gray matter or nucleus; see measurement,direct,lower,cluster_overlap_voxels,33,Peak cluster SDM -5.218(R)/-4.087(L); P≈0; ROI d/CI unavailable,GMV VBM meta-analysis only; separate fMRI arm excluded,Table2 GMV only,Cluster overlap size is not effect magnitude. Boundary/smoothing uncertainty greatest for very small overlaps.,weak_cluster_overlap,MCI2023:Temporal_Mid L:MCI:case_vs_NC
A00294,16,17,Olfactory_L,AAL3,MCI,case_vs_NC,MCI2023,Olfactory L,https://academic.oup.com/cercor/article/33/14/8876/7169132,10.1093/cercor/bhad167,gray matter or nucleus; see measurement,direct,lower,cluster_overlap_voxels,21,Peak cluster SDM -5.218(R)/-4.087(L); P≈0; ROI d/CI unavailable,GMV VBM meta-analysis only; separate fMRI arm excluded,Table2 GMV only,Cluster overlap size is not effect magnitude. Boundary/smoothing uncertainty greatest for very small overlaps.,weak_cluster_overlap,MCI2023:Olfactory L:MCI:case_vs_NC
A00295,86,91,Temporal_Pole_Mid_L,AAL3,MCI,case_vs_NC,MCI2023,Temporal_Pole_Mid L,https://academic.oup.com/cercor/article/33/14/8876/7169132,10.1093/cercor/bhad167,gray matter or nucleus; see measurement,direct,lower,cluster_overlap_voxels,21,Peak cluster SDM -5.218(R)/-4.087(L); P≈0; ROI d/CI unavailable,GMV VBM meta-analysis only; separate fMRI arm excluded,Table2 GMV only,Cluster overlap size is not effect magnitude. Boundary/smoothing uncertainty greatest for very small overlaps.,weak_cluster_overlap,MCI2023:Temporal_Pole_Mid L:MCI:case_vs_NC
A00296,88,93,Temporal_Inf_L,AAL3,MCI,case_vs_NC,MCI2023,Temporal_Inf L,https://academic.oup.com/cercor/article/33/14/8876/7169132,10.1093/cercor/bhad167,gray matter or nucleus; see measurement,direct,lower,cluster_overlap_voxels,8,Peak cluster SDM -5.218(R)/-4.087(L); P≈0; ROI d/CI unavailable,GMV VBM meta-analysis only; separate fMRI arm excluded,Table2 GMV only,Cluster overlap size is not effect magnitude. Boundary/smoothing uncertainty greatest for very small overlaps.,weak_cluster_overlap,MCI2023:Temporal_Inf L:MCI:case_vs_NC
A00297,6,7,Frontal_Inf_Oper_L,AAL3,MCI,case_vs_NC,MCI2023,Frontal_Inf_Oper L,https://academic.oup.com/cercor/article/33/14/8876/7169132,10.1093/cercor/bhad167,gray matter or nucleus; see measurement,direct,lower,cluster_overlap_voxels,5,Peak cluster SDM -5.218(R)/-4.087(L); P≈0; ROI d/CI unavailable,GMV VBM meta-analysis only; separate fMRI arm excluded,Table2 GMV only,Cluster overlap size is not effect magnitude. Boundary/smoothing uncertainty greatest for very small overlaps.,weak_cluster_overlap,MCI2023:Frontal_Inf_Oper L:MCI:case_vs_NC
A00298,96,101,Cerebellum_4_5_L,AAL3,MCI,case_vs_NC,MCI2023,Cerebellum_4_5 L,https://academic.oup.com/cercor/article/33/14/8876/7169132,10.1093/cercor/bhad167,gray matter or nucleus; see measurement,direct,lower,cluster_overlap_voxels,4,Peak cluster SDM -5.218(R)/-4.087(L); P≈0; ROI d/CI unavailable,GMV VBM meta-analysis only; separate fMRI arm excluded,Table2 GMV only,Cluster overlap size is not effect magnitude. Boundary/smoothing uncertainty greatest for very small overlaps.,weak_cluster_overlap,MCI2023:Cerebellum_4_5 L:MCI:case_vs_NC
A00299,34,37,Cingulate_Mid_L,AAL3,MCI,case_vs_NC,MCI2023,Cingulate_Mid,https://academic.oup.com/cercor/article/33/14/8876/7169132,10.1093/cercor/bhad167,gray matter or nucleus; see measurement,direct,lower,,,MCC cluster p=.00023; rostralACC cluster p=.00028; no ROI d,GMV VBM meta-analysis only; separate fMRI arm excluded,Table2,Cluster overlap; posterior cingulate/precuneus right overlap only1 voxel.,supported_cluster,MCI2023:Cingulate_Mid:MCI:case_vs_NC
A00300,35,38,Cingulate_Mid_R,AAL3,MCI,case_vs_NC,MCI2023,Cingulate_Mid,https://academic.oup.com/cercor/article/33/14/8876/7169132,10.1093/cercor/bhad167,gray matter or nucleus; see measurement,direct,lower,,,MCC cluster p=.00023; rostralACC cluster p=.00028; no ROI d,GMV VBM meta-analysis only; separate fMRI arm excluded,Table2,Cluster overlap; posterior cingulate/precuneus right overlap only1 voxel.,supported_cluster,MCI2023:Cingulate_Mid:MCI:case_vs_NC
A00301,36,39,Cingulate_Post_L,AAL3,MCI,case_vs_NC,MCI2023,Cingulate_Post,https://academic.oup.com/cercor/article/33/14/8876/7169132,10.1093/cercor/bhad167,gray matter or nucleus; see measurement,direct,lower,,,MCC cluster p=.00023; rostralACC cluster p=.00028; no ROI d,GMV VBM meta-analysis only; separate fMRI arm excluded,Table2,Cluster overlap; posterior cingulate/precuneus right overlap only1 voxel.,weak_cluster_overlap,MCI2023:Cingulate_Post:MCI:case_vs_NC
A00302,37,40,Cingulate_Post_R,AAL3,MCI,case_vs_NC,MCI2023,Cingulate_Post,https://academic.oup.com/cercor/article/33/14/8876/7169132,10.1093/cercor/bhad167,gray matter or nucleus; see measurement,direct,lower,,,MCC cluster p=.00023; rostralACC cluster p=.00028; no ROI d,GMV VBM meta-analysis only; separate fMRI arm excluded,Table2,Cluster overlap; posterior cingulate/precuneus right overlap only1 voxel.,weak_cluster_overlap,MCI2023:Cingulate_Post:MCI:case_vs_NC
A00303,68,71,Precuneus_L,AAL3,MCI,case_vs_NC,MCI2023,Precuneus,https://academic.oup.com/cercor/article/33/14/8876/7169132,10.1093/cercor/bhad167,gray matter or nucleus; see measurement,direct,lower,,,MCC cluster p=.00023; rostralACC cluster p=.00028; no ROI d,GMV VBM meta-analysis only; separate fMRI arm excluded,Table2,Cluster overlap; posterior cingulate/precuneus right overlap only1 voxel.,weak_cluster_overlap,MCI2023:Precuneus:MCI:case_vs_NC
A00304,69,72,Precuneus_R,AAL3,MCI,case_vs_NC,MCI2023,Precuneus,https://academic.oup.com/cercor/article/33/14/8876/7169132,10.1093/cercor/bhad167,gray matter or nucleus; see measurement,direct,lower,,,MCC cluster p=.00023; rostralACC cluster p=.00028; no ROI d,GMV VBM meta-analysis only; separate fMRI arm excluded,Table2,Cluster overlap; posterior cingulate/precuneus right overlap only1 voxel.,weak_cluster_overlap,MCI2023:Precuneus:MCI:case_vs_NC
A00305,20,21,Frontal_Med_Orb_L,AAL3,MCI,case_vs_NC,MCI2023,Frontal_Med_Orb,https://academic.oup.com/cercor/article/33/14/8876/7169132,10.1093/cercor/bhad167,gray matter or nucleus; see measurement,direct,lower,,,MCC cluster p=.00023; rostralACC cluster p=.00028; no ROI d,GMV VBM meta-analysis only; separate fMRI arm excluded,Table2,Cluster overlap; posterior cingulate/precuneus right overlap only1 voxel.,supported_cluster,MCI2023:Frontal_Med_Orb:MCI:case_vs_NC
A00306,21,22,Frontal_Med_Orb_R,AAL3,MCI,case_vs_NC,MCI2023,Frontal_Med_Orb,https://academic.oup.com/cercor/article/33/14/8876/7169132,10.1093/cercor/bhad167,gray matter or nucleus; see measurement,direct,lower,,,MCC cluster p=.00023; rostralACC cluster p=.00028; no ROI d,GMV VBM meta-analysis only; separate fMRI arm excluded,Table2,Cluster overlap; posterior cingulate/precuneus right overlap only1 voxel.,supported_cluster,MCI2023:Frontal_Med_Orb:MCI:case_vs_NC
A00307,146,151,ACC_sub_L,AAL3,MCI,case_vs_NC,MCI2023,rostral anterior cingulate,https://academic.oup.com/cercor/article/33/14/8876/7169132,10.1093/cercor/bhad167,gray matter or nucleus; see measurement,parent_region_extrapolation,lower,,,cluster p=.00028; no subdivision d,GMV VBM meta-analysis only; separate fMRI arm excluded,Table2,Rostral ACC cluster cannot resolve all three AAL3 subdivisions.,regional_inference,MCI2023:rostral anterior cingulate:MCI:case_vs_NC
A00308,147,152,ACC_sub_R,AAL3,MCI,case_vs_NC,MCI2023,rostral anterior cingulate,https://academic.oup.com/cercor/article/33/14/8876/7169132,10.1093/cercor/bhad167,gray matter or nucleus; see measurement,parent_region_extrapolation,lower,,,cluster p=.00028; no subdivision d,GMV VBM meta-analysis only; separate fMRI arm excluded,Table2,Rostral ACC cluster cannot resolve all three AAL3 subdivisions.,regional_inference,MCI2023:rostral anterior cingulate:MCI:case_vs_NC
A00309,148,153,ACC_pre_L,AAL3,MCI,case_vs_NC,MCI2023,rostral anterior cingulate,https://academic.oup.com/cercor/article/33/14/8876/7169132,10.1093/cercor/bhad167,gray matter or nucleus; see measurement,parent_region_extrapolation,lower,,,cluster p=.00028; no subdivision d,GMV VBM meta-analysis only; separate fMRI arm excluded,Table2,Rostral ACC cluster cannot resolve all three AAL3 subdivisions.,regional_inference,MCI2023:rostral anterior cingulate:MCI:case_vs_NC
A00310,149,154,ACC_pre_R,AAL3,MCI,case_vs_NC,MCI2023,rostral anterior cingulate,https://academic.oup.com/cercor/article/33/14/8876/7169132,10.1093/cercor/bhad167,gray matter or nucleus; see measurement,parent_region_extrapolation,lower,,,cluster p=.00028; no subdivision d,GMV VBM meta-analysis only; separate fMRI arm excluded,Table2,Rostral ACC cluster cannot resolve all three AAL3 subdivisions.,regional_inference,MCI2023:rostral anterior cingulate:MCI:case_vs_NC
A00311,150,155,ACC_sup_L,AAL3,MCI,case_vs_NC,MCI2023,rostral anterior cingulate,https://academic.oup.com/cercor/article/33/14/8876/7169132,10.1093/cercor/bhad167,gray matter or nucleus; see measurement,parent_region_extrapolation,lower,,,cluster p=.00028; no subdivision d,GMV VBM meta-analysis only; separate fMRI arm excluded,Table2,Rostral ACC cluster cannot resolve all three AAL3 subdivisions.,regional_inference,MCI2023:rostral anterior cingulate:MCI:case_vs_NC
A00312,151,156,ACC_sup_R,AAL3,MCI,case_vs_NC,MCI2023,rostral anterior cingulate,https://academic.oup.com/cercor/article/33/14/8876/7169132,10.1093/cercor/bhad167,gray matter or nucleus; see measurement,parent_region_extrapolation,lower,,,cluster p=.00028; no subdivision d,GMV VBM meta-analysis only; separate fMRI arm excluded,Table2,Rostral ACC cluster cannot resolve all three AAL3 subdivisions.,regional_inference,MCI2023:rostral anterior cingulate:MCI:case_vs_NC
A00313,22,23,Rectus_L,AAL3,AD,case_vs_NC,Frontal2026,Gyrus rectus bilateral,https://doi.org/10.3390/brainsci16030317,10.3390/brainsci16030317,gray matter or nucleus; see measurement,parent_region_extrapolation,lower,derived_Cohen_d_raw_means,-0.481152,"n30/30; case=0.237±0.026, NC=0.25±0.028 %TIV; no subregion survives multiplicity correction",vol2Brain frontal regional volume as percentage TIV,Table2,Bilateral vol2Brain→AAL3 inference; raw d differs from age/sex-adjusted ANCOVA. Some printed adjusted CIs malformed and excluded.,not_significant_after_correction,Frontal2026:Gyrus rectus bilateral:AD:case_vs_NC
A00314,23,24,Rectus_R,AAL3,AD,case_vs_NC,Frontal2026,Gyrus rectus bilateral,https://doi.org/10.3390/brainsci16030317,10.3390/brainsci16030317,gray matter or nucleus; see measurement,parent_region_extrapolation,lower,derived_Cohen_d_raw_means,-0.481152,"n30/30; case=0.237±0.026, NC=0.25±0.028 %TIV; no subregion survives multiplicity correction",vol2Brain frontal regional volume as percentage TIV,Table2,Bilateral vol2Brain→AAL3 inference; raw d differs from age/sex-adjusted ANCOVA. Some printed adjusted CIs malformed and excluded.,not_significant_after_correction,Frontal2026:Gyrus rectus bilateral:AD:case_vs_NC
A00315,22,23,Rectus_L,AAL3,MCI,case_vs_NC,Frontal2026,Gyrus rectus bilateral,https://doi.org/10.3390/brainsci16030317,10.3390/brainsci16030317,gray matter or nucleus; see measurement,parent_region_extrapolation,higher,derived_Cohen_d_raw_means,0.344623,"n30/30; case=0.26±0.03, NC=0.25±0.028 %TIV; no subregion survives multiplicity correction",vol2Brain frontal regional volume as percentage TIV,Table2,Bilateral vol2Brain→AAL3 inference; raw d differs from age/sex-adjusted ANCOVA. Some printed adjusted CIs malformed and excluded.,not_significant_after_correction,Frontal2026:Gyrus rectus bilateral:MCI:case_vs_NC
A00316,23,24,Rectus_R,AAL3,MCI,case_vs_NC,Frontal2026,Gyrus rectus bilateral,https://doi.org/10.3390/brainsci16030317,10.3390/brainsci16030317,gray matter or nucleus; see measurement,parent_region_extrapolation,higher,derived_Cohen_d_raw_means,0.344623,"n30/30; case=0.26±0.03, NC=0.25±0.028 %TIV; no subregion survives multiplicity correction",vol2Brain frontal regional volume as percentage TIV,Table2,Bilateral vol2Brain→AAL3 inference; raw d differs from age/sex-adjusted ANCOVA. Some printed adjusted CIs malformed and excluded.,not_significant_after_correction,Frontal2026:Gyrus rectus bilateral:MCI:case_vs_NC
A00317,6,7,Frontal_Inf_Oper_L,AAL3,AD,case_vs_NC,Frontal2026,Opercular part of the inferior frontal gyrus bilateral,https://doi.org/10.3390/brainsci16030317,10.3390/brainsci16030317,gray matter or nucleus; see measurement,parent_region_extrapolation,lower,derived_Cohen_d_raw_means,-0.324411,"n30/30; case=0.397±0.078, NC=0.42±0.063 %TIV; no subregion survives multiplicity correction",vol2Brain frontal regional volume as percentage TIV,Table2,Bilateral vol2Brain→AAL3 inference; raw d differs from age/sex-adjusted ANCOVA. Some printed adjusted CIs malformed and excluded.,not_significant_after_correction,Frontal2026:Opercular part of the inferior frontal gyrus bilateral:AD:case_vs_NC
A00318,7,8,Frontal_Inf_Oper_R,AAL3,AD,case_vs_NC,Frontal2026,Opercular part of the inferior frontal gyrus bilateral,https://doi.org/10.3390/brainsci16030317,10.3390/brainsci16030317,gray matter or nucleus; see measurement,parent_region_extrapolation,lower,derived_Cohen_d_raw_means,-0.324411,"n30/30; case=0.397±0.078, NC=0.42±0.063 %TIV; no subregion survives multiplicity correction",vol2Brain frontal regional volume as percentage TIV,Table2,Bilateral vol2Brain→AAL3 inference; raw d differs from age/sex-adjusted ANCOVA. Some printed adjusted CIs malformed and excluded.,not_significant_after_correction,Frontal2026:Opercular part of the inferior frontal gyrus bilateral:AD:case_vs_NC
A00319,6,7,Frontal_Inf_Oper_L,AAL3,MCI,case_vs_NC,Frontal2026,Opercular part of the inferior frontal gyrus bilateral,https://doi.org/10.3390/brainsci16030317,10.3390/brainsci16030317,gray matter or nucleus; see measurement,parent_region_extrapolation,higher,derived_Cohen_d_raw_means,0.328085,"n30/30; case=0.441±0.065, NC=0.42±0.063 %TIV; no subregion survives multiplicity correction",vol2Brain frontal regional volume as percentage TIV,Table2,Bilateral vol2Brain→AAL3 inference; raw d differs from age/sex-adjusted ANCOVA. Some printed adjusted CIs malformed and excluded.,not_significant_after_correction,Frontal2026:Opercular part of the inferior frontal gyrus bilateral:MCI:case_vs_NC
A00320,7,8,Frontal_Inf_Oper_R,AAL3,MCI,case_vs_NC,Frontal2026,Opercular part of the inferior frontal gyrus bilateral,https://doi.org/10.3390/brainsci16030317,10.3390/brainsci16030317,gray matter or nucleus; see measurement,parent_region_extrapolation,higher,derived_Cohen_d_raw_means,0.328085,"n30/30; case=0.441±0.065, NC=0.42±0.063 %TIV; no subregion survives multiplicity correction",vol2Brain frontal regional volume as percentage TIV,Table2,Bilateral vol2Brain→AAL3 inference; raw d differs from age/sex-adjusted ANCOVA. Some printed adjusted CIs malformed and excluded.,not_significant_after_correction,Frontal2026:Opercular part of the inferior frontal gyrus bilateral:MCI:case_vs_NC
A00321,10,11,Frontal_Inf_Orb_2_L,AAL3,AD,case_vs_NC,Frontal2026,Orbital part of the inferior frontal gyrus bilateral,https://doi.org/10.3390/brainsci16030317,10.3390/brainsci16030317,gray matter or nucleus; see measurement,parent_region_extrapolation,lower,derived_Cohen_d_raw_means,-0.205262,"n30/30; case=0.167±0.038, NC=0.176±0.049 %TIV; no subregion survives multiplicity correction",vol2Brain frontal regional volume as percentage TIV,Table2,Bilateral vol2Brain→AAL3 inference; raw d differs from age/sex-adjusted ANCOVA. Some printed adjusted CIs malformed and excluded.,not_significant_after_correction,Frontal2026:Orbital part of the inferior frontal gyrus bilateral:AD:case_vs_NC
A00322,11,12,Frontal_Inf_Orb_2_R,AAL3,AD,case_vs_NC,Frontal2026,Orbital part of the inferior frontal gyrus bilateral,https://doi.org/10.3390/brainsci16030317,10.3390/brainsci16030317,gray matter or nucleus; see measurement,parent_region_extrapolation,lower,derived_Cohen_d_raw_means,-0.205262,"n30/30; case=0.167±0.038, NC=0.176±0.049 %TIV; no subregion survives multiplicity correction",vol2Brain frontal regional volume as percentage TIV,Table2,Bilateral vol2Brain→AAL3 inference; raw d differs from age/sex-adjusted ANCOVA. Some printed adjusted CIs malformed and excluded.,not_significant_after_correction,Frontal2026:Orbital part of the inferior frontal gyrus bilateral:AD:case_vs_NC
A00323,10,11,Frontal_Inf_Orb_2_L,AAL3,MCI,case_vs_NC,Frontal2026,Orbital part of the inferior frontal gyrus bilateral,https://doi.org/10.3390/brainsci16030317,10.3390/brainsci16030317,gray matter or nucleus; see measurement,parent_region_extrapolation,higher,derived_Cohen_d_raw_means,0.164399,"n30/30; case=0.183±0.035, NC=0.176±0.049 %TIV; no subregion survives multiplicity correction",vol2Brain frontal regional volume as percentage TIV,Table2,Bilateral vol2Brain→AAL3 inference; raw d differs from age/sex-adjusted ANCOVA. Some printed adjusted CIs malformed and excluded.,not_significant_after_correction,Frontal2026:Orbital part of the inferior frontal gyrus bilateral:MCI:case_vs_NC
A00324,11,12,Frontal_Inf_Orb_2_R,AAL3,MCI,case_vs_NC,Frontal2026,Orbital part of the inferior frontal gyrus bilateral,https://doi.org/10.3390/brainsci16030317,10.3390/brainsci16030317,gray matter or nucleus; see measurement,parent_region_extrapolation,higher,derived_Cohen_d_raw_means,0.164399,"n30/30; case=0.183±0.035, NC=0.176±0.049 %TIV; no subregion survives multiplicity correction",vol2Brain frontal regional volume as percentage TIV,Table2,Bilateral vol2Brain→AAL3 inference; raw d differs from age/sex-adjusted ANCOVA. Some printed adjusted CIs malformed and excluded.,not_significant_after_correction,Frontal2026:Orbital part of the inferior frontal gyrus bilateral:MCI:case_vs_NC
A00325,8,9,Frontal_Inf_Tri_L,AAL3,AD,case_vs_NC,Frontal2026,Triangular part of the inferior frontal gyrus bilateral,https://doi.org/10.3390/brainsci16030317,10.3390/brainsci16030317,gray matter or nucleus; see measurement,parent_region_extrapolation,lower,derived_Cohen_d_raw_means,-0.257652,"n30/30; case=0.418±0.063, NC=0.432±0.044 %TIV; no subregion survives multiplicity correction",vol2Brain frontal regional volume as percentage TIV,Table2,Bilateral vol2Brain→AAL3 inference; raw d differs from age/sex-adjusted ANCOVA. Some printed adjusted CIs malformed and excluded.,not_significant_after_correction,Frontal2026:Triangular part of the inferior frontal gyrus bilateral:AD:case_vs_NC
A00326,9,10,Frontal_Inf_Tri_R,AAL3,AD,case_vs_NC,Frontal2026,Triangular part of the inferior frontal gyrus bilateral,https://doi.org/10.3390/brainsci16030317,10.3390/brainsci16030317,gray matter or nucleus; see measurement,parent_region_extrapolation,lower,derived_Cohen_d_raw_means,-0.257652,"n30/30; case=0.418±0.063, NC=0.432±0.044 %TIV; no subregion survives multiplicity correction",vol2Brain frontal regional volume as percentage TIV,Table2,Bilateral vol2Brain→AAL3 inference; raw d differs from age/sex-adjusted ANCOVA. Some printed adjusted CIs malformed and excluded.,not_significant_after_correction,Frontal2026:Triangular part of the inferior frontal gyrus bilateral:AD:case_vs_NC
A00327,8,9,Frontal_Inf_Tri_L,AAL3,MCI,case_vs_NC,Frontal2026,Triangular part of the inferior frontal gyrus bilateral,https://doi.org/10.3390/brainsci16030317,10.3390/brainsci16030317,gray matter or nucleus; see measurement,parent_region_extrapolation,lower,derived_Cohen_d_raw_means,-0.207614,"n30/30; case=0.422±0.052, NC=0.432±0.044 %TIV; no subregion survives multiplicity correction",vol2Brain frontal regional volume as percentage TIV,Table2,Bilateral vol2Brain→AAL3 inference; raw d differs from age/sex-adjusted ANCOVA. Some printed adjusted CIs malformed and excluded.,not_significant_after_correction,Frontal2026:Triangular part of the inferior frontal gyrus bilateral:MCI:case_vs_NC
A00328,9,10,Frontal_Inf_Tri_R,AAL3,MCI,case_vs_NC,Frontal2026,Triangular part of the inferior frontal gyrus bilateral,https://doi.org/10.3390/brainsci16030317,10.3390/brainsci16030317,gray matter or nucleus; see measurement,parent_region_extrapolation,lower,derived_Cohen_d_raw_means,-0.207614,"n30/30; case=0.422±0.052, NC=0.432±0.044 %TIV; no subregion survives multiplicity correction",vol2Brain frontal regional volume as percentage TIV,Table2,Bilateral vol2Brain→AAL3 inference; raw d differs from age/sex-adjusted ANCOVA. Some printed adjusted CIs malformed and excluded.,not_significant_after_correction,Frontal2026:Triangular part of the inferior frontal gyrus bilateral:MCI:case_vs_NC
A00329,4,5,Frontal_Mid_2_L,AAL3,AD,case_vs_NC,Frontal2026,Middle frontal gyrus bilateral,https://doi.org/10.3390/brainsci16030317,10.3390/brainsci16030317,gray matter or nucleus; see measurement,parent_region_extrapolation,lower,derived_Cohen_d_raw_means,-1.005927,"n30/30; case=2.379±0.257, NC=2.603±0.182 %TIV; no subregion survives multiplicity correction",vol2Brain frontal regional volume as percentage TIV,Table2,Bilateral vol2Brain→AAL3 inference; raw d differs from age/sex-adjusted ANCOVA. Some printed adjusted CIs malformed and excluded.,not_significant_after_correction,Frontal2026:Middle frontal gyrus bilateral:AD:case_vs_NC
A00330,5,6,Frontal_Mid_2_R,AAL3,AD,case_vs_NC,Frontal2026,Middle frontal gyrus bilateral,https://doi.org/10.3390/brainsci16030317,10.3390/brainsci16030317,gray matter or nucleus; see measurement,parent_region_extrapolation,lower,derived_Cohen_d_raw_means,-1.005927,"n30/30; case=2.379±0.257, NC=2.603±0.182 %TIV; no subregion survives multiplicity correction",vol2Brain frontal regional volume as percentage TIV,Table2,Bilateral vol2Brain→AAL3 inference; raw d differs from age/sex-adjusted ANCOVA. Some printed adjusted CIs malformed and excluded.,not_significant_after_correction,Frontal2026:Middle frontal gyrus bilateral:AD:case_vs_NC
A00331,4,5,Frontal_Mid_2_L,AAL3,MCI,case_vs_NC,Frontal2026,Middle frontal gyrus bilateral,https://doi.org/10.3390/brainsci16030317,10.3390/brainsci16030317,gray matter or nucleus; see measurement,parent_region_extrapolation,lower,derived_Cohen_d_raw_means,-0.118631,"n30/30; case=2.578±0.236, NC=2.603±0.182 %TIV; no subregion survives multiplicity correction",vol2Brain frontal regional volume as percentage TIV,Table2,Bilateral vol2Brain→AAL3 inference; raw d differs from age/sex-adjusted ANCOVA. Some printed adjusted CIs malformed and excluded.,not_significant_after_correction,Frontal2026:Middle frontal gyrus bilateral:MCI:case_vs_NC
A00332,5,6,Frontal_Mid_2_R,AAL3,MCI,case_vs_NC,Frontal2026,Middle frontal gyrus bilateral,https://doi.org/10.3390/brainsci16030317,10.3390/brainsci16030317,gray matter or nucleus; see measurement,parent_region_extrapolation,lower,derived_Cohen_d_raw_means,-0.118631,"n30/30; case=2.578±0.236, NC=2.603±0.182 %TIV; no subregion survives multiplicity correction",vol2Brain frontal regional volume as percentage TIV,Table2,Bilateral vol2Brain→AAL3 inference; raw d differs from age/sex-adjusted ANCOVA. Some printed adjusted CIs malformed and excluded.,not_significant_after_correction,Frontal2026:Middle frontal gyrus bilateral:MCI:case_vs_NC
A00333,2,3,Frontal_Sup_2_L,AAL3,AD,case_vs_NC,Frontal2026,Superior frontal gyrus bilateral,https://doi.org/10.3390/brainsci16030317,10.3390/brainsci16030317,gray matter or nucleus; see measurement,parent_region_extrapolation,lower,derived_Cohen_d_raw_means,-0.456836,"n30/30; case=1.837±0.216, NC=1.925±0.166 %TIV; no subregion survives multiplicity correction",vol2Brain frontal regional volume as percentage TIV,Table2,Bilateral vol2Brain→AAL3 inference; raw d differs from age/sex-adjusted ANCOVA. Some printed adjusted CIs malformed and excluded.,not_significant_after_correction,Frontal2026:Superior frontal gyrus bilateral:AD:case_vs_NC
A00334,3,4,Frontal_Sup_2_R,AAL3,AD,case_vs_NC,Frontal2026,Superior frontal gyrus bilateral,https://doi.org/10.3390/brainsci16030317,10.3390/brainsci16030317,gray matter or nucleus; see measurement,parent_region_extrapolation,lower,derived_Cohen_d_raw_means,-0.456836,"n30/30; case=1.837±0.216, NC=1.925±0.166 %TIV; no subregion survives multiplicity correction",vol2Brain frontal regional volume as percentage TIV,Table2,Bilateral vol2Brain→AAL3 inference; raw d differs from age/sex-adjusted ANCOVA. Some printed adjusted CIs malformed and excluded.,not_significant_after_correction,Frontal2026:Superior frontal gyrus bilateral:AD:case_vs_NC
A00335,2,3,Frontal_Sup_2_L,AAL3,MCI,case_vs_NC,Frontal2026,Superior frontal gyrus bilateral,https://doi.org/10.3390/brainsci16030317,10.3390/brainsci16030317,gray matter or nucleus; see measurement,parent_region_extrapolation,higher,derived_Cohen_d_raw_means,0.253633,"n30/30; case=1.968±0.173, NC=1.925±0.166 %TIV; no subregion survives multiplicity correction",vol2Brain frontal regional volume as percentage TIV,Table2,Bilateral vol2Brain→AAL3 inference; raw d differs from age/sex-adjusted ANCOVA. Some printed adjusted CIs malformed and excluded.,not_significant_after_correction,Frontal2026:Superior frontal gyrus bilateral:MCI:case_vs_NC
A00336,3,4,Frontal_Sup_2_R,AAL3,MCI,case_vs_NC,Frontal2026,Superior frontal gyrus bilateral,https://doi.org/10.3390/brainsci16030317,10.3390/brainsci16030317,gray matter or nucleus; see measurement,parent_region_extrapolation,higher,derived_Cohen_d_raw_means,0.253633,"n30/30; case=1.968±0.173, NC=1.925±0.166 %TIV; no subregion survives multiplicity correction",vol2Brain frontal regional volume as percentage TIV,Table2,Bilateral vol2Brain→AAL3 inference; raw d differs from age/sex-adjusted ANCOVA. Some printed adjusted CIs malformed and excluded.,not_significant_after_correction,Frontal2026:Superior frontal gyrus bilateral:MCI:case_vs_NC
A00337,26,27,OFCant_L,AAL3,AD,case_vs_NC,Frontal2026,Anterior orbital gyrus bilateral,https://doi.org/10.3390/brainsci16030317,10.3390/brainsci16030317,gray matter or nucleus; see measurement,parent_region_extrapolation,lower,derived_Cohen_d_raw_means,-0.663262,"n30/30; case=0.25±0.038, NC=0.273±0.031 %TIV; no subregion survives multiplicity correction",vol2Brain frontal regional volume as percentage TIV,Table2,Bilateral vol2Brain→AAL3 inference; raw d differs from age/sex-adjusted ANCOVA. Some printed adjusted CIs malformed and excluded.,not_significant_after_correction,Frontal2026:Anterior orbital gyrus bilateral:AD:case_vs_NC
A00338,27,28,OFCant_R,AAL3,AD,case_vs_NC,Frontal2026,Anterior orbital gyrus bilateral,https://doi.org/10.3390/brainsci16030317,10.3390/brainsci16030317,gray matter or nucleus; see measurement,parent_region_extrapolation,lower,derived_Cohen_d_raw_means,-0.663262,"n30/30; case=0.25±0.038, NC=0.273±0.031 %TIV; no subregion survives multiplicity correction",vol2Brain frontal regional volume as percentage TIV,Table2,Bilateral vol2Brain→AAL3 inference; raw d differs from age/sex-adjusted ANCOVA. Some printed adjusted CIs malformed and excluded.,not_significant_after_correction,Frontal2026:Anterior orbital gyrus bilateral:AD:case_vs_NC
A00339,26,27,OFCant_L,AAL3,MCI,case_vs_NC,Frontal2026,Anterior orbital gyrus bilateral,https://doi.org/10.3390/brainsci16030317,10.3390/brainsci16030317,gray matter or nucleus; see measurement,parent_region_extrapolation,higher,derived_Cohen_d_raw_means,0.17032,"n30/30; case=0.279±0.039, NC=0.273±0.031 %TIV; no subregion survives multiplicity correction",vol2Brain frontal regional volume as percentage TIV,Table2,Bilateral vol2Brain→AAL3 inference; raw d differs from age/sex-adjusted ANCOVA. Some printed adjusted CIs malformed and excluded.,not_significant_after_correction,Frontal2026:Anterior orbital gyrus bilateral:MCI:case_vs_NC
A00340,27,28,OFCant_R,AAL3,MCI,case_vs_NC,Frontal2026,Anterior orbital gyrus bilateral,https://doi.org/10.3390/brainsci16030317,10.3390/brainsci16030317,gray matter or nucleus; see measurement,parent_region_extrapolation,higher,derived_Cohen_d_raw_means,0.17032,"n30/30; case=0.279±0.039, NC=0.273±0.031 %TIV; no subregion survives multiplicity correction",vol2Brain frontal regional volume as percentage TIV,Table2,Bilateral vol2Brain→AAL3 inference; raw d differs from age/sex-adjusted ANCOVA. Some printed adjusted CIs malformed and excluded.,not_significant_after_correction,Frontal2026:Anterior orbital gyrus bilateral:MCI:case_vs_NC
A00341,28,29,OFCpost_L,AAL3,AD,case_vs_NC,Frontal2026,Posterior orbital gyrus bilateral,https://doi.org/10.3390/brainsci16030317,10.3390/brainsci16030317,gray matter or nucleus; see measurement,parent_region_extrapolation,lower,derived_Cohen_d_raw_means,-0.861479,"n30/30; case=0.367±0.052, NC=0.414±0.057 %TIV; no subregion survives multiplicity correction",vol2Brain frontal regional volume as percentage TIV,Table2,Bilateral vol2Brain→AAL3 inference; raw d differs from age/sex-adjusted ANCOVA. Some printed adjusted CIs malformed and excluded.,not_significant_after_correction,Frontal2026:Posterior orbital gyrus bilateral:AD:case_vs_NC
A00342,29,30,OFCpost_R,AAL3,AD,case_vs_NC,Frontal2026,Posterior orbital gyrus bilateral,https://doi.org/10.3390/brainsci16030317,10.3390/brainsci16030317,gray matter or nucleus; see measurement,parent_region_extrapolation,lower,derived_Cohen_d_raw_means,-0.861479,"n30/30; case=0.367±0.052, NC=0.414±0.057 %TIV; no subregion survives multiplicity correction",vol2Brain frontal regional volume as percentage TIV,Table2,Bilateral vol2Brain→AAL3 inference; raw d differs from age/sex-adjusted ANCOVA. Some printed adjusted CIs malformed and excluded.,not_significant_after_correction,Frontal2026:Posterior orbital gyrus bilateral:AD:case_vs_NC
A00343,28,29,OFCpost_L,AAL3,MCI,case_vs_NC,Frontal2026,Posterior orbital gyrus bilateral,https://doi.org/10.3390/brainsci16030317,10.3390/brainsci16030317,gray matter or nucleus; see measurement,parent_region_extrapolation,lower,derived_Cohen_d_raw_means,-0.467107,"n30/30; case=0.391±0.04, NC=0.414±0.057 %TIV; no subregion survives multiplicity correction",vol2Brain frontal regional volume as percentage TIV,Table2,Bilateral vol2Brain→AAL3 inference; raw d differs from age/sex-adjusted ANCOVA. Some printed adjusted CIs malformed and excluded.,not_significant_after_correction,Frontal2026:Posterior orbital gyrus bilateral:MCI:case_vs_NC
A00344,29,30,OFCpost_R,AAL3,MCI,case_vs_NC,Frontal2026,Posterior orbital gyrus bilateral,https://doi.org/10.3390/brainsci16030317,10.3390/brainsci16030317,gray matter or nucleus; see measurement,parent_region_extrapolation,lower,derived_Cohen_d_raw_means,-0.467107,"n30/30; case=0.391±0.04, NC=0.414±0.057 %TIV; no subregion survives multiplicity correction",vol2Brain frontal regional volume as percentage TIV,Table2,Bilateral vol2Brain→AAL3 inference; raw d differs from age/sex-adjusted ANCOVA. Some printed adjusted CIs malformed and excluded.,not_significant_after_correction,Frontal2026:Posterior orbital gyrus bilateral:MCI:case_vs_NC
A00345,30,31,OFClat_L,AAL3,AD,case_vs_NC,Frontal2026,Lateral orbital gyrus bilateral,https://doi.org/10.3390/brainsci16030317,10.3390/brainsci16030317,gray matter or nucleus; see measurement,parent_region_extrapolation,lower,derived_Cohen_d_raw_means,-0.270308,"n30/30; case=0.264±0.057, NC=0.278±0.046 %TIV; no subregion survives multiplicity correction",vol2Brain frontal regional volume as percentage TIV,Table2,Bilateral vol2Brain→AAL3 inference; raw d differs from age/sex-adjusted ANCOVA. Some printed adjusted CIs malformed and excluded.,not_significant_after_correction,Frontal2026:Lateral orbital gyrus bilateral:AD:case_vs_NC
A00346,31,32,OFClat_R,AAL3,AD,case_vs_NC,Frontal2026,Lateral orbital gyrus bilateral,https://doi.org/10.3390/brainsci16030317,10.3390/brainsci16030317,gray matter or nucleus; see measurement,parent_region_extrapolation,lower,derived_Cohen_d_raw_means,-0.270308,"n30/30; case=0.264±0.057, NC=0.278±0.046 %TIV; no subregion survives multiplicity correction",vol2Brain frontal regional volume as percentage TIV,Table2,Bilateral vol2Brain→AAL3 inference; raw d differs from age/sex-adjusted ANCOVA. Some printed adjusted CIs malformed and excluded.,not_significant_after_correction,Frontal2026:Lateral orbital gyrus bilateral:AD:case_vs_NC
A00347,30,31,OFClat_L,AAL3,MCI,case_vs_NC,Frontal2026,Lateral orbital gyrus bilateral,https://doi.org/10.3390/brainsci16030317,10.3390/brainsci16030317,gray matter or nucleus; see measurement,parent_region_extrapolation,lower,derived_Cohen_d_raw_means,-0.047912,"n30/30; case=0.276±0.037, NC=0.278±0.046 %TIV; no subregion survives multiplicity correction",vol2Brain frontal regional volume as percentage TIV,Table2,Bilateral vol2Brain→AAL3 inference; raw d differs from age/sex-adjusted ANCOVA. Some printed adjusted CIs malformed and excluded.,not_significant_after_correction,Frontal2026:Lateral orbital gyrus bilateral:MCI:case_vs_NC
A00348,31,32,OFClat_R,AAL3,MCI,case_vs_NC,Frontal2026,Lateral orbital gyrus bilateral,https://doi.org/10.3390/brainsci16030317,10.3390/brainsci16030317,gray matter or nucleus; see measurement,parent_region_extrapolation,lower,derived_Cohen_d_raw_means,-0.047912,"n30/30; case=0.276±0.037, NC=0.278±0.046 %TIV; no subregion survives multiplicity correction",vol2Brain frontal regional volume as percentage TIV,Table2,Bilateral vol2Brain→AAL3 inference; raw d differs from age/sex-adjusted ANCOVA. Some printed adjusted CIs malformed and excluded.,not_significant_after_correction,Frontal2026:Lateral orbital gyrus bilateral:MCI:case_vs_NC
A00349,24,25,OFCmed_L,AAL3,AD,case_vs_NC,Frontal2026,Medial orbital gyrus bilateral,https://doi.org/10.3390/brainsci16030317,10.3390/brainsci16030317,gray matter or nucleus; see measurement,parent_region_extrapolation,lower,derived_Cohen_d_raw_means,-0.244587,"n30/30; case=0.56±0.057, NC=0.573±0.049 %TIV; no subregion survives multiplicity correction",vol2Brain frontal regional volume as percentage TIV,Table2,Bilateral vol2Brain→AAL3 inference; raw d differs from age/sex-adjusted ANCOVA. Some printed adjusted CIs malformed and excluded.,not_significant_after_correction,Frontal2026:Medial orbital gyrus bilateral:AD:case_vs_NC
A00350,25,26,OFCmed_R,AAL3,AD,case_vs_NC,Frontal2026,Medial orbital gyrus bilateral,https://doi.org/10.3390/brainsci16030317,10.3390/brainsci16030317,gray matter or nucleus; see measurement,parent_region_extrapolation,lower,derived_Cohen_d_raw_means,-0.244587,"n30/30; case=0.56±0.057, NC=0.573±0.049 %TIV; no subregion survives multiplicity correction",vol2Brain frontal regional volume as percentage TIV,Table2,Bilateral vol2Brain→AAL3 inference; raw d differs from age/sex-adjusted ANCOVA. Some printed adjusted CIs malformed and excluded.,not_significant_after_correction,Frontal2026:Medial orbital gyrus bilateral:AD:case_vs_NC
A00351,24,25,OFCmed_L,AAL3,MCI,case_vs_NC,Frontal2026,Medial orbital gyrus bilateral,https://doi.org/10.3390/brainsci16030317,10.3390/brainsci16030317,gray matter or nucleus; see measurement,parent_region_extrapolation,higher,derived_Cohen_d_raw_means,0.061224,"n30/30; case=0.576±0.049, NC=0.573±0.049 %TIV; no subregion survives multiplicity correction",vol2Brain frontal regional volume as percentage TIV,Table2,Bilateral vol2Brain→AAL3 inference; raw d differs from age/sex-adjusted ANCOVA. Some printed adjusted CIs malformed and excluded.,not_significant_after_correction,Frontal2026:Medial orbital gyrus bilateral:MCI:case_vs_NC
A00352,25,26,OFCmed_R,AAL3,MCI,case_vs_NC,Frontal2026,Medial orbital gyrus bilateral,https://doi.org/10.3390/brainsci16030317,10.3390/brainsci16030317,gray matter or nucleus; see measurement,parent_region_extrapolation,higher,derived_Cohen_d_raw_means,0.061224,"n30/30; case=0.576±0.049, NC=0.573±0.049 %TIV; no subregion survives multiplicity correction",vol2Brain frontal regional volume as percentage TIV,Table2,Bilateral vol2Brain→AAL3 inference; raw d differs from age/sex-adjusted ANCOVA. Some printed adjusted CIs malformed and excluded.,not_significant_after_correction,Frontal2026:Medial orbital gyrus bilateral:MCI:case_vs_NC
A00353,0,1,Precentral_L,AAL3,AD,case_vs_NC,Frontal2026,Precentral gyrus bilateral,https://doi.org/10.3390/brainsci16030317,10.3390/brainsci16030317,gray matter or nucleus; see measurement,parent_region_extrapolation,lower,derived_Cohen_d_raw_means,-0.773103,"n30/30; case=1.685±0.18, NC=1.808±0.135 %TIV; no subregion survives multiplicity correction",vol2Brain frontal regional volume as percentage TIV,Table2,Bilateral vol2Brain→AAL3 inference; raw d differs from age/sex-adjusted ANCOVA. Some printed adjusted CIs malformed and excluded.,not_significant_after_correction,Frontal2026:Precentral gyrus bilateral:AD:case_vs_NC
A00354,1,2,Precentral_R,AAL3,AD,case_vs_NC,Frontal2026,Precentral gyrus bilateral,https://doi.org/10.3390/brainsci16030317,10.3390/brainsci16030317,gray matter or nucleus; see measurement,parent_region_extrapolation,lower,derived_Cohen_d_raw_means,-0.773103,"n30/30; case=1.685±0.18, NC=1.808±0.135 %TIV; no subregion survives multiplicity correction",vol2Brain frontal regional volume as percentage TIV,Table2,Bilateral vol2Brain→AAL3 inference; raw d differs from age/sex-adjusted ANCOVA. Some printed adjusted CIs malformed and excluded.,not_significant_after_correction,Frontal2026:Precentral gyrus bilateral:AD:case_vs_NC
A00355,0,1,Precentral_L,AAL3,MCI,case_vs_NC,Frontal2026,Precentral gyrus bilateral,https://doi.org/10.3390/brainsci16030317,10.3390/brainsci16030317,gray matter or nucleus; see measurement,parent_region_extrapolation,lower,derived_Cohen_d_raw_means,-0.402906,"n30/30; case=1.753±0.138, NC=1.808±0.135 %TIV; no subregion survives multiplicity correction",vol2Brain frontal regional volume as percentage TIV,Table2,Bilateral vol2Brain→AAL3 inference; raw d differs from age/sex-adjusted ANCOVA. Some printed adjusted CIs malformed and excluded.,not_significant_after_correction,Frontal2026:Precentral gyrus bilateral:MCI:case_vs_NC
A00356,1,2,Precentral_R,AAL3,MCI,case_vs_NC,Frontal2026,Precentral gyrus bilateral,https://doi.org/10.3390/brainsci16030317,10.3390/brainsci16030317,gray matter or nucleus; see measurement,parent_region_extrapolation,lower,derived_Cohen_d_raw_means,-0.402906,"n30/30; case=1.753±0.138, NC=1.808±0.135 %TIV; no subregion survives multiplicity correction",vol2Brain frontal regional volume as percentage TIV,Table2,Bilateral vol2Brain→AAL3 inference; raw d differs from age/sex-adjusted ANCOVA. Some printed adjusted CIs malformed and excluded.,not_significant_after_correction,Frontal2026:Precentral gyrus bilateral:MCI:case_vs_NC
A00357,146,151,ACC_sub_L,AAL3,AD,case_vs_NC,Frontal2026,Subcallosal area bilateral,https://doi.org/10.3390/brainsci16030317,10.3390/brainsci16030317,gray matter or nucleus; see measurement,parent_region_extrapolation,lower,derived_Cohen_d_raw_means,-0.142766,"n30/30; case=0.189±0.029, NC=0.193±0.027 %TIV; no subregion survives multiplicity correction",vol2Brain frontal regional volume as percentage TIV,Table2,Bilateral vol2Brain→AAL3 inference; raw d differs from age/sex-adjusted ANCOVA. Some printed adjusted CIs malformed and excluded.,not_significant_after_correction,Frontal2026:Subcallosal area bilateral:AD:case_vs_NC
A00358,147,152,ACC_sub_R,AAL3,AD,case_vs_NC,Frontal2026,Subcallosal area bilateral,https://doi.org/10.3390/brainsci16030317,10.3390/brainsci16030317,gray matter or nucleus; see measurement,parent_region_extrapolation,lower,derived_Cohen_d_raw_means,-0.142766,"n30/30; case=0.189±0.029, NC=0.193±0.027 %TIV; no subregion survives multiplicity correction",vol2Brain frontal regional volume as percentage TIV,Table2,Bilateral vol2Brain→AAL3 inference; raw d differs from age/sex-adjusted ANCOVA. Some printed adjusted CIs malformed and excluded.,not_significant_after_correction,Frontal2026:Subcallosal area bilateral:AD:case_vs_NC
A00359,146,151,ACC_sub_L,AAL3,MCI,case_vs_NC,Frontal2026,Subcallosal area bilateral,https://doi.org/10.3390/brainsci16030317,10.3390/brainsci16030317,gray matter or nucleus; see measurement,parent_region_extrapolation,higher,derived_Cohen_d_raw_means,0.206406,"n30/30; case=0.199±0.031, NC=0.193±0.027 %TIV; no subregion survives multiplicity correction",vol2Brain frontal regional volume as percentage TIV,Table2,Bilateral vol2Brain→AAL3 inference; raw d differs from age/sex-adjusted ANCOVA. Some printed adjusted CIs malformed and excluded.,not_significant_after_correction,Frontal2026:Subcallosal area bilateral:MCI:case_vs_NC
A00360,147,152,ACC_sub_R,AAL3,MCI,case_vs_NC,Frontal2026,Subcallosal area bilateral,https://doi.org/10.3390/brainsci16030317,10.3390/brainsci16030317,gray matter or nucleus; see measurement,parent_region_extrapolation,higher,derived_Cohen_d_raw_means,0.206406,"n30/30; case=0.199±0.031, NC=0.193±0.027 %TIV; no subregion survives multiplicity correction",vol2Brain frontal regional volume as percentage TIV,Table2,Bilateral vol2Brain→AAL3 inference; raw d differs from age/sex-adjusted ANCOVA. Some printed adjusted CIs malformed and excluded.,not_significant_after_correction,Frontal2026:Subcallosal area bilateral:MCI:case_vs_NC
A00361,70,73,Paracentral_Lobule_L,AAL3,AD,case_vs_NC,Frontal2026,Precentral gyrus medial segment bilateral,https://doi.org/10.3390/brainsci16030317,10.3390/brainsci16030317,gray matter or nucleus; see measurement,parent_region_extrapolation,lower,derived_Cohen_d_raw_means,-0.433452,"n30/30; case=0.384±0.043, NC=0.402±0.04 %TIV; no subregion survives multiplicity correction",vol2Brain frontal regional volume as percentage TIV,Table2,Bilateral vol2Brain→AAL3 inference; raw d differs from age/sex-adjusted ANCOVA. Some printed adjusted CIs malformed and excluded.,not_significant_after_correction,Frontal2026:Precentral gyrus medial segment bilateral:AD:case_vs_NC
A00362,71,74,Paracentral_Lobule_R,AAL3,AD,case_vs_NC,Frontal2026,Precentral gyrus medial segment bilateral,https://doi.org/10.3390/brainsci16030317,10.3390/brainsci16030317,gray matter or nucleus; see measurement,parent_region_extrapolation,lower,derived_Cohen_d_raw_means,-0.433452,"n30/30; case=0.384±0.043, NC=0.402±0.04 %TIV; no subregion survives multiplicity correction",vol2Brain frontal regional volume as percentage TIV,Table2,Bilateral vol2Brain→AAL3 inference; raw d differs from age/sex-adjusted ANCOVA. Some printed adjusted CIs malformed and excluded.,not_significant_after_correction,Frontal2026:Precentral gyrus medial segment bilateral:AD:case_vs_NC
A00363,70,73,Paracentral_Lobule_L,AAL3,MCI,case_vs_NC,Frontal2026,Precentral gyrus medial segment bilateral,https://doi.org/10.3390/brainsci16030317,10.3390/brainsci16030317,gray matter or nucleus; see measurement,parent_region_extrapolation,lower,derived_Cohen_d_raw_means,-0.575,"n30/30; case=0.379±0.04, NC=0.402±0.04 %TIV; no subregion survives multiplicity correction",vol2Brain frontal regional volume as percentage TIV,Table2,Bilateral vol2Brain→AAL3 inference; raw d differs from age/sex-adjusted ANCOVA. Some printed adjusted CIs malformed and excluded.,not_significant_after_correction,Frontal2026:Precentral gyrus medial segment bilateral:MCI:case_vs_NC
A00364,71,74,Paracentral_Lobule_R,AAL3,MCI,case_vs_NC,Frontal2026,Precentral gyrus medial segment bilateral,https://doi.org/10.3390/brainsci16030317,10.3390/brainsci16030317,gray matter or nucleus; see measurement,parent_region_extrapolation,lower,derived_Cohen_d_raw_means,-0.575,"n30/30; case=0.379±0.04, NC=0.402±0.04 %TIV; no subregion survives multiplicity correction",vol2Brain frontal regional volume as percentage TIV,Table2,Bilateral vol2Brain→AAL3 inference; raw d differs from age/sex-adjusted ANCOVA. Some printed adjusted CIs malformed and excluded.,not_significant_after_correction,Frontal2026:Precentral gyrus medial segment bilateral:MCI:case_vs_NC
A00365,18,19,Frontal_Sup_Medial_L,AAL3,AD,case_vs_NC,Frontal2026,Superior frontal gyrus medial segment bilateral,https://doi.org/10.3390/brainsci16030317,10.3390/brainsci16030317,gray matter or nucleus; see measurement,parent_region_extrapolation,lower,derived_Cohen_d_raw_means,-0.699105,"n30/30; case=0.782±0.099, NC=0.844±0.077 %TIV; no subregion survives multiplicity correction",vol2Brain frontal regional volume as percentage TIV,Table2,Bilateral vol2Brain→AAL3 inference; raw d differs from age/sex-adjusted ANCOVA. Some printed adjusted CIs malformed and excluded.,not_significant_after_correction,Frontal2026:Superior frontal gyrus medial segment bilateral:AD:case_vs_NC
A00366,19,20,Frontal_Sup_Medial_R,AAL3,AD,case_vs_NC,Frontal2026,Superior frontal gyrus medial segment bilateral,https://doi.org/10.3390/brainsci16030317,10.3390/brainsci16030317,gray matter or nucleus; see measurement,parent_region_extrapolation,lower,derived_Cohen_d_raw_means,-0.699105,"n30/30; case=0.782±0.099, NC=0.844±0.077 %TIV; no subregion survives multiplicity correction",vol2Brain frontal regional volume as percentage TIV,Table2,Bilateral vol2Brain→AAL3 inference; raw d differs from age/sex-adjusted ANCOVA. Some printed adjusted CIs malformed and excluded.,not_significant_after_correction,Frontal2026:Superior frontal gyrus medial segment bilateral:AD:case_vs_NC
A00367,18,19,Frontal_Sup_Medial_L,AAL3,MCI,case_vs_NC,Frontal2026,Superior frontal gyrus medial segment bilateral,https://doi.org/10.3390/brainsci16030317,10.3390/brainsci16030317,gray matter or nucleus; see measurement,parent_region_extrapolation,lower,derived_Cohen_d_raw_means,-0.024982,"n30/30; case=0.842±0.083, NC=0.844±0.077 %TIV; no subregion survives multiplicity correction",vol2Brain frontal regional volume as percentage TIV,Table2,Bilateral vol2Brain→AAL3 inference; raw d differs from age/sex-adjusted ANCOVA. Some printed adjusted CIs malformed and excluded.,not_significant_after_correction,Frontal2026:Superior frontal gyrus medial segment bilateral:MCI:case_vs_NC
A00368,19,20,Frontal_Sup_Medial_R,AAL3,MCI,case_vs_NC,Frontal2026,Superior frontal gyrus medial segment bilateral,https://doi.org/10.3390/brainsci16030317,10.3390/brainsci16030317,gray matter or nucleus; see measurement,parent_region_extrapolation,lower,derived_Cohen_d_raw_means,-0.024982,"n30/30; case=0.842±0.083, NC=0.844±0.077 %TIV; no subregion survives multiplicity correction",vol2Brain frontal regional volume as percentage TIV,Table2,Bilateral vol2Brain→AAL3 inference; raw d differs from age/sex-adjusted ANCOVA. Some printed adjusted CIs malformed and excluded.,not_significant_after_correction,Frontal2026:Superior frontal gyrus medial segment bilateral:MCI:case_vs_NC
A00369,14,15,Supp_Motor_Area_L,AAL3,AD,case_vs_NC,Frontal2026,Supplementary motor cortex bilateral,https://doi.org/10.3390/brainsci16030317,10.3390/brainsci16030317,gray matter or nucleus; see measurement,parent_region_extrapolation,lower,derived_Cohen_d_raw_means,-0.355079,"n30/30; case=0.678±0.064, NC=0.702±0.071 %TIV; no subregion survives multiplicity correction",vol2Brain frontal regional volume as percentage TIV,Table2,Bilateral vol2Brain→AAL3 inference; raw d differs from age/sex-adjusted ANCOVA. Some printed adjusted CIs malformed and excluded.,not_significant_after_correction,Frontal2026:Supplementary motor cortex bilateral:AD:case_vs_NC
A00370,15,16,Supp_Motor_Area_R,AAL3,AD,case_vs_NC,Frontal2026,Supplementary motor cortex bilateral,https://doi.org/10.3390/brainsci16030317,10.3390/brainsci16030317,gray matter or nucleus; see measurement,parent_region_extrapolation,lower,derived_Cohen_d_raw_means,-0.355079,"n30/30; case=0.678±0.064, NC=0.702±0.071 %TIV; no subregion survives multiplicity correction",vol2Brain frontal regional volume as percentage TIV,Table2,Bilateral vol2Brain→AAL3 inference; raw d differs from age/sex-adjusted ANCOVA. Some printed adjusted CIs malformed and excluded.,not_significant_after_correction,Frontal2026:Supplementary motor cortex bilateral:AD:case_vs_NC
A00371,14,15,Supp_Motor_Area_L,AAL3,MCI,case_vs_NC,Frontal2026,Supplementary motor cortex bilateral,https://doi.org/10.3390/brainsci16030317,10.3390/brainsci16030317,gray matter or nucleus; see measurement,parent_region_extrapolation,higher,derived_Cohen_d_raw_means,0.110321,"n30/30; case=0.71±0.074, NC=0.702±0.071 %TIV; no subregion survives multiplicity correction",vol2Brain frontal regional volume as percentage TIV,Table2,Bilateral vol2Brain→AAL3 inference; raw d differs from age/sex-adjusted ANCOVA. Some printed adjusted CIs malformed and excluded.,not_significant_after_correction,Frontal2026:Supplementary motor cortex bilateral:MCI:case_vs_NC
A00372,15,16,Supp_Motor_Area_R,AAL3,MCI,case_vs_NC,Frontal2026,Supplementary motor cortex bilateral,https://doi.org/10.3390/brainsci16030317,10.3390/brainsci16030317,gray matter or nucleus; see measurement,parent_region_extrapolation,higher,derived_Cohen_d_raw_means,0.110321,"n30/30; case=0.71±0.074, NC=0.702±0.071 %TIV; no subregion survives multiplicity correction",vol2Brain frontal regional volume as percentage TIV,Table2,Bilateral vol2Brain→AAL3 inference; raw d differs from age/sex-adjusted ANCOVA. Some printed adjusted CIs malformed and excluded.,not_significant_after_correction,Frontal2026:Supplementary motor cortex bilateral:MCI:case_vs_NC
A00373,90,95,Cerebellum_Crus1_L,AAL3,AD,case_vs_NC,Fjell2010,whole cerebellar cortex,https://pmc.ncbi.nlm.nih.gov/articles/PMC2828879/,10.1523/JNEUROSCI.3785-09.2010,gray matter or nucleus; see measurement,parent_region_extrapolation,lower,reported_Cohen_D_case_minus_NC,-0.4,NS at source threshold; no CI,FreeSurfer subcortical volume; cortical thickness reported separately,Table2,Whole cerebellar cortex average does not determine individual lobule effects.,not_significant,Fjell2010:whole cerebellar cortex:AD:case_vs_NC
A00374,91,96,Cerebellum_Crus1_R,AAL3,AD,case_vs_NC,Fjell2010,whole cerebellar cortex,https://pmc.ncbi.nlm.nih.gov/articles/PMC2828879/,10.1523/JNEUROSCI.3785-09.2010,gray matter or nucleus; see measurement,parent_region_extrapolation,lower,reported_Cohen_D_case_minus_NC,-0.4,NS at source threshold; no CI,FreeSurfer subcortical volume; cortical thickness reported separately,Table2,Whole cerebellar cortex average does not determine individual lobule effects.,not_significant,Fjell2010:whole cerebellar cortex:AD:case_vs_NC
A00375,92,97,Cerebellum_Crus2_L,AAL3,AD,case_vs_NC,Fjell2010,whole cerebellar cortex,https://pmc.ncbi.nlm.nih.gov/articles/PMC2828879/,10.1523/JNEUROSCI.3785-09.2010,gray matter or nucleus; see measurement,parent_region_extrapolation,lower,reported_Cohen_D_case_minus_NC,-0.4,NS at source threshold; no CI,FreeSurfer subcortical volume; cortical thickness reported separately,Table2,Whole cerebellar cortex average does not determine individual lobule effects.,not_significant,Fjell2010:whole cerebellar cortex:AD:case_vs_NC
A00376,93,98,Cerebellum_Crus2_R,AAL3,AD,case_vs_NC,Fjell2010,whole cerebellar cortex,https://pmc.ncbi.nlm.nih.gov/articles/PMC2828879/,10.1523/JNEUROSCI.3785-09.2010,gray matter or nucleus; see measurement,parent_region_extrapolation,lower,reported_Cohen_D_case_minus_NC,-0.4,NS at source threshold; no CI,FreeSurfer subcortical volume; cortical thickness reported separately,Table2,Whole cerebellar cortex average does not determine individual lobule effects.,not_significant,Fjell2010:whole cerebellar cortex:AD:case_vs_NC
A00377,94,99,Cerebellum_3_L,AAL3,AD,case_vs_NC,Fjell2010,whole cerebellar cortex,https://pmc.ncbi.nlm.nih.gov/articles/PMC2828879/,10.1523/JNEUROSCI.3785-09.2010,gray matter or nucleus; see measurement,parent_region_extrapolation,lower,reported_Cohen_D_case_minus_NC,-0.4,NS at source threshold; no CI,FreeSurfer subcortical volume; cortical thickness reported separately,Table2,Whole cerebellar cortex average does not determine individual lobule effects.,not_significant,Fjell2010:whole cerebellar cortex:AD:case_vs_NC
A00378,95,100,Cerebellum_3_R,AAL3,AD,case_vs_NC,Fjell2010,whole cerebellar cortex,https://pmc.ncbi.nlm.nih.gov/articles/PMC2828879/,10.1523/JNEUROSCI.3785-09.2010,gray matter or nucleus; see measurement,parent_region_extrapolation,lower,reported_Cohen_D_case_minus_NC,-0.4,NS at source threshold; no CI,FreeSurfer subcortical volume; cortical thickness reported separately,Table2,Whole cerebellar cortex average does not determine individual lobule effects.,not_significant,Fjell2010:whole cerebellar cortex:AD:case_vs_NC
A00379,96,101,Cerebellum_4_5_L,AAL3,AD,case_vs_NC,Fjell2010,whole cerebellar cortex,https://pmc.ncbi.nlm.nih.gov/articles/PMC2828879/,10.1523/JNEUROSCI.3785-09.2010,gray matter or nucleus; see measurement,parent_region_extrapolation,lower,reported_Cohen_D_case_minus_NC,-0.4,NS at source threshold; no CI,FreeSurfer subcortical volume; cortical thickness reported separately,Table2,Whole cerebellar cortex average does not determine individual lobule effects.,not_significant,Fjell2010:whole cerebellar cortex:AD:case_vs_NC
A00380,97,102,Cerebellum_4_5_R,AAL3,AD,case_vs_NC,Fjell2010,whole cerebellar cortex,https://pmc.ncbi.nlm.nih.gov/articles/PMC2828879/,10.1523/JNEUROSCI.3785-09.2010,gray matter or nucleus; see measurement,parent_region_extrapolation,lower,reported_Cohen_D_case_minus_NC,-0.4,NS at source threshold; no CI,FreeSurfer subcortical volume; cortical thickness reported separately,Table2,Whole cerebellar cortex average does not determine individual lobule effects.,not_significant,Fjell2010:whole cerebellar cortex:AD:case_vs_NC
A00381,98,103,Cerebellum_6_L,AAL3,AD,case_vs_NC,Fjell2010,whole cerebellar cortex,https://pmc.ncbi.nlm.nih.gov/articles/PMC2828879/,10.1523/JNEUROSCI.3785-09.2010,gray matter or nucleus; see measurement,parent_region_extrapolation,lower,reported_Cohen_D_case_minus_NC,-0.4,NS at source threshold; no CI,FreeSurfer subcortical volume; cortical thickness reported separately,Table2,Whole cerebellar cortex average does not determine individual lobule effects.,not_significant,Fjell2010:whole cerebellar cortex:AD:case_vs_NC
A00382,99,104,Cerebellum_6_R,AAL3,AD,case_vs_NC,Fjell2010,whole cerebellar cortex,https://pmc.ncbi.nlm.nih.gov/articles/PMC2828879/,10.1523/JNEUROSCI.3785-09.2010,gray matter or nucleus; see measurement,parent_region_extrapolation,lower,reported_Cohen_D_case_minus_NC,-0.4,NS at source threshold; no CI,FreeSurfer subcortical volume; cortical thickness reported separately,Table2,Whole cerebellar cortex average does not determine individual lobule effects.,not_significant,Fjell2010:whole cerebellar cortex:AD:case_vs_NC
A00383,100,105,Cerebellum_7b_L,AAL3,AD,case_vs_NC,Fjell2010,whole cerebellar cortex,https://pmc.ncbi.nlm.nih.gov/articles/PMC2828879/,10.1523/JNEUROSCI.3785-09.2010,gray matter or nucleus; see measurement,parent_region_extrapolation,lower,reported_Cohen_D_case_minus_NC,-0.4,NS at source threshold; no CI,FreeSurfer subcortical volume; cortical thickness reported separately,Table2,Whole cerebellar cortex average does not determine individual lobule effects.,not_significant,Fjell2010:whole cerebellar cortex:AD:case_vs_NC
A00384,101,106,Cerebellum_7b_R,AAL3,AD,case_vs_NC,Fjell2010,whole cerebellar cortex,https://pmc.ncbi.nlm.nih.gov/articles/PMC2828879/,10.1523/JNEUROSCI.3785-09.2010,gray matter or nucleus; see measurement,parent_region_extrapolation,lower,reported_Cohen_D_case_minus_NC,-0.4,NS at source threshold; no CI,FreeSurfer subcortical volume; cortical thickness reported separately,Table2,Whole cerebellar cortex average does not determine individual lobule effects.,not_significant,Fjell2010:whole cerebellar cortex:AD:case_vs_NC
A00385,102,107,Cerebellum_8_L,AAL3,AD,case_vs_NC,Fjell2010,whole cerebellar cortex,https://pmc.ncbi.nlm.nih.gov/articles/PMC2828879/,10.1523/JNEUROSCI.3785-09.2010,gray matter or nucleus; see measurement,parent_region_extrapolation,lower,reported_Cohen_D_case_minus_NC,-0.4,NS at source threshold; no CI,FreeSurfer subcortical volume; cortical thickness reported separately,Table2,Whole cerebellar cortex average does not determine individual lobule effects.,not_significant,Fjell2010:whole cerebellar cortex:AD:case_vs_NC
A00386,103,108,Cerebellum_8_R,AAL3,AD,case_vs_NC,Fjell2010,whole cerebellar cortex,https://pmc.ncbi.nlm.nih.gov/articles/PMC2828879/,10.1523/JNEUROSCI.3785-09.2010,gray matter or nucleus; see measurement,parent_region_extrapolation,lower,reported_Cohen_D_case_minus_NC,-0.4,NS at source threshold; no CI,FreeSurfer subcortical volume; cortical thickness reported separately,Table2,Whole cerebellar cortex average does not determine individual lobule effects.,not_significant,Fjell2010:whole cerebellar cortex:AD:case_vs_NC
A00387,104,109,Cerebellum_9_L,AAL3,AD,case_vs_NC,Fjell2010,whole cerebellar cortex,https://pmc.ncbi.nlm.nih.gov/articles/PMC2828879/,10.1523/JNEUROSCI.3785-09.2010,gray matter or nucleus; see measurement,parent_region_extrapolation,lower,reported_Cohen_D_case_minus_NC,-0.4,NS at source threshold; no CI,FreeSurfer subcortical volume; cortical thickness reported separately,Table2,Whole cerebellar cortex average does not determine individual lobule effects.,not_significant,Fjell2010:whole cerebellar cortex:AD:case_vs_NC
A00388,105,110,Cerebellum_9_R,AAL3,AD,case_vs_NC,Fjell2010,whole cerebellar cortex,https://pmc.ncbi.nlm.nih.gov/articles/PMC2828879/,10.1523/JNEUROSCI.3785-09.2010,gray matter or nucleus; see measurement,parent_region_extrapolation,lower,reported_Cohen_D_case_minus_NC,-0.4,NS at source threshold; no CI,FreeSurfer subcortical volume; cortical thickness reported separately,Table2,Whole cerebellar cortex average does not determine individual lobule effects.,not_significant,Fjell2010:whole cerebellar cortex:AD:case_vs_NC
A00389,106,111,Cerebellum_10_L,AAL3,AD,case_vs_NC,Fjell2010,whole cerebellar cortex,https://pmc.ncbi.nlm.nih.gov/articles/PMC2828879/,10.1523/JNEUROSCI.3785-09.2010,gray matter or nucleus; see measurement,parent_region_extrapolation,lower,reported_Cohen_D_case_minus_NC,-0.4,NS at source threshold; no CI,FreeSurfer subcortical volume; cortical thickness reported separately,Table2,Whole cerebellar cortex average does not determine individual lobule effects.,not_significant,Fjell2010:whole cerebellar cortex:AD:case_vs_NC
A00390,107,112,Cerebellum_10_R,AAL3,AD,case_vs_NC,Fjell2010,whole cerebellar cortex,https://pmc.ncbi.nlm.nih.gov/articles/PMC2828879/,10.1523/JNEUROSCI.3785-09.2010,gray matter or nucleus; see measurement,parent_region_extrapolation,lower,reported_Cohen_D_case_minus_NC,-0.4,NS at source threshold; no CI,FreeSurfer subcortical volume; cortical thickness reported separately,Table2,Whole cerebellar cortex average does not determine individual lobule effects.,not_significant,Fjell2010:whole cerebellar cortex:AD:case_vs_NC
A00391,108,113,Vermis_1_2,AAL3,AD,case_vs_NC,Fjell2010,whole cerebellar cortex,https://pmc.ncbi.nlm.nih.gov/articles/PMC2828879/,10.1523/JNEUROSCI.3785-09.2010,gray matter or nucleus; see measurement,parent_region_extrapolation,lower,reported_Cohen_D_case_minus_NC,-0.4,NS at source threshold; no CI,FreeSurfer subcortical volume; cortical thickness reported separately,Table2,Whole cerebellar cortex average does not determine individual lobule effects.,not_significant,Fjell2010:whole cerebellar cortex:AD:case_vs_NC
A00392,109,114,Vermis_3,AAL3,AD,case_vs_NC,Fjell2010,whole cerebellar cortex,https://pmc.ncbi.nlm.nih.gov/articles/PMC2828879/,10.1523/JNEUROSCI.3785-09.2010,gray matter or nucleus; see measurement,parent_region_extrapolation,lower,reported_Cohen_D_case_minus_NC,-0.4,NS at source threshold; no CI,FreeSurfer subcortical volume; cortical thickness reported separately,Table2,Whole cerebellar cortex average does not determine individual lobule effects.,not_significant,Fjell2010:whole cerebellar cortex:AD:case_vs_NC
A00393,110,115,Vermis_4_5,AAL3,AD,case_vs_NC,Fjell2010,whole cerebellar cortex,https://pmc.ncbi.nlm.nih.gov/articles/PMC2828879/,10.1523/JNEUROSCI.3785-09.2010,gray matter or nucleus; see measurement,parent_region_extrapolation,lower,reported_Cohen_D_case_minus_NC,-0.4,NS at source threshold; no CI,FreeSurfer subcortical volume; cortical thickness reported separately,Table2,Whole cerebellar cortex average does not determine individual lobule effects.,not_significant,Fjell2010:whole cerebellar cortex:AD:case_vs_NC
A00394,111,116,Vermis_6,AAL3,AD,case_vs_NC,Fjell2010,whole cerebellar cortex,https://pmc.ncbi.nlm.nih.gov/articles/PMC2828879/,10.1523/JNEUROSCI.3785-09.2010,gray matter or nucleus; see measurement,parent_region_extrapolation,lower,reported_Cohen_D_case_minus_NC,-0.4,NS at source threshold; no CI,FreeSurfer subcortical volume; cortical thickness reported separately,Table2,Whole cerebellar cortex average does not determine individual lobule effects.,not_significant,Fjell2010:whole cerebellar cortex:AD:case_vs_NC
A00395,112,117,Vermis_7,AAL3,AD,case_vs_NC,Fjell2010,whole cerebellar cortex,https://pmc.ncbi.nlm.nih.gov/articles/PMC2828879/,10.1523/JNEUROSCI.3785-09.2010,gray matter or nucleus; see measurement,parent_region_extrapolation,lower,reported_Cohen_D_case_minus_NC,-0.4,NS at source threshold; no CI,FreeSurfer subcortical volume; cortical thickness reported separately,Table2,Whole cerebellar cortex average does not determine individual lobule effects.,not_significant,Fjell2010:whole cerebellar cortex:AD:case_vs_NC
A00396,113,118,Vermis_8,AAL3,AD,case_vs_NC,Fjell2010,whole cerebellar cortex,https://pmc.ncbi.nlm.nih.gov/articles/PMC2828879/,10.1523/JNEUROSCI.3785-09.2010,gray matter or nucleus; see measurement,parent_region_extrapolation,lower,reported_Cohen_D_case_minus_NC,-0.4,NS at source threshold; no CI,FreeSurfer subcortical volume; cortical thickness reported separately,Table2,Whole cerebellar cortex average does not determine individual lobule effects.,not_significant,Fjell2010:whole cerebellar cortex:AD:case_vs_NC
A00397,114,119,Vermis_9,AAL3,AD,case_vs_NC,Fjell2010,whole cerebellar cortex,https://pmc.ncbi.nlm.nih.gov/articles/PMC2828879/,10.1523/JNEUROSCI.3785-09.2010,gray matter or nucleus; see measurement,parent_region_extrapolation,lower,reported_Cohen_D_case_minus_NC,-0.4,NS at source threshold; no CI,FreeSurfer subcortical volume; cortical thickness reported separately,Table2,Whole cerebellar cortex average does not determine individual lobule effects.,not_significant,Fjell2010:whole cerebellar cortex:AD:case_vs_NC
A00398,115,120,Vermis_10,AAL3,AD,case_vs_NC,Fjell2010,whole cerebellar cortex,https://pmc.ncbi.nlm.nih.gov/articles/PMC2828879/,10.1523/JNEUROSCI.3785-09.2010,gray matter or nucleus; see measurement,parent_region_extrapolation,lower,reported_Cohen_D_case_minus_NC,-0.4,NS at source threshold; no CI,FreeSurfer subcortical volume; cortical thickness reported separately,Table2,Whole cerebellar cortex average does not determine individual lobule effects.,not_significant,Fjell2010:whole cerebellar cortex:AD:case_vs_NC
A00399,90,95,Cerebellum_Crus1_L,AAL3,MCI,case_vs_NC,Fjell2010,whole cerebellar cortex,https://pmc.ncbi.nlm.nih.gov/articles/PMC2828879/,10.1523/JNEUROSCI.3785-09.2010,gray matter or nucleus; see measurement,parent_region_extrapolation,lower,reported_Cohen_D_case_minus_NC,-0.07,NS at source threshold; no CI,FreeSurfer subcortical volume; cortical thickness reported separately,Table2,Whole cerebellar cortex average does not determine individual lobule effects.,not_significant,Fjell2010:whole cerebellar cortex:MCI:case_vs_NC
A00400,91,96,Cerebellum_Crus1_R,AAL3,MCI,case_vs_NC,Fjell2010,whole cerebellar cortex,https://pmc.ncbi.nlm.nih.gov/articles/PMC2828879/,10.1523/JNEUROSCI.3785-09.2010,gray matter or nucleus; see measurement,parent_region_extrapolation,lower,reported_Cohen_D_case_minus_NC,-0.07,NS at source threshold; no CI,FreeSurfer subcortical volume; cortical thickness reported separately,Table2,Whole cerebellar cortex average does not determine individual lobule effects.,not_significant,Fjell2010:whole cerebellar cortex:MCI:case_vs_NC
A00401,92,97,Cerebellum_Crus2_L,AAL3,MCI,case_vs_NC,Fjell2010,whole cerebellar cortex,https://pmc.ncbi.nlm.nih.gov/articles/PMC2828879/,10.1523/JNEUROSCI.3785-09.2010,gray matter or nucleus; see measurement,parent_region_extrapolation,lower,reported_Cohen_D_case_minus_NC,-0.07,NS at source threshold; no CI,FreeSurfer subcortical volume; cortical thickness reported separately,Table2,Whole cerebellar cortex average does not determine individual lobule effects.,not_significant,Fjell2010:whole cerebellar cortex:MCI:case_vs_NC
A00402,93,98,Cerebellum_Crus2_R,AAL3,MCI,case_vs_NC,Fjell2010,whole cerebellar cortex,https://pmc.ncbi.nlm.nih.gov/articles/PMC2828879/,10.1523/JNEUROSCI.3785-09.2010,gray matter or nucleus; see measurement,parent_region_extrapolation,lower,reported_Cohen_D_case_minus_NC,-0.07,NS at source threshold; no CI,FreeSurfer subcortical volume; cortical thickness reported separately,Table2,Whole cerebellar cortex average does not determine individual lobule effects.,not_significant,Fjell2010:whole cerebellar cortex:MCI:case_vs_NC
A00403,94,99,Cerebellum_3_L,AAL3,MCI,case_vs_NC,Fjell2010,whole cerebellar cortex,https://pmc.ncbi.nlm.nih.gov/articles/PMC2828879/,10.1523/JNEUROSCI.3785-09.2010,gray matter or nucleus; see measurement,parent_region_extrapolation,lower,reported_Cohen_D_case_minus_NC,-0.07,NS at source threshold; no CI,FreeSurfer subcortical volume; cortical thickness reported separately,Table2,Whole cerebellar cortex average does not determine individual lobule effects.,not_significant,Fjell2010:whole cerebellar cortex:MCI:case_vs_NC
A00404,95,100,Cerebellum_3_R,AAL3,MCI,case_vs_NC,Fjell2010,whole cerebellar cortex,https://pmc.ncbi.nlm.nih.gov/articles/PMC2828879/,10.1523/JNEUROSCI.3785-09.2010,gray matter or nucleus; see measurement,parent_region_extrapolation,lower,reported_Cohen_D_case_minus_NC,-0.07,NS at source threshold; no CI,FreeSurfer subcortical volume; cortical thickness reported separately,Table2,Whole cerebellar cortex average does not determine individual lobule effects.,not_significant,Fjell2010:whole cerebellar cortex:MCI:case_vs_NC
A00405,96,101,Cerebellum_4_5_L,AAL3,MCI,case_vs_NC,Fjell2010,whole cerebellar cortex,https://pmc.ncbi.nlm.nih.gov/articles/PMC2828879/,10.1523/JNEUROSCI.3785-09.2010,gray matter or nucleus; see measurement,parent_region_extrapolation,lower,reported_Cohen_D_case_minus_NC,-0.07,NS at source threshold; no CI,FreeSurfer subcortical volume; cortical thickness reported separately,Table2,Whole cerebellar cortex average does not determine individual lobule effects.,not_significant,Fjell2010:whole cerebellar cortex:MCI:case_vs_NC
A00406,97,102,Cerebellum_4_5_R,AAL3,MCI,case_vs_NC,Fjell2010,whole cerebellar cortex,https://pmc.ncbi.nlm.nih.gov/articles/PMC2828879/,10.1523/JNEUROSCI.3785-09.2010,gray matter or nucleus; see measurement,parent_region_extrapolation,lower,reported_Cohen_D_case_minus_NC,-0.07,NS at source threshold; no CI,FreeSurfer subcortical volume; cortical thickness reported separately,Table2,Whole cerebellar cortex average does not determine individual lobule effects.,not_significant,Fjell2010:whole cerebellar cortex:MCI:case_vs_NC
A00407,98,103,Cerebellum_6_L,AAL3,MCI,case_vs_NC,Fjell2010,whole cerebellar cortex,https://pmc.ncbi.nlm.nih.gov/articles/PMC2828879/,10.1523/JNEUROSCI.3785-09.2010,gray matter or nucleus; see measurement,parent_region_extrapolation,lower,reported_Cohen_D_case_minus_NC,-0.07,NS at source threshold; no CI,FreeSurfer subcortical volume; cortical thickness reported separately,Table2,Whole cerebellar cortex average does not determine individual lobule effects.,not_significant,Fjell2010:whole cerebellar cortex:MCI:case_vs_NC
A00408,99,104,Cerebellum_6_R,AAL3,MCI,case_vs_NC,Fjell2010,whole cerebellar cortex,https://pmc.ncbi.nlm.nih.gov/articles/PMC2828879/,10.1523/JNEUROSCI.3785-09.2010,gray matter or nucleus; see measurement,parent_region_extrapolation,lower,reported_Cohen_D_case_minus_NC,-0.07,NS at source threshold; no CI,FreeSurfer subcortical volume; cortical thickness reported separately,Table2,Whole cerebellar cortex average does not determine individual lobule effects.,not_significant,Fjell2010:whole cerebellar cortex:MCI:case_vs_NC
A00409,100,105,Cerebellum_7b_L,AAL3,MCI,case_vs_NC,Fjell2010,whole cerebellar cortex,https://pmc.ncbi.nlm.nih.gov/articles/PMC2828879/,10.1523/JNEUROSCI.3785-09.2010,gray matter or nucleus; see measurement,parent_region_extrapolation,lower,reported_Cohen_D_case_minus_NC,-0.07,NS at source threshold; no CI,FreeSurfer subcortical volume; cortical thickness reported separately,Table2,Whole cerebellar cortex average does not determine individual lobule effects.,not_significant,Fjell2010:whole cerebellar cortex:MCI:case_vs_NC
A00410,101,106,Cerebellum_7b_R,AAL3,MCI,case_vs_NC,Fjell2010,whole cerebellar cortex,https://pmc.ncbi.nlm.nih.gov/articles/PMC2828879/,10.1523/JNEUROSCI.3785-09.2010,gray matter or nucleus; see measurement,parent_region_extrapolation,lower,reported_Cohen_D_case_minus_NC,-0.07,NS at source threshold; no CI,FreeSurfer subcortical volume; cortical thickness reported separately,Table2,Whole cerebellar cortex average does not determine individual lobule effects.,not_significant,Fjell2010:whole cerebellar cortex:MCI:case_vs_NC
A00411,102,107,Cerebellum_8_L,AAL3,MCI,case_vs_NC,Fjell2010,whole cerebellar cortex,https://pmc.ncbi.nlm.nih.gov/articles/PMC2828879/,10.1523/JNEUROSCI.3785-09.2010,gray matter or nucleus; see measurement,parent_region_extrapolation,lower,reported_Cohen_D_case_minus_NC,-0.07,NS at source threshold; no CI,FreeSurfer subcortical volume; cortical thickness reported separately,Table2,Whole cerebellar cortex average does not determine individual lobule effects.,not_significant,Fjell2010:whole cerebellar cortex:MCI:case_vs_NC
A00412,103,108,Cerebellum_8_R,AAL3,MCI,case_vs_NC,Fjell2010,whole cerebellar cortex,https://pmc.ncbi.nlm.nih.gov/articles/PMC2828879/,10.1523/JNEUROSCI.3785-09.2010,gray matter or nucleus; see measurement,parent_region_extrapolation,lower,reported_Cohen_D_case_minus_NC,-0.07,NS at source threshold; no CI,FreeSurfer subcortical volume; cortical thickness reported separately,Table2,Whole cerebellar cortex average does not determine individual lobule effects.,not_significant,Fjell2010:whole cerebellar cortex:MCI:case_vs_NC
A00413,104,109,Cerebellum_9_L,AAL3,MCI,case_vs_NC,Fjell2010,whole cerebellar cortex,https://pmc.ncbi.nlm.nih.gov/articles/PMC2828879/,10.1523/JNEUROSCI.3785-09.2010,gray matter or nucleus; see measurement,parent_region_extrapolation,lower,reported_Cohen_D_case_minus_NC,-0.07,NS at source threshold; no CI,FreeSurfer subcortical volume; cortical thickness reported separately,Table2,Whole cerebellar cortex average does not determine individual lobule effects.,not_significant,Fjell2010:whole cerebellar cortex:MCI:case_vs_NC
A00414,105,110,Cerebellum_9_R,AAL3,MCI,case_vs_NC,Fjell2010,whole cerebellar cortex,https://pmc.ncbi.nlm.nih.gov/articles/PMC2828879/,10.1523/JNEUROSCI.3785-09.2010,gray matter or nucleus; see measurement,parent_region_extrapolation,lower,reported_Cohen_D_case_minus_NC,-0.07,NS at source threshold; no CI,FreeSurfer subcortical volume; cortical thickness reported separately,Table2,Whole cerebellar cortex average does not determine individual lobule effects.,not_significant,Fjell2010:whole cerebellar cortex:MCI:case_vs_NC
A00415,106,111,Cerebellum_10_L,AAL3,MCI,case_vs_NC,Fjell2010,whole cerebellar cortex,https://pmc.ncbi.nlm.nih.gov/articles/PMC2828879/,10.1523/JNEUROSCI.3785-09.2010,gray matter or nucleus; see measurement,parent_region_extrapolation,lower,reported_Cohen_D_case_minus_NC,-0.07,NS at source threshold; no CI,FreeSurfer subcortical volume; cortical thickness reported separately,Table2,Whole cerebellar cortex average does not determine individual lobule effects.,not_significant,Fjell2010:whole cerebellar cortex:MCI:case_vs_NC
A00416,107,112,Cerebellum_10_R,AAL3,MCI,case_vs_NC,Fjell2010,whole cerebellar cortex,https://pmc.ncbi.nlm.nih.gov/articles/PMC2828879/,10.1523/JNEUROSCI.3785-09.2010,gray matter or nucleus; see measurement,parent_region_extrapolation,lower,reported_Cohen_D_case_minus_NC,-0.07,NS at source threshold; no CI,FreeSurfer subcortical volume; cortical thickness reported separately,Table2,Whole cerebellar cortex average does not determine individual lobule effects.,not_significant,Fjell2010:whole cerebellar cortex:MCI:case_vs_NC
A00417,108,113,Vermis_1_2,AAL3,MCI,case_vs_NC,Fjell2010,whole cerebellar cortex,https://pmc.ncbi.nlm.nih.gov/articles/PMC2828879/,10.1523/JNEUROSCI.3785-09.2010,gray matter or nucleus; see measurement,parent_region_extrapolation,lower,reported_Cohen_D_case_minus_NC,-0.07,NS at source threshold; no CI,FreeSurfer subcortical volume; cortical thickness reported separately,Table2,Whole cerebellar cortex average does not determine individual lobule effects.,not_significant,Fjell2010:whole cerebellar cortex:MCI:case_vs_NC
A00418,109,114,Vermis_3,AAL3,MCI,case_vs_NC,Fjell2010,whole cerebellar cortex,https://pmc.ncbi.nlm.nih.gov/articles/PMC2828879/,10.1523/JNEUROSCI.3785-09.2010,gray matter or nucleus; see measurement,parent_region_extrapolation,lower,reported_Cohen_D_case_minus_NC,-0.07,NS at source threshold; no CI,FreeSurfer subcortical volume; cortical thickness reported separately,Table2,Whole cerebellar cortex average does not determine individual lobule effects.,not_significant,Fjell2010:whole cerebellar cortex:MCI:case_vs_NC
A00419,110,115,Vermis_4_5,AAL3,MCI,case_vs_NC,Fjell2010,whole cerebellar cortex,https://pmc.ncbi.nlm.nih.gov/articles/PMC2828879/,10.1523/JNEUROSCI.3785-09.2010,gray matter or nucleus; see measurement,parent_region_extrapolation,lower,reported_Cohen_D_case_minus_NC,-0.07,NS at source threshold; no CI,FreeSurfer subcortical volume; cortical thickness reported separately,Table2,Whole cerebellar cortex average does not determine individual lobule effects.,not_significant,Fjell2010:whole cerebellar cortex:MCI:case_vs_NC
A00420,111,116,Vermis_6,AAL3,MCI,case_vs_NC,Fjell2010,whole cerebellar cortex,https://pmc.ncbi.nlm.nih.gov/articles/PMC2828879/,10.1523/JNEUROSCI.3785-09.2010,gray matter or nucleus; see measurement,parent_region_extrapolation,lower,reported_Cohen_D_case_minus_NC,-0.07,NS at source threshold; no CI,FreeSurfer subcortical volume; cortical thickness reported separately,Table2,Whole cerebellar cortex average does not determine individual lobule effects.,not_significant,Fjell2010:whole cerebellar cortex:MCI:case_vs_NC
A00421,112,117,Vermis_7,AAL3,MCI,case_vs_NC,Fjell2010,whole cerebellar cortex,https://pmc.ncbi.nlm.nih.gov/articles/PMC2828879/,10.1523/JNEUROSCI.3785-09.2010,gray matter or nucleus; see measurement,parent_region_extrapolation,lower,reported_Cohen_D_case_minus_NC,-0.07,NS at source threshold; no CI,FreeSurfer subcortical volume; cortical thickness reported separately,Table2,Whole cerebellar cortex average does not determine individual lobule effects.,not_significant,Fjell2010:whole cerebellar cortex:MCI:case_vs_NC
A00422,113,118,Vermis_8,AAL3,MCI,case_vs_NC,Fjell2010,whole cerebellar cortex,https://pmc.ncbi.nlm.nih.gov/articles/PMC2828879/,10.1523/JNEUROSCI.3785-09.2010,gray matter or nucleus; see measurement,parent_region_extrapolation,lower,reported_Cohen_D_case_minus_NC,-0.07,NS at source threshold; no CI,FreeSurfer subcortical volume; cortical thickness reported separately,Table2,Whole cerebellar cortex average does not determine individual lobule effects.,not_significant,Fjell2010:whole cerebellar cortex:MCI:case_vs_NC
A00423,114,119,Vermis_9,AAL3,MCI,case_vs_NC,Fjell2010,whole cerebellar cortex,https://pmc.ncbi.nlm.nih.gov/articles/PMC2828879/,10.1523/JNEUROSCI.3785-09.2010,gray matter or nucleus; see measurement,parent_region_extrapolation,lower,reported_Cohen_D_case_minus_NC,-0.07,NS at source threshold; no CI,FreeSurfer subcortical volume; cortical thickness reported separately,Table2,Whole cerebellar cortex average does not determine individual lobule effects.,not_significant,Fjell2010:whole cerebellar cortex:MCI:case_vs_NC
A00424,115,120,Vermis_10,AAL3,MCI,case_vs_NC,Fjell2010,whole cerebellar cortex,https://pmc.ncbi.nlm.nih.gov/articles/PMC2828879/,10.1523/JNEUROSCI.3785-09.2010,gray matter or nucleus; see measurement,parent_region_extrapolation,lower,reported_Cohen_D_case_minus_NC,-0.07,NS at source threshold; no CI,FreeSurfer subcortical volume; cortical thickness reported separately,Table2,Whole cerebellar cortex average does not determine individual lobule effects.,not_significant,Fjell2010:whole cerebellar cortex:MCI:case_vs_NC
A00425,94,99,Cerebellum_3_L,AAL3,AD,case_vs_NC,Toniolo2018,vermal/paravermal lobules I–VI,https://doi.org/10.3389/fncel.2018.00430,10.3389/fncel.2018.00430,gray matter or nucleus; see measurement,parent_region_extrapolation,lower,,,"cluster FWE p<.05; peak Z=6.55(AD),2.75(MCI); no d",SPM8 SUIT cerebellar GM VBM; 8mm smoothing,Table2,Cluster extends across vermal/paravermal regions; does not establish uniform effect over full hemisphere lobules.,supported_cluster,Toniolo2018:vermal/paravermal lobules I–VI:AD:case_vs_NC
A00426,95,100,Cerebellum_3_R,AAL3,AD,case_vs_NC,Toniolo2018,vermal/paravermal lobules I–VI,https://doi.org/10.3389/fncel.2018.00430,10.3389/fncel.2018.00430,gray matter or nucleus; see measurement,parent_region_extrapolation,lower,,,"cluster FWE p<.05; peak Z=6.55(AD),2.75(MCI); no d",SPM8 SUIT cerebellar GM VBM; 8mm smoothing,Table2,Cluster extends across vermal/paravermal regions; does not establish uniform effect over full hemisphere lobules.,supported_cluster,Toniolo2018:vermal/paravermal lobules I–VI:AD:case_vs_NC
A00427,96,101,Cerebellum_4_5_L,AAL3,AD,case_vs_NC,Toniolo2018,vermal/paravermal lobules I–VI,https://doi.org/10.3389/fncel.2018.00430,10.3389/fncel.2018.00430,gray matter or nucleus; see measurement,parent_region_extrapolation,lower,,,"cluster FWE p<.05; peak Z=6.55(AD),2.75(MCI); no d",SPM8 SUIT cerebellar GM VBM; 8mm smoothing,Table2,Cluster extends across vermal/paravermal regions; does not establish uniform effect over full hemisphere lobules.,supported_cluster,Toniolo2018:vermal/paravermal lobules I–VI:AD:case_vs_NC
A00428,97,102,Cerebellum_4_5_R,AAL3,AD,case_vs_NC,Toniolo2018,vermal/paravermal lobules I–VI,https://doi.org/10.3389/fncel.2018.00430,10.3389/fncel.2018.00430,gray matter or nucleus; see measurement,parent_region_extrapolation,lower,,,"cluster FWE p<.05; peak Z=6.55(AD),2.75(MCI); no d",SPM8 SUIT cerebellar GM VBM; 8mm smoothing,Table2,Cluster extends across vermal/paravermal regions; does not establish uniform effect over full hemisphere lobules.,supported_cluster,Toniolo2018:vermal/paravermal lobules I–VI:AD:case_vs_NC
A00429,98,103,Cerebellum_6_L,AAL3,AD,case_vs_NC,Toniolo2018,vermal/paravermal lobules I–VI,https://doi.org/10.3389/fncel.2018.00430,10.3389/fncel.2018.00430,gray matter or nucleus; see measurement,parent_region_extrapolation,lower,,,"cluster FWE p<.05; peak Z=6.55(AD),2.75(MCI); no d",SPM8 SUIT cerebellar GM VBM; 8mm smoothing,Table2,Cluster extends across vermal/paravermal regions; does not establish uniform effect over full hemisphere lobules.,supported_cluster,Toniolo2018:vermal/paravermal lobules I–VI:AD:case_vs_NC
A00430,99,104,Cerebellum_6_R,AAL3,AD,case_vs_NC,Toniolo2018,vermal/paravermal lobules I–VI,https://doi.org/10.3389/fncel.2018.00430,10.3389/fncel.2018.00430,gray matter or nucleus; see measurement,parent_region_extrapolation,lower,,,"cluster FWE p<.05; peak Z=6.55(AD),2.75(MCI); no d",SPM8 SUIT cerebellar GM VBM; 8mm smoothing,Table2,Cluster extends across vermal/paravermal regions; does not establish uniform effect over full hemisphere lobules.,supported_cluster,Toniolo2018:vermal/paravermal lobules I–VI:AD:case_vs_NC
A00431,108,113,Vermis_1_2,AAL3,AD,case_vs_NC,Toniolo2018,vermal/paravermal lobules I–VI,https://doi.org/10.3389/fncel.2018.00430,10.3389/fncel.2018.00430,gray matter or nucleus; see measurement,parent_region_extrapolation,lower,,,"cluster FWE p<.05; peak Z=6.55(AD),2.75(MCI); no d",SPM8 SUIT cerebellar GM VBM; 8mm smoothing,Table2,Cluster extends across vermal/paravermal regions; does not establish uniform effect over full hemisphere lobules.,supported_cluster,Toniolo2018:vermal/paravermal lobules I–VI:AD:case_vs_NC
A00432,109,114,Vermis_3,AAL3,AD,case_vs_NC,Toniolo2018,vermal/paravermal lobules I–VI,https://doi.org/10.3389/fncel.2018.00430,10.3389/fncel.2018.00430,gray matter or nucleus; see measurement,parent_region_extrapolation,lower,,,"cluster FWE p<.05; peak Z=6.55(AD),2.75(MCI); no d",SPM8 SUIT cerebellar GM VBM; 8mm smoothing,Table2,Cluster extends across vermal/paravermal regions; does not establish uniform effect over full hemisphere lobules.,supported_cluster,Toniolo2018:vermal/paravermal lobules I–VI:AD:case_vs_NC
A00433,110,115,Vermis_4_5,AAL3,AD,case_vs_NC,Toniolo2018,vermal/paravermal lobules I–VI,https://doi.org/10.3389/fncel.2018.00430,10.3389/fncel.2018.00430,gray matter or nucleus; see measurement,parent_region_extrapolation,lower,,,"cluster FWE p<.05; peak Z=6.55(AD),2.75(MCI); no d",SPM8 SUIT cerebellar GM VBM; 8mm smoothing,Table2,Cluster extends across vermal/paravermal regions; does not establish uniform effect over full hemisphere lobules.,supported_cluster,Toniolo2018:vermal/paravermal lobules I–VI:AD:case_vs_NC
A00434,111,116,Vermis_6,AAL3,AD,case_vs_NC,Toniolo2018,vermal/paravermal lobules I–VI,https://doi.org/10.3389/fncel.2018.00430,10.3389/fncel.2018.00430,gray matter or nucleus; see measurement,parent_region_extrapolation,lower,,,"cluster FWE p<.05; peak Z=6.55(AD),2.75(MCI); no d",SPM8 SUIT cerebellar GM VBM; 8mm smoothing,Table2,Cluster extends across vermal/paravermal regions; does not establish uniform effect over full hemisphere lobules.,supported_cluster,Toniolo2018:vermal/paravermal lobules I–VI:AD:case_vs_NC
A00435,94,99,Cerebellum_3_L,AAL3,MCI,case_vs_NC,Toniolo2018,vermal/paravermal lobules I–VI,https://doi.org/10.3389/fncel.2018.00430,10.3389/fncel.2018.00430,gray matter or nucleus; see measurement,parent_region_extrapolation,lower,,,"cluster FWE p<.05; peak Z=6.55(AD),2.75(MCI); no d",SPM8 SUIT cerebellar GM VBM; 8mm smoothing,Table2,Cluster extends across vermal/paravermal regions; does not establish uniform effect over full hemisphere lobules.,supported_cluster,Toniolo2018:vermal/paravermal lobules I–VI:MCI:case_vs_NC
A00436,95,100,Cerebellum_3_R,AAL3,MCI,case_vs_NC,Toniolo2018,vermal/paravermal lobules I–VI,https://doi.org/10.3389/fncel.2018.00430,10.3389/fncel.2018.00430,gray matter or nucleus; see measurement,parent_region_extrapolation,lower,,,"cluster FWE p<.05; peak Z=6.55(AD),2.75(MCI); no d",SPM8 SUIT cerebellar GM VBM; 8mm smoothing,Table2,Cluster extends across vermal/paravermal regions; does not establish uniform effect over full hemisphere lobules.,supported_cluster,Toniolo2018:vermal/paravermal lobules I–VI:MCI:case_vs_NC
A00437,96,101,Cerebellum_4_5_L,AAL3,MCI,case_vs_NC,Toniolo2018,vermal/paravermal lobules I–VI,https://doi.org/10.3389/fncel.2018.00430,10.3389/fncel.2018.00430,gray matter or nucleus; see measurement,parent_region_extrapolation,lower,,,"cluster FWE p<.05; peak Z=6.55(AD),2.75(MCI); no d",SPM8 SUIT cerebellar GM VBM; 8mm smoothing,Table2,Cluster extends across vermal/paravermal regions; does not establish uniform effect over full hemisphere lobules.,supported_cluster,Toniolo2018:vermal/paravermal lobules I–VI:MCI:case_vs_NC
A00438,97,102,Cerebellum_4_5_R,AAL3,MCI,case_vs_NC,Toniolo2018,vermal/paravermal lobules I–VI,https://doi.org/10.3389/fncel.2018.00430,10.3389/fncel.2018.00430,gray matter or nucleus; see measurement,parent_region_extrapolation,lower,,,"cluster FWE p<.05; peak Z=6.55(AD),2.75(MCI); no d",SPM8 SUIT cerebellar GM VBM; 8mm smoothing,Table2,Cluster extends across vermal/paravermal regions; does not establish uniform effect over full hemisphere lobules.,supported_cluster,Toniolo2018:vermal/paravermal lobules I–VI:MCI:case_vs_NC
A00439,98,103,Cerebellum_6_L,AAL3,MCI,case_vs_NC,Toniolo2018,vermal/paravermal lobules I–VI,https://doi.org/10.3389/fncel.2018.00430,10.3389/fncel.2018.00430,gray matter or nucleus; see measurement,parent_region_extrapolation,lower,,,"cluster FWE p<.05; peak Z=6.55(AD),2.75(MCI); no d",SPM8 SUIT cerebellar GM VBM; 8mm smoothing,Table2,Cluster extends across vermal/paravermal regions; does not establish uniform effect over full hemisphere lobules.,supported_cluster,Toniolo2018:vermal/paravermal lobules I–VI:MCI:case_vs_NC
A00440,99,104,Cerebellum_6_R,AAL3,MCI,case_vs_NC,Toniolo2018,vermal/paravermal lobules I–VI,https://doi.org/10.3389/fncel.2018.00430,10.3389/fncel.2018.00430,gray matter or nucleus; see measurement,parent_region_extrapolation,lower,,,"cluster FWE p<.05; peak Z=6.55(AD),2.75(MCI); no d",SPM8 SUIT cerebellar GM VBM; 8mm smoothing,Table2,Cluster extends across vermal/paravermal regions; does not establish uniform effect over full hemisphere lobules.,supported_cluster,Toniolo2018:vermal/paravermal lobules I–VI:MCI:case_vs_NC
A00441,108,113,Vermis_1_2,AAL3,MCI,case_vs_NC,Toniolo2018,vermal/paravermal lobules I–VI,https://doi.org/10.3389/fncel.2018.00430,10.3389/fncel.2018.00430,gray matter or nucleus; see measurement,parent_region_extrapolation,lower,,,"cluster FWE p<.05; peak Z=6.55(AD),2.75(MCI); no d",SPM8 SUIT cerebellar GM VBM; 8mm smoothing,Table2,Cluster extends across vermal/paravermal regions; does not establish uniform effect over full hemisphere lobules.,supported_cluster,Toniolo2018:vermal/paravermal lobules I–VI:MCI:case_vs_NC
A00442,109,114,Vermis_3,AAL3,MCI,case_vs_NC,Toniolo2018,vermal/paravermal lobules I–VI,https://doi.org/10.3389/fncel.2018.00430,10.3389/fncel.2018.00430,gray matter or nucleus; see measurement,parent_region_extrapolation,lower,,,"cluster FWE p<.05; peak Z=6.55(AD),2.75(MCI); no d",SPM8 SUIT cerebellar GM VBM; 8mm smoothing,Table2,Cluster extends across vermal/paravermal regions; does not establish uniform effect over full hemisphere lobules.,supported_cluster,Toniolo2018:vermal/paravermal lobules I–VI:MCI:case_vs_NC
A00443,110,115,Vermis_4_5,AAL3,MCI,case_vs_NC,Toniolo2018,vermal/paravermal lobules I–VI,https://doi.org/10.3389/fncel.2018.00430,10.3389/fncel.2018.00430,gray matter or nucleus; see measurement,parent_region_extrapolation,lower,,,"cluster FWE p<.05; peak Z=6.55(AD),2.75(MCI); no d",SPM8 SUIT cerebellar GM VBM; 8mm smoothing,Table2,Cluster extends across vermal/paravermal regions; does not establish uniform effect over full hemisphere lobules.,supported_cluster,Toniolo2018:vermal/paravermal lobules I–VI:MCI:case_vs_NC
A00444,111,116,Vermis_6,AAL3,MCI,case_vs_NC,Toniolo2018,vermal/paravermal lobules I–VI,https://doi.org/10.3389/fncel.2018.00430,10.3389/fncel.2018.00430,gray matter or nucleus; see measurement,parent_region_extrapolation,lower,,,"cluster FWE p<.05; peak Z=6.55(AD),2.75(MCI); no d",SPM8 SUIT cerebellar GM VBM; 8mm smoothing,Table2,Cluster extends across vermal/paravermal regions; does not establish uniform effect over full hemisphere lobules.,supported_cluster,Toniolo2018:vermal/paravermal lobules I–VI:MCI:case_vs_NC
A00445,90,95,Cerebellum_Crus1_L,AAL3,AD,case_vs_NC,Toniolo2018,bilateral CrusI,https://doi.org/10.3389/fncel.2018.00430,10.3389/fncel.2018.00430,gray matter or nucleus; see measurement,direct,lower,,,cluster FWE p<.05; no d,SPM8 SUIT cerebellar GM VBM; 8mm smoothing,Table2,SUIT lobule→AAL3 cluster mapping.,supported_cluster,Toniolo2018:bilateral CrusI:AD:case_vs_NC
A00446,91,96,Cerebellum_Crus1_R,AAL3,AD,case_vs_NC,Toniolo2018,bilateral CrusI,https://doi.org/10.3389/fncel.2018.00430,10.3389/fncel.2018.00430,gray matter or nucleus; see measurement,direct,lower,,,cluster FWE p<.05; no d,SPM8 SUIT cerebellar GM VBM; 8mm smoothing,Table2,SUIT lobule→AAL3 cluster mapping.,supported_cluster,Toniolo2018:bilateral CrusI:AD:case_vs_NC
A00447,91,96,Cerebellum_Crus1_R,AAL3,AD,case_vs_NC,Gellersen2021,Cerebellum_Crus1 right,https://doi.org/10.1016/j.nicl.2021.102605,10.1016/j.nicl.2021.102605,gray matter or nucleus; see measurement,direct,lower,,,ALE cluster p=.014/.015; d/CI unavailable,ALE of cerebellar GM VBM,Table1 Alzheimer section,"ALE significance is spatial convergence, not ROI effect magnitude.",supported_cluster,Gellersen2021:Cerebellum_Crus1 right:AD:case_vs_NC
A00448,93,98,Cerebellum_Crus2_R,AAL3,AD,case_vs_NC,Gellersen2021,Cerebellum_Crus2 right,https://doi.org/10.1016/j.nicl.2021.102605,10.1016/j.nicl.2021.102605,gray matter or nucleus; see measurement,direct,lower,,,ALE cluster p=.014; d/CI unavailable,ALE of cerebellar GM VBM,Table1 Alzheimer section,"ALE significance is spatial convergence, not ROI effect magnitude.",supported_cluster,Gellersen2021:Cerebellum_Crus2 right:AD:case_vs_NC
A00449,99,104,Cerebellum_6_R,AAL3,AD,case_vs_NC,Gellersen2021,Cerebellum_6 right,https://doi.org/10.1016/j.nicl.2021.102605,10.1016/j.nicl.2021.102605,gray matter or nucleus; see measurement,direct,lower,,,ALE cluster p=.015; d/CI unavailable,ALE of cerebellar GM VBM,Table1 Alzheimer section,"ALE significance is spatial convergence, not ROI effect magnitude.",supported_cluster,Gellersen2021:Cerebellum_6 right:AD:case_vs_NC
A00450,116,121,Thal_AV_L,AAL3,MCI,case_vs_NC,Banerjee2025,Thal_AV L,https://doi.org/10.1177/13872877251390386,10.1177/13872877251390386,gray matter or nucleus; see measurement,direct,lower,reported_Cohen_d_case_minus_NC,-0.399,reported significant; numeric CI unavailable,sTHOMAS nuclear volume; covariate-adjusted group comparison,Results3.2,MD includes pooled nuclear territory; pulvinar cannot resolve its AAL3 subdivisions.,supported,Banerjee2025:Thal_AV L:MCI:case_vs_NC
A00451,116,121,Thal_AV_L,AAL3,AD,case_vs_NC,Banerjee2025,Thal_AV L,https://doi.org/10.1177/13872877251390386,10.1177/13872877251390386,gray matter or nucleus; see measurement,direct,lower,,,AD significant; AV d>0.9 reported; exact d pending supplement,sTHOMAS nuclear volume; covariate-adjusted group comparison,Results3.2/Fig2/Fig4,"Parent nuclear volume transfer, not a one-to-one AAL3 segmentation.",supported,Banerjee2025:Thal_AV L:AD:case_vs_NC
A00452,117,122,Thal_AV_R,AAL3,MCI,case_vs_NC,Banerjee2025,Thal_AV R,https://doi.org/10.1177/13872877251390386,10.1177/13872877251390386,gray matter or nucleus; see measurement,direct,lower,reported_Cohen_d_case_minus_NC,-0.336,reported significant; numeric CI unavailable,sTHOMAS nuclear volume; covariate-adjusted group comparison,Results3.2,MD includes pooled nuclear territory; pulvinar cannot resolve its AAL3 subdivisions.,supported,Banerjee2025:Thal_AV R:MCI:case_vs_NC
A00453,117,122,Thal_AV_R,AAL3,AD,case_vs_NC,Banerjee2025,Thal_AV R,https://doi.org/10.1177/13872877251390386,10.1177/13872877251390386,gray matter or nucleus; see measurement,direct,lower,,,AD significant; AV d>0.9 reported; exact d pending supplement,sTHOMAS nuclear volume; covariate-adjusted group comparison,Results3.2/Fig2/Fig4,"Parent nuclear volume transfer, not a one-to-one AAL3 segmentation.",supported,Banerjee2025:Thal_AV R:AD:case_vs_NC
A00454,130,135,Thal_MDm_L,AAL3,MCI,case_vs_NC,Banerjee2025,Thal_MD L,https://doi.org/10.1177/13872877251390386,10.1177/13872877251390386,gray matter or nucleus; see measurement,parent_region_extrapolation,lower,reported_Cohen_d_case_minus_NC,-0.447,reported significant; numeric CI unavailable,sTHOMAS nuclear volume; covariate-adjusted group comparison,Results3.2,MD includes pooled nuclear territory; pulvinar cannot resolve its AAL3 subdivisions.,supported,Banerjee2025:Thal_MD L:MCI:case_vs_NC
A00455,132,137,Thal_MDl_L,AAL3,MCI,case_vs_NC,Banerjee2025,Thal_MD L,https://doi.org/10.1177/13872877251390386,10.1177/13872877251390386,gray matter or nucleus; see measurement,parent_region_extrapolation,lower,reported_Cohen_d_case_minus_NC,-0.447,reported significant; numeric CI unavailable,sTHOMAS nuclear volume; covariate-adjusted group comparison,Results3.2,MD includes pooled nuclear territory; pulvinar cannot resolve its AAL3 subdivisions.,supported,Banerjee2025:Thal_MD L:MCI:case_vs_NC
A00456,130,135,Thal_MDm_L,AAL3,AD,case_vs_NC,Banerjee2025,Thal_MD L,https://doi.org/10.1177/13872877251390386,10.1177/13872877251390386,gray matter or nucleus; see measurement,parent_region_extrapolation,lower,,,AD significant; AV d>0.9 reported; exact d pending supplement,sTHOMAS nuclear volume; covariate-adjusted group comparison,Results3.2/Fig2/Fig4,"Parent nuclear volume transfer, not a one-to-one AAL3 segmentation.",supported,Banerjee2025:Thal_MD L:AD:case_vs_NC
A00457,132,137,Thal_MDl_L,AAL3,AD,case_vs_NC,Banerjee2025,Thal_MD L,https://doi.org/10.1177/13872877251390386,10.1177/13872877251390386,gray matter or nucleus; see measurement,parent_region_extrapolation,lower,,,AD significant; AV d>0.9 reported; exact d pending supplement,sTHOMAS nuclear volume; covariate-adjusted group comparison,Results3.2/Fig2/Fig4,"Parent nuclear volume transfer, not a one-to-one AAL3 segmentation.",supported,Banerjee2025:Thal_MD L:AD:case_vs_NC
A00458,131,136,Thal_MDm_R,AAL3,MCI,case_vs_NC,Banerjee2025,Thal_MD R,https://doi.org/10.1177/13872877251390386,10.1177/13872877251390386,gray matter or nucleus; see measurement,parent_region_extrapolation,lower,reported_Cohen_d_case_minus_NC,-0.412,reported significant; numeric CI unavailable,sTHOMAS nuclear volume; covariate-adjusted group comparison,Results3.2,MD includes pooled nuclear territory; pulvinar cannot resolve its AAL3 subdivisions.,supported,Banerjee2025:Thal_MD R:MCI:case_vs_NC
A00459,133,138,Thal_MDl_R,AAL3,MCI,case_vs_NC,Banerjee2025,Thal_MD R,https://doi.org/10.1177/13872877251390386,10.1177/13872877251390386,gray matter or nucleus; see measurement,parent_region_extrapolation,lower,reported_Cohen_d_case_minus_NC,-0.412,reported significant; numeric CI unavailable,sTHOMAS nuclear volume; covariate-adjusted group comparison,Results3.2,MD includes pooled nuclear territory; pulvinar cannot resolve its AAL3 subdivisions.,supported,Banerjee2025:Thal_MD R:MCI:case_vs_NC
A00460,131,136,Thal_MDm_R,AAL3,AD,case_vs_NC,Banerjee2025,Thal_MD R,https://doi.org/10.1177/13872877251390386,10.1177/13872877251390386,gray matter or nucleus; see measurement,parent_region_extrapolation,lower,,,AD significant; AV d>0.9 reported; exact d pending supplement,sTHOMAS nuclear volume; covariate-adjusted group comparison,Results3.2/Fig2/Fig4,"Parent nuclear volume transfer, not a one-to-one AAL3 segmentation.",supported,Banerjee2025:Thal_MD R:AD:case_vs_NC
A00461,133,138,Thal_MDl_R,AAL3,AD,case_vs_NC,Banerjee2025,Thal_MD R,https://doi.org/10.1177/13872877251390386,10.1177/13872877251390386,gray matter or nucleus; see measurement,parent_region_extrapolation,lower,,,AD significant; AV d>0.9 reported; exact d pending supplement,sTHOMAS nuclear volume; covariate-adjusted group comparison,Results3.2/Fig2/Fig4,"Parent nuclear volume transfer, not a one-to-one AAL3 segmentation.",supported,Banerjee2025:Thal_MD R:AD:case_vs_NC
A00462,138,143,Thal_PuI_L,AAL3,MCI,case_vs_NC,Banerjee2025,Thal_Pu L,https://doi.org/10.1177/13872877251390386,10.1177/13872877251390386,gray matter or nucleus; see measurement,parent_region_extrapolation,lower,reported_Cohen_d_case_minus_NC,-0.334,reported significant; numeric CI unavailable,sTHOMAS nuclear volume; covariate-adjusted group comparison,Results3.2,MD includes pooled nuclear territory; pulvinar cannot resolve its AAL3 subdivisions.,supported,Banerjee2025:Thal_Pu L:MCI:case_vs_NC
A00463,140,145,Thal_PuM_L,AAL3,MCI,case_vs_NC,Banerjee2025,Thal_Pu L,https://doi.org/10.1177/13872877251390386,10.1177/13872877251390386,gray matter or nucleus; see measurement,parent_region_extrapolation,lower,reported_Cohen_d_case_minus_NC,-0.334,reported significant; numeric CI unavailable,sTHOMAS nuclear volume; covariate-adjusted group comparison,Results3.2,MD includes pooled nuclear territory; pulvinar cannot resolve its AAL3 subdivisions.,supported,Banerjee2025:Thal_Pu L:MCI:case_vs_NC
A00464,142,147,Thal_PuA_L,AAL3,MCI,case_vs_NC,Banerjee2025,Thal_Pu L,https://doi.org/10.1177/13872877251390386,10.1177/13872877251390386,gray matter or nucleus; see measurement,parent_region_extrapolation,lower,reported_Cohen_d_case_minus_NC,-0.334,reported significant; numeric CI unavailable,sTHOMAS nuclear volume; covariate-adjusted group comparison,Results3.2,MD includes pooled nuclear territory; pulvinar cannot resolve its AAL3 subdivisions.,supported,Banerjee2025:Thal_Pu L:MCI:case_vs_NC
A00465,144,149,Thal_PuL_L,AAL3,MCI,case_vs_NC,Banerjee2025,Thal_Pu L,https://doi.org/10.1177/13872877251390386,10.1177/13872877251390386,gray matter or nucleus; see measurement,parent_region_extrapolation,lower,reported_Cohen_d_case_minus_NC,-0.334,reported significant; numeric CI unavailable,sTHOMAS nuclear volume; covariate-adjusted group comparison,Results3.2,MD includes pooled nuclear territory; pulvinar cannot resolve its AAL3 subdivisions.,supported,Banerjee2025:Thal_Pu L:MCI:case_vs_NC
A00466,138,143,Thal_PuI_L,AAL3,AD,case_vs_NC,Banerjee2025,Thal_Pu L,https://doi.org/10.1177/13872877251390386,10.1177/13872877251390386,gray matter or nucleus; see measurement,parent_region_extrapolation,lower,,,AD significant; AV d>0.9 reported; exact d pending supplement,sTHOMAS nuclear volume; covariate-adjusted group comparison,Results3.2/Fig2/Fig4,"Parent nuclear volume transfer, not a one-to-one AAL3 segmentation.",supported,Banerjee2025:Thal_Pu L:AD:case_vs_NC
A00467,140,145,Thal_PuM_L,AAL3,AD,case_vs_NC,Banerjee2025,Thal_Pu L,https://doi.org/10.1177/13872877251390386,10.1177/13872877251390386,gray matter or nucleus; see measurement,parent_region_extrapolation,lower,,,AD significant; AV d>0.9 reported; exact d pending supplement,sTHOMAS nuclear volume; covariate-adjusted group comparison,Results3.2/Fig2/Fig4,"Parent nuclear volume transfer, not a one-to-one AAL3 segmentation.",supported,Banerjee2025:Thal_Pu L:AD:case_vs_NC
A00468,142,147,Thal_PuA_L,AAL3,AD,case_vs_NC,Banerjee2025,Thal_Pu L,https://doi.org/10.1177/13872877251390386,10.1177/13872877251390386,gray matter or nucleus; see measurement,parent_region_extrapolation,lower,,,AD significant; AV d>0.9 reported; exact d pending supplement,sTHOMAS nuclear volume; covariate-adjusted group comparison,Results3.2/Fig2/Fig4,"Parent nuclear volume transfer, not a one-to-one AAL3 segmentation.",supported,Banerjee2025:Thal_Pu L:AD:case_vs_NC
A00469,144,149,Thal_PuL_L,AAL3,AD,case_vs_NC,Banerjee2025,Thal_Pu L,https://doi.org/10.1177/13872877251390386,10.1177/13872877251390386,gray matter or nucleus; see measurement,parent_region_extrapolation,lower,,,AD significant; AV d>0.9 reported; exact d pending supplement,sTHOMAS nuclear volume; covariate-adjusted group comparison,Results3.2/Fig2/Fig4,"Parent nuclear volume transfer, not a one-to-one AAL3 segmentation.",supported,Banerjee2025:Thal_Pu L:AD:case_vs_NC
A00470,139,144,Thal_PuI_R,AAL3,MCI,case_vs_NC,Banerjee2025,Thal_Pu R,https://doi.org/10.1177/13872877251390386,10.1177/13872877251390386,gray matter or nucleus; see measurement,parent_region_extrapolation,lower,reported_Cohen_d_case_minus_NC,-0.266,reported significant; numeric CI unavailable,sTHOMAS nuclear volume; covariate-adjusted group comparison,Results3.2,MD includes pooled nuclear territory; pulvinar cannot resolve its AAL3 subdivisions.,supported,Banerjee2025:Thal_Pu R:MCI:case_vs_NC
A00471,141,146,Thal_PuM_R,AAL3,MCI,case_vs_NC,Banerjee2025,Thal_Pu R,https://doi.org/10.1177/13872877251390386,10.1177/13872877251390386,gray matter or nucleus; see measurement,parent_region_extrapolation,lower,reported_Cohen_d_case_minus_NC,-0.266,reported significant; numeric CI unavailable,sTHOMAS nuclear volume; covariate-adjusted group comparison,Results3.2,MD includes pooled nuclear territory; pulvinar cannot resolve its AAL3 subdivisions.,supported,Banerjee2025:Thal_Pu R:MCI:case_vs_NC
A00472,143,148,Thal_PuA_R,AAL3,MCI,case_vs_NC,Banerjee2025,Thal_Pu R,https://doi.org/10.1177/13872877251390386,10.1177/13872877251390386,gray matter or nucleus; see measurement,parent_region_extrapolation,lower,reported_Cohen_d_case_minus_NC,-0.266,reported significant; numeric CI unavailable,sTHOMAS nuclear volume; covariate-adjusted group comparison,Results3.2,MD includes pooled nuclear territory; pulvinar cannot resolve its AAL3 subdivisions.,supported,Banerjee2025:Thal_Pu R:MCI:case_vs_NC
A00473,145,150,Thal_PuL_R,AAL3,MCI,case_vs_NC,Banerjee2025,Thal_Pu R,https://doi.org/10.1177/13872877251390386,10.1177/13872877251390386,gray matter or nucleus; see measurement,parent_region_extrapolation,lower,reported_Cohen_d_case_minus_NC,-0.266,reported significant; numeric CI unavailable,sTHOMAS nuclear volume; covariate-adjusted group comparison,Results3.2,MD includes pooled nuclear territory; pulvinar cannot resolve its AAL3 subdivisions.,supported,Banerjee2025:Thal_Pu R:MCI:case_vs_NC
A00474,139,144,Thal_PuI_R,AAL3,AD,case_vs_NC,Banerjee2025,Thal_Pu R,https://doi.org/10.1177/13872877251390386,10.1177/13872877251390386,gray matter or nucleus; see measurement,parent_region_extrapolation,lower,,,AD significant; AV d>0.9 reported; exact d pending supplement,sTHOMAS nuclear volume; covariate-adjusted group comparison,Results3.2/Fig2/Fig4,"Parent nuclear volume transfer, not a one-to-one AAL3 segmentation.",supported,Banerjee2025:Thal_Pu R:AD:case_vs_NC
A00475,141,146,Thal_PuM_R,AAL3,AD,case_vs_NC,Banerjee2025,Thal_Pu R,https://doi.org/10.1177/13872877251390386,10.1177/13872877251390386,gray matter or nucleus; see measurement,parent_region_extrapolation,lower,,,AD significant; AV d>0.9 reported; exact d pending supplement,sTHOMAS nuclear volume; covariate-adjusted group comparison,Results3.2/Fig2/Fig4,"Parent nuclear volume transfer, not a one-to-one AAL3 segmentation.",supported,Banerjee2025:Thal_Pu R:AD:case_vs_NC
A00476,143,148,Thal_PuA_R,AAL3,AD,case_vs_NC,Banerjee2025,Thal_Pu R,https://doi.org/10.1177/13872877251390386,10.1177/13872877251390386,gray matter or nucleus; see measurement,parent_region_extrapolation,lower,,,AD significant; AV d>0.9 reported; exact d pending supplement,sTHOMAS nuclear volume; covariate-adjusted group comparison,Results3.2/Fig2/Fig4,"Parent nuclear volume transfer, not a one-to-one AAL3 segmentation.",supported,Banerjee2025:Thal_Pu R:AD:case_vs_NC
A00477,145,150,Thal_PuL_R,AAL3,AD,case_vs_NC,Banerjee2025,Thal_Pu R,https://doi.org/10.1177/13872877251390386,10.1177/13872877251390386,gray matter or nucleus; see measurement,parent_region_extrapolation,lower,,,AD significant; AV d>0.9 reported; exact d pending supplement,sTHOMAS nuclear volume; covariate-adjusted group comparison,Results3.2/Fig2/Fig4,"Parent nuclear volume transfer, not a one-to-one AAL3 segmentation.",supported,Banerjee2025:Thal_Pu R:AD:case_vs_NC
A00478,13,26,L_Accumbens,FIRST,MCI,case_vs_NC,Banerjee2025,NAc L,https://doi.org/10.1177/13872877251390386,10.1177/13872877251390386,gray matter or nucleus; see measurement,direct,lower,reported_Cohen_d_case_minus_NC,-0.395,reported significant; no CI,sTHOMAS nuclear volume; covariate-adjusted group comparison,Results3.2,sTHOMAS→FIRST/AAL3 measurement transfer.,supported,Banerjee2025:NAc L:MCI:case_vs_NC
A00479,152,157,N_Acc_L,AAL3,MCI,case_vs_NC,Banerjee2025,NAc L,https://doi.org/10.1177/13872877251390386,10.1177/13872877251390386,gray matter or nucleus; see measurement,direct,lower,reported_Cohen_d_case_minus_NC,-0.395,reported significant; no CI,sTHOMAS nuclear volume; covariate-adjusted group comparison,Results3.2,sTHOMAS→FIRST/AAL3 measurement transfer.,supported,Banerjee2025:NAc L:MCI:case_vs_NC
A00480,14,58,R_Accumbens,FIRST,MCI,case_vs_NC,Banerjee2025,NAc R,https://doi.org/10.1177/13872877251390386,10.1177/13872877251390386,gray matter or nucleus; see measurement,direct,lower,reported_Cohen_d_case_minus_NC,-0.405,reported significant; no CI,sTHOMAS nuclear volume; covariate-adjusted group comparison,Results3.2,sTHOMAS→FIRST/AAL3 measurement transfer.,supported,Banerjee2025:NAc R:MCI:case_vs_NC
A00481,153,158,N_Acc_R,AAL3,MCI,case_vs_NC,Banerjee2025,NAc R,https://doi.org/10.1177/13872877251390386,10.1177/13872877251390386,gray matter or nucleus; see measurement,direct,lower,reported_Cohen_d_case_minus_NC,-0.405,reported significant; no CI,sTHOMAS nuclear volume; covariate-adjusted group comparison,Results3.2,sTHOMAS→FIRST/AAL3 measurement transfer.,supported,Banerjee2025:NAc R:MCI:case_vs_NC
A00482,126,131,Thal_IL_L,AAL3,AD,case_vs_NC,Banerjee2025,centromedian / VLp / MGN,https://doi.org/10.1177/13872877251390386,10.1177/13872877251390386,gray matter or nucleus; see measurement,parent_region_extrapolation,lower,,,reported bilateral significant atrophy; d not recovered,sTHOMAS nuclear volume; covariate-adjusted group comparison,Results3.2,IL pooled vs centromedian only; VL pooled vs VLp only.,supported,Banerjee2025:centromedian / VLp / MGN:AD:case_vs_NC
A00483,127,132,Thal_IL_R,AAL3,AD,case_vs_NC,Banerjee2025,centromedian / VLp / MGN,https://doi.org/10.1177/13872877251390386,10.1177/13872877251390386,gray matter or nucleus; see measurement,parent_region_extrapolation,lower,,,reported bilateral significant atrophy; d not recovered,sTHOMAS nuclear volume; covariate-adjusted group comparison,Results3.2,IL pooled vs centromedian only; VL pooled vs VLp only.,supported,Banerjee2025:centromedian / VLp / MGN:AD:case_vs_NC
A00484,122,127,Thal_VL_L,AAL3,AD,case_vs_NC,Banerjee2025,Thal_VL,https://doi.org/10.1177/13872877251390386,10.1177/13872877251390386,gray matter or nucleus; see measurement,parent_region_extrapolation,lower,,,reported bilateral significant atrophy; d not recovered,sTHOMAS nuclear volume; covariate-adjusted group comparison,Results3.2,IL pooled vs centromedian only; VL pooled vs VLp only.,supported,Banerjee2025:Thal_VL:AD:case_vs_NC
A00485,123,128,Thal_VL_R,AAL3,AD,case_vs_NC,Banerjee2025,Thal_VL,https://doi.org/10.1177/13872877251390386,10.1177/13872877251390386,gray matter or nucleus; see measurement,parent_region_extrapolation,lower,,,reported bilateral significant atrophy; d not recovered,sTHOMAS nuclear volume; covariate-adjusted group comparison,Results3.2,IL pooled vs centromedian only; VL pooled vs VLp only.,supported,Banerjee2025:Thal_VL:AD:case_vs_NC
A00486,136,141,Thal_MGN_L,AAL3,AD,case_vs_NC,Banerjee2025,Thal_MGN,https://doi.org/10.1177/13872877251390386,10.1177/13872877251390386,gray matter or nucleus; see measurement,direct,lower,,,reported bilateral significant atrophy; d not recovered,sTHOMAS nuclear volume; covariate-adjusted group comparison,Results3.2,IL pooled vs centromedian only; VL pooled vs VLp only.,supported,Banerjee2025:Thal_MGN:AD:case_vs_NC
A00487,137,142,Thal_MGN_R,AAL3,AD,case_vs_NC,Banerjee2025,Thal_MGN,https://doi.org/10.1177/13872877251390386,10.1177/13872877251390386,gray matter or nucleus; see measurement,direct,lower,,,reported bilateral significant atrophy; d not recovered,sTHOMAS nuclear volume; covariate-adjusted group comparison,Results3.2,IL pooled vs centromedian only; VL pooled vs VLp only.,supported,Banerjee2025:Thal_MGN:AD:case_vs_NC
A00488,116,121,Thal_AV_L,AAL3,AD,case_vs_NC,Young2025,AV / MD-Pf / pulvinar,https://doi.org/10.1016/j.bpsc.2024.08.006,10.1016/j.bpsc.2024.08.006,gray matter or nucleus; see measurement,parent_region_extrapolation,lower,,,normative z shifts; no case-control d,HIPS-THOMAS normative nuclear volume z-score,Results MCI/AD +Fig5,Nuclear groups; early/late MCI not pooled numeric effect.,supported,Young2025:AV / MD-Pf / pulvinar:AD:case_vs_NC
A00489,117,122,Thal_AV_R,AAL3,AD,case_vs_NC,Young2025,AV / MD-Pf / pulvinar,https://doi.org/10.1016/j.bpsc.2024.08.006,10.1016/j.bpsc.2024.08.006,gray matter or nucleus; see measurement,parent_region_extrapolation,lower,,,normative z shifts; no case-control d,HIPS-THOMAS normative nuclear volume z-score,Results MCI/AD +Fig5,Nuclear groups; early/late MCI not pooled numeric effect.,supported,Young2025:AV / MD-Pf / pulvinar:AD:case_vs_NC
A00490,130,135,Thal_MDm_L,AAL3,AD,case_vs_NC,Young2025,AV / MD-Pf / pulvinar,https://doi.org/10.1016/j.bpsc.2024.08.006,10.1016/j.bpsc.2024.08.006,gray matter or nucleus; see measurement,parent_region_extrapolation,lower,,,normative z shifts; no case-control d,HIPS-THOMAS normative nuclear volume z-score,Results MCI/AD +Fig5,Nuclear groups; early/late MCI not pooled numeric effect.,supported,Young2025:AV / MD-Pf / pulvinar:AD:case_vs_NC
A00491,131,136,Thal_MDm_R,AAL3,AD,case_vs_NC,Young2025,AV / MD-Pf / pulvinar,https://doi.org/10.1016/j.bpsc.2024.08.006,10.1016/j.bpsc.2024.08.006,gray matter or nucleus; see measurement,parent_region_extrapolation,lower,,,normative z shifts; no case-control d,HIPS-THOMAS normative nuclear volume z-score,Results MCI/AD +Fig5,Nuclear groups; early/late MCI not pooled numeric effect.,supported,Young2025:AV / MD-Pf / pulvinar:AD:case_vs_NC
A00492,132,137,Thal_MDl_L,AAL3,AD,case_vs_NC,Young2025,AV / MD-Pf / pulvinar,https://doi.org/10.1016/j.bpsc.2024.08.006,10.1016/j.bpsc.2024.08.006,gray matter or nucleus; see measurement,parent_region_extrapolation,lower,,,normative z shifts; no case-control d,HIPS-THOMAS normative nuclear volume z-score,Results MCI/AD +Fig5,Nuclear groups; early/late MCI not pooled numeric effect.,supported,Young2025:AV / MD-Pf / pulvinar:AD:case_vs_NC
A00493,133,138,Thal_MDl_R,AAL3,AD,case_vs_NC,Young2025,AV / MD-Pf / pulvinar,https://doi.org/10.1016/j.bpsc.2024.08.006,10.1016/j.bpsc.2024.08.006,gray matter or nucleus; see measurement,parent_region_extrapolation,lower,,,normative z shifts; no case-control d,HIPS-THOMAS normative nuclear volume z-score,Results MCI/AD +Fig5,Nuclear groups; early/late MCI not pooled numeric effect.,supported,Young2025:AV / MD-Pf / pulvinar:AD:case_vs_NC
A00494,138,143,Thal_PuI_L,AAL3,AD,case_vs_NC,Young2025,AV / MD-Pf / pulvinar,https://doi.org/10.1016/j.bpsc.2024.08.006,10.1016/j.bpsc.2024.08.006,gray matter or nucleus; see measurement,parent_region_extrapolation,lower,,,normative z shifts; no case-control d,HIPS-THOMAS normative nuclear volume z-score,Results MCI/AD +Fig5,Nuclear groups; early/late MCI not pooled numeric effect.,supported,Young2025:AV / MD-Pf / pulvinar:AD:case_vs_NC
A00495,139,144,Thal_PuI_R,AAL3,AD,case_vs_NC,Young2025,AV / MD-Pf / pulvinar,https://doi.org/10.1016/j.bpsc.2024.08.006,10.1016/j.bpsc.2024.08.006,gray matter or nucleus; see measurement,parent_region_extrapolation,lower,,,normative z shifts; no case-control d,HIPS-THOMAS normative nuclear volume z-score,Results MCI/AD +Fig5,Nuclear groups; early/late MCI not pooled numeric effect.,supported,Young2025:AV / MD-Pf / pulvinar:AD:case_vs_NC
A00496,140,145,Thal_PuM_L,AAL3,AD,case_vs_NC,Young2025,AV / MD-Pf / pulvinar,https://doi.org/10.1016/j.bpsc.2024.08.006,10.1016/j.bpsc.2024.08.006,gray matter or nucleus; see measurement,parent_region_extrapolation,lower,,,normative z shifts; no case-control d,HIPS-THOMAS normative nuclear volume z-score,Results MCI/AD +Fig5,Nuclear groups; early/late MCI not pooled numeric effect.,supported,Young2025:AV / MD-Pf / pulvinar:AD:case_vs_NC
A00497,141,146,Thal_PuM_R,AAL3,AD,case_vs_NC,Young2025,AV / MD-Pf / pulvinar,https://doi.org/10.1016/j.bpsc.2024.08.006,10.1016/j.bpsc.2024.08.006,gray matter or nucleus; see measurement,parent_region_extrapolation,lower,,,normative z shifts; no case-control d,HIPS-THOMAS normative nuclear volume z-score,Results MCI/AD +Fig5,Nuclear groups; early/late MCI not pooled numeric effect.,supported,Young2025:AV / MD-Pf / pulvinar:AD:case_vs_NC
A00498,142,147,Thal_PuA_L,AAL3,AD,case_vs_NC,Young2025,AV / MD-Pf / pulvinar,https://doi.org/10.1016/j.bpsc.2024.08.006,10.1016/j.bpsc.2024.08.006,gray matter or nucleus; see measurement,parent_region_extrapolation,lower,,,normative z shifts; no case-control d,HIPS-THOMAS normative nuclear volume z-score,Results MCI/AD +Fig5,Nuclear groups; early/late MCI not pooled numeric effect.,supported,Young2025:AV / MD-Pf / pulvinar:AD:case_vs_NC
A00499,143,148,Thal_PuA_R,AAL3,AD,case_vs_NC,Young2025,AV / MD-Pf / pulvinar,https://doi.org/10.1016/j.bpsc.2024.08.006,10.1016/j.bpsc.2024.08.006,gray matter or nucleus; see measurement,parent_region_extrapolation,lower,,,normative z shifts; no case-control d,HIPS-THOMAS normative nuclear volume z-score,Results MCI/AD +Fig5,Nuclear groups; early/late MCI not pooled numeric effect.,supported,Young2025:AV / MD-Pf / pulvinar:AD:case_vs_NC
A00500,144,149,Thal_PuL_L,AAL3,AD,case_vs_NC,Young2025,AV / MD-Pf / pulvinar,https://doi.org/10.1016/j.bpsc.2024.08.006,10.1016/j.bpsc.2024.08.006,gray matter or nucleus; see measurement,parent_region_extrapolation,lower,,,normative z shifts; no case-control d,HIPS-THOMAS normative nuclear volume z-score,Results MCI/AD +Fig5,Nuclear groups; early/late MCI not pooled numeric effect.,supported,Young2025:AV / MD-Pf / pulvinar:AD:case_vs_NC
A00501,145,150,Thal_PuL_R,AAL3,AD,case_vs_NC,Young2025,AV / MD-Pf / pulvinar,https://doi.org/10.1016/j.bpsc.2024.08.006,10.1016/j.bpsc.2024.08.006,gray matter or nucleus; see measurement,parent_region_extrapolation,lower,,,normative z shifts; no case-control d,HIPS-THOMAS normative nuclear volume z-score,Results MCI/AD +Fig5,Nuclear groups; early/late MCI not pooled numeric effect.,supported,Young2025:AV / MD-Pf / pulvinar:AD:case_vs_NC
A00502,124,129,Thal_VPL_L,AAL3,AD,case_vs_NC,Young2025,Thal_VPL,https://doi.org/10.1016/j.bpsc.2024.08.006,10.1016/j.bpsc.2024.08.006,gray matter or nucleus; see measurement,direct,lower,,,MCI right more affected; AD VPL right/MGN left preference; no d,HIPS-THOMAS normative nuclear volume z-score,Results MCI/AD,Normative volume z; laterality not exact side effect quantification.,supported,Young2025:Thal_VPL:AD:case_vs_NC
A00503,125,130,Thal_VPL_R,AAL3,AD,case_vs_NC,Young2025,Thal_VPL,https://doi.org/10.1016/j.bpsc.2024.08.006,10.1016/j.bpsc.2024.08.006,gray matter or nucleus; see measurement,direct,lower,,,MCI right more affected; AD VPL right/MGN left preference; no d,HIPS-THOMAS normative nuclear volume z-score,Results MCI/AD,Normative volume z; laterality not exact side effect quantification.,supported,Young2025:Thal_VPL:AD:case_vs_NC
A00504,136,141,Thal_MGN_L,AAL3,AD,case_vs_NC,Young2025,Thal_MGN,https://doi.org/10.1016/j.bpsc.2024.08.006,10.1016/j.bpsc.2024.08.006,gray matter or nucleus; see measurement,direct,lower,,,MCI right more affected; AD VPL right/MGN left preference; no d,HIPS-THOMAS normative nuclear volume z-score,Results MCI/AD,Normative volume z; laterality not exact side effect quantification.,supported,Young2025:Thal_MGN:AD:case_vs_NC
A00505,137,142,Thal_MGN_R,AAL3,AD,case_vs_NC,Young2025,Thal_MGN,https://doi.org/10.1016/j.bpsc.2024.08.006,10.1016/j.bpsc.2024.08.006,gray matter or nucleus; see measurement,direct,lower,,,MCI right more affected; AD VPL right/MGN left preference; no d,HIPS-THOMAS normative nuclear volume z-score,Results MCI/AD,Normative volume z; laterality not exact side effect quantification.,supported,Young2025:Thal_MGN:AD:case_vs_NC
A00506,116,121,Thal_AV_L,AAL3,MCI,case_vs_NC,Young2025,AV / MD-Pf / pulvinar,https://doi.org/10.1016/j.bpsc.2024.08.006,10.1016/j.bpsc.2024.08.006,gray matter or nucleus; see measurement,parent_region_extrapolation,lower,,,normative z shifts; no case-control d,HIPS-THOMAS normative nuclear volume z-score,Results MCI/AD +Fig5,Nuclear groups; early/late MCI not pooled numeric effect.,supported,Young2025:AV / MD-Pf / pulvinar:MCI:case_vs_NC
A00507,117,122,Thal_AV_R,AAL3,MCI,case_vs_NC,Young2025,AV / MD-Pf / pulvinar,https://doi.org/10.1016/j.bpsc.2024.08.006,10.1016/j.bpsc.2024.08.006,gray matter or nucleus; see measurement,parent_region_extrapolation,lower,,,normative z shifts; no case-control d,HIPS-THOMAS normative nuclear volume z-score,Results MCI/AD +Fig5,Nuclear groups; early/late MCI not pooled numeric effect.,supported,Young2025:AV / MD-Pf / pulvinar:MCI:case_vs_NC
A00508,130,135,Thal_MDm_L,AAL3,MCI,case_vs_NC,Young2025,AV / MD-Pf / pulvinar,https://doi.org/10.1016/j.bpsc.2024.08.006,10.1016/j.bpsc.2024.08.006,gray matter or nucleus; see measurement,parent_region_extrapolation,lower,,,normative z shifts; no case-control d,HIPS-THOMAS normative nuclear volume z-score,Results MCI/AD +Fig5,Nuclear groups; early/late MCI not pooled numeric effect.,supported,Young2025:AV / MD-Pf / pulvinar:MCI:case_vs_NC
A00509,131,136,Thal_MDm_R,AAL3,MCI,case_vs_NC,Young2025,AV / MD-Pf / pulvinar,https://doi.org/10.1016/j.bpsc.2024.08.006,10.1016/j.bpsc.2024.08.006,gray matter or nucleus; see measurement,parent_region_extrapolation,lower,,,normative z shifts; no case-control d,HIPS-THOMAS normative nuclear volume z-score,Results MCI/AD +Fig5,Nuclear groups; early/late MCI not pooled numeric effect.,supported,Young2025:AV / MD-Pf / pulvinar:MCI:case_vs_NC
A00510,132,137,Thal_MDl_L,AAL3,MCI,case_vs_NC,Young2025,AV / MD-Pf / pulvinar,https://doi.org/10.1016/j.bpsc.2024.08.006,10.1016/j.bpsc.2024.08.006,gray matter or nucleus; see measurement,parent_region_extrapolation,lower,,,normative z shifts; no case-control d,HIPS-THOMAS normative nuclear volume z-score,Results MCI/AD +Fig5,Nuclear groups; early/late MCI not pooled numeric effect.,supported,Young2025:AV / MD-Pf / pulvinar:MCI:case_vs_NC
A00511,133,138,Thal_MDl_R,AAL3,MCI,case_vs_NC,Young2025,AV / MD-Pf / pulvinar,https://doi.org/10.1016/j.bpsc.2024.08.006,10.1016/j.bpsc.2024.08.006,gray matter or nucleus; see measurement,parent_region_extrapolation,lower,,,normative z shifts; no case-control d,HIPS-THOMAS normative nuclear volume z-score,Results MCI/AD +Fig5,Nuclear groups; early/late MCI not pooled numeric effect.,supported,Young2025:AV / MD-Pf / pulvinar:MCI:case_vs_NC
A00512,138,143,Thal_PuI_L,AAL3,MCI,case_vs_NC,Young2025,AV / MD-Pf / pulvinar,https://doi.org/10.1016/j.bpsc.2024.08.006,10.1016/j.bpsc.2024.08.006,gray matter or nucleus; see measurement,parent_region_extrapolation,lower,,,normative z shifts; no case-control d,HIPS-THOMAS normative nuclear volume z-score,Results MCI/AD +Fig5,Nuclear groups; early/late MCI not pooled numeric effect.,supported,Young2025:AV / MD-Pf / pulvinar:MCI:case_vs_NC
A00513,139,144,Thal_PuI_R,AAL3,MCI,case_vs_NC,Young2025,AV / MD-Pf / pulvinar,https://doi.org/10.1016/j.bpsc.2024.08.006,10.1016/j.bpsc.2024.08.006,gray matter or nucleus; see measurement,parent_region_extrapolation,lower,,,normative z shifts; no case-control d,HIPS-THOMAS normative nuclear volume z-score,Results MCI/AD +Fig5,Nuclear groups; early/late MCI not pooled numeric effect.,supported,Young2025:AV / MD-Pf / pulvinar:MCI:case_vs_NC
A00514,140,145,Thal_PuM_L,AAL3,MCI,case_vs_NC,Young2025,AV / MD-Pf / pulvinar,https://doi.org/10.1016/j.bpsc.2024.08.006,10.1016/j.bpsc.2024.08.006,gray matter or nucleus; see measurement,parent_region_extrapolation,lower,,,normative z shifts; no case-control d,HIPS-THOMAS normative nuclear volume z-score,Results MCI/AD +Fig5,Nuclear groups; early/late MCI not pooled numeric effect.,supported,Young2025:AV / MD-Pf / pulvinar:MCI:case_vs_NC
A00515,141,146,Thal_PuM_R,AAL3,MCI,case_vs_NC,Young2025,AV / MD-Pf / pulvinar,https://doi.org/10.1016/j.bpsc.2024.08.006,10.1016/j.bpsc.2024.08.006,gray matter or nucleus; see measurement,parent_region_extrapolation,lower,,,normative z shifts; no case-control d,HIPS-THOMAS normative nuclear volume z-score,Results MCI/AD +Fig5,Nuclear groups; early/late MCI not pooled numeric effect.,supported,Young2025:AV / MD-Pf / pulvinar:MCI:case_vs_NC
A00516,142,147,Thal_PuA_L,AAL3,MCI,case_vs_NC,Young2025,AV / MD-Pf / pulvinar,https://doi.org/10.1016/j.bpsc.2024.08.006,10.1016/j.bpsc.2024.08.006,gray matter or nucleus; see measurement,parent_region_extrapolation,lower,,,normative z shifts; no case-control d,HIPS-THOMAS normative nuclear volume z-score,Results MCI/AD +Fig5,Nuclear groups; early/late MCI not pooled numeric effect.,supported,Young2025:AV / MD-Pf / pulvinar:MCI:case_vs_NC
A00517,143,148,Thal_PuA_R,AAL3,MCI,case_vs_NC,Young2025,AV / MD-Pf / pulvinar,https://doi.org/10.1016/j.bpsc.2024.08.006,10.1016/j.bpsc.2024.08.006,gray matter or nucleus; see measurement,parent_region_extrapolation,lower,,,normative z shifts; no case-control d,HIPS-THOMAS normative nuclear volume z-score,Results MCI/AD +Fig5,Nuclear groups; early/late MCI not pooled numeric effect.,supported,Young2025:AV / MD-Pf / pulvinar:MCI:case_vs_NC
A00518,144,149,Thal_PuL_L,AAL3,MCI,case_vs_NC,Young2025,AV / MD-Pf / pulvinar,https://doi.org/10.1016/j.bpsc.2024.08.006,10.1016/j.bpsc.2024.08.006,gray matter or nucleus; see measurement,parent_region_extrapolation,lower,,,normative z shifts; no case-control d,HIPS-THOMAS normative nuclear volume z-score,Results MCI/AD +Fig5,Nuclear groups; early/late MCI not pooled numeric effect.,supported,Young2025:AV / MD-Pf / pulvinar:MCI:case_vs_NC
A00519,145,150,Thal_PuL_R,AAL3,MCI,case_vs_NC,Young2025,AV / MD-Pf / pulvinar,https://doi.org/10.1016/j.bpsc.2024.08.006,10.1016/j.bpsc.2024.08.006,gray matter or nucleus; see measurement,parent_region_extrapolation,lower,,,normative z shifts; no case-control d,HIPS-THOMAS normative nuclear volume z-score,Results MCI/AD +Fig5,Nuclear groups; early/late MCI not pooled numeric effect.,supported,Young2025:AV / MD-Pf / pulvinar:MCI:case_vs_NC
A00520,124,129,Thal_VPL_L,AAL3,MCI,case_vs_NC,Young2025,Thal_VPL,https://doi.org/10.1016/j.bpsc.2024.08.006,10.1016/j.bpsc.2024.08.006,gray matter or nucleus; see measurement,direct,lower,,,MCI right more affected; AD VPL right/MGN left preference; no d,HIPS-THOMAS normative nuclear volume z-score,Results MCI/AD,Normative volume z; laterality not exact side effect quantification.,supported,Young2025:Thal_VPL:MCI:case_vs_NC
A00521,125,130,Thal_VPL_R,AAL3,MCI,case_vs_NC,Young2025,Thal_VPL,https://doi.org/10.1016/j.bpsc.2024.08.006,10.1016/j.bpsc.2024.08.006,gray matter or nucleus; see measurement,direct,lower,,,MCI right more affected; AD VPL right/MGN left preference; no d,HIPS-THOMAS normative nuclear volume z-score,Results MCI/AD,Normative volume z; laterality not exact side effect quantification.,supported,Young2025:Thal_VPL:MCI:case_vs_NC
A00522,136,141,Thal_MGN_L,AAL3,MCI,case_vs_NC,Young2025,Thal_MGN,https://doi.org/10.1016/j.bpsc.2024.08.006,10.1016/j.bpsc.2024.08.006,gray matter or nucleus; see measurement,direct,lower,,,MCI right more affected; AD VPL right/MGN left preference; no d,HIPS-THOMAS normative nuclear volume z-score,Results MCI/AD,Normative volume z; laterality not exact side effect quantification.,supported,Young2025:Thal_MGN:MCI:case_vs_NC
A00523,137,142,Thal_MGN_R,AAL3,MCI,case_vs_NC,Young2025,Thal_MGN,https://doi.org/10.1016/j.bpsc.2024.08.006,10.1016/j.bpsc.2024.08.006,gray matter or nucleus; see measurement,direct,lower,,,MCI right more affected; AD VPL right/MGN left preference; no d,HIPS-THOMAS normative nuclear volume z-score,Results MCI/AD,Normative volume z; laterality not exact side effect quantification.,supported,Young2025:Thal_MGN:MCI:case_vs_NC
A00524,16,17,Olfactory_L,AAL3,AD,female_case_vs_NC,Olfactory2025,olfactory L female,https://doi.org/10.3390/brainsci15060610,10.3390/brainsci15060610,gray matter or nucleus; see measurement,direct,lower,reported_mean_difference_mL_case_minus_NC,-0.11,p=.0002; threshold .001; CI unavailable,SPM12 modulated GM; AAL olfactory ROI; left/right mL,Table2,Sex-stratified AAL mask; target FSL versus source SPM modulated GM.,supported,Olfactory2025:olfactory L female:AD:female_case_vs_NC
A00525,17,18,Olfactory_R,AAL3,AD,female_case_vs_NC,Olfactory2025,olfactory R female,https://doi.org/10.3390/brainsci15060610,10.3390/brainsci15060610,gray matter or nucleus; see measurement,direct,lower,reported_mean_difference_mL_case_minus_NC,-0.12,p=<.0001; threshold .001; CI unavailable,SPM12 modulated GM; AAL olfactory ROI; left/right mL,Table2,Sex-stratified AAL mask; target FSL versus source SPM modulated GM.,supported,Olfactory2025:olfactory R female:AD:female_case_vs_NC
A00526,16,17,Olfactory_L,AAL3,AD,male_case_vs_NC,Olfactory2025,olfactory L male,https://doi.org/10.3390/brainsci15060610,10.3390/brainsci15060610,gray matter or nucleus; see measurement,direct,lower,reported_mean_difference_mL_case_minus_NC,-0.18,p=<.0001; threshold .001; CI unavailable,SPM12 modulated GM; AAL olfactory ROI; left/right mL,Table2,Sex-stratified AAL mask; target FSL versus source SPM modulated GM.,supported,Olfactory2025:olfactory L male:AD:male_case_vs_NC
A00527,17,18,Olfactory_R,AAL3,AD,male_case_vs_NC,Olfactory2025,olfactory R male,https://doi.org/10.3390/brainsci15060610,10.3390/brainsci15060610,gray matter or nucleus; see measurement,direct,lower,reported_mean_difference_mL_case_minus_NC,-0.18,p=<.0001; threshold .001; CI unavailable,SPM12 modulated GM; AAL olfactory ROI; left/right mL,Table2,Sex-stratified AAL mask; target FSL versus source SPM modulated GM.,supported,Olfactory2025:olfactory R male:AD:male_case_vs_NC
A00528,16,17,Olfactory_L,AAL3,MCI,female_case_vs_NC,Olfactory2025,olfactory L female,https://doi.org/10.3390/brainsci15060610,10.3390/brainsci15060610,gray matter or nucleus; see measurement,direct,lower,reported_mean_difference_mL_case_minus_NC,-0.06,p=.003; threshold .001; CI unavailable,SPM12 modulated GM; AAL olfactory ROI; left/right mL,Table2,Sex-stratified AAL mask; target FSL versus source SPM modulated GM.,not_significant_at_prespecified_threshold,Olfactory2025:olfactory L female:MCI:female_case_vs_NC
A00529,17,18,Olfactory_R,AAL3,MCI,female_case_vs_NC,Olfactory2025,olfactory R female,https://doi.org/10.3390/brainsci15060610,10.3390/brainsci15060610,gray matter or nucleus; see measurement,direct,lower,reported_mean_difference_mL_case_minus_NC,-0.07,p=.002; threshold .001; CI unavailable,SPM12 modulated GM; AAL olfactory ROI; left/right mL,Table2,Sex-stratified AAL mask; target FSL versus source SPM modulated GM.,not_significant_at_prespecified_threshold,Olfactory2025:olfactory R female:MCI:female_case_vs_NC
A00530,16,17,Olfactory_L,AAL3,MCI,male_case_vs_NC,Olfactory2025,olfactory L male,https://doi.org/10.3390/brainsci15060610,10.3390/brainsci15060610,gray matter or nucleus; see measurement,direct,lower,reported_mean_difference_mL_case_minus_NC,-0.05,p=.25; threshold .001; CI unavailable,SPM12 modulated GM; AAL olfactory ROI; left/right mL,Table2,Sex-stratified AAL mask; target FSL versus source SPM modulated GM.,not_significant_at_prespecified_threshold,Olfactory2025:olfactory L male:MCI:male_case_vs_NC
A00531,17,18,Olfactory_R,AAL3,MCI,male_case_vs_NC,Olfactory2025,olfactory R male,https://doi.org/10.3390/brainsci15060610,10.3390/brainsci15060610,gray matter or nucleus; see measurement,direct,lower,reported_mean_difference_mL_case_minus_NC,-0.04,p=.41; threshold .001; CI unavailable,SPM12 modulated GM; AAL olfactory ROI; left/right mL,Table2,Sex-stratified AAL mask; target FSL versus source SPM modulated GM.,not_significant_at_prespecified_threshold,Olfactory2025:olfactory R male:MCI:male_case_vs_NC
A00532,8,16,BrainStem,FIRST,AD,case_vs_NC,Dutt2020,whole brainstem,https://doi.org/10.3233/JAD-200187,10.3233/JAD-200187,whole brainstem mixed tissue,indirect,lower,,,clinical ANCOVA p=.001 omnibus; biomarker subset p>.10; d unavailable,SPM tissue segmentation; TIV-normalized brainstem ROI,Results/Table1,TIV-normalized SPM tissue ROI including WM versus FIRST total structure; subgroup inconsistency.,mixed_by_diagnostic_definition,Dutt2020:whole brainstem:AD:case_vs_NC
A00533,154,159,VTA_L,AAL3,AD,case_vs_NC,DeMarco2018,VTA,https://doi.org/10.3233/JAD-171018,10.3233/JAD-171018,gray matter or nucleus; see measurement,indirect,not_established,reported_GM_ratio_group_means,"{""NC"": 0.00526, ""MCI"": 0.00523, ""AD"": 0.00492}",omnibus p=.107; no significant group differences,mean GM signal in probabilistic midbrain nucleus ROI divided by brainstem measure,Table1/Results,Brainstem-normalized signal ratio; bilateral pooled; no pars-specific estimate.,not_significant,DeMarco2018:VTA:AD:case_vs_NC
A00534,155,160,VTA_R,AAL3,AD,case_vs_NC,DeMarco2018,VTA,https://doi.org/10.3233/JAD-171018,10.3233/JAD-171018,gray matter or nucleus; see measurement,indirect,not_established,reported_GM_ratio_group_means,"{""NC"": 0.00526, ""MCI"": 0.00523, ""AD"": 0.00492}",omnibus p=.107; no significant group differences,mean GM signal in probabilistic midbrain nucleus ROI divided by brainstem measure,Table1/Results,Brainstem-normalized signal ratio; bilateral pooled; no pars-specific estimate.,not_significant,DeMarco2018:VTA:AD:case_vs_NC
A00535,160,165,Red_N_L,AAL3,AD,case_vs_NC,DeMarco2018,Red_N,https://doi.org/10.3233/JAD-171018,10.3233/JAD-171018,gray matter or nucleus; see measurement,indirect,not_established,reported_GM_ratio_group_means,"{""NC"": 0.00338, ""MCI"": 0.00347, ""AD"": 0.0033}",omnibus p=.317; no significant group differences,mean GM signal in probabilistic midbrain nucleus ROI divided by brainstem measure,Table1/Results,Brainstem-normalized signal ratio; bilateral pooled; no pars-specific estimate.,not_significant,DeMarco2018:Red_N:AD:case_vs_NC
A00536,161,166,Red_N_R,AAL3,AD,case_vs_NC,DeMarco2018,Red_N,https://doi.org/10.3233/JAD-171018,10.3233/JAD-171018,gray matter or nucleus; see measurement,indirect,not_established,reported_GM_ratio_group_means,"{""NC"": 0.00338, ""MCI"": 0.00347, ""AD"": 0.0033}",omnibus p=.317; no significant group differences,mean GM signal in probabilistic midbrain nucleus ROI divided by brainstem measure,Table1/Results,Brainstem-normalized signal ratio; bilateral pooled; no pars-specific estimate.,not_significant,DeMarco2018:Red_N:AD:case_vs_NC
A00537,156,161,SN_pc_L,AAL3,AD,case_vs_NC,DeMarco2018,whole substantia nigra,https://doi.org/10.3233/JAD-171018,10.3233/JAD-171018,gray matter or nucleus; see measurement,indirect,not_established,reported_GM_ratio_group_means,"{""NC"": 0.00155, ""MCI"": 0.00151, ""AD"": 0.00145}",omnibus p=.129; no significant group differences,mean GM signal in probabilistic midbrain nucleus ROI divided by brainstem measure,Table1/Results,Brainstem-normalized signal ratio; bilateral pooled; no pars-specific estimate.,not_significant,DeMarco2018:whole substantia nigra:AD:case_vs_NC
A00538,157,162,SN_pc_R,AAL3,AD,case_vs_NC,DeMarco2018,whole substantia nigra,https://doi.org/10.3233/JAD-171018,10.3233/JAD-171018,gray matter or nucleus; see measurement,indirect,not_established,reported_GM_ratio_group_means,"{""NC"": 0.00155, ""MCI"": 0.00151, ""AD"": 0.00145}",omnibus p=.129; no significant group differences,mean GM signal in probabilistic midbrain nucleus ROI divided by brainstem measure,Table1/Results,Brainstem-normalized signal ratio; bilateral pooled; no pars-specific estimate.,not_significant,DeMarco2018:whole substantia nigra:AD:case_vs_NC
A00539,158,163,SN_pr_L,AAL3,AD,case_vs_NC,DeMarco2018,whole substantia nigra,https://doi.org/10.3233/JAD-171018,10.3233/JAD-171018,gray matter or nucleus; see measurement,indirect,not_established,reported_GM_ratio_group_means,"{""NC"": 0.00155, ""MCI"": 0.00151, ""AD"": 0.00145}",omnibus p=.129; no significant group differences,mean GM signal in probabilistic midbrain nucleus ROI divided by brainstem measure,Table1/Results,Brainstem-normalized signal ratio; bilateral pooled; no pars-specific estimate.,not_significant,DeMarco2018:whole substantia nigra:AD:case_vs_NC
A00540,159,164,SN_pr_R,AAL3,AD,case_vs_NC,DeMarco2018,whole substantia nigra,https://doi.org/10.3233/JAD-171018,10.3233/JAD-171018,gray matter or nucleus; see measurement,indirect,not_established,reported_GM_ratio_group_means,"{""NC"": 0.00155, ""MCI"": 0.00151, ""AD"": 0.00145}",omnibus p=.129; no significant group differences,mean GM signal in probabilistic midbrain nucleus ROI divided by brainstem measure,Table1/Results,Brainstem-normalized signal ratio; bilateral pooled; no pars-specific estimate.,not_significant,DeMarco2018:whole substantia nigra:AD:case_vs_NC
A00541,156,161,SN_pc_L,AAL3,AD,case_vs_NC,Krohn2026,whole substantia nigra,https://doi.org/10.1093/braincomms/fcag238,10.1093/braincomms/fcag238,gray matter or nucleus; see measurement,indirect,lower,reported_Hedges_g_case_minus_NC,-1.4,AD p=.016; 23% reduction; MCI not significant; CI unavailable,0.75mm SN-sensitive FLASH MRI threshold-defined SN volume,Results/Fig2/Table1,SN-sensitive contrast-defined volume cannot resolve pars or conventional GMV; small AD n10.,supported_different_measurement,Krohn2026:whole substantia nigra:AD:case_vs_NC
A00542,157,162,SN_pc_R,AAL3,AD,case_vs_NC,Krohn2026,whole substantia nigra,https://doi.org/10.1093/braincomms/fcag238,10.1093/braincomms/fcag238,gray matter or nucleus; see measurement,indirect,lower,reported_Hedges_g_case_minus_NC,-1.4,AD p=.016; 23% reduction; MCI not significant; CI unavailable,0.75mm SN-sensitive FLASH MRI threshold-defined SN volume,Results/Fig2/Table1,SN-sensitive contrast-defined volume cannot resolve pars or conventional GMV; small AD n10.,supported_different_measurement,Krohn2026:whole substantia nigra:AD:case_vs_NC
A00543,158,163,SN_pr_L,AAL3,AD,case_vs_NC,Krohn2026,whole substantia nigra,https://doi.org/10.1093/braincomms/fcag238,10.1093/braincomms/fcag238,gray matter or nucleus; see measurement,indirect,lower,reported_Hedges_g_case_minus_NC,-1.4,AD p=.016; 23% reduction; MCI not significant; CI unavailable,0.75mm SN-sensitive FLASH MRI threshold-defined SN volume,Results/Fig2/Table1,SN-sensitive contrast-defined volume cannot resolve pars or conventional GMV; small AD n10.,supported_different_measurement,Krohn2026:whole substantia nigra:AD:case_vs_NC
A00544,159,164,SN_pr_R,AAL3,AD,case_vs_NC,Krohn2026,whole substantia nigra,https://doi.org/10.1093/braincomms/fcag238,10.1093/braincomms/fcag238,gray matter or nucleus; see measurement,indirect,lower,reported_Hedges_g_case_minus_NC,-1.4,AD p=.016; 23% reduction; MCI not significant; CI unavailable,0.75mm SN-sensitive FLASH MRI threshold-defined SN volume,Results/Fig2/Table1,SN-sensitive contrast-defined volume cannot resolve pars or conventional GMV; small AD n10.,supported_different_measurement,Krohn2026:whole substantia nigra:AD:case_vs_NC
A00545,162,167,LC_L,AAL3,AD,case_vs_NC,Galgani2022,locus coeruleus,https://doi.org/10.1111/ene.15556,10.1111/ene.15556,gray matter or nucleus; see measurement,indirect,lower,,,AD and converting MCI lower contrast/voxel count; stableMCI not; no GMV d,LC-sensitive MRI contrast and suprathreshold voxel count,Results and Discussion LCVox limitation,Not anatomical volume; MCI progression subgroup specificity.,supported_different_measurement,Galgani2022:locus coeruleus:AD:case_vs_NC
A00546,163,168,LC_R,AAL3,AD,case_vs_NC,Galgani2022,locus coeruleus,https://doi.org/10.1111/ene.15556,10.1111/ene.15556,gray matter or nucleus; see measurement,indirect,lower,,,AD and converting MCI lower contrast/voxel count; stableMCI not; no GMV d,LC-sensitive MRI contrast and suprathreshold voxel count,Results and Discussion LCVox limitation,Not anatomical volume; MCI progression subgroup specificity.,supported_different_measurement,Galgani2022:locus coeruleus:AD:case_vs_NC
A00547,8,16,BrainStem,FIRST,MCI,case_vs_NC,Dutt2020,whole brainstem,https://doi.org/10.3233/JAD-200187,10.3233/JAD-200187,whole brainstem mixed tissue,indirect,lower,,,clinical ANCOVA p=.001 omnibus; biomarker subset p>.10; d unavailable,SPM tissue segmentation; TIV-normalized brainstem ROI,Results/Table1,TIV-normalized SPM tissue ROI including WM versus FIRST total structure; subgroup inconsistency.,mixed_by_diagnostic_definition,Dutt2020:whole brainstem:MCI:case_vs_NC
A00548,154,159,VTA_L,AAL3,MCI,case_vs_NC,DeMarco2018,VTA,https://doi.org/10.3233/JAD-171018,10.3233/JAD-171018,gray matter or nucleus; see measurement,indirect,not_established,reported_GM_ratio_group_means,"{""NC"": 0.00526, ""MCI"": 0.00523, ""AD"": 0.00492}",omnibus p=.107; no significant group differences,mean GM signal in probabilistic midbrain nucleus ROI divided by brainstem measure,Table1/Results,Brainstem-normalized signal ratio; bilateral pooled; no pars-specific estimate.,not_significant,DeMarco2018:VTA:MCI:case_vs_NC
A00549,155,160,VTA_R,AAL3,MCI,case_vs_NC,DeMarco2018,VTA,https://doi.org/10.3233/JAD-171018,10.3233/JAD-171018,gray matter or nucleus; see measurement,indirect,not_established,reported_GM_ratio_group_means,"{""NC"": 0.00526, ""MCI"": 0.00523, ""AD"": 0.00492}",omnibus p=.107; no significant group differences,mean GM signal in probabilistic midbrain nucleus ROI divided by brainstem measure,Table1/Results,Brainstem-normalized signal ratio; bilateral pooled; no pars-specific estimate.,not_significant,DeMarco2018:VTA:MCI:case_vs_NC
A00550,160,165,Red_N_L,AAL3,MCI,case_vs_NC,DeMarco2018,Red_N,https://doi.org/10.3233/JAD-171018,10.3233/JAD-171018,gray matter or nucleus; see measurement,indirect,not_established,reported_GM_ratio_group_means,"{""NC"": 0.00338, ""MCI"": 0.00347, ""AD"": 0.0033}",omnibus p=.317; no significant group differences,mean GM signal in probabilistic midbrain nucleus ROI divided by brainstem measure,Table1/Results,Brainstem-normalized signal ratio; bilateral pooled; no pars-specific estimate.,not_significant,DeMarco2018:Red_N:MCI:case_vs_NC
A00551,161,166,Red_N_R,AAL3,MCI,case_vs_NC,DeMarco2018,Red_N,https://doi.org/10.3233/JAD-171018,10.3233/JAD-171018,gray matter or nucleus; see measurement,indirect,not_established,reported_GM_ratio_group_means,"{""NC"": 0.00338, ""MCI"": 0.00347, ""AD"": 0.0033}",omnibus p=.317; no significant group differences,mean GM signal in probabilistic midbrain nucleus ROI divided by brainstem measure,Table1/Results,Brainstem-normalized signal ratio; bilateral pooled; no pars-specific estimate.,not_significant,DeMarco2018:Red_N:MCI:case_vs_NC
A00552,156,161,SN_pc_L,AAL3,MCI,case_vs_NC,DeMarco2018,whole substantia nigra,https://doi.org/10.3233/JAD-171018,10.3233/JAD-171018,gray matter or nucleus; see measurement,indirect,not_established,reported_GM_ratio_group_means,"{""NC"": 0.00155, ""MCI"": 0.00151, ""AD"": 0.00145}",omnibus p=.129; no significant group differences,mean GM signal in probabilistic midbrain nucleus ROI divided by brainstem measure,Table1/Results,Brainstem-normalized signal ratio; bilateral pooled; no pars-specific estimate.,not_significant,DeMarco2018:whole substantia nigra:MCI:case_vs_NC
A00553,157,162,SN_pc_R,AAL3,MCI,case_vs_NC,DeMarco2018,whole substantia nigra,https://doi.org/10.3233/JAD-171018,10.3233/JAD-171018,gray matter or nucleus; see measurement,indirect,not_established,reported_GM_ratio_group_means,"{""NC"": 0.00155, ""MCI"": 0.00151, ""AD"": 0.00145}",omnibus p=.129; no significant group differences,mean GM signal in probabilistic midbrain nucleus ROI divided by brainstem measure,Table1/Results,Brainstem-normalized signal ratio; bilateral pooled; no pars-specific estimate.,not_significant,DeMarco2018:whole substantia nigra:MCI:case_vs_NC
A00554,158,163,SN_pr_L,AAL3,MCI,case_vs_NC,DeMarco2018,whole substantia nigra,https://doi.org/10.3233/JAD-171018,10.3233/JAD-171018,gray matter or nucleus; see measurement,indirect,not_established,reported_GM_ratio_group_means,"{""NC"": 0.00155, ""MCI"": 0.00151, ""AD"": 0.00145}",omnibus p=.129; no significant group differences,mean GM signal in probabilistic midbrain nucleus ROI divided by brainstem measure,Table1/Results,Brainstem-normalized signal ratio; bilateral pooled; no pars-specific estimate.,not_significant,DeMarco2018:whole substantia nigra:MCI:case_vs_NC
A00555,159,164,SN_pr_R,AAL3,MCI,case_vs_NC,DeMarco2018,whole substantia nigra,https://doi.org/10.3233/JAD-171018,10.3233/JAD-171018,gray matter or nucleus; see measurement,indirect,not_established,reported_GM_ratio_group_means,"{""NC"": 0.00155, ""MCI"": 0.00151, ""AD"": 0.00145}",omnibus p=.129; no significant group differences,mean GM signal in probabilistic midbrain nucleus ROI divided by brainstem measure,Table1/Results,Brainstem-normalized signal ratio; bilateral pooled; no pars-specific estimate.,not_significant,DeMarco2018:whole substantia nigra:MCI:case_vs_NC
A00556,156,161,SN_pc_L,AAL3,MCI,case_vs_NC,Krohn2026,whole substantia nigra,https://doi.org/10.1093/braincomms/fcag238,10.1093/braincomms/fcag238,gray matter or nucleus; see measurement,indirect,not_established,,,AD p=.016; 23% reduction; MCI not significant; CI unavailable,0.75mm SN-sensitive FLASH MRI threshold-defined SN volume,Results/Fig2/Table1,SN-sensitive contrast-defined volume cannot resolve pars or conventional GMV; small AD n10.,not_significant,Krohn2026:whole substantia nigra:MCI:case_vs_NC
A00557,157,162,SN_pc_R,AAL3,MCI,case_vs_NC,Krohn2026,whole substantia nigra,https://doi.org/10.1093/braincomms/fcag238,10.1093/braincomms/fcag238,gray matter or nucleus; see measurement,indirect,not_established,,,AD p=.016; 23% reduction; MCI not significant; CI unavailable,0.75mm SN-sensitive FLASH MRI threshold-defined SN volume,Results/Fig2/Table1,SN-sensitive contrast-defined volume cannot resolve pars or conventional GMV; small AD n10.,not_significant,Krohn2026:whole substantia nigra:MCI:case_vs_NC
A00558,158,163,SN_pr_L,AAL3,MCI,case_vs_NC,Krohn2026,whole substantia nigra,https://doi.org/10.1093/braincomms/fcag238,10.1093/braincomms/fcag238,gray matter or nucleus; see measurement,indirect,not_established,,,AD p=.016; 23% reduction; MCI not significant; CI unavailable,0.75mm SN-sensitive FLASH MRI threshold-defined SN volume,Results/Fig2/Table1,SN-sensitive contrast-defined volume cannot resolve pars or conventional GMV; small AD n10.,not_significant,Krohn2026:whole substantia nigra:MCI:case_vs_NC
A00559,159,164,SN_pr_R,AAL3,MCI,case_vs_NC,Krohn2026,whole substantia nigra,https://doi.org/10.1093/braincomms/fcag238,10.1093/braincomms/fcag238,gray matter or nucleus; see measurement,indirect,not_established,,,AD p=.016; 23% reduction; MCI not significant; CI unavailable,0.75mm SN-sensitive FLASH MRI threshold-defined SN volume,Results/Fig2/Table1,SN-sensitive contrast-defined volume cannot resolve pars or conventional GMV; small AD n10.,not_significant,Krohn2026:whole substantia nigra:MCI:case_vs_NC
A00560,162,167,LC_L,AAL3,MCI,case_vs_NC,Galgani2022,locus coeruleus,https://doi.org/10.1111/ene.15556,10.1111/ene.15556,gray matter or nucleus; see measurement,indirect,lower,,,AD and converting MCI lower contrast/voxel count; stableMCI not; no GMV d,LC-sensitive MRI contrast and suprathreshold voxel count,Results and Discussion LCVox limitation,Not anatomical volume; MCI progression subgroup specificity.,supported_different_measurement,Galgani2022:locus coeruleus:MCI:case_vs_NC
A00561,163,168,LC_R,AAL3,MCI,case_vs_NC,Galgani2022,locus coeruleus,https://doi.org/10.1111/ene.15556,10.1111/ene.15556,gray matter or nucleus; see measurement,indirect,lower,,,AD and converting MCI lower contrast/voxel count; stableMCI not; no GMV d,LC-sensitive MRI contrast and suprathreshold voxel count,Results and Discussion LCVox limitation,Not anatomical volume; MCI progression subgroup specificity.,supported_different_measurement,Galgani2022:locus coeruleus:MCI:case_vs_NC
A00562,164,169,Raphe_D,AAL3,MCI,case_vs_NC,Smith2023,Raphe_D,https://doi.org/10.1016/j.nicl.2023.103322,10.1016/j.nicl.2023.103322,gray matter or nucleus; see measurement,indirect,lower,,,lower serotonin transporter component; no volume effect,11C-DASB serotonin-transporter PET; multimodal PLS,Table2a,PET molecular covariance not GMV; do not assign PET Z to structural effect.,supported_different_measurement,Smith2023:Raphe_D:MCI:case_vs_NC
A00563,165,170,Raphe_M,AAL3,MCI,case_vs_NC,Smith2023,Raphe_M,https://doi.org/10.1016/j.nicl.2023.103322,10.1016/j.nicl.2023.103322,gray matter or nucleus; see measurement,indirect,lower,,,lower serotonin transporter component; no volume effect,11C-DASB serotonin-transporter PET; multimodal PLS,Table2a,PET molecular covariance not GMV; do not assign PET Z to structural effect.,supported_different_measurement,Smith2023:Raphe_M:MCI:case_vs_NC
A00564,42,45,Amygdala_L,AAL3,AD,case_vs_NC,Ledig2018,Amygdala,https://doi.org/10.1038/s41598-018-29295-9,10.1038/s41598-018-29295-9,gray matter or nucleus; see measurement,parent_region_extrapolation,lower,reported_Cohen_d_case_minus_NC,-1.561,p<0.00001; corrected significance ++ (++); mean residual -452.0±332.0; HC0±250.5 mm3; CI not reported,MALPEM/NMM regional volumes; HC-fitted age/sex/total-brain-size residuals,SupplementTable4,NMM/MALPEM→FIRST or AAL3 anatomical correspondence; bilateral pool mapped to each side unless source explicitly side-specific; merged/split boundaries not exact.,supported,Ledig2018:Amygdala:AD:case_vs_NC
A00565,43,46,Amygdala_R,AAL3,AD,case_vs_NC,Ledig2018,Amygdala,https://doi.org/10.1038/s41598-018-29295-9,10.1038/s41598-018-29295-9,gray matter or nucleus; see measurement,parent_region_extrapolation,lower,reported_Cohen_d_case_minus_NC,-1.561,p<0.00001; corrected significance ++ (++); mean residual -452.0±332.0; HC0±250.5 mm3; CI not reported,MALPEM/NMM regional volumes; HC-fitted age/sex/total-brain-size residuals,SupplementTable4,NMM/MALPEM→FIRST or AAL3 anatomical correspondence; bilateral pool mapped to each side unless source explicitly side-specific; merged/split boundaries not exact.,supported,Ledig2018:Amygdala:AD:case_vs_NC
A00566,42,45,Amygdala_L,AAL3,MCI,case_vs_NC,Ledig2018,Amygdala,https://doi.org/10.1038/s41598-018-29295-9,10.1038/s41598-018-29295-9,gray matter or nucleus; see measurement,parent_region_extrapolation,lower,derived_MCI_pooled_vs_HC_Cohen_d,-0.905163,"Approx Wald95%CI[-1.056230,-0.754096]; n343/404; public aggregate moments; uncorrected multiplicity; rounding uncertainty not quantified",MALPEM/NMM regional volumes; HC-fitted age/sex/total-brain-size residuals,SupplementTables4+5; Methods nuisance correction,NMM/MALPEM→FIRST or AAL3 anatomical correspondence; bilateral pool mapped to each side unless source explicitly side-specific; merged/split boundaries not exact. MCI343 summary reconstructed from pMCI177+sMCI166; not general population MCI.,derived_aggregate,Ledig2018:Amygdala:MCI:case_vs_NC
A00567,43,46,Amygdala_R,AAL3,MCI,case_vs_NC,Ledig2018,Amygdala,https://doi.org/10.1038/s41598-018-29295-9,10.1038/s41598-018-29295-9,gray matter or nucleus; see measurement,parent_region_extrapolation,lower,derived_MCI_pooled_vs_HC_Cohen_d,-0.905163,"Approx Wald95%CI[-1.056230,-0.754096]; n343/404; public aggregate moments; uncorrected multiplicity; rounding uncertainty not quantified",MALPEM/NMM regional volumes; HC-fitted age/sex/total-brain-size residuals,SupplementTables4+5; Methods nuisance correction,NMM/MALPEM→FIRST or AAL3 anatomical correspondence; bilateral pool mapped to each side unless source explicitly side-specific; merged/split boundaries not exact. MCI343 summary reconstructed from pMCI177+sMCI166; not general population MCI.,derived_aggregate,Ledig2018:Amygdala:MCI:case_vs_NC
A00568,38,41,Hippocampus_L,AAL3,AD,case_vs_NC,Ledig2018,Hippocampus,https://doi.org/10.1038/s41598-018-29295-9,10.1038/s41598-018-29295-9,gray matter or nucleus; see measurement,parent_region_extrapolation,lower,reported_Cohen_d_case_minus_NC,-1.519,p<0.00001; corrected significance ++ (++); mean residual -1115.4±817.7; HC0±660.7 mm3; CI not reported,MALPEM/NMM regional volumes; HC-fitted age/sex/total-brain-size residuals,SupplementTable4,NMM/MALPEM→FIRST or AAL3 anatomical correspondence; bilateral pool mapped to each side unless source explicitly side-specific; merged/split boundaries not exact.,supported,Ledig2018:Hippocampus:AD:case_vs_NC
A00569,39,42,Hippocampus_R,AAL3,AD,case_vs_NC,Ledig2018,Hippocampus,https://doi.org/10.1038/s41598-018-29295-9,10.1038/s41598-018-29295-9,gray matter or nucleus; see measurement,parent_region_extrapolation,lower,reported_Cohen_d_case_minus_NC,-1.519,p<0.00001; corrected significance ++ (++); mean residual -1115.4±817.7; HC0±660.7 mm3; CI not reported,MALPEM/NMM regional volumes; HC-fitted age/sex/total-brain-size residuals,SupplementTable4,NMM/MALPEM→FIRST or AAL3 anatomical correspondence; bilateral pool mapped to each side unless source explicitly side-specific; merged/split boundaries not exact.,supported,Ledig2018:Hippocampus:AD:case_vs_NC
A00570,38,41,Hippocampus_L,AAL3,MCI,case_vs_NC,Ledig2018,Hippocampus,https://doi.org/10.1038/s41598-018-29295-9,10.1038/s41598-018-29295-9,gray matter or nucleus; see measurement,parent_region_extrapolation,lower,derived_MCI_pooled_vs_HC_Cohen_d,-1.117385,"Approx Wald95%CI[-1.272071,-0.962698]; n343/404; public aggregate moments; uncorrected multiplicity; rounding uncertainty not quantified",MALPEM/NMM regional volumes; HC-fitted age/sex/total-brain-size residuals,SupplementTables4+5; Methods nuisance correction,NMM/MALPEM→FIRST or AAL3 anatomical correspondence; bilateral pool mapped to each side unless source explicitly side-specific; merged/split boundaries not exact. MCI343 summary reconstructed from pMCI177+sMCI166; not general population MCI.,derived_aggregate,Ledig2018:Hippocampus:MCI:case_vs_NC
A00571,39,42,Hippocampus_R,AAL3,MCI,case_vs_NC,Ledig2018,Hippocampus,https://doi.org/10.1038/s41598-018-29295-9,10.1038/s41598-018-29295-9,gray matter or nucleus; see measurement,parent_region_extrapolation,lower,derived_MCI_pooled_vs_HC_Cohen_d,-1.117385,"Approx Wald95%CI[-1.272071,-0.962698]; n343/404; public aggregate moments; uncorrected multiplicity; rounding uncertainty not quantified",MALPEM/NMM regional volumes; HC-fitted age/sex/total-brain-size residuals,SupplementTables4+5; Methods nuisance correction,NMM/MALPEM→FIRST or AAL3 anatomical correspondence; bilateral pool mapped to each side unless source explicitly side-specific; merged/split boundaries not exact. MCI343 summary reconstructed from pMCI177+sMCI166; not general population MCI.,derived_aggregate,Ledig2018:Hippocampus:MCI:case_vs_NC
A00572,40,43,ParaHippocampal_L,AAL3,AD,case_vs_NC,Ledig2018,PHG,https://doi.org/10.1038/s41598-018-29295-9,10.1038/s41598-018-29295-9,gray matter or nucleus; see measurement,parent_region_extrapolation,lower,reported_Cohen_d_case_minus_NC,-0.97,p<0.00001; corrected significance ++ (++); mean residual -739.8±832.6; HC0±702.4 mm3; CI not reported,MALPEM/NMM regional volumes; HC-fitted age/sex/total-brain-size residuals,SupplementTable4,NMM/MALPEM→FIRST or AAL3 anatomical correspondence; bilateral pool mapped to each side unless source explicitly side-specific; merged/split boundaries not exact.,supported,Ledig2018:PHG:AD:case_vs_NC
A00573,41,44,ParaHippocampal_R,AAL3,AD,case_vs_NC,Ledig2018,PHG,https://doi.org/10.1038/s41598-018-29295-9,10.1038/s41598-018-29295-9,gray matter or nucleus; see measurement,parent_region_extrapolation,lower,reported_Cohen_d_case_minus_NC,-0.97,p<0.00001; corrected significance ++ (++); mean residual -739.8±832.6; HC0±702.4 mm3; CI not reported,MALPEM/NMM regional volumes; HC-fitted age/sex/total-brain-size residuals,SupplementTable4,NMM/MALPEM→FIRST or AAL3 anatomical correspondence; bilateral pool mapped to each side unless source explicitly side-specific; merged/split boundaries not exact.,supported,Ledig2018:PHG:AD:case_vs_NC
A00574,40,43,ParaHippocampal_L,AAL3,MCI,case_vs_NC,Ledig2018,PHG,https://doi.org/10.1038/s41598-018-29295-9,10.1038/s41598-018-29295-9,gray matter or nucleus; see measurement,parent_region_extrapolation,lower,derived_MCI_pooled_vs_HC_Cohen_d,-0.648645,"Approx Wald95%CI[-0.796272,-0.501018]; n343/404; public aggregate moments; uncorrected multiplicity; rounding uncertainty not quantified",MALPEM/NMM regional volumes; HC-fitted age/sex/total-brain-size residuals,SupplementTables4+5; Methods nuisance correction,NMM/MALPEM→FIRST or AAL3 anatomical correspondence; bilateral pool mapped to each side unless source explicitly side-specific; merged/split boundaries not exact. MCI343 summary reconstructed from pMCI177+sMCI166; not general population MCI.,derived_aggregate,Ledig2018:PHG:MCI:case_vs_NC
A00575,41,44,ParaHippocampal_R,AAL3,MCI,case_vs_NC,Ledig2018,PHG,https://doi.org/10.1038/s41598-018-29295-9,10.1038/s41598-018-29295-9,gray matter or nucleus; see measurement,parent_region_extrapolation,lower,derived_MCI_pooled_vs_HC_Cohen_d,-0.648645,"Approx Wald95%CI[-0.796272,-0.501018]; n343/404; public aggregate moments; uncorrected multiplicity; rounding uncertainty not quantified",MALPEM/NMM regional volumes; HC-fitted age/sex/total-brain-size residuals,SupplementTables4+5; Methods nuisance correction,NMM/MALPEM→FIRST or AAL3 anatomical correspondence; bilateral pool mapped to each side unless source explicitly side-specific; merged/split boundaries not exact. MCI343 summary reconstructed from pMCI177+sMCI166; not general population MCI.,derived_aggregate,Ledig2018:PHG:MCI:case_vs_NC
A00576,88,93,Temporal_Inf_L,AAL3,AD,case_vs_NC,Ledig2018,ITG,https://doi.org/10.1038/s41598-018-29295-9,10.1038/s41598-018-29295-9,gray matter or nucleus; see measurement,parent_region_extrapolation,lower,reported_Cohen_d_case_minus_NC,-1.168,p<0.00001; corrected significance ++ (++); mean residual -2588.0±2506.9; HC0±1954.5 mm3; CI not reported,MALPEM/NMM regional volumes; HC-fitted age/sex/total-brain-size residuals,SupplementTable4,NMM/MALPEM→FIRST or AAL3 anatomical correspondence; bilateral pool mapped to each side unless source explicitly side-specific; merged/split boundaries not exact.,supported,Ledig2018:ITG:AD:case_vs_NC
A00577,89,94,Temporal_Inf_R,AAL3,AD,case_vs_NC,Ledig2018,ITG,https://doi.org/10.1038/s41598-018-29295-9,10.1038/s41598-018-29295-9,gray matter or nucleus; see measurement,parent_region_extrapolation,lower,reported_Cohen_d_case_minus_NC,-1.168,p<0.00001; corrected significance ++ (++); mean residual -2588.0±2506.9; HC0±1954.5 mm3; CI not reported,MALPEM/NMM regional volumes; HC-fitted age/sex/total-brain-size residuals,SupplementTable4,NMM/MALPEM→FIRST or AAL3 anatomical correspondence; bilateral pool mapped to each side unless source explicitly side-specific; merged/split boundaries not exact.,supported,Ledig2018:ITG:AD:case_vs_NC
A00578,88,93,Temporal_Inf_L,AAL3,MCI,case_vs_NC,Ledig2018,ITG,https://doi.org/10.1038/s41598-018-29295-9,10.1038/s41598-018-29295-9,gray matter or nucleus; see measurement,parent_region_extrapolation,lower,derived_MCI_pooled_vs_HC_Cohen_d,-0.51066,"Approx Wald95%CI[-0.656884,-0.364437]; n343/404; public aggregate moments; uncorrected multiplicity; rounding uncertainty not quantified",MALPEM/NMM regional volumes; HC-fitted age/sex/total-brain-size residuals,SupplementTables4+5; Methods nuisance correction,NMM/MALPEM→FIRST or AAL3 anatomical correspondence; bilateral pool mapped to each side unless source explicitly side-specific; merged/split boundaries not exact. MCI343 summary reconstructed from pMCI177+sMCI166; not general population MCI.,derived_aggregate,Ledig2018:ITG:MCI:case_vs_NC
A00579,89,94,Temporal_Inf_R,AAL3,MCI,case_vs_NC,Ledig2018,ITG,https://doi.org/10.1038/s41598-018-29295-9,10.1038/s41598-018-29295-9,gray matter or nucleus; see measurement,parent_region_extrapolation,lower,derived_MCI_pooled_vs_HC_Cohen_d,-0.51066,"Approx Wald95%CI[-0.656884,-0.364437]; n343/404; public aggregate moments; uncorrected multiplicity; rounding uncertainty not quantified",MALPEM/NMM regional volumes; HC-fitted age/sex/total-brain-size residuals,SupplementTables4+5; Methods nuisance correction,NMM/MALPEM→FIRST or AAL3 anatomical correspondence; bilateral pool mapped to each side unless source explicitly side-specific; merged/split boundaries not exact. MCI343 summary reconstructed from pMCI177+sMCI166; not general population MCI.,derived_aggregate,Ledig2018:ITG:MCI:case_vs_NC
A00580,84,89,Temporal_Mid_L,AAL3,AD,case_vs_NC,Ledig2018,MTG,https://doi.org/10.1038/s41598-018-29295-9,10.1038/s41598-018-29295-9,gray matter or nucleus; see measurement,parent_region_extrapolation,lower,reported_Cohen_d_case_minus_NC,-0.969,p<0.00001; corrected significance ++ (++); mean residual -2534.0±2853.0; HC0±2411.3 mm3; CI not reported,MALPEM/NMM regional volumes; HC-fitted age/sex/total-brain-size residuals,SupplementTable4,NMM/MALPEM→FIRST or AAL3 anatomical correspondence; bilateral pool mapped to each side unless source explicitly side-specific; merged/split boundaries not exact.,supported,Ledig2018:MTG:AD:case_vs_NC
A00581,85,90,Temporal_Mid_R,AAL3,AD,case_vs_NC,Ledig2018,MTG,https://doi.org/10.1038/s41598-018-29295-9,10.1038/s41598-018-29295-9,gray matter or nucleus; see measurement,parent_region_extrapolation,lower,reported_Cohen_d_case_minus_NC,-0.969,p<0.00001; corrected significance ++ (++); mean residual -2534.0±2853.0; HC0±2411.3 mm3; CI not reported,MALPEM/NMM regional volumes; HC-fitted age/sex/total-brain-size residuals,SupplementTable4,NMM/MALPEM→FIRST or AAL3 anatomical correspondence; bilateral pool mapped to each side unless source explicitly side-specific; merged/split boundaries not exact.,supported,Ledig2018:MTG:AD:case_vs_NC
A00582,84,89,Temporal_Mid_L,AAL3,MCI,case_vs_NC,Ledig2018,MTG,https://doi.org/10.1038/s41598-018-29295-9,10.1038/s41598-018-29295-9,gray matter or nucleus; see measurement,parent_region_extrapolation,lower,derived_MCI_pooled_vs_HC_Cohen_d,-0.632261,"Approx Wald95%CI[-0.779704,-0.484817]; n343/404; public aggregate moments; uncorrected multiplicity; rounding uncertainty not quantified",MALPEM/NMM regional volumes; HC-fitted age/sex/total-brain-size residuals,SupplementTables4+5; Methods nuisance correction,NMM/MALPEM→FIRST or AAL3 anatomical correspondence; bilateral pool mapped to each side unless source explicitly side-specific; merged/split boundaries not exact. MCI343 summary reconstructed from pMCI177+sMCI166; not general population MCI.,derived_aggregate,Ledig2018:MTG:MCI:case_vs_NC
A00583,85,90,Temporal_Mid_R,AAL3,MCI,case_vs_NC,Ledig2018,MTG,https://doi.org/10.1038/s41598-018-29295-9,10.1038/s41598-018-29295-9,gray matter or nucleus; see measurement,parent_region_extrapolation,lower,derived_MCI_pooled_vs_HC_Cohen_d,-0.632261,"Approx Wald95%CI[-0.779704,-0.484817]; n343/404; public aggregate moments; uncorrected multiplicity; rounding uncertainty not quantified",MALPEM/NMM regional volumes; HC-fitted age/sex/total-brain-size residuals,SupplementTables4+5; Methods nuisance correction,NMM/MALPEM→FIRST or AAL3 anatomical correspondence; bilateral pool mapped to each side unless source explicitly side-specific; merged/split boundaries not exact. MCI343 summary reconstructed from pMCI177+sMCI166; not general population MCI.,derived_aggregate,Ledig2018:MTG:MCI:case_vs_NC
A00584,80,85,Temporal_Sup_L,AAL3,AD,case_vs_NC,Ledig2018,STG,https://doi.org/10.1038/s41598-018-29295-9,10.1038/s41598-018-29295-9,gray matter or nucleus; see measurement,parent_region_extrapolation,lower,reported_Cohen_d_case_minus_NC,-0.715,p<0.00001; corrected significance ++ (++); mean residual -1100.3±1610.7; HC0±1478.6 mm3; CI not reported,MALPEM/NMM regional volumes; HC-fitted age/sex/total-brain-size residuals,SupplementTable4,NMM/MALPEM→FIRST or AAL3 anatomical correspondence; bilateral pool mapped to each side unless source explicitly side-specific; merged/split boundaries not exact.,supported,Ledig2018:STG:AD:case_vs_NC
A00585,81,86,Temporal_Sup_R,AAL3,AD,case_vs_NC,Ledig2018,STG,https://doi.org/10.1038/s41598-018-29295-9,10.1038/s41598-018-29295-9,gray matter or nucleus; see measurement,parent_region_extrapolation,lower,reported_Cohen_d_case_minus_NC,-0.715,p<0.00001; corrected significance ++ (++); mean residual -1100.3±1610.7; HC0±1478.6 mm3; CI not reported,MALPEM/NMM regional volumes; HC-fitted age/sex/total-brain-size residuals,SupplementTable4,NMM/MALPEM→FIRST or AAL3 anatomical correspondence; bilateral pool mapped to each side unless source explicitly side-specific; merged/split boundaries not exact.,supported,Ledig2018:STG:AD:case_vs_NC
A00586,80,85,Temporal_Sup_L,AAL3,MCI,case_vs_NC,Ledig2018,STG,https://doi.org/10.1038/s41598-018-29295-9,10.1038/s41598-018-29295-9,gray matter or nucleus; see measurement,parent_region_extrapolation,lower,derived_MCI_pooled_vs_HC_Cohen_d,-0.519785,"Approx Wald95%CI[-0.666091,-0.373479]; n343/404; public aggregate moments; uncorrected multiplicity; rounding uncertainty not quantified",MALPEM/NMM regional volumes; HC-fitted age/sex/total-brain-size residuals,SupplementTables4+5; Methods nuisance correction,NMM/MALPEM→FIRST or AAL3 anatomical correspondence; bilateral pool mapped to each side unless source explicitly side-specific; merged/split boundaries not exact. MCI343 summary reconstructed from pMCI177+sMCI166; not general population MCI.,derived_aggregate,Ledig2018:STG:MCI:case_vs_NC
A00587,81,86,Temporal_Sup_R,AAL3,MCI,case_vs_NC,Ledig2018,STG,https://doi.org/10.1038/s41598-018-29295-9,10.1038/s41598-018-29295-9,gray matter or nucleus; see measurement,parent_region_extrapolation,lower,derived_MCI_pooled_vs_HC_Cohen_d,-0.519785,"Approx Wald95%CI[-0.666091,-0.373479]; n343/404; public aggregate moments; uncorrected multiplicity; rounding uncertainty not quantified",MALPEM/NMM regional volumes; HC-fitted age/sex/total-brain-size residuals,SupplementTables4+5; Methods nuisance correction,NMM/MALPEM→FIRST or AAL3 anatomical correspondence; bilateral pool mapped to each side unless source explicitly side-specific; merged/split boundaries not exact. MCI343 summary reconstructed from pMCI177+sMCI166; not general population MCI.,derived_aggregate,Ledig2018:STG:MCI:case_vs_NC
A00588,82,87,Temporal_Pole_Sup_L,AAL3,AD,case_vs_NC,Ledig2018,TMP,https://doi.org/10.1038/s41598-018-29295-9,10.1038/s41598-018-29295-9,gray matter or nucleus; see measurement,parent_region_extrapolation,lower,reported_Cohen_d_case_minus_NC,-0.873,p<0.00001; corrected significance ++ (++); mean residual -1521.7±1967.2; HC0±1539.3 mm3; CI not reported,MALPEM/NMM regional volumes; HC-fitted age/sex/total-brain-size residuals,SupplementTable4,NMM/MALPEM→FIRST or AAL3 anatomical correspondence; bilateral pool mapped to each side unless source explicitly side-specific; merged/split boundaries not exact.,supported,Ledig2018:TMP:AD:case_vs_NC
A00589,83,88,Temporal_Pole_Sup_R,AAL3,AD,case_vs_NC,Ledig2018,TMP,https://doi.org/10.1038/s41598-018-29295-9,10.1038/s41598-018-29295-9,gray matter or nucleus; see measurement,parent_region_extrapolation,lower,reported_Cohen_d_case_minus_NC,-0.873,p<0.00001; corrected significance ++ (++); mean residual -1521.7±1967.2; HC0±1539.3 mm3; CI not reported,MALPEM/NMM regional volumes; HC-fitted age/sex/total-brain-size residuals,SupplementTable4,NMM/MALPEM→FIRST or AAL3 anatomical correspondence; bilateral pool mapped to each side unless source explicitly side-specific; merged/split boundaries not exact.,supported,Ledig2018:TMP:AD:case_vs_NC
A00590,86,91,Temporal_Pole_Mid_L,AAL3,AD,case_vs_NC,Ledig2018,TMP,https://doi.org/10.1038/s41598-018-29295-9,10.1038/s41598-018-29295-9,gray matter or nucleus; see measurement,parent_region_extrapolation,lower,reported_Cohen_d_case_minus_NC,-0.873,p<0.00001; corrected significance ++ (++); mean residual -1521.7±1967.2; HC0±1539.3 mm3; CI not reported,MALPEM/NMM regional volumes; HC-fitted age/sex/total-brain-size residuals,SupplementTable4,NMM/MALPEM→FIRST or AAL3 anatomical correspondence; bilateral pool mapped to each side unless source explicitly side-specific; merged/split boundaries not exact.,supported,Ledig2018:TMP:AD:case_vs_NC
A00591,87,92,Temporal_Pole_Mid_R,AAL3,AD,case_vs_NC,Ledig2018,TMP,https://doi.org/10.1038/s41598-018-29295-9,10.1038/s41598-018-29295-9,gray matter or nucleus; see measurement,parent_region_extrapolation,lower,reported_Cohen_d_case_minus_NC,-0.873,p<0.00001; corrected significance ++ (++); mean residual -1521.7±1967.2; HC0±1539.3 mm3; CI not reported,MALPEM/NMM regional volumes; HC-fitted age/sex/total-brain-size residuals,SupplementTable4,NMM/MALPEM→FIRST or AAL3 anatomical correspondence; bilateral pool mapped to each side unless source explicitly side-specific; merged/split boundaries not exact.,supported,Ledig2018:TMP:AD:case_vs_NC
A00592,82,87,Temporal_Pole_Sup_L,AAL3,MCI,case_vs_NC,Ledig2018,TMP,https://doi.org/10.1038/s41598-018-29295-9,10.1038/s41598-018-29295-9,gray matter or nucleus; see measurement,parent_region_extrapolation,lower,derived_MCI_pooled_vs_HC_Cohen_d,-0.366558,"Approx Wald95%CI[-0.511662,-0.221453]; n343/404; public aggregate moments; uncorrected multiplicity; rounding uncertainty not quantified",MALPEM/NMM regional volumes; HC-fitted age/sex/total-brain-size residuals,SupplementTables4+5; Methods nuisance correction,NMM/MALPEM→FIRST or AAL3 anatomical correspondence; bilateral pool mapped to each side unless source explicitly side-specific; merged/split boundaries not exact. MCI343 summary reconstructed from pMCI177+sMCI166; not general population MCI.,derived_aggregate,Ledig2018:TMP:MCI:case_vs_NC
A00593,83,88,Temporal_Pole_Sup_R,AAL3,MCI,case_vs_NC,Ledig2018,TMP,https://doi.org/10.1038/s41598-018-29295-9,10.1038/s41598-018-29295-9,gray matter or nucleus; see measurement,parent_region_extrapolation,lower,derived_MCI_pooled_vs_HC_Cohen_d,-0.366558,"Approx Wald95%CI[-0.511662,-0.221453]; n343/404; public aggregate moments; uncorrected multiplicity; rounding uncertainty not quantified",MALPEM/NMM regional volumes; HC-fitted age/sex/total-brain-size residuals,SupplementTables4+5; Methods nuisance correction,NMM/MALPEM→FIRST or AAL3 anatomical correspondence; bilateral pool mapped to each side unless source explicitly side-specific; merged/split boundaries not exact. MCI343 summary reconstructed from pMCI177+sMCI166; not general population MCI.,derived_aggregate,Ledig2018:TMP:MCI:case_vs_NC
A00594,86,91,Temporal_Pole_Mid_L,AAL3,MCI,case_vs_NC,Ledig2018,TMP,https://doi.org/10.1038/s41598-018-29295-9,10.1038/s41598-018-29295-9,gray matter or nucleus; see measurement,parent_region_extrapolation,lower,derived_MCI_pooled_vs_HC_Cohen_d,-0.366558,"Approx Wald95%CI[-0.511662,-0.221453]; n343/404; public aggregate moments; uncorrected multiplicity; rounding uncertainty not quantified",MALPEM/NMM regional volumes; HC-fitted age/sex/total-brain-size residuals,SupplementTables4+5; Methods nuisance correction,NMM/MALPEM→FIRST or AAL3 anatomical correspondence; bilateral pool mapped to each side unless source explicitly side-specific; merged/split boundaries not exact. MCI343 summary reconstructed from pMCI177+sMCI166; not general population MCI.,derived_aggregate,Ledig2018:TMP:MCI:case_vs_NC
A00595,87,92,Temporal_Pole_Mid_R,AAL3,MCI,case_vs_NC,Ledig2018,TMP,https://doi.org/10.1038/s41598-018-29295-9,10.1038/s41598-018-29295-9,gray matter or nucleus; see measurement,parent_region_extrapolation,lower,derived_MCI_pooled_vs_HC_Cohen_d,-0.366558,"Approx Wald95%CI[-0.511662,-0.221453]; n343/404; public aggregate moments; uncorrected multiplicity; rounding uncertainty not quantified",MALPEM/NMM regional volumes; HC-fitted age/sex/total-brain-size residuals,SupplementTables4+5; Methods nuisance correction,NMM/MALPEM→FIRST or AAL3 anatomical correspondence; bilateral pool mapped to each side unless source explicitly side-specific; merged/split boundaries not exact. MCI343 summary reconstructed from pMCI177+sMCI166; not general population MCI.,derived_aggregate,Ledig2018:TMP:MCI:case_vs_NC
A00596,62,65,Parietal_Inf_L,AAL3,AD,case_vs_NC,Ledig2018,AnG,https://doi.org/10.1038/s41598-018-29295-9,10.1038/s41598-018-29295-9,gray matter or nucleus; see measurement,parent_region_extrapolation,lower,reported_Cohen_d_case_minus_NC,-0.876,p<0.00001; corrected significance ++ (++); mean residual -1880.5±2345.6; HC0±1973.2 mm3; CI not reported,MALPEM/NMM regional volumes; HC-fitted age/sex/total-brain-size residuals,SupplementTable4,NMM/MALPEM→FIRST or AAL3 anatomical correspondence; bilateral pool mapped to each side unless source explicitly side-specific; merged/split boundaries not exact.,supported,Ledig2018:AnG:AD:case_vs_NC
A00597,63,66,Parietal_Inf_R,AAL3,AD,case_vs_NC,Ledig2018,AnG,https://doi.org/10.1038/s41598-018-29295-9,10.1038/s41598-018-29295-9,gray matter or nucleus; see measurement,parent_region_extrapolation,lower,reported_Cohen_d_case_minus_NC,-0.876,p<0.00001; corrected significance ++ (++); mean residual -1880.5±2345.6; HC0±1973.2 mm3; CI not reported,MALPEM/NMM regional volumes; HC-fitted age/sex/total-brain-size residuals,SupplementTable4,NMM/MALPEM→FIRST or AAL3 anatomical correspondence; bilateral pool mapped to each side unless source explicitly side-specific; merged/split boundaries not exact.,supported,Ledig2018:AnG:AD:case_vs_NC
A00598,66,69,Angular_L,AAL3,AD,case_vs_NC,Ledig2018,AnG,https://doi.org/10.1038/s41598-018-29295-9,10.1038/s41598-018-29295-9,gray matter or nucleus; see measurement,parent_region_extrapolation,lower,reported_Cohen_d_case_minus_NC,-0.876,p<0.00001; corrected significance ++ (++); mean residual -1880.5±2345.6; HC0±1973.2 mm3; CI not reported,MALPEM/NMM regional volumes; HC-fitted age/sex/total-brain-size residuals,SupplementTable4,NMM/MALPEM→FIRST or AAL3 anatomical correspondence; bilateral pool mapped to each side unless source explicitly side-specific; merged/split boundaries not exact.,supported,Ledig2018:AnG:AD:case_vs_NC
A00599,67,70,Angular_R,AAL3,AD,case_vs_NC,Ledig2018,AnG,https://doi.org/10.1038/s41598-018-29295-9,10.1038/s41598-018-29295-9,gray matter or nucleus; see measurement,parent_region_extrapolation,lower,reported_Cohen_d_case_minus_NC,-0.876,p<0.00001; corrected significance ++ (++); mean residual -1880.5±2345.6; HC0±1973.2 mm3; CI not reported,MALPEM/NMM regional volumes; HC-fitted age/sex/total-brain-size residuals,SupplementTable4,NMM/MALPEM→FIRST or AAL3 anatomical correspondence; bilateral pool mapped to each side unless source explicitly side-specific; merged/split boundaries not exact.,supported,Ledig2018:AnG:AD:case_vs_NC
A00600,62,65,Parietal_Inf_L,AAL3,MCI,case_vs_NC,Ledig2018,AnG,https://doi.org/10.1038/s41598-018-29295-9,10.1038/s41598-018-29295-9,gray matter or nucleus; see measurement,parent_region_extrapolation,lower,derived_MCI_pooled_vs_HC_Cohen_d,-0.504517,"Approx Wald95%CI[-0.650685,-0.358349]; n343/404; public aggregate moments; uncorrected multiplicity; rounding uncertainty not quantified",MALPEM/NMM regional volumes; HC-fitted age/sex/total-brain-size residuals,SupplementTables4+5; Methods nuisance correction,NMM/MALPEM→FIRST or AAL3 anatomical correspondence; bilateral pool mapped to each side unless source explicitly side-specific; merged/split boundaries not exact. MCI343 summary reconstructed from pMCI177+sMCI166; not general population MCI.,derived_aggregate,Ledig2018:AnG:MCI:case_vs_NC
A00601,63,66,Parietal_Inf_R,AAL3,MCI,case_vs_NC,Ledig2018,AnG,https://doi.org/10.1038/s41598-018-29295-9,10.1038/s41598-018-29295-9,gray matter or nucleus; see measurement,parent_region_extrapolation,lower,derived_MCI_pooled_vs_HC_Cohen_d,-0.504517,"Approx Wald95%CI[-0.650685,-0.358349]; n343/404; public aggregate moments; uncorrected multiplicity; rounding uncertainty not quantified",MALPEM/NMM regional volumes; HC-fitted age/sex/total-brain-size residuals,SupplementTables4+5; Methods nuisance correction,NMM/MALPEM→FIRST or AAL3 anatomical correspondence; bilateral pool mapped to each side unless source explicitly side-specific; merged/split boundaries not exact. MCI343 summary reconstructed from pMCI177+sMCI166; not general population MCI.,derived_aggregate,Ledig2018:AnG:MCI:case_vs_NC
A00602,66,69,Angular_L,AAL3,MCI,case_vs_NC,Ledig2018,AnG,https://doi.org/10.1038/s41598-018-29295-9,10.1038/s41598-018-29295-9,gray matter or nucleus; see measurement,parent_region_extrapolation,lower,derived_MCI_pooled_vs_HC_Cohen_d,-0.504517,"Approx Wald95%CI[-0.650685,-0.358349]; n343/404; public aggregate moments; uncorrected multiplicity; rounding uncertainty not quantified",MALPEM/NMM regional volumes; HC-fitted age/sex/total-brain-size residuals,SupplementTables4+5; Methods nuisance correction,NMM/MALPEM→FIRST or AAL3 anatomical correspondence; bilateral pool mapped to each side unless source explicitly side-specific; merged/split boundaries not exact. MCI343 summary reconstructed from pMCI177+sMCI166; not general population MCI.,derived_aggregate,Ledig2018:AnG:MCI:case_vs_NC
A00603,67,70,Angular_R,AAL3,MCI,case_vs_NC,Ledig2018,AnG,https://doi.org/10.1038/s41598-018-29295-9,10.1038/s41598-018-29295-9,gray matter or nucleus; see measurement,parent_region_extrapolation,lower,derived_MCI_pooled_vs_HC_Cohen_d,-0.504517,"Approx Wald95%CI[-0.650685,-0.358349]; n343/404; public aggregate moments; uncorrected multiplicity; rounding uncertainty not quantified",MALPEM/NMM regional volumes; HC-fitted age/sex/total-brain-size residuals,SupplementTables4+5; Methods nuisance correction,NMM/MALPEM→FIRST or AAL3 anatomical correspondence; bilateral pool mapped to each side unless source explicitly side-specific; merged/split boundaries not exact. MCI343 summary reconstructed from pMCI177+sMCI166; not general population MCI.,derived_aggregate,Ledig2018:AnG:MCI:case_vs_NC
A00604,62,65,Parietal_Inf_L,AAL3,AD,case_vs_NC,Ledig2018,SMG,https://doi.org/10.1038/s41598-018-29295-9,10.1038/s41598-018-29295-9,gray matter or nucleus; see measurement,parent_region_extrapolation,lower,reported_Cohen_d_case_minus_NC,-0.65,p<0.00001; corrected significance ++ (++); mean residual -1196.5±2003.1; HC0±1697.8 mm3; CI not reported,MALPEM/NMM regional volumes; HC-fitted age/sex/total-brain-size residuals,SupplementTable4,NMM/MALPEM→FIRST or AAL3 anatomical correspondence; bilateral pool mapped to each side unless source explicitly side-specific; merged/split boundaries not exact.,supported,Ledig2018:SMG:AD:case_vs_NC
A00605,63,66,Parietal_Inf_R,AAL3,AD,case_vs_NC,Ledig2018,SMG,https://doi.org/10.1038/s41598-018-29295-9,10.1038/s41598-018-29295-9,gray matter or nucleus; see measurement,parent_region_extrapolation,lower,reported_Cohen_d_case_minus_NC,-0.65,p<0.00001; corrected significance ++ (++); mean residual -1196.5±2003.1; HC0±1697.8 mm3; CI not reported,MALPEM/NMM regional volumes; HC-fitted age/sex/total-brain-size residuals,SupplementTable4,NMM/MALPEM→FIRST or AAL3 anatomical correspondence; bilateral pool mapped to each side unless source explicitly side-specific; merged/split boundaries not exact.,supported,Ledig2018:SMG:AD:case_vs_NC
A00606,64,67,SupraMarginal_L,AAL3,AD,case_vs_NC,Ledig2018,SMG,https://doi.org/10.1038/s41598-018-29295-9,10.1038/s41598-018-29295-9,gray matter or nucleus; see measurement,parent_region_extrapolation,lower,reported_Cohen_d_case_minus_NC,-0.65,p<0.00001; corrected significance ++ (++); mean residual -1196.5±2003.1; HC0±1697.8 mm3; CI not reported,MALPEM/NMM regional volumes; HC-fitted age/sex/total-brain-size residuals,SupplementTable4,NMM/MALPEM→FIRST or AAL3 anatomical correspondence; bilateral pool mapped to each side unless source explicitly side-specific; merged/split boundaries not exact.,supported,Ledig2018:SMG:AD:case_vs_NC
A00607,65,68,SupraMarginal_R,AAL3,AD,case_vs_NC,Ledig2018,SMG,https://doi.org/10.1038/s41598-018-29295-9,10.1038/s41598-018-29295-9,gray matter or nucleus; see measurement,parent_region_extrapolation,lower,reported_Cohen_d_case_minus_NC,-0.65,p<0.00001; corrected significance ++ (++); mean residual -1196.5±2003.1; HC0±1697.8 mm3; CI not reported,MALPEM/NMM regional volumes; HC-fitted age/sex/total-brain-size residuals,SupplementTable4,NMM/MALPEM→FIRST or AAL3 anatomical correspondence; bilateral pool mapped to each side unless source explicitly side-specific; merged/split boundaries not exact.,supported,Ledig2018:SMG:AD:case_vs_NC
A00608,62,65,Parietal_Inf_L,AAL3,MCI,case_vs_NC,Ledig2018,SMG,https://doi.org/10.1038/s41598-018-29295-9,10.1038/s41598-018-29295-9,gray matter or nucleus; see measurement,parent_region_extrapolation,lower,derived_MCI_pooled_vs_HC_Cohen_d,-0.35064,"Approx Wald95%CI[-0.495644,-0.205637]; n343/404; public aggregate moments; uncorrected multiplicity; rounding uncertainty not quantified",MALPEM/NMM regional volumes; HC-fitted age/sex/total-brain-size residuals,SupplementTables4+5; Methods nuisance correction,NMM/MALPEM→FIRST or AAL3 anatomical correspondence; bilateral pool mapped to each side unless source explicitly side-specific; merged/split boundaries not exact. MCI343 summary reconstructed from pMCI177+sMCI166; not general population MCI.,derived_aggregate,Ledig2018:SMG:MCI:case_vs_NC
A00609,63,66,Parietal_Inf_R,AAL3,MCI,case_vs_NC,Ledig2018,SMG,https://doi.org/10.1038/s41598-018-29295-9,10.1038/s41598-018-29295-9,gray matter or nucleus; see measurement,parent_region_extrapolation,lower,derived_MCI_pooled_vs_HC_Cohen_d,-0.35064,"Approx Wald95%CI[-0.495644,-0.205637]; n343/404; public aggregate moments; uncorrected multiplicity; rounding uncertainty not quantified",MALPEM/NMM regional volumes; HC-fitted age/sex/total-brain-size residuals,SupplementTables4+5; Methods nuisance correction,NMM/MALPEM→FIRST or AAL3 anatomical correspondence; bilateral pool mapped to each side unless source explicitly side-specific; merged/split boundaries not exact. MCI343 summary reconstructed from pMCI177+sMCI166; not general population MCI.,derived_aggregate,Ledig2018:SMG:MCI:case_vs_NC
A00610,64,67,SupraMarginal_L,AAL3,MCI,case_vs_NC,Ledig2018,SMG,https://doi.org/10.1038/s41598-018-29295-9,10.1038/s41598-018-29295-9,gray matter or nucleus; see measurement,parent_region_extrapolation,lower,derived_MCI_pooled_vs_HC_Cohen_d,-0.35064,"Approx Wald95%CI[-0.495644,-0.205637]; n343/404; public aggregate moments; uncorrected multiplicity; rounding uncertainty not quantified",MALPEM/NMM regional volumes; HC-fitted age/sex/total-brain-size residuals,SupplementTables4+5; Methods nuisance correction,NMM/MALPEM→FIRST or AAL3 anatomical correspondence; bilateral pool mapped to each side unless source explicitly side-specific; merged/split boundaries not exact. MCI343 summary reconstructed from pMCI177+sMCI166; not general population MCI.,derived_aggregate,Ledig2018:SMG:MCI:case_vs_NC
A00611,65,68,SupraMarginal_R,AAL3,MCI,case_vs_NC,Ledig2018,SMG,https://doi.org/10.1038/s41598-018-29295-9,10.1038/s41598-018-29295-9,gray matter or nucleus; see measurement,parent_region_extrapolation,lower,derived_MCI_pooled_vs_HC_Cohen_d,-0.35064,"Approx Wald95%CI[-0.495644,-0.205637]; n343/404; public aggregate moments; uncorrected multiplicity; rounding uncertainty not quantified",MALPEM/NMM regional volumes; HC-fitted age/sex/total-brain-size residuals,SupplementTables4+5; Methods nuisance correction,NMM/MALPEM→FIRST or AAL3 anatomical correspondence; bilateral pool mapped to each side unless source explicitly side-specific; merged/split boundaries not exact. MCI343 summary reconstructed from pMCI177+sMCI166; not general population MCI.,derived_aggregate,Ledig2018:SMG:MCI:case_vs_NC
A00612,56,59,Fusiform_L,AAL3,AD,case_vs_NC,Ledig2018,FuG,https://doi.org/10.1038/s41598-018-29295-9,10.1038/s41598-018-29295-9,gray matter or nucleus; see measurement,parent_region_extrapolation,lower,reported_Cohen_d_case_minus_NC,-0.609,p<0.00001; corrected significance ++ (++); mean residual -1072.1±1750.6; HC0±1769.3 mm3; CI not reported,MALPEM/NMM regional volumes; HC-fitted age/sex/total-brain-size residuals,SupplementTable4,NMM/MALPEM→FIRST or AAL3 anatomical correspondence; bilateral pool mapped to each side unless source explicitly side-specific; merged/split boundaries not exact.,supported,Ledig2018:FuG:AD:case_vs_NC
A00613,57,60,Fusiform_R,AAL3,AD,case_vs_NC,Ledig2018,FuG,https://doi.org/10.1038/s41598-018-29295-9,10.1038/s41598-018-29295-9,gray matter or nucleus; see measurement,parent_region_extrapolation,lower,reported_Cohen_d_case_minus_NC,-0.609,p<0.00001; corrected significance ++ (++); mean residual -1072.1±1750.6; HC0±1769.3 mm3; CI not reported,MALPEM/NMM regional volumes; HC-fitted age/sex/total-brain-size residuals,SupplementTable4,NMM/MALPEM→FIRST or AAL3 anatomical correspondence; bilateral pool mapped to each side unless source explicitly side-specific; merged/split boundaries not exact.,supported,Ledig2018:FuG:AD:case_vs_NC
A00614,56,59,Fusiform_L,AAL3,MCI,case_vs_NC,Ledig2018,FuG,https://doi.org/10.1038/s41598-018-29295-9,10.1038/s41598-018-29295-9,gray matter or nucleus; see measurement,parent_region_extrapolation,lower,derived_MCI_pooled_vs_HC_Cohen_d,-0.301058,"Approx Wald95%CI[-0.445774,-0.156343]; n343/404; public aggregate moments; uncorrected multiplicity; rounding uncertainty not quantified",MALPEM/NMM regional volumes; HC-fitted age/sex/total-brain-size residuals,SupplementTables4+5; Methods nuisance correction,NMM/MALPEM→FIRST or AAL3 anatomical correspondence; bilateral pool mapped to each side unless source explicitly side-specific; merged/split boundaries not exact. MCI343 summary reconstructed from pMCI177+sMCI166; not general population MCI.,derived_aggregate,Ledig2018:FuG:MCI:case_vs_NC
A00615,57,60,Fusiform_R,AAL3,MCI,case_vs_NC,Ledig2018,FuG,https://doi.org/10.1038/s41598-018-29295-9,10.1038/s41598-018-29295-9,gray matter or nucleus; see measurement,parent_region_extrapolation,lower,derived_MCI_pooled_vs_HC_Cohen_d,-0.301058,"Approx Wald95%CI[-0.445774,-0.156343]; n343/404; public aggregate moments; uncorrected multiplicity; rounding uncertainty not quantified",MALPEM/NMM regional volumes; HC-fitted age/sex/total-brain-size residuals,SupplementTables4+5; Methods nuisance correction,NMM/MALPEM→FIRST or AAL3 anatomical correspondence; bilateral pool mapped to each side unless source explicitly side-specific; merged/split boundaries not exact. MCI343 summary reconstructed from pMCI177+sMCI166; not general population MCI.,derived_aggregate,Ledig2018:FuG:MCI:case_vs_NC
A00616,56,59,Fusiform_L,AAL3,AD,case_vs_NC,Ledig2018,OFuG,https://doi.org/10.1038/s41598-018-29295-9,10.1038/s41598-018-29295-9,gray matter or nucleus; see measurement,parent_region_extrapolation,lower,reported_Cohen_d_case_minus_NC,-0.607,p<0.00001; corrected significance ++ (++); mean residual -690.7±1225.8; HC0±1061.2 mm3; CI not reported,MALPEM/NMM regional volumes; HC-fitted age/sex/total-brain-size residuals,SupplementTable4,NMM/MALPEM→FIRST or AAL3 anatomical correspondence; bilateral pool mapped to each side unless source explicitly side-specific; merged/split boundaries not exact.,supported,Ledig2018:OFuG:AD:case_vs_NC
A00617,57,60,Fusiform_R,AAL3,AD,case_vs_NC,Ledig2018,OFuG,https://doi.org/10.1038/s41598-018-29295-9,10.1038/s41598-018-29295-9,gray matter or nucleus; see measurement,parent_region_extrapolation,lower,reported_Cohen_d_case_minus_NC,-0.607,p<0.00001; corrected significance ++ (++); mean residual -690.7±1225.8; HC0±1061.2 mm3; CI not reported,MALPEM/NMM regional volumes; HC-fitted age/sex/total-brain-size residuals,SupplementTable4,NMM/MALPEM→FIRST or AAL3 anatomical correspondence; bilateral pool mapped to each side unless source explicitly side-specific; merged/split boundaries not exact.,supported,Ledig2018:OFuG:AD:case_vs_NC
A00618,56,59,Fusiform_L,AAL3,MCI,case_vs_NC,Ledig2018,OFuG,https://doi.org/10.1038/s41598-018-29295-9,10.1038/s41598-018-29295-9,gray matter or nucleus; see measurement,parent_region_extrapolation,lower,derived_MCI_pooled_vs_HC_Cohen_d,-0.214196,"Approx Wald95%CI[-0.358513,-0.069880]; n343/404; public aggregate moments; uncorrected multiplicity; rounding uncertainty not quantified",MALPEM/NMM regional volumes; HC-fitted age/sex/total-brain-size residuals,SupplementTables4+5; Methods nuisance correction,NMM/MALPEM→FIRST or AAL3 anatomical correspondence; bilateral pool mapped to each side unless source explicitly side-specific; merged/split boundaries not exact. MCI343 summary reconstructed from pMCI177+sMCI166; not general population MCI.,derived_aggregate,Ledig2018:OFuG:MCI:case_vs_NC
A00619,57,60,Fusiform_R,AAL3,MCI,case_vs_NC,Ledig2018,OFuG,https://doi.org/10.1038/s41598-018-29295-9,10.1038/s41598-018-29295-9,gray matter or nucleus; see measurement,parent_region_extrapolation,lower,derived_MCI_pooled_vs_HC_Cohen_d,-0.214196,"Approx Wald95%CI[-0.358513,-0.069880]; n343/404; public aggregate moments; uncorrected multiplicity; rounding uncertainty not quantified",MALPEM/NMM regional volumes; HC-fitted age/sex/total-brain-size residuals,SupplementTables4+5; Methods nuisance correction,NMM/MALPEM→FIRST or AAL3 anatomical correspondence; bilateral pool mapped to each side unless source explicitly side-specific; merged/split boundaries not exact. MCI343 summary reconstructed from pMCI177+sMCI166; not general population MCI.,derived_aggregate,Ledig2018:OFuG:MCI:case_vs_NC
A00620,32,33,Insula_L,AAL3,AD,case_vs_NC,Ledig2018,AIns,https://doi.org/10.1038/s41598-018-29295-9,10.1038/s41598-018-29295-9,gray matter or nucleus; see measurement,parent_region_extrapolation,lower,reported_Cohen_d_case_minus_NC,-0.535,p<0.00001; corrected significance ++ (++); mean residual -509.3±995.9; HC0±915.4 mm3; CI not reported,MALPEM/NMM regional volumes; HC-fitted age/sex/total-brain-size residuals,SupplementTable4,NMM/MALPEM→FIRST or AAL3 anatomical correspondence; bilateral pool mapped to each side unless source explicitly side-specific; merged/split boundaries not exact.,supported,Ledig2018:AIns:AD:case_vs_NC
A00621,33,34,Insula_R,AAL3,AD,case_vs_NC,Ledig2018,AIns,https://doi.org/10.1038/s41598-018-29295-9,10.1038/s41598-018-29295-9,gray matter or nucleus; see measurement,parent_region_extrapolation,lower,reported_Cohen_d_case_minus_NC,-0.535,p<0.00001; corrected significance ++ (++); mean residual -509.3±995.9; HC0±915.4 mm3; CI not reported,MALPEM/NMM regional volumes; HC-fitted age/sex/total-brain-size residuals,SupplementTable4,NMM/MALPEM→FIRST or AAL3 anatomical correspondence; bilateral pool mapped to each side unless source explicitly side-specific; merged/split boundaries not exact.,supported,Ledig2018:AIns:AD:case_vs_NC
A00622,32,33,Insula_L,AAL3,MCI,case_vs_NC,Ledig2018,AIns,https://doi.org/10.1038/s41598-018-29295-9,10.1038/s41598-018-29295-9,gray matter or nucleus; see measurement,parent_region_extrapolation,lower,derived_MCI_pooled_vs_HC_Cohen_d,-0.319502,"Approx Wald95%CI[-0.464320,-0.174685]; n343/404; public aggregate moments; uncorrected multiplicity; rounding uncertainty not quantified",MALPEM/NMM regional volumes; HC-fitted age/sex/total-brain-size residuals,SupplementTables4+5; Methods nuisance correction,NMM/MALPEM→FIRST or AAL3 anatomical correspondence; bilateral pool mapped to each side unless source explicitly side-specific; merged/split boundaries not exact. MCI343 summary reconstructed from pMCI177+sMCI166; not general population MCI.,derived_aggregate,Ledig2018:AIns:MCI:case_vs_NC
A00623,33,34,Insula_R,AAL3,MCI,case_vs_NC,Ledig2018,AIns,https://doi.org/10.1038/s41598-018-29295-9,10.1038/s41598-018-29295-9,gray matter or nucleus; see measurement,parent_region_extrapolation,lower,derived_MCI_pooled_vs_HC_Cohen_d,-0.319502,"Approx Wald95%CI[-0.464320,-0.174685]; n343/404; public aggregate moments; uncorrected multiplicity; rounding uncertainty not quantified",MALPEM/NMM regional volumes; HC-fitted age/sex/total-brain-size residuals,SupplementTables4+5; Methods nuisance correction,NMM/MALPEM→FIRST or AAL3 anatomical correspondence; bilateral pool mapped to each side unless source explicitly side-specific; merged/split boundaries not exact. MCI343 summary reconstructed from pMCI177+sMCI166; not general population MCI.,derived_aggregate,Ledig2018:AIns:MCI:case_vs_NC
A00624,32,33,Insula_L,AAL3,AD,case_vs_NC,Ledig2018,PIns,https://doi.org/10.1038/s41598-018-29295-9,10.1038/s41598-018-29295-9,gray matter or nucleus; see measurement,parent_region_extrapolation,lower,reported_Cohen_d_case_minus_NC,-0.43,p<0.00001; corrected significance ++ (++); mean residual -231.1±524.6; HC0±547.9 mm3; CI not reported,MALPEM/NMM regional volumes; HC-fitted age/sex/total-brain-size residuals,SupplementTable4,NMM/MALPEM→FIRST or AAL3 anatomical correspondence; bilateral pool mapped to each side unless source explicitly side-specific; merged/split boundaries not exact.,supported,Ledig2018:PIns:AD:case_vs_NC
A00625,33,34,Insula_R,AAL3,AD,case_vs_NC,Ledig2018,PIns,https://doi.org/10.1038/s41598-018-29295-9,10.1038/s41598-018-29295-9,gray matter or nucleus; see measurement,parent_region_extrapolation,lower,reported_Cohen_d_case_minus_NC,-0.43,p<0.00001; corrected significance ++ (++); mean residual -231.1±524.6; HC0±547.9 mm3; CI not reported,MALPEM/NMM regional volumes; HC-fitted age/sex/total-brain-size residuals,SupplementTable4,NMM/MALPEM→FIRST or AAL3 anatomical correspondence; bilateral pool mapped to each side unless source explicitly side-specific; merged/split boundaries not exact.,supported,Ledig2018:PIns:AD:case_vs_NC
A00626,32,33,Insula_L,AAL3,MCI,case_vs_NC,Ledig2018,PIns,https://doi.org/10.1038/s41598-018-29295-9,10.1038/s41598-018-29295-9,gray matter or nucleus; see measurement,parent_region_extrapolation,lower,derived_MCI_pooled_vs_HC_Cohen_d,-0.279532,"Approx Wald95%CI[-0.424136,-0.134928]; n343/404; public aggregate moments; uncorrected multiplicity; rounding uncertainty not quantified",MALPEM/NMM regional volumes; HC-fitted age/sex/total-brain-size residuals,SupplementTables4+5; Methods nuisance correction,NMM/MALPEM→FIRST or AAL3 anatomical correspondence; bilateral pool mapped to each side unless source explicitly side-specific; merged/split boundaries not exact. MCI343 summary reconstructed from pMCI177+sMCI166; not general population MCI.,derived_aggregate,Ledig2018:PIns:MCI:case_vs_NC
A00627,33,34,Insula_R,AAL3,MCI,case_vs_NC,Ledig2018,PIns,https://doi.org/10.1038/s41598-018-29295-9,10.1038/s41598-018-29295-9,gray matter or nucleus; see measurement,parent_region_extrapolation,lower,derived_MCI_pooled_vs_HC_Cohen_d,-0.279532,"Approx Wald95%CI[-0.424136,-0.134928]; n343/404; public aggregate moments; uncorrected multiplicity; rounding uncertainty not quantified",MALPEM/NMM regional volumes; HC-fitted age/sex/total-brain-size residuals,SupplementTables4+5; Methods nuisance correction,NMM/MALPEM→FIRST or AAL3 anatomical correspondence; bilateral pool mapped to each side unless source explicitly side-specific; merged/split boundaries not exact. MCI343 summary reconstructed from pMCI177+sMCI166; not general population MCI.,derived_aggregate,Ledig2018:PIns:MCI:case_vs_NC
A00628,52,55,Occipital_Mid_L,AAL3,AD,case_vs_NC,Ledig2018,MOG,https://doi.org/10.1038/s41598-018-29295-9,10.1038/s41598-018-29295-9,gray matter or nucleus; see measurement,parent_region_extrapolation,lower,reported_Cohen_d_case_minus_NC,-0.503,p<0.00001; corrected significance ++ (++); mean residual -643.3±1375.1; HC0±1195.7 mm3; CI not reported,MALPEM/NMM regional volumes; HC-fitted age/sex/total-brain-size residuals,SupplementTable4,NMM/MALPEM→FIRST or AAL3 anatomical correspondence; bilateral pool mapped to each side unless source explicitly side-specific; merged/split boundaries not exact.,supported,Ledig2018:MOG:AD:case_vs_NC
A00629,53,56,Occipital_Mid_R,AAL3,AD,case_vs_NC,Ledig2018,MOG,https://doi.org/10.1038/s41598-018-29295-9,10.1038/s41598-018-29295-9,gray matter or nucleus; see measurement,parent_region_extrapolation,lower,reported_Cohen_d_case_minus_NC,-0.503,p<0.00001; corrected significance ++ (++); mean residual -643.3±1375.1; HC0±1195.7 mm3; CI not reported,MALPEM/NMM regional volumes; HC-fitted age/sex/total-brain-size residuals,SupplementTable4,NMM/MALPEM→FIRST or AAL3 anatomical correspondence; bilateral pool mapped to each side unless source explicitly side-specific; merged/split boundaries not exact.,supported,Ledig2018:MOG:AD:case_vs_NC
A00630,52,55,Occipital_Mid_L,AAL3,MCI,case_vs_NC,Ledig2018,MOG,https://doi.org/10.1038/s41598-018-29295-9,10.1038/s41598-018-29295-9,gray matter or nucleus; see measurement,parent_region_extrapolation,lower,derived_MCI_pooled_vs_HC_Cohen_d,-0.186423,"Approx Wald95%CI[-0.330640,-0.042206]; n343/404; public aggregate moments; uncorrected multiplicity; rounding uncertainty not quantified",MALPEM/NMM regional volumes; HC-fitted age/sex/total-brain-size residuals,SupplementTables4+5; Methods nuisance correction,NMM/MALPEM→FIRST or AAL3 anatomical correspondence; bilateral pool mapped to each side unless source explicitly side-specific; merged/split boundaries not exact. MCI343 summary reconstructed from pMCI177+sMCI166; not general population MCI.,derived_aggregate,Ledig2018:MOG:MCI:case_vs_NC
A00631,53,56,Occipital_Mid_R,AAL3,MCI,case_vs_NC,Ledig2018,MOG,https://doi.org/10.1038/s41598-018-29295-9,10.1038/s41598-018-29295-9,gray matter or nucleus; see measurement,parent_region_extrapolation,lower,derived_MCI_pooled_vs_HC_Cohen_d,-0.186423,"Approx Wald95%CI[-0.330640,-0.042206]; n343/404; public aggregate moments; uncorrected multiplicity; rounding uncertainty not quantified",MALPEM/NMM regional volumes; HC-fitted age/sex/total-brain-size residuals,SupplementTables4+5; Methods nuisance correction,NMM/MALPEM→FIRST or AAL3 anatomical correspondence; bilateral pool mapped to each side unless source explicitly side-specific; merged/split boundaries not exact. MCI343 summary reconstructed from pMCI177+sMCI166; not general population MCI.,derived_aggregate,Ledig2018:MOG:MCI:case_vs_NC
A00632,54,57,Occipital_Inf_L,AAL3,AD,case_vs_NC,Ledig2018,IOG,https://doi.org/10.1038/s41598-018-29295-9,10.1038/s41598-018-29295-9,gray matter or nucleus; see measurement,parent_region_extrapolation,lower,reported_Cohen_d_case_minus_NC,-0.474,p<0.00001; corrected significance ++ (++); mean residual -697.2±1571.8; HC0±1386.2 mm3; CI not reported,MALPEM/NMM regional volumes; HC-fitted age/sex/total-brain-size residuals,SupplementTable4,NMM/MALPEM→FIRST or AAL3 anatomical correspondence; bilateral pool mapped to each side unless source explicitly side-specific; merged/split boundaries not exact.,supported,Ledig2018:IOG:AD:case_vs_NC
A00633,55,58,Occipital_Inf_R,AAL3,AD,case_vs_NC,Ledig2018,IOG,https://doi.org/10.1038/s41598-018-29295-9,10.1038/s41598-018-29295-9,gray matter or nucleus; see measurement,parent_region_extrapolation,lower,reported_Cohen_d_case_minus_NC,-0.474,p<0.00001; corrected significance ++ (++); mean residual -697.2±1571.8; HC0±1386.2 mm3; CI not reported,MALPEM/NMM regional volumes; HC-fitted age/sex/total-brain-size residuals,SupplementTable4,NMM/MALPEM→FIRST or AAL3 anatomical correspondence; bilateral pool mapped to each side unless source explicitly side-specific; merged/split boundaries not exact.,supported,Ledig2018:IOG:AD:case_vs_NC
A00634,54,57,Occipital_Inf_L,AAL3,MCI,case_vs_NC,Ledig2018,IOG,https://doi.org/10.1038/s41598-018-29295-9,10.1038/s41598-018-29295-9,gray matter or nucleus; see measurement,parent_region_extrapolation,lower,derived_MCI_pooled_vs_HC_Cohen_d,-0.156704,"Approx Wald95%CI[-0.300830,-0.012578]; n343/404; public aggregate moments; uncorrected multiplicity; rounding uncertainty not quantified",MALPEM/NMM regional volumes; HC-fitted age/sex/total-brain-size residuals,SupplementTables4+5; Methods nuisance correction,NMM/MALPEM→FIRST or AAL3 anatomical correspondence; bilateral pool mapped to each side unless source explicitly side-specific; merged/split boundaries not exact. MCI343 summary reconstructed from pMCI177+sMCI166; not general population MCI.,derived_aggregate,Ledig2018:IOG:MCI:case_vs_NC
A00635,55,58,Occipital_Inf_R,AAL3,MCI,case_vs_NC,Ledig2018,IOG,https://doi.org/10.1038/s41598-018-29295-9,10.1038/s41598-018-29295-9,gray matter or nucleus; see measurement,parent_region_extrapolation,lower,derived_MCI_pooled_vs_HC_Cohen_d,-0.156704,"Approx Wald95%CI[-0.300830,-0.012578]; n343/404; public aggregate moments; uncorrected multiplicity; rounding uncertainty not quantified",MALPEM/NMM regional volumes; HC-fitted age/sex/total-brain-size residuals,SupplementTables4+5; Methods nuisance correction,NMM/MALPEM→FIRST or AAL3 anatomical correspondence; bilateral pool mapped to each side unless source explicitly side-specific; merged/split boundaries not exact. MCI343 summary reconstructed from pMCI177+sMCI166; not general population MCI.,derived_aggregate,Ledig2018:IOG:MCI:case_vs_NC
A00636,50,53,Occipital_Sup_L,AAL3,AD,case_vs_NC,Ledig2018,SOG,https://doi.org/10.1038/s41598-018-29295-9,10.1038/s41598-018-29295-9,gray matter or nucleus; see measurement,parent_region_extrapolation,lower,reported_Cohen_d_case_minus_NC,-0.219,p0.00354; corrected significance + (o); mean residual -220.0±1044.7; HC0±974.8 mm3; CI not reported,MALPEM/NMM regional volumes; HC-fitted age/sex/total-brain-size residuals,SupplementTable4,NMM/MALPEM→FIRST or AAL3 anatomical correspondence; bilateral pool mapped to each side unless source explicitly side-specific; merged/split boundaries not exact.,not_significant_after_correction,Ledig2018:SOG:AD:case_vs_NC
A00637,51,54,Occipital_Sup_R,AAL3,AD,case_vs_NC,Ledig2018,SOG,https://doi.org/10.1038/s41598-018-29295-9,10.1038/s41598-018-29295-9,gray matter or nucleus; see measurement,parent_region_extrapolation,lower,reported_Cohen_d_case_minus_NC,-0.219,p0.00354; corrected significance + (o); mean residual -220.0±1044.7; HC0±974.8 mm3; CI not reported,MALPEM/NMM regional volumes; HC-fitted age/sex/total-brain-size residuals,SupplementTable4,NMM/MALPEM→FIRST or AAL3 anatomical correspondence; bilateral pool mapped to each side unless source explicitly side-specific; merged/split boundaries not exact.,not_significant_after_correction,Ledig2018:SOG:AD:case_vs_NC
A00638,50,53,Occipital_Sup_L,AAL3,MCI,case_vs_NC,Ledig2018,SOG,https://doi.org/10.1038/s41598-018-29295-9,10.1038/s41598-018-29295-9,gray matter or nucleus; see measurement,parent_region_extrapolation,higher,derived_MCI_pooled_vs_HC_Cohen_d,0.009182,"Approx Wald95%CI[-0.134725,0.153089]; n343/404; public aggregate moments; uncorrected multiplicity; rounding uncertainty not quantified",MALPEM/NMM regional volumes; HC-fitted age/sex/total-brain-size residuals,SupplementTables4+5; Methods nuisance correction,NMM/MALPEM→FIRST or AAL3 anatomical correspondence; bilateral pool mapped to each side unless source explicitly side-specific; merged/split boundaries not exact. MCI343 summary reconstructed from pMCI177+sMCI166; not general population MCI.,derived_aggregate,Ledig2018:SOG:MCI:case_vs_NC
A00639,51,54,Occipital_Sup_R,AAL3,MCI,case_vs_NC,Ledig2018,SOG,https://doi.org/10.1038/s41598-018-29295-9,10.1038/s41598-018-29295-9,gray matter or nucleus; see measurement,parent_region_extrapolation,higher,derived_MCI_pooled_vs_HC_Cohen_d,0.009182,"Approx Wald95%CI[-0.134725,0.153089]; n343/404; public aggregate moments; uncorrected multiplicity; rounding uncertainty not quantified",MALPEM/NMM regional volumes; HC-fitted age/sex/total-brain-size residuals,SupplementTables4+5; Methods nuisance correction,NMM/MALPEM→FIRST or AAL3 anatomical correspondence; bilateral pool mapped to each side unless source explicitly side-specific; merged/split boundaries not exact. MCI343 summary reconstructed from pMCI177+sMCI166; not general population MCI.,derived_aggregate,Ledig2018:SOG:MCI:case_vs_NC
A00640,60,63,Parietal_Sup_L,AAL3,AD,case_vs_NC,Ledig2018,SPL,https://doi.org/10.1038/s41598-018-29295-9,10.1038/s41598-018-29295-9,gray matter or nucleus; see measurement,parent_region_extrapolation,lower,reported_Cohen_d_case_minus_NC,-0.42,p<0.00001; corrected significance ++ (++); mean residual -867.5±2175.8; HC0±1972.5 mm3; CI not reported,MALPEM/NMM regional volumes; HC-fitted age/sex/total-brain-size residuals,SupplementTable4,NMM/MALPEM→FIRST or AAL3 anatomical correspondence; bilateral pool mapped to each side unless source explicitly side-specific; merged/split boundaries not exact.,supported,Ledig2018:SPL:AD:case_vs_NC
A00641,61,64,Parietal_Sup_R,AAL3,AD,case_vs_NC,Ledig2018,SPL,https://doi.org/10.1038/s41598-018-29295-9,10.1038/s41598-018-29295-9,gray matter or nucleus; see measurement,parent_region_extrapolation,lower,reported_Cohen_d_case_minus_NC,-0.42,p<0.00001; corrected significance ++ (++); mean residual -867.5±2175.8; HC0±1972.5 mm3; CI not reported,MALPEM/NMM regional volumes; HC-fitted age/sex/total-brain-size residuals,SupplementTable4,NMM/MALPEM→FIRST or AAL3 anatomical correspondence; bilateral pool mapped to each side unless source explicitly side-specific; merged/split boundaries not exact.,supported,Ledig2018:SPL:AD:case_vs_NC
A00642,60,63,Parietal_Sup_L,AAL3,MCI,case_vs_NC,Ledig2018,SPL,https://doi.org/10.1038/s41598-018-29295-9,10.1038/s41598-018-29295-9,gray matter or nucleus; see measurement,parent_region_extrapolation,lower,derived_MCI_pooled_vs_HC_Cohen_d,-0.153791,"Approx Wald95%CI[-0.297909,-0.009673]; n343/404; public aggregate moments; uncorrected multiplicity; rounding uncertainty not quantified",MALPEM/NMM regional volumes; HC-fitted age/sex/total-brain-size residuals,SupplementTables4+5; Methods nuisance correction,NMM/MALPEM→FIRST or AAL3 anatomical correspondence; bilateral pool mapped to each side unless source explicitly side-specific; merged/split boundaries not exact. MCI343 summary reconstructed from pMCI177+sMCI166; not general population MCI.,derived_aggregate,Ledig2018:SPL:MCI:case_vs_NC
A00643,61,64,Parietal_Sup_R,AAL3,MCI,case_vs_NC,Ledig2018,SPL,https://doi.org/10.1038/s41598-018-29295-9,10.1038/s41598-018-29295-9,gray matter or nucleus; see measurement,parent_region_extrapolation,lower,derived_MCI_pooled_vs_HC_Cohen_d,-0.153791,"Approx Wald95%CI[-0.297909,-0.009673]; n343/404; public aggregate moments; uncorrected multiplicity; rounding uncertainty not quantified",MALPEM/NMM regional volumes; HC-fitted age/sex/total-brain-size residuals,SupplementTables4+5; Methods nuisance correction,NMM/MALPEM→FIRST or AAL3 anatomical correspondence; bilateral pool mapped to each side unless source explicitly side-specific; merged/split boundaries not exact. MCI343 summary reconstructed from pMCI177+sMCI166; not general population MCI.,derived_aggregate,Ledig2018:SPL:MCI:case_vs_NC
A00644,4,5,Frontal_Mid_2_L,AAL3,AD,case_vs_NC,Ledig2018,MFG,https://doi.org/10.1038/s41598-018-29295-9,10.1038/s41598-018-29295-9,gray matter or nucleus; see measurement,parent_region_extrapolation,lower,reported_Cohen_d_case_minus_NC,-0.429,p<0.00001; corrected significance ++ (++); mean residual -1467.9±3689.2; HC0±3194.1 mm3; CI not reported,MALPEM/NMM regional volumes; HC-fitted age/sex/total-brain-size residuals,SupplementTable4,NMM/MALPEM→FIRST or AAL3 anatomical correspondence; bilateral pool mapped to each side unless source explicitly side-specific; merged/split boundaries not exact.,supported,Ledig2018:MFG:AD:case_vs_NC
A00645,5,6,Frontal_Mid_2_R,AAL3,AD,case_vs_NC,Ledig2018,MFG,https://doi.org/10.1038/s41598-018-29295-9,10.1038/s41598-018-29295-9,gray matter or nucleus; see measurement,parent_region_extrapolation,lower,reported_Cohen_d_case_minus_NC,-0.429,p<0.00001; corrected significance ++ (++); mean residual -1467.9±3689.2; HC0±3194.1 mm3; CI not reported,MALPEM/NMM regional volumes; HC-fitted age/sex/total-brain-size residuals,SupplementTable4,NMM/MALPEM→FIRST or AAL3 anatomical correspondence; bilateral pool mapped to each side unless source explicitly side-specific; merged/split boundaries not exact.,supported,Ledig2018:MFG:AD:case_vs_NC
A00646,4,5,Frontal_Mid_2_L,AAL3,MCI,case_vs_NC,Ledig2018,MFG,https://doi.org/10.1038/s41598-018-29295-9,10.1038/s41598-018-29295-9,gray matter or nucleus; see measurement,parent_region_extrapolation,lower,derived_MCI_pooled_vs_HC_Cohen_d,-0.261733,"Approx Wald95%CI[-0.406251,-0.117214]; n343/404; public aggregate moments; uncorrected multiplicity; rounding uncertainty not quantified",MALPEM/NMM regional volumes; HC-fitted age/sex/total-brain-size residuals,SupplementTables4+5; Methods nuisance correction,NMM/MALPEM→FIRST or AAL3 anatomical correspondence; bilateral pool mapped to each side unless source explicitly side-specific; merged/split boundaries not exact. MCI343 summary reconstructed from pMCI177+sMCI166; not general population MCI.,derived_aggregate,Ledig2018:MFG:MCI:case_vs_NC
A00647,5,6,Frontal_Mid_2_R,AAL3,MCI,case_vs_NC,Ledig2018,MFG,https://doi.org/10.1038/s41598-018-29295-9,10.1038/s41598-018-29295-9,gray matter or nucleus; see measurement,parent_region_extrapolation,lower,derived_MCI_pooled_vs_HC_Cohen_d,-0.261733,"Approx Wald95%CI[-0.406251,-0.117214]; n343/404; public aggregate moments; uncorrected multiplicity; rounding uncertainty not quantified",MALPEM/NMM regional volumes; HC-fitted age/sex/total-brain-size residuals,SupplementTables4+5; Methods nuisance correction,NMM/MALPEM→FIRST or AAL3 anatomical correspondence; bilateral pool mapped to each side unless source explicitly side-specific; merged/split boundaries not exact. MCI343 summary reconstructed from pMCI177+sMCI166; not general population MCI.,derived_aggregate,Ledig2018:MFG:MCI:case_vs_NC
A00648,2,3,Frontal_Sup_2_L,AAL3,AD,case_vs_NC,Ledig2018,SFG,https://doi.org/10.1038/s41598-018-29295-9,10.1038/s41598-018-29295-9,gray matter or nucleus; see measurement,parent_region_extrapolation,lower,reported_Cohen_d_case_minus_NC,-0.399,p<0.00001; corrected significance ++ (++); mean residual -1124.3±3032.2; HC0±2632.7 mm3; CI not reported,MALPEM/NMM regional volumes; HC-fitted age/sex/total-brain-size residuals,SupplementTable4,NMM/MALPEM→FIRST or AAL3 anatomical correspondence; bilateral pool mapped to each side unless source explicitly side-specific; merged/split boundaries not exact.,supported,Ledig2018:SFG:AD:case_vs_NC
A00649,3,4,Frontal_Sup_2_R,AAL3,AD,case_vs_NC,Ledig2018,SFG,https://doi.org/10.1038/s41598-018-29295-9,10.1038/s41598-018-29295-9,gray matter or nucleus; see measurement,parent_region_extrapolation,lower,reported_Cohen_d_case_minus_NC,-0.399,p<0.00001; corrected significance ++ (++); mean residual -1124.3±3032.2; HC0±2632.7 mm3; CI not reported,MALPEM/NMM regional volumes; HC-fitted age/sex/total-brain-size residuals,SupplementTable4,NMM/MALPEM→FIRST or AAL3 anatomical correspondence; bilateral pool mapped to each side unless source explicitly side-specific; merged/split boundaries not exact.,supported,Ledig2018:SFG:AD:case_vs_NC
A00650,2,3,Frontal_Sup_2_L,AAL3,MCI,case_vs_NC,Ledig2018,SFG,https://doi.org/10.1038/s41598-018-29295-9,10.1038/s41598-018-29295-9,gray matter or nucleus; see measurement,parent_region_extrapolation,lower,derived_MCI_pooled_vs_HC_Cohen_d,-0.218668,"Approx Wald95%CI[-0.363002,-0.074335]; n343/404; public aggregate moments; uncorrected multiplicity; rounding uncertainty not quantified",MALPEM/NMM regional volumes; HC-fitted age/sex/total-brain-size residuals,SupplementTables4+5; Methods nuisance correction,NMM/MALPEM→FIRST or AAL3 anatomical correspondence; bilateral pool mapped to each side unless source explicitly side-specific; merged/split boundaries not exact. MCI343 summary reconstructed from pMCI177+sMCI166; not general population MCI.,derived_aggregate,Ledig2018:SFG:MCI:case_vs_NC
A00651,3,4,Frontal_Sup_2_R,AAL3,MCI,case_vs_NC,Ledig2018,SFG,https://doi.org/10.1038/s41598-018-29295-9,10.1038/s41598-018-29295-9,gray matter or nucleus; see measurement,parent_region_extrapolation,lower,derived_MCI_pooled_vs_HC_Cohen_d,-0.218668,"Approx Wald95%CI[-0.363002,-0.074335]; n343/404; public aggregate moments; uncorrected multiplicity; rounding uncertainty not quantified",MALPEM/NMM regional volumes; HC-fitted age/sex/total-brain-size residuals,SupplementTables4+5; Methods nuisance correction,NMM/MALPEM→FIRST or AAL3 anatomical correspondence; bilateral pool mapped to each side unless source explicitly side-specific; merged/split boundaries not exact. MCI343 summary reconstructed from pMCI177+sMCI166; not general population MCI.,derived_aggregate,Ledig2018:SFG:MCI:case_vs_NC
A00652,8,9,Frontal_Inf_Tri_L,AAL3,AD,case_vs_NC,Ledig2018,TrIFG,https://doi.org/10.1038/s41598-018-29295-9,10.1038/s41598-018-29295-9,gray matter or nucleus; see measurement,parent_region_extrapolation,lower,reported_Cohen_d_case_minus_NC,-0.347,p<0.00001; corrected significance ++ (++); mean residual -331.8±985.1; HC0±933.4 mm3; CI not reported,MALPEM/NMM regional volumes; HC-fitted age/sex/total-brain-size residuals,SupplementTable4,NMM/MALPEM→FIRST or AAL3 anatomical correspondence; bilateral pool mapped to each side unless source explicitly side-specific; merged/split boundaries not exact.,supported,Ledig2018:TrIFG:AD:case_vs_NC
A00653,9,10,Frontal_Inf_Tri_R,AAL3,AD,case_vs_NC,Ledig2018,TrIFG,https://doi.org/10.1038/s41598-018-29295-9,10.1038/s41598-018-29295-9,gray matter or nucleus; see measurement,parent_region_extrapolation,lower,reported_Cohen_d_case_minus_NC,-0.347,p<0.00001; corrected significance ++ (++); mean residual -331.8±985.1; HC0±933.4 mm3; CI not reported,MALPEM/NMM regional volumes; HC-fitted age/sex/total-brain-size residuals,SupplementTable4,NMM/MALPEM→FIRST or AAL3 anatomical correspondence; bilateral pool mapped to each side unless source explicitly side-specific; merged/split boundaries not exact.,supported,Ledig2018:TrIFG:AD:case_vs_NC
A00654,8,9,Frontal_Inf_Tri_L,AAL3,MCI,case_vs_NC,Ledig2018,TrIFG,https://doi.org/10.1038/s41598-018-29295-9,10.1038/s41598-018-29295-9,gray matter or nucleus; see measurement,parent_region_extrapolation,lower,derived_MCI_pooled_vs_HC_Cohen_d,-0.271811,"Approx Wald95%CI[-0.416377,-0.127245]; n343/404; public aggregate moments; uncorrected multiplicity; rounding uncertainty not quantified",MALPEM/NMM regional volumes; HC-fitted age/sex/total-brain-size residuals,SupplementTables4+5; Methods nuisance correction,NMM/MALPEM→FIRST or AAL3 anatomical correspondence; bilateral pool mapped to each side unless source explicitly side-specific; merged/split boundaries not exact. MCI343 summary reconstructed from pMCI177+sMCI166; not general population MCI.,derived_aggregate,Ledig2018:TrIFG:MCI:case_vs_NC
A00655,9,10,Frontal_Inf_Tri_R,AAL3,MCI,case_vs_NC,Ledig2018,TrIFG,https://doi.org/10.1038/s41598-018-29295-9,10.1038/s41598-018-29295-9,gray matter or nucleus; see measurement,parent_region_extrapolation,lower,derived_MCI_pooled_vs_HC_Cohen_d,-0.271811,"Approx Wald95%CI[-0.416377,-0.127245]; n343/404; public aggregate moments; uncorrected multiplicity; rounding uncertainty not quantified",MALPEM/NMM regional volumes; HC-fitted age/sex/total-brain-size residuals,SupplementTables4+5; Methods nuisance correction,NMM/MALPEM→FIRST or AAL3 anatomical correspondence; bilateral pool mapped to each side unless source explicitly side-specific; merged/split boundaries not exact. MCI343 summary reconstructed from pMCI177+sMCI166; not general population MCI.,derived_aggregate,Ledig2018:TrIFG:MCI:case_vs_NC
A00656,6,7,Frontal_Inf_Oper_L,AAL3,AD,case_vs_NC,Ledig2018,OpIFG,https://doi.org/10.1038/s41598-018-29295-9,10.1038/s41598-018-29295-9,gray matter or nucleus; see measurement,parent_region_extrapolation,lower,reported_Cohen_d_case_minus_NC,-0.17,p0.02290; corrected significance + (o); mean residual -153.5±890.2; HC0±909.9 mm3; CI not reported,MALPEM/NMM regional volumes; HC-fitted age/sex/total-brain-size residuals,SupplementTable4,NMM/MALPEM→FIRST or AAL3 anatomical correspondence; bilateral pool mapped to each side unless source explicitly side-specific; merged/split boundaries not exact.,not_significant_after_correction,Ledig2018:OpIFG:AD:case_vs_NC
A00657,7,8,Frontal_Inf_Oper_R,AAL3,AD,case_vs_NC,Ledig2018,OpIFG,https://doi.org/10.1038/s41598-018-29295-9,10.1038/s41598-018-29295-9,gray matter or nucleus; see measurement,parent_region_extrapolation,lower,reported_Cohen_d_case_minus_NC,-0.17,p0.02290; corrected significance + (o); mean residual -153.5±890.2; HC0±909.9 mm3; CI not reported,MALPEM/NMM regional volumes; HC-fitted age/sex/total-brain-size residuals,SupplementTable4,NMM/MALPEM→FIRST or AAL3 anatomical correspondence; bilateral pool mapped to each side unless source explicitly side-specific; merged/split boundaries not exact.,not_significant_after_correction,Ledig2018:OpIFG:AD:case_vs_NC
A00658,6,7,Frontal_Inf_Oper_L,AAL3,MCI,case_vs_NC,Ledig2018,OpIFG,https://doi.org/10.1038/s41598-018-29295-9,10.1038/s41598-018-29295-9,gray matter or nucleus; see measurement,parent_region_extrapolation,lower,derived_MCI_pooled_vs_HC_Cohen_d,-0.129026,"Approx Wald95%CI[-0.273081,0.015029]; n343/404; public aggregate moments; uncorrected multiplicity; rounding uncertainty not quantified",MALPEM/NMM regional volumes; HC-fitted age/sex/total-brain-size residuals,SupplementTables4+5; Methods nuisance correction,NMM/MALPEM→FIRST or AAL3 anatomical correspondence; bilateral pool mapped to each side unless source explicitly side-specific; merged/split boundaries not exact. MCI343 summary reconstructed from pMCI177+sMCI166; not general population MCI.,derived_aggregate,Ledig2018:OpIFG:MCI:case_vs_NC
A00659,7,8,Frontal_Inf_Oper_R,AAL3,MCI,case_vs_NC,Ledig2018,OpIFG,https://doi.org/10.1038/s41598-018-29295-9,10.1038/s41598-018-29295-9,gray matter or nucleus; see measurement,parent_region_extrapolation,lower,derived_MCI_pooled_vs_HC_Cohen_d,-0.129026,"Approx Wald95%CI[-0.273081,0.015029]; n343/404; public aggregate moments; uncorrected multiplicity; rounding uncertainty not quantified",MALPEM/NMM regional volumes; HC-fitted age/sex/total-brain-size residuals,SupplementTables4+5; Methods nuisance correction,NMM/MALPEM→FIRST or AAL3 anatomical correspondence; bilateral pool mapped to each side unless source explicitly side-specific; merged/split boundaries not exact. MCI343 summary reconstructed from pMCI177+sMCI166; not general population MCI.,derived_aggregate,Ledig2018:OpIFG:MCI:case_vs_NC
A00660,10,11,Frontal_Inf_Orb_2_L,AAL3,AD,case_vs_NC,Ledig2018,OrIFG,https://doi.org/10.1038/s41598-018-29295-9,10.1038/s41598-018-29295-9,gray matter or nucleus; see measurement,parent_region_extrapolation,lower,reported_Cohen_d_case_minus_NC,-0.213,p0.00446; corrected significance + (o); mean residual -109.5±518.0; HC0±510.3 mm3; CI not reported,MALPEM/NMM regional volumes; HC-fitted age/sex/total-brain-size residuals,SupplementTable4,NMM/MALPEM→FIRST or AAL3 anatomical correspondence; bilateral pool mapped to each side unless source explicitly side-specific; merged/split boundaries not exact.,not_significant_after_correction,Ledig2018:OrIFG:AD:case_vs_NC
A00661,11,12,Frontal_Inf_Orb_2_R,AAL3,AD,case_vs_NC,Ledig2018,OrIFG,https://doi.org/10.1038/s41598-018-29295-9,10.1038/s41598-018-29295-9,gray matter or nucleus; see measurement,parent_region_extrapolation,lower,reported_Cohen_d_case_minus_NC,-0.213,p0.00446; corrected significance + (o); mean residual -109.5±518.0; HC0±510.3 mm3; CI not reported,MALPEM/NMM regional volumes; HC-fitted age/sex/total-brain-size residuals,SupplementTable4,NMM/MALPEM→FIRST or AAL3 anatomical correspondence; bilateral pool mapped to each side unless source explicitly side-specific; merged/split boundaries not exact.,not_significant_after_correction,Ledig2018:OrIFG:AD:case_vs_NC
A00662,10,11,Frontal_Inf_Orb_2_L,AAL3,MCI,case_vs_NC,Ledig2018,OrIFG,https://doi.org/10.1038/s41598-018-29295-9,10.1038/s41598-018-29295-9,gray matter or nucleus; see measurement,parent_region_extrapolation,lower,derived_MCI_pooled_vs_HC_Cohen_d,-0.097001,"Approx Wald95%CI[-0.240991,0.046989]; n343/404; public aggregate moments; uncorrected multiplicity; rounding uncertainty not quantified",MALPEM/NMM regional volumes; HC-fitted age/sex/total-brain-size residuals,SupplementTables4+5; Methods nuisance correction,NMM/MALPEM→FIRST or AAL3 anatomical correspondence; bilateral pool mapped to each side unless source explicitly side-specific; merged/split boundaries not exact. MCI343 summary reconstructed from pMCI177+sMCI166; not general population MCI.,derived_aggregate,Ledig2018:OrIFG:MCI:case_vs_NC
A00663,11,12,Frontal_Inf_Orb_2_R,AAL3,MCI,case_vs_NC,Ledig2018,OrIFG,https://doi.org/10.1038/s41598-018-29295-9,10.1038/s41598-018-29295-9,gray matter or nucleus; see measurement,parent_region_extrapolation,lower,derived_MCI_pooled_vs_HC_Cohen_d,-0.097001,"Approx Wald95%CI[-0.240991,0.046989]; n343/404; public aggregate moments; uncorrected multiplicity; rounding uncertainty not quantified",MALPEM/NMM regional volumes; HC-fitted age/sex/total-brain-size residuals,SupplementTables4+5; Methods nuisance correction,NMM/MALPEM→FIRST or AAL3 anatomical correspondence; bilateral pool mapped to each side unless source explicitly side-specific; merged/split boundaries not exact. MCI343 summary reconstructed from pMCI177+sMCI166; not general population MCI.,derived_aggregate,Ledig2018:OrIFG:MCI:case_vs_NC
A00664,34,37,Cingulate_Mid_L,AAL3,AD,case_vs_NC,Ledig2018,MCgG,https://doi.org/10.1038/s41598-018-29295-9,10.1038/s41598-018-29295-9,gray matter or nucleus; see measurement,parent_region_extrapolation,higher,reported_Cohen_d_case_minus_NC,0.444,p<0.00001; corrected significance ++ (++); mean residual 544.3±1270.6; HC0±1190.1 mm3; CI not reported,MALPEM/NMM regional volumes; HC-fitted age/sex/total-brain-size residuals,SupplementTable4,NMM/MALPEM→FIRST or AAL3 anatomical correspondence; bilateral pool mapped to each side unless source explicitly side-specific; merged/split boundaries not exact.,supported,Ledig2018:MCgG:AD:case_vs_NC
A00665,35,38,Cingulate_Mid_R,AAL3,AD,case_vs_NC,Ledig2018,MCgG,https://doi.org/10.1038/s41598-018-29295-9,10.1038/s41598-018-29295-9,gray matter or nucleus; see measurement,parent_region_extrapolation,higher,reported_Cohen_d_case_minus_NC,0.444,p<0.00001; corrected significance ++ (++); mean residual 544.3±1270.6; HC0±1190.1 mm3; CI not reported,MALPEM/NMM regional volumes; HC-fitted age/sex/total-brain-size residuals,SupplementTable4,NMM/MALPEM→FIRST or AAL3 anatomical correspondence; bilateral pool mapped to each side unless source explicitly side-specific; merged/split boundaries not exact.,supported,Ledig2018:MCgG:AD:case_vs_NC
A00666,34,37,Cingulate_Mid_L,AAL3,MCI,case_vs_NC,Ledig2018,MCgG,https://doi.org/10.1038/s41598-018-29295-9,10.1038/s41598-018-29295-9,gray matter or nucleus; see measurement,parent_region_extrapolation,higher,derived_MCI_pooled_vs_HC_Cohen_d,0.232364,"Approx Wald95%CI[0.087975,0.376753]; n343/404; public aggregate moments; uncorrected multiplicity; rounding uncertainty not quantified",MALPEM/NMM regional volumes; HC-fitted age/sex/total-brain-size residuals,SupplementTables4+5; Methods nuisance correction,NMM/MALPEM→FIRST or AAL3 anatomical correspondence; bilateral pool mapped to each side unless source explicitly side-specific; merged/split boundaries not exact. MCI343 summary reconstructed from pMCI177+sMCI166; not general population MCI.,derived_aggregate,Ledig2018:MCgG:MCI:case_vs_NC
A00667,35,38,Cingulate_Mid_R,AAL3,MCI,case_vs_NC,Ledig2018,MCgG,https://doi.org/10.1038/s41598-018-29295-9,10.1038/s41598-018-29295-9,gray matter or nucleus; see measurement,parent_region_extrapolation,higher,derived_MCI_pooled_vs_HC_Cohen_d,0.232364,"Approx Wald95%CI[0.087975,0.376753]; n343/404; public aggregate moments; uncorrected multiplicity; rounding uncertainty not quantified",MALPEM/NMM regional volumes; HC-fitted age/sex/total-brain-size residuals,SupplementTables4+5; Methods nuisance correction,NMM/MALPEM→FIRST or AAL3 anatomical correspondence; bilateral pool mapped to each side unless source explicitly side-specific; merged/split boundaries not exact. MCI343 summary reconstructed from pMCI177+sMCI166; not general population MCI.,derived_aggregate,Ledig2018:MCgG:MCI:case_vs_NC
A00668,36,39,Cingulate_Post_L,AAL3,AD,case_vs_NC,Ledig2018,PCgG,https://doi.org/10.1038/s41598-018-29295-9,10.1038/s41598-018-29295-9,gray matter or nucleus; see measurement,parent_region_extrapolation,lower,reported_Cohen_d_case_minus_NC,-0.33,p0.00001; corrected significance ++ (++); mean residual -306.1±960.5; HC0±898.4 mm3; CI not reported,MALPEM/NMM regional volumes; HC-fitted age/sex/total-brain-size residuals,SupplementTable4,NMM/MALPEM→FIRST or AAL3 anatomical correspondence; bilateral pool mapped to each side unless source explicitly side-specific; merged/split boundaries not exact.,supported,Ledig2018:PCgG:AD:case_vs_NC
A00669,37,40,Cingulate_Post_R,AAL3,AD,case_vs_NC,Ledig2018,PCgG,https://doi.org/10.1038/s41598-018-29295-9,10.1038/s41598-018-29295-9,gray matter or nucleus; see measurement,parent_region_extrapolation,lower,reported_Cohen_d_case_minus_NC,-0.33,p0.00001; corrected significance ++ (++); mean residual -306.1±960.5; HC0±898.4 mm3; CI not reported,MALPEM/NMM regional volumes; HC-fitted age/sex/total-brain-size residuals,SupplementTable4,NMM/MALPEM→FIRST or AAL3 anatomical correspondence; bilateral pool mapped to each side unless source explicitly side-specific; merged/split boundaries not exact.,supported,Ledig2018:PCgG:AD:case_vs_NC
A00670,36,39,Cingulate_Post_L,AAL3,MCI,case_vs_NC,Ledig2018,PCgG,https://doi.org/10.1038/s41598-018-29295-9,10.1038/s41598-018-29295-9,gray matter or nucleus; see measurement,parent_region_extrapolation,lower,derived_MCI_pooled_vs_HC_Cohen_d,-0.082346,"Approx Wald95%CI[-0.226312,0.061621]; n343/404; public aggregate moments; uncorrected multiplicity; rounding uncertainty not quantified",MALPEM/NMM regional volumes; HC-fitted age/sex/total-brain-size residuals,SupplementTables4+5; Methods nuisance correction,NMM/MALPEM→FIRST or AAL3 anatomical correspondence; bilateral pool mapped to each side unless source explicitly side-specific; merged/split boundaries not exact. MCI343 summary reconstructed from pMCI177+sMCI166; not general population MCI.,derived_aggregate,Ledig2018:PCgG:MCI:case_vs_NC
A00671,37,40,Cingulate_Post_R,AAL3,MCI,case_vs_NC,Ledig2018,PCgG,https://doi.org/10.1038/s41598-018-29295-9,10.1038/s41598-018-29295-9,gray matter or nucleus; see measurement,parent_region_extrapolation,lower,derived_MCI_pooled_vs_HC_Cohen_d,-0.082346,"Approx Wald95%CI[-0.226312,0.061621]; n343/404; public aggregate moments; uncorrected multiplicity; rounding uncertainty not quantified",MALPEM/NMM regional volumes; HC-fitted age/sex/total-brain-size residuals,SupplementTables4+5; Methods nuisance correction,NMM/MALPEM→FIRST or AAL3 anatomical correspondence; bilateral pool mapped to each side unless source explicitly side-specific; merged/split boundaries not exact. MCI343 summary reconstructed from pMCI177+sMCI166; not general population MCI.,derived_aggregate,Ledig2018:PCgG:MCI:case_vs_NC
A00672,68,71,Precuneus_L,AAL3,AD,case_vs_NC,Ledig2018,PCu,https://doi.org/10.1038/s41598-018-29295-9,10.1038/s41598-018-29295-9,gray matter or nucleus; see measurement,parent_region_extrapolation,lower,reported_Cohen_d_case_minus_NC,-0.343,p<0.00001; corrected significance ++ (++); mean residual -788.1±2502.1; HC0±2124.3 mm3; CI not reported,MALPEM/NMM regional volumes; HC-fitted age/sex/total-brain-size residuals,SupplementTable4,NMM/MALPEM→FIRST or AAL3 anatomical correspondence; bilateral pool mapped to each side unless source explicitly side-specific; merged/split boundaries not exact.,supported,Ledig2018:PCu:AD:case_vs_NC
A00673,69,72,Precuneus_R,AAL3,AD,case_vs_NC,Ledig2018,PCu,https://doi.org/10.1038/s41598-018-29295-9,10.1038/s41598-018-29295-9,gray matter or nucleus; see measurement,parent_region_extrapolation,lower,reported_Cohen_d_case_minus_NC,-0.343,p<0.00001; corrected significance ++ (++); mean residual -788.1±2502.1; HC0±2124.3 mm3; CI not reported,MALPEM/NMM regional volumes; HC-fitted age/sex/total-brain-size residuals,SupplementTable4,NMM/MALPEM→FIRST or AAL3 anatomical correspondence; bilateral pool mapped to each side unless source explicitly side-specific; merged/split boundaries not exact.,supported,Ledig2018:PCu:AD:case_vs_NC
A00674,68,71,Precuneus_L,AAL3,MCI,case_vs_NC,Ledig2018,PCu,https://doi.org/10.1038/s41598-018-29295-9,10.1038/s41598-018-29295-9,gray matter or nucleus; see measurement,parent_region_extrapolation,lower,derived_MCI_pooled_vs_HC_Cohen_d,-0.143397,"Approx Wald95%CI[-0.287487,0.000693]; n343/404; public aggregate moments; uncorrected multiplicity; rounding uncertainty not quantified",MALPEM/NMM regional volumes; HC-fitted age/sex/total-brain-size residuals,SupplementTables4+5; Methods nuisance correction,NMM/MALPEM→FIRST or AAL3 anatomical correspondence; bilateral pool mapped to each side unless source explicitly side-specific; merged/split boundaries not exact. MCI343 summary reconstructed from pMCI177+sMCI166; not general population MCI.,derived_aggregate,Ledig2018:PCu:MCI:case_vs_NC
A00675,69,72,Precuneus_R,AAL3,MCI,case_vs_NC,Ledig2018,PCu,https://doi.org/10.1038/s41598-018-29295-9,10.1038/s41598-018-29295-9,gray matter or nucleus; see measurement,parent_region_extrapolation,lower,derived_MCI_pooled_vs_HC_Cohen_d,-0.143397,"Approx Wald95%CI[-0.287487,0.000693]; n343/404; public aggregate moments; uncorrected multiplicity; rounding uncertainty not quantified",MALPEM/NMM regional volumes; HC-fitted age/sex/total-brain-size residuals,SupplementTables4+5; Methods nuisance correction,NMM/MALPEM→FIRST or AAL3 anatomical correspondence; bilateral pool mapped to each side unless source explicitly side-specific; merged/split boundaries not exact. MCI343 summary reconstructed from pMCI177+sMCI166; not general population MCI.,derived_aggregate,Ledig2018:PCu:MCI:case_vs_NC
A00676,28,29,OFCpost_L,AAL3,AD,case_vs_NC,Ledig2018,POrG,https://doi.org/10.1038/s41598-018-29295-9,10.1038/s41598-018-29295-9,gray matter or nucleus; see measurement,parent_region_extrapolation,lower,reported_Cohen_d_case_minus_NC,-0.297,p0.00008; corrected significance ++ (+); mean residual -211.0±738.1; HC0±685.9 mm3; CI not reported,MALPEM/NMM regional volumes; HC-fitted age/sex/total-brain-size residuals,SupplementTable4,NMM/MALPEM→FIRST or AAL3 anatomical correspondence; bilateral pool mapped to each side unless source explicitly side-specific; merged/split boundaries not exact.,supported,Ledig2018:POrG:AD:case_vs_NC
A00677,29,30,OFCpost_R,AAL3,AD,case_vs_NC,Ledig2018,POrG,https://doi.org/10.1038/s41598-018-29295-9,10.1038/s41598-018-29295-9,gray matter or nucleus; see measurement,parent_region_extrapolation,lower,reported_Cohen_d_case_minus_NC,-0.297,p0.00008; corrected significance ++ (+); mean residual -211.0±738.1; HC0±685.9 mm3; CI not reported,MALPEM/NMM regional volumes; HC-fitted age/sex/total-brain-size residuals,SupplementTable4,NMM/MALPEM→FIRST or AAL3 anatomical correspondence; bilateral pool mapped to each side unless source explicitly side-specific; merged/split boundaries not exact.,supported,Ledig2018:POrG:AD:case_vs_NC
A00678,28,29,OFCpost_L,AAL3,MCI,case_vs_NC,Ledig2018,POrG,https://doi.org/10.1038/s41598-018-29295-9,10.1038/s41598-018-29295-9,gray matter or nucleus; see measurement,parent_region_extrapolation,lower,derived_MCI_pooled_vs_HC_Cohen_d,-0.155944,"Approx Wald95%CI[-0.300068,-0.011820]; n343/404; public aggregate moments; uncorrected multiplicity; rounding uncertainty not quantified",MALPEM/NMM regional volumes; HC-fitted age/sex/total-brain-size residuals,SupplementTables4+5; Methods nuisance correction,NMM/MALPEM→FIRST or AAL3 anatomical correspondence; bilateral pool mapped to each side unless source explicitly side-specific; merged/split boundaries not exact. MCI343 summary reconstructed from pMCI177+sMCI166; not general population MCI.,derived_aggregate,Ledig2018:POrG:MCI:case_vs_NC
A00679,29,30,OFCpost_R,AAL3,MCI,case_vs_NC,Ledig2018,POrG,https://doi.org/10.1038/s41598-018-29295-9,10.1038/s41598-018-29295-9,gray matter or nucleus; see measurement,parent_region_extrapolation,lower,derived_MCI_pooled_vs_HC_Cohen_d,-0.155944,"Approx Wald95%CI[-0.300068,-0.011820]; n343/404; public aggregate moments; uncorrected multiplicity; rounding uncertainty not quantified",MALPEM/NMM regional volumes; HC-fitted age/sex/total-brain-size residuals,SupplementTables4+5; Methods nuisance correction,NMM/MALPEM→FIRST or AAL3 anatomical correspondence; bilateral pool mapped to each side unless source explicitly side-specific; merged/split boundaries not exact. MCI343 summary reconstructed from pMCI177+sMCI166; not general population MCI.,derived_aggregate,Ledig2018:POrG:MCI:case_vs_NC
A00680,26,27,OFCant_L,AAL3,AD,case_vs_NC,Ledig2018,AOrG,https://doi.org/10.1038/s41598-018-29295-9,10.1038/s41598-018-29295-9,gray matter or nucleus; see measurement,parent_region_extrapolation,lower,reported_Cohen_d_case_minus_NC,-0.151,p0.04301; corrected significance + (o); mean residual -71.6±483.0; HC0±464.7 mm3; CI not reported,MALPEM/NMM regional volumes; HC-fitted age/sex/total-brain-size residuals,SupplementTable4,NMM/MALPEM→FIRST or AAL3 anatomical correspondence; bilateral pool mapped to each side unless source explicitly side-specific; merged/split boundaries not exact.,not_significant_after_correction,Ledig2018:AOrG:AD:case_vs_NC
A00681,27,28,OFCant_R,AAL3,AD,case_vs_NC,Ledig2018,AOrG,https://doi.org/10.1038/s41598-018-29295-9,10.1038/s41598-018-29295-9,gray matter or nucleus; see measurement,parent_region_extrapolation,lower,reported_Cohen_d_case_minus_NC,-0.151,p0.04301; corrected significance + (o); mean residual -71.6±483.0; HC0±464.7 mm3; CI not reported,MALPEM/NMM regional volumes; HC-fitted age/sex/total-brain-size residuals,SupplementTable4,NMM/MALPEM→FIRST or AAL3 anatomical correspondence; bilateral pool mapped to each side unless source explicitly side-specific; merged/split boundaries not exact.,not_significant_after_correction,Ledig2018:AOrG:AD:case_vs_NC
A00682,26,27,OFCant_L,AAL3,MCI,case_vs_NC,Ledig2018,AOrG,https://doi.org/10.1038/s41598-018-29295-9,10.1038/s41598-018-29295-9,gray matter or nucleus; see measurement,parent_region_extrapolation,lower,derived_MCI_pooled_vs_HC_Cohen_d,-0.161493,"Approx Wald95%CI[-0.305633,-0.017354]; n343/404; public aggregate moments; uncorrected multiplicity; rounding uncertainty not quantified",MALPEM/NMM regional volumes; HC-fitted age/sex/total-brain-size residuals,SupplementTables4+5; Methods nuisance correction,NMM/MALPEM→FIRST or AAL3 anatomical correspondence; bilateral pool mapped to each side unless source explicitly side-specific; merged/split boundaries not exact. MCI343 summary reconstructed from pMCI177+sMCI166; not general population MCI.,derived_aggregate,Ledig2018:AOrG:MCI:case_vs_NC
A00683,27,28,OFCant_R,AAL3,MCI,case_vs_NC,Ledig2018,AOrG,https://doi.org/10.1038/s41598-018-29295-9,10.1038/s41598-018-29295-9,gray matter or nucleus; see measurement,parent_region_extrapolation,lower,derived_MCI_pooled_vs_HC_Cohen_d,-0.161493,"Approx Wald95%CI[-0.305633,-0.017354]; n343/404; public aggregate moments; uncorrected multiplicity; rounding uncertainty not quantified",MALPEM/NMM regional volumes; HC-fitted age/sex/total-brain-size residuals,SupplementTables4+5; Methods nuisance correction,NMM/MALPEM→FIRST or AAL3 anatomical correspondence; bilateral pool mapped to each side unless source explicitly side-specific; merged/split boundaries not exact. MCI343 summary reconstructed from pMCI177+sMCI166; not general population MCI.,derived_aggregate,Ledig2018:AOrG:MCI:case_vs_NC
A00684,30,31,OFClat_L,AAL3,AD,case_vs_NC,Ledig2018,LOrG,https://doi.org/10.1038/s41598-018-29295-9,10.1038/s41598-018-29295-9,gray matter or nucleus; see measurement,parent_region_extrapolation,lower,reported_Cohen_d_case_minus_NC,-0.213,p0.00456; corrected significance + (o); mean residual -111.8±565.6; HC0±492.2 mm3; CI not reported,MALPEM/NMM regional volumes; HC-fitted age/sex/total-brain-size residuals,SupplementTable4,NMM/MALPEM→FIRST or AAL3 anatomical correspondence; bilateral pool mapped to each side unless source explicitly side-specific; merged/split boundaries not exact.,not_significant_after_correction,Ledig2018:LOrG:AD:case_vs_NC
A00685,31,32,OFClat_R,AAL3,AD,case_vs_NC,Ledig2018,LOrG,https://doi.org/10.1038/s41598-018-29295-9,10.1038/s41598-018-29295-9,gray matter or nucleus; see measurement,parent_region_extrapolation,lower,reported_Cohen_d_case_minus_NC,-0.213,p0.00456; corrected significance + (o); mean residual -111.8±565.6; HC0±492.2 mm3; CI not reported,MALPEM/NMM regional volumes; HC-fitted age/sex/total-brain-size residuals,SupplementTable4,NMM/MALPEM→FIRST or AAL3 anatomical correspondence; bilateral pool mapped to each side unless source explicitly side-specific; merged/split boundaries not exact.,not_significant_after_correction,Ledig2018:LOrG:AD:case_vs_NC
A00686,30,31,OFClat_L,AAL3,MCI,case_vs_NC,Ledig2018,LOrG,https://doi.org/10.1038/s41598-018-29295-9,10.1038/s41598-018-29295-9,gray matter or nucleus; see measurement,parent_region_extrapolation,lower,derived_MCI_pooled_vs_HC_Cohen_d,-0.135138,"Approx Wald95%CI[-0.279207,0.008932]; n343/404; public aggregate moments; uncorrected multiplicity; rounding uncertainty not quantified",MALPEM/NMM regional volumes; HC-fitted age/sex/total-brain-size residuals,SupplementTables4+5; Methods nuisance correction,NMM/MALPEM→FIRST or AAL3 anatomical correspondence; bilateral pool mapped to each side unless source explicitly side-specific; merged/split boundaries not exact. MCI343 summary reconstructed from pMCI177+sMCI166; not general population MCI.,derived_aggregate,Ledig2018:LOrG:MCI:case_vs_NC
A00687,31,32,OFClat_R,AAL3,MCI,case_vs_NC,Ledig2018,LOrG,https://doi.org/10.1038/s41598-018-29295-9,10.1038/s41598-018-29295-9,gray matter or nucleus; see measurement,parent_region_extrapolation,lower,derived_MCI_pooled_vs_HC_Cohen_d,-0.135138,"Approx Wald95%CI[-0.279207,0.008932]; n343/404; public aggregate moments; uncorrected multiplicity; rounding uncertainty not quantified",MALPEM/NMM regional volumes; HC-fitted age/sex/total-brain-size residuals,SupplementTables4+5; Methods nuisance correction,NMM/MALPEM→FIRST or AAL3 anatomical correspondence; bilateral pool mapped to each side unless source explicitly side-specific; merged/split boundaries not exact. MCI343 summary reconstructed from pMCI177+sMCI166; not general population MCI.,derived_aggregate,Ledig2018:LOrG:MCI:case_vs_NC
A00688,24,25,OFCmed_L,AAL3,AD,case_vs_NC,Ledig2018,MOrG,https://doi.org/10.1038/s41598-018-29295-9,10.1038/s41598-018-29295-9,gray matter or nucleus; see measurement,parent_region_extrapolation,lower,reported_Cohen_d_case_minus_NC,-0.07,p0.34945; corrected significance o (o); mean residual -61.3±943.0; HC0±819.7 mm3; CI not reported,MALPEM/NMM regional volumes; HC-fitted age/sex/total-brain-size residuals,SupplementTable4,NMM/MALPEM→FIRST or AAL3 anatomical correspondence; bilateral pool mapped to each side unless source explicitly side-specific; merged/split boundaries not exact.,not_significant_after_correction,Ledig2018:MOrG:AD:case_vs_NC
A00689,25,26,OFCmed_R,AAL3,AD,case_vs_NC,Ledig2018,MOrG,https://doi.org/10.1038/s41598-018-29295-9,10.1038/s41598-018-29295-9,gray matter or nucleus; see measurement,parent_region_extrapolation,lower,reported_Cohen_d_case_minus_NC,-0.07,p0.34945; corrected significance o (o); mean residual -61.3±943.0; HC0±819.7 mm3; CI not reported,MALPEM/NMM regional volumes; HC-fitted age/sex/total-brain-size residuals,SupplementTable4,NMM/MALPEM→FIRST or AAL3 anatomical correspondence; bilateral pool mapped to each side unless source explicitly side-specific; merged/split boundaries not exact.,not_significant_after_correction,Ledig2018:MOrG:AD:case_vs_NC
A00690,24,25,OFCmed_L,AAL3,MCI,case_vs_NC,Ledig2018,MOrG,https://doi.org/10.1038/s41598-018-29295-9,10.1038/s41598-018-29295-9,gray matter or nucleus; see measurement,parent_region_extrapolation,lower,derived_MCI_pooled_vs_HC_Cohen_d,-0.002375,"Approx Wald95%CI[-0.146280,0.141531]; n343/404; public aggregate moments; uncorrected multiplicity; rounding uncertainty not quantified",MALPEM/NMM regional volumes; HC-fitted age/sex/total-brain-size residuals,SupplementTables4+5; Methods nuisance correction,NMM/MALPEM→FIRST or AAL3 anatomical correspondence; bilateral pool mapped to each side unless source explicitly side-specific; merged/split boundaries not exact. MCI343 summary reconstructed from pMCI177+sMCI166; not general population MCI.,derived_aggregate,Ledig2018:MOrG:MCI:case_vs_NC
A00691,25,26,OFCmed_R,AAL3,MCI,case_vs_NC,Ledig2018,MOrG,https://doi.org/10.1038/s41598-018-29295-9,10.1038/s41598-018-29295-9,gray matter or nucleus; see measurement,parent_region_extrapolation,lower,derived_MCI_pooled_vs_HC_Cohen_d,-0.002375,"Approx Wald95%CI[-0.146280,0.141531]; n343/404; public aggregate moments; uncorrected multiplicity; rounding uncertainty not quantified",MALPEM/NMM regional volumes; HC-fitted age/sex/total-brain-size residuals,SupplementTables4+5; Methods nuisance correction,NMM/MALPEM→FIRST or AAL3 anatomical correspondence; bilateral pool mapped to each side unless source explicitly side-specific; merged/split boundaries not exact. MCI343 summary reconstructed from pMCI177+sMCI166; not general population MCI.,derived_aggregate,Ledig2018:MOrG:MCI:case_vs_NC
A00692,18,19,Frontal_Sup_Medial_L,AAL3,AD,case_vs_NC,Ledig2018,MSFG,https://doi.org/10.1038/s41598-018-29295-9,10.1038/s41598-018-29295-9,gray matter or nucleus; see measurement,parent_region_extrapolation,lower,reported_Cohen_d_case_minus_NC,-0.253,p0.00076; corrected significance ++ (o); mean residual -349.9±1447.4; HC0±1334.5 mm3; CI not reported,MALPEM/NMM regional volumes; HC-fitted age/sex/total-brain-size residuals,SupplementTable4,NMM/MALPEM→FIRST or AAL3 anatomical correspondence; bilateral pool mapped to each side unless source explicitly side-specific; merged/split boundaries not exact.,not_significant_after_correction,Ledig2018:MSFG:AD:case_vs_NC
A00693,19,20,Frontal_Sup_Medial_R,AAL3,AD,case_vs_NC,Ledig2018,MSFG,https://doi.org/10.1038/s41598-018-29295-9,10.1038/s41598-018-29295-9,gray matter or nucleus; see measurement,parent_region_extrapolation,lower,reported_Cohen_d_case_minus_NC,-0.253,p0.00076; corrected significance ++ (o); mean residual -349.9±1447.4; HC0±1334.5 mm3; CI not reported,MALPEM/NMM regional volumes; HC-fitted age/sex/total-brain-size residuals,SupplementTable4,NMM/MALPEM→FIRST or AAL3 anatomical correspondence; bilateral pool mapped to each side unless source explicitly side-specific; merged/split boundaries not exact.,not_significant_after_correction,Ledig2018:MSFG:AD:case_vs_NC
A00694,18,19,Frontal_Sup_Medial_L,AAL3,MCI,case_vs_NC,Ledig2018,MSFG,https://doi.org/10.1038/s41598-018-29295-9,10.1038/s41598-018-29295-9,gray matter or nucleus; see measurement,parent_region_extrapolation,lower,derived_MCI_pooled_vs_HC_Cohen_d,-0.164948,"Approx Wald95%CI[-0.309097,-0.020798]; n343/404; public aggregate moments; uncorrected multiplicity; rounding uncertainty not quantified",MALPEM/NMM regional volumes; HC-fitted age/sex/total-brain-size residuals,SupplementTables4+5; Methods nuisance correction,NMM/MALPEM→FIRST or AAL3 anatomical correspondence; bilateral pool mapped to each side unless source explicitly side-specific; merged/split boundaries not exact. MCI343 summary reconstructed from pMCI177+sMCI166; not general population MCI.,derived_aggregate,Ledig2018:MSFG:MCI:case_vs_NC
A00695,19,20,Frontal_Sup_Medial_R,AAL3,MCI,case_vs_NC,Ledig2018,MSFG,https://doi.org/10.1038/s41598-018-29295-9,10.1038/s41598-018-29295-9,gray matter or nucleus; see measurement,parent_region_extrapolation,lower,derived_MCI_pooled_vs_HC_Cohen_d,-0.164948,"Approx Wald95%CI[-0.309097,-0.020798]; n343/404; public aggregate moments; uncorrected multiplicity; rounding uncertainty not quantified",MALPEM/NMM regional volumes; HC-fitted age/sex/total-brain-size residuals,SupplementTables4+5; Methods nuisance correction,NMM/MALPEM→FIRST or AAL3 anatomical correspondence; bilateral pool mapped to each side unless source explicitly side-specific; merged/split boundaries not exact. MCI343 summary reconstructed from pMCI177+sMCI166; not general population MCI.,derived_aggregate,Ledig2018:MSFG:MCI:case_vs_NC
A00696,14,15,Supp_Motor_Area_L,AAL3,AD,case_vs_NC,Ledig2018,SMC,https://doi.org/10.1038/s41598-018-29295-9,10.1038/s41598-018-29295-9,gray matter or nucleus; see measurement,parent_region_extrapolation,lower,reported_Cohen_d_case_minus_NC,-0.16,p0.03273; corrected significance + (o); mean residual -192.1±1309.9; HC0±1108.0 mm3; CI not reported,MALPEM/NMM regional volumes; HC-fitted age/sex/total-brain-size residuals,SupplementTable4,NMM/MALPEM→FIRST or AAL3 anatomical correspondence; bilateral pool mapped to each side unless source explicitly side-specific; merged/split boundaries not exact.,not_significant_after_correction,Ledig2018:SMC:AD:case_vs_NC
A00697,15,16,Supp_Motor_Area_R,AAL3,AD,case_vs_NC,Ledig2018,SMC,https://doi.org/10.1038/s41598-018-29295-9,10.1038/s41598-018-29295-9,gray matter or nucleus; see measurement,parent_region_extrapolation,lower,reported_Cohen_d_case_minus_NC,-0.16,p0.03273; corrected significance + (o); mean residual -192.1±1309.9; HC0±1108.0 mm3; CI not reported,MALPEM/NMM regional volumes; HC-fitted age/sex/total-brain-size residuals,SupplementTable4,NMM/MALPEM→FIRST or AAL3 anatomical correspondence; bilateral pool mapped to each side unless source explicitly side-specific; merged/split boundaries not exact.,not_significant_after_correction,Ledig2018:SMC:AD:case_vs_NC
A00698,14,15,Supp_Motor_Area_L,AAL3,MCI,case_vs_NC,Ledig2018,SMC,https://doi.org/10.1038/s41598-018-29295-9,10.1038/s41598-018-29295-9,gray matter or nucleus; see measurement,parent_region_extrapolation,lower,derived_MCI_pooled_vs_HC_Cohen_d,-0.142361,"Approx Wald95%CI[-0.286449,0.001726]; n343/404; public aggregate moments; uncorrected multiplicity; rounding uncertainty not quantified",MALPEM/NMM regional volumes; HC-fitted age/sex/total-brain-size residuals,SupplementTables4+5; Methods nuisance correction,NMM/MALPEM→FIRST or AAL3 anatomical correspondence; bilateral pool mapped to each side unless source explicitly side-specific; merged/split boundaries not exact. MCI343 summary reconstructed from pMCI177+sMCI166; not general population MCI.,derived_aggregate,Ledig2018:SMC:MCI:case_vs_NC
A00699,15,16,Supp_Motor_Area_R,AAL3,MCI,case_vs_NC,Ledig2018,SMC,https://doi.org/10.1038/s41598-018-29295-9,10.1038/s41598-018-29295-9,gray matter or nucleus; see measurement,parent_region_extrapolation,lower,derived_MCI_pooled_vs_HC_Cohen_d,-0.142361,"Approx Wald95%CI[-0.286449,0.001726]; n343/404; public aggregate moments; uncorrected multiplicity; rounding uncertainty not quantified",MALPEM/NMM regional volumes; HC-fitted age/sex/total-brain-size residuals,SupplementTables4+5; Methods nuisance correction,NMM/MALPEM→FIRST or AAL3 anatomical correspondence; bilateral pool mapped to each side unless source explicitly side-specific; merged/split boundaries not exact. MCI343 summary reconstructed from pMCI177+sMCI166; not general population MCI.,derived_aggregate,Ledig2018:SMC:MCI:case_vs_NC
A00700,22,23,Rectus_L,AAL3,AD,case_vs_NC,Ledig2018,GRe,https://doi.org/10.1038/s41598-018-29295-9,10.1038/s41598-018-29295-9,gray matter or nucleus; see measurement,parent_region_extrapolation,lower,reported_Cohen_d_case_minus_NC,-0.166,p0.02614; corrected significance + (o); mean residual -77.1±463.7; HC0±463.0 mm3; CI not reported,MALPEM/NMM regional volumes; HC-fitted age/sex/total-brain-size residuals,SupplementTable4,NMM/MALPEM→FIRST or AAL3 anatomical correspondence; bilateral pool mapped to each side unless source explicitly side-specific; merged/split boundaries not exact.,not_significant_after_correction,Ledig2018:GRe:AD:case_vs_NC
A00701,23,24,Rectus_R,AAL3,AD,case_vs_NC,Ledig2018,GRe,https://doi.org/10.1038/s41598-018-29295-9,10.1038/s41598-018-29295-9,gray matter or nucleus; see measurement,parent_region_extrapolation,lower,reported_Cohen_d_case_minus_NC,-0.166,p0.02614; corrected significance + (o); mean residual -77.1±463.7; HC0±463.0 mm3; CI not reported,MALPEM/NMM regional volumes; HC-fitted age/sex/total-brain-size residuals,SupplementTable4,NMM/MALPEM→FIRST or AAL3 anatomical correspondence; bilateral pool mapped to each side unless source explicitly side-specific; merged/split boundaries not exact.,not_significant_after_correction,Ledig2018:GRe:AD:case_vs_NC
A00702,22,23,Rectus_L,AAL3,MCI,case_vs_NC,Ledig2018,GRe,https://doi.org/10.1038/s41598-018-29295-9,10.1038/s41598-018-29295-9,gray matter or nucleus; see measurement,parent_region_extrapolation,lower,derived_MCI_pooled_vs_HC_Cohen_d,-0.011389,"Approx Wald95%CI[-0.155296,0.132518]; n343/404; public aggregate moments; uncorrected multiplicity; rounding uncertainty not quantified",MALPEM/NMM regional volumes; HC-fitted age/sex/total-brain-size residuals,SupplementTables4+5; Methods nuisance correction,NMM/MALPEM→FIRST or AAL3 anatomical correspondence; bilateral pool mapped to each side unless source explicitly side-specific; merged/split boundaries not exact. MCI343 summary reconstructed from pMCI177+sMCI166; not general population MCI.,derived_aggregate,Ledig2018:GRe:MCI:case_vs_NC
A00703,23,24,Rectus_R,AAL3,MCI,case_vs_NC,Ledig2018,GRe,https://doi.org/10.1038/s41598-018-29295-9,10.1038/s41598-018-29295-9,gray matter or nucleus; see measurement,parent_region_extrapolation,lower,derived_MCI_pooled_vs_HC_Cohen_d,-0.011389,"Approx Wald95%CI[-0.155296,0.132518]; n343/404; public aggregate moments; uncorrected multiplicity; rounding uncertainty not quantified",MALPEM/NMM regional volumes; HC-fitted age/sex/total-brain-size residuals,SupplementTables4+5; Methods nuisance correction,NMM/MALPEM→FIRST or AAL3 anatomical correspondence; bilateral pool mapped to each side unless source explicitly side-specific; merged/split boundaries not exact. MCI343 summary reconstructed from pMCI177+sMCI166; not general population MCI.,derived_aggregate,Ledig2018:GRe:MCI:case_vs_NC
A00704,78,83,Heschl_L,AAL3,AD,case_vs_NC,Ledig2018,TTG,https://doi.org/10.1038/s41598-018-29295-9,10.1038/s41598-018-29295-9,gray matter or nucleus; see measurement,parent_region_extrapolation,lower,reported_Cohen_d_case_minus_NC,-0.151,p0.04398; corrected significance + (o); mean residual -70.4±481.9; HC0±455.3 mm3; CI not reported,MALPEM/NMM regional volumes; HC-fitted age/sex/total-brain-size residuals,SupplementTable4,NMM/MALPEM→FIRST or AAL3 anatomical correspondence; bilateral pool mapped to each side unless source explicitly side-specific; merged/split boundaries not exact.,not_significant_after_correction,Ledig2018:TTG:AD:case_vs_NC
A00705,79,84,Heschl_R,AAL3,AD,case_vs_NC,Ledig2018,TTG,https://doi.org/10.1038/s41598-018-29295-9,10.1038/s41598-018-29295-9,gray matter or nucleus; see measurement,parent_region_extrapolation,lower,reported_Cohen_d_case_minus_NC,-0.151,p0.04398; corrected significance + (o); mean residual -70.4±481.9; HC0±455.3 mm3; CI not reported,MALPEM/NMM regional volumes; HC-fitted age/sex/total-brain-size residuals,SupplementTable4,NMM/MALPEM→FIRST or AAL3 anatomical correspondence; bilateral pool mapped to each side unless source explicitly side-specific; merged/split boundaries not exact.,not_significant_after_correction,Ledig2018:TTG:AD:case_vs_NC
A00706,78,83,Heschl_L,AAL3,MCI,case_vs_NC,Ledig2018,TTG,https://doi.org/10.1038/s41598-018-29295-9,10.1038/s41598-018-29295-9,gray matter or nucleus; see measurement,parent_region_extrapolation,lower,derived_MCI_pooled_vs_HC_Cohen_d,-0.091503,"Approx Wald95%CI[-0.235484,0.052478]; n343/404; public aggregate moments; uncorrected multiplicity; rounding uncertainty not quantified",MALPEM/NMM regional volumes; HC-fitted age/sex/total-brain-size residuals,SupplementTables4+5; Methods nuisance correction,NMM/MALPEM→FIRST or AAL3 anatomical correspondence; bilateral pool mapped to each side unless source explicitly side-specific; merged/split boundaries not exact. MCI343 summary reconstructed from pMCI177+sMCI166; not general population MCI.,derived_aggregate,Ledig2018:TTG:MCI:case_vs_NC
A00707,79,84,Heschl_R,AAL3,MCI,case_vs_NC,Ledig2018,TTG,https://doi.org/10.1038/s41598-018-29295-9,10.1038/s41598-018-29295-9,gray matter or nucleus; see measurement,parent_region_extrapolation,lower,derived_MCI_pooled_vs_HC_Cohen_d,-0.091503,"Approx Wald95%CI[-0.235484,0.052478]; n343/404; public aggregate moments; uncorrected multiplicity; rounding uncertainty not quantified",MALPEM/NMM regional volumes; HC-fitted age/sex/total-brain-size residuals,SupplementTables4+5; Methods nuisance correction,NMM/MALPEM→FIRST or AAL3 anatomical correspondence; bilateral pool mapped to each side unless source explicitly side-specific; merged/split boundaries not exact. MCI343 summary reconstructed from pMCI177+sMCI166; not general population MCI.,derived_aggregate,Ledig2018:TTG:MCI:case_vs_NC
A00708,44,47,Calcarine_L,AAL3,AD,case_vs_NC,Ledig2018,Calc,https://doi.org/10.1038/s41598-018-29295-9,10.1038/s41598-018-29295-9,gray matter or nucleus; see measurement,parent_region_extrapolation,higher,reported_Cohen_d_case_minus_NC,0.186,p0.01309; corrected significance + (o); mean residual 275.0±1536.7; HC0±1432.9 mm3; CI not reported,MALPEM/NMM regional volumes; HC-fitted age/sex/total-brain-size residuals,SupplementTable4,NMM/MALPEM→FIRST or AAL3 anatomical correspondence; bilateral pool mapped to each side unless source explicitly side-specific; merged/split boundaries not exact.,not_significant_after_correction,Ledig2018:Calc:AD:case_vs_NC
A00709,45,48,Calcarine_R,AAL3,AD,case_vs_NC,Ledig2018,Calc,https://doi.org/10.1038/s41598-018-29295-9,10.1038/s41598-018-29295-9,gray matter or nucleus; see measurement,parent_region_extrapolation,higher,reported_Cohen_d_case_minus_NC,0.186,p0.01309; corrected significance + (o); mean residual 275.0±1536.7; HC0±1432.9 mm3; CI not reported,MALPEM/NMM regional volumes; HC-fitted age/sex/total-brain-size residuals,SupplementTable4,NMM/MALPEM→FIRST or AAL3 anatomical correspondence; bilateral pool mapped to each side unless source explicitly side-specific; merged/split boundaries not exact.,not_significant_after_correction,Ledig2018:Calc:AD:case_vs_NC
A00710,44,47,Calcarine_L,AAL3,MCI,case_vs_NC,Ledig2018,Calc,https://doi.org/10.1038/s41598-018-29295-9,10.1038/s41598-018-29295-9,gray matter or nucleus; see measurement,parent_region_extrapolation,higher,derived_MCI_pooled_vs_HC_Cohen_d,0.133864,"Approx Wald95%CI[-0.010203,0.277930]; n343/404; public aggregate moments; uncorrected multiplicity; rounding uncertainty not quantified",MALPEM/NMM regional volumes; HC-fitted age/sex/total-brain-size residuals,SupplementTables4+5; Methods nuisance correction,NMM/MALPEM→FIRST or AAL3 anatomical correspondence; bilateral pool mapped to each side unless source explicitly side-specific; merged/split boundaries not exact. MCI343 summary reconstructed from pMCI177+sMCI166; not general population MCI.,derived_aggregate,Ledig2018:Calc:MCI:case_vs_NC
A00711,45,48,Calcarine_R,AAL3,MCI,case_vs_NC,Ledig2018,Calc,https://doi.org/10.1038/s41598-018-29295-9,10.1038/s41598-018-29295-9,gray matter or nucleus; see measurement,parent_region_extrapolation,higher,derived_MCI_pooled_vs_HC_Cohen_d,0.133864,"Approx Wald95%CI[-0.010203,0.277930]; n343/404; public aggregate moments; uncorrected multiplicity; rounding uncertainty not quantified",MALPEM/NMM regional volumes; HC-fitted age/sex/total-brain-size residuals,SupplementTables4+5; Methods nuisance correction,NMM/MALPEM→FIRST or AAL3 anatomical correspondence; bilateral pool mapped to each side unless source explicitly side-specific; merged/split boundaries not exact. MCI343 summary reconstructed from pMCI177+sMCI166; not general population MCI.,derived_aggregate,Ledig2018:Calc:MCI:case_vs_NC
A00712,58,61,Postcentral_L,AAL3,AD,case_vs_NC,Ledig2018,PoG,https://doi.org/10.1038/s41598-018-29295-9,10.1038/s41598-018-29295-9,gray matter or nucleus; see measurement,parent_region_extrapolation,lower,reported_Cohen_d_case_minus_NC,-0.094,p0.20803; corrected significance o (o); mean residual -189.2±2124.4; HC0±1913.6 mm3; CI not reported,MALPEM/NMM regional volumes; HC-fitted age/sex/total-brain-size residuals,SupplementTable4,NMM/MALPEM→FIRST or AAL3 anatomical correspondence; bilateral pool mapped to each side unless source explicitly side-specific; merged/split boundaries not exact.,not_significant_after_correction,Ledig2018:PoG:AD:case_vs_NC
A00713,59,62,Postcentral_R,AAL3,AD,case_vs_NC,Ledig2018,PoG,https://doi.org/10.1038/s41598-018-29295-9,10.1038/s41598-018-29295-9,gray matter or nucleus; see measurement,parent_region_extrapolation,lower,reported_Cohen_d_case_minus_NC,-0.094,p0.20803; corrected significance o (o); mean residual -189.2±2124.4; HC0±1913.6 mm3; CI not reported,MALPEM/NMM regional volumes; HC-fitted age/sex/total-brain-size residuals,SupplementTable4,NMM/MALPEM→FIRST or AAL3 anatomical correspondence; bilateral pool mapped to each side unless source explicitly side-specific; merged/split boundaries not exact.,not_significant_after_correction,Ledig2018:PoG:AD:case_vs_NC
A00714,58,61,Postcentral_L,AAL3,MCI,case_vs_NC,Ledig2018,PoG,https://doi.org/10.1038/s41598-018-29295-9,10.1038/s41598-018-29295-9,gray matter or nucleus; see measurement,parent_region_extrapolation,higher,derived_MCI_pooled_vs_HC_Cohen_d,0.082227,"Approx Wald95%CI[-0.061740,0.226193]; n343/404; public aggregate moments; uncorrected multiplicity; rounding uncertainty not quantified",MALPEM/NMM regional volumes; HC-fitted age/sex/total-brain-size residuals,SupplementTables4+5; Methods nuisance correction,NMM/MALPEM→FIRST or AAL3 anatomical correspondence; bilateral pool mapped to each side unless source explicitly side-specific; merged/split boundaries not exact. MCI343 summary reconstructed from pMCI177+sMCI166; not general population MCI.,derived_aggregate,Ledig2018:PoG:MCI:case_vs_NC
A00715,59,62,Postcentral_R,AAL3,MCI,case_vs_NC,Ledig2018,PoG,https://doi.org/10.1038/s41598-018-29295-9,10.1038/s41598-018-29295-9,gray matter or nucleus; see measurement,parent_region_extrapolation,higher,derived_MCI_pooled_vs_HC_Cohen_d,0.082227,"Approx Wald95%CI[-0.061740,0.226193]; n343/404; public aggregate moments; uncorrected multiplicity; rounding uncertainty not quantified",MALPEM/NMM regional volumes; HC-fitted age/sex/total-brain-size residuals,SupplementTables4+5; Methods nuisance correction,NMM/MALPEM→FIRST or AAL3 anatomical correspondence; bilateral pool mapped to each side unless source explicitly side-specific; merged/split boundaries not exact. MCI343 summary reconstructed from pMCI177+sMCI166; not general population MCI.,derived_aggregate,Ledig2018:PoG:MCI:case_vs_NC
A00716,0,1,Precentral_L,AAL3,AD,case_vs_NC,Ledig2018,PrG,https://doi.org/10.1038/s41598-018-29295-9,10.1038/s41598-018-29295-9,gray matter or nucleus; see measurement,parent_region_extrapolation,lower,reported_Cohen_d_case_minus_NC,-0.101,p0.17534; corrected significance o (o); mean residual -262.1±2723.4; HC0±2472.1 mm3; CI not reported,MALPEM/NMM regional volumes; HC-fitted age/sex/total-brain-size residuals,SupplementTable4,NMM/MALPEM→FIRST or AAL3 anatomical correspondence; bilateral pool mapped to each side unless source explicitly side-specific; merged/split boundaries not exact.,not_significant_after_correction,Ledig2018:PrG:AD:case_vs_NC
A00717,1,2,Precentral_R,AAL3,AD,case_vs_NC,Ledig2018,PrG,https://doi.org/10.1038/s41598-018-29295-9,10.1038/s41598-018-29295-9,gray matter or nucleus; see measurement,parent_region_extrapolation,lower,reported_Cohen_d_case_minus_NC,-0.101,p0.17534; corrected significance o (o); mean residual -262.1±2723.4; HC0±2472.1 mm3; CI not reported,MALPEM/NMM regional volumes; HC-fitted age/sex/total-brain-size residuals,SupplementTable4,NMM/MALPEM→FIRST or AAL3 anatomical correspondence; bilateral pool mapped to each side unless source explicitly side-specific; merged/split boundaries not exact.,not_significant_after_correction,Ledig2018:PrG:AD:case_vs_NC
A00718,0,1,Precentral_L,AAL3,MCI,case_vs_NC,Ledig2018,PrG,https://doi.org/10.1038/s41598-018-29295-9,10.1038/s41598-018-29295-9,gray matter or nucleus; see measurement,parent_region_extrapolation,higher,derived_MCI_pooled_vs_HC_Cohen_d,0.01442,"Approx Wald95%CI[-0.129488,0.158327]; n343/404; public aggregate moments; uncorrected multiplicity; rounding uncertainty not quantified",MALPEM/NMM regional volumes; HC-fitted age/sex/total-brain-size residuals,SupplementTables4+5; Methods nuisance correction,NMM/MALPEM→FIRST or AAL3 anatomical correspondence; bilateral pool mapped to each side unless source explicitly side-specific; merged/split boundaries not exact. MCI343 summary reconstructed from pMCI177+sMCI166; not general population MCI.,derived_aggregate,Ledig2018:PrG:MCI:case_vs_NC
A00719,1,2,Precentral_R,AAL3,MCI,case_vs_NC,Ledig2018,PrG,https://doi.org/10.1038/s41598-018-29295-9,10.1038/s41598-018-29295-9,gray matter or nucleus; see measurement,parent_region_extrapolation,higher,derived_MCI_pooled_vs_HC_Cohen_d,0.01442,"Approx Wald95%CI[-0.129488,0.158327]; n343/404; public aggregate moments; uncorrected multiplicity; rounding uncertainty not quantified",MALPEM/NMM regional volumes; HC-fitted age/sex/total-brain-size residuals,SupplementTables4+5; Methods nuisance correction,NMM/MALPEM→FIRST or AAL3 anatomical correspondence; bilateral pool mapped to each side unless source explicitly side-specific; merged/split boundaries not exact. MCI343 summary reconstructed from pMCI177+sMCI166; not general population MCI.,derived_aggregate,Ledig2018:PrG:MCI:case_vs_NC
A00720,12,13,Rolandic_Oper_L,AAL3,AD,case_vs_NC,Ledig2018,CO,https://doi.org/10.1038/s41598-018-29295-9,10.1038/s41598-018-29295-9,gray matter or nucleus; see measurement,parent_region_extrapolation,lower,reported_Cohen_d_case_minus_NC,-0.074,p0.32384; corrected significance o (o); mean residual -58.3±783.8; HC0±796.8 mm3; CI not reported,MALPEM/NMM regional volumes; HC-fitted age/sex/total-brain-size residuals,SupplementTable4,NMM/MALPEM→FIRST or AAL3 anatomical correspondence; bilateral pool mapped to each side unless source explicitly side-specific; merged/split boundaries not exact.,not_significant_after_correction,Ledig2018:CO:AD:case_vs_NC
A00721,13,14,Rolandic_Oper_R,AAL3,AD,case_vs_NC,Ledig2018,CO,https://doi.org/10.1038/s41598-018-29295-9,10.1038/s41598-018-29295-9,gray matter or nucleus; see measurement,parent_region_extrapolation,lower,reported_Cohen_d_case_minus_NC,-0.074,p0.32384; corrected significance o (o); mean residual -58.3±783.8; HC0±796.8 mm3; CI not reported,MALPEM/NMM regional volumes; HC-fitted age/sex/total-brain-size residuals,SupplementTable4,NMM/MALPEM→FIRST or AAL3 anatomical correspondence; bilateral pool mapped to each side unless source explicitly side-specific; merged/split boundaries not exact.,not_significant_after_correction,Ledig2018:CO:AD:case_vs_NC
A00722,12,13,Rolandic_Oper_L,AAL3,MCI,case_vs_NC,Ledig2018,CO,https://doi.org/10.1038/s41598-018-29295-9,10.1038/s41598-018-29295-9,gray matter or nucleus; see measurement,parent_region_extrapolation,lower,derived_MCI_pooled_vs_HC_Cohen_d,-0.126691,"Approx Wald95%CI[-0.270740,0.017359]; n343/404; public aggregate moments; uncorrected multiplicity; rounding uncertainty not quantified",MALPEM/NMM regional volumes; HC-fitted age/sex/total-brain-size residuals,SupplementTables4+5; Methods nuisance correction,NMM/MALPEM→FIRST or AAL3 anatomical correspondence; bilateral pool mapped to each side unless source explicitly side-specific; merged/split boundaries not exact. MCI343 summary reconstructed from pMCI177+sMCI166; not general population MCI.,derived_aggregate,Ledig2018:CO:MCI:case_vs_NC
A00723,13,14,Rolandic_Oper_R,AAL3,MCI,case_vs_NC,Ledig2018,CO,https://doi.org/10.1038/s41598-018-29295-9,10.1038/s41598-018-29295-9,gray matter or nucleus; see measurement,parent_region_extrapolation,lower,derived_MCI_pooled_vs_HC_Cohen_d,-0.126691,"Approx Wald95%CI[-0.270740,0.017359]; n343/404; public aggregate moments; uncorrected multiplicity; rounding uncertainty not quantified",MALPEM/NMM regional volumes; HC-fitted age/sex/total-brain-size residuals,SupplementTables4+5; Methods nuisance correction,NMM/MALPEM→FIRST or AAL3 anatomical correspondence; bilateral pool mapped to each side unless source explicitly side-specific; merged/split boundaries not exact. MCI343 summary reconstructed from pMCI177+sMCI166; not general population MCI.,derived_aggregate,Ledig2018:CO:MCI:case_vs_NC
A00724,70,73,Paracentral_Lobule_L,AAL3,AD,case_vs_NC,Ledig2018,MPoG,https://doi.org/10.1038/s41598-018-29295-9,10.1038/s41598-018-29295-9,gray matter or nucleus; see measurement,parent_region_extrapolation,lower,reported_Cohen_d_case_minus_NC,-0.124,p0.09769; corrected significance o (o); mean residual -44.8±377.8; HC0±348.2 mm3; CI not reported,MALPEM/NMM regional volumes; HC-fitted age/sex/total-brain-size residuals,SupplementTable4,NMM/MALPEM→FIRST or AAL3 anatomical correspondence; bilateral pool mapped to each side unless source explicitly side-specific; merged/split boundaries not exact.,not_significant_after_correction,Ledig2018:MPoG:AD:case_vs_NC
A00725,71,74,Paracentral_Lobule_R,AAL3,AD,case_vs_NC,Ledig2018,MPoG,https://doi.org/10.1038/s41598-018-29295-9,10.1038/s41598-018-29295-9,gray matter or nucleus; see measurement,parent_region_extrapolation,lower,reported_Cohen_d_case_minus_NC,-0.124,p0.09769; corrected significance o (o); mean residual -44.8±377.8; HC0±348.2 mm3; CI not reported,MALPEM/NMM regional volumes; HC-fitted age/sex/total-brain-size residuals,SupplementTable4,NMM/MALPEM→FIRST or AAL3 anatomical correspondence; bilateral pool mapped to each side unless source explicitly side-specific; merged/split boundaries not exact.,not_significant_after_correction,Ledig2018:MPoG:AD:case_vs_NC
A00726,70,73,Paracentral_Lobule_L,AAL3,MCI,case_vs_NC,Ledig2018,MPoG,https://doi.org/10.1038/s41598-018-29295-9,10.1038/s41598-018-29295-9,gray matter or nucleus; see measurement,parent_region_extrapolation,lower,derived_MCI_pooled_vs_HC_Cohen_d,-0.172246,"Approx Wald95%CI[-0.316418,-0.028075]; n343/404; public aggregate moments; uncorrected multiplicity; rounding uncertainty not quantified",MALPEM/NMM regional volumes; HC-fitted age/sex/total-brain-size residuals,SupplementTables4+5; Methods nuisance correction,NMM/MALPEM→FIRST or AAL3 anatomical correspondence; bilateral pool mapped to each side unless source explicitly side-specific; merged/split boundaries not exact. MCI343 summary reconstructed from pMCI177+sMCI166; not general population MCI.,derived_aggregate,Ledig2018:MPoG:MCI:case_vs_NC
A00727,71,74,Paracentral_Lobule_R,AAL3,MCI,case_vs_NC,Ledig2018,MPoG,https://doi.org/10.1038/s41598-018-29295-9,10.1038/s41598-018-29295-9,gray matter or nucleus; see measurement,parent_region_extrapolation,lower,derived_MCI_pooled_vs_HC_Cohen_d,-0.172246,"Approx Wald95%CI[-0.316418,-0.028075]; n343/404; public aggregate moments; uncorrected multiplicity; rounding uncertainty not quantified",MALPEM/NMM regional volumes; HC-fitted age/sex/total-brain-size residuals,SupplementTables4+5; Methods nuisance correction,NMM/MALPEM→FIRST or AAL3 anatomical correspondence; bilateral pool mapped to each side unless source explicitly side-specific; merged/split boundaries not exact. MCI343 summary reconstructed from pMCI177+sMCI166; not general population MCI.,derived_aggregate,Ledig2018:MPoG:MCI:case_vs_NC
A00728,70,73,Paracentral_Lobule_L,AAL3,AD,case_vs_NC,Ledig2018,MPrG,https://doi.org/10.1038/s41598-018-29295-9,10.1038/s41598-018-29295-9,gray matter or nucleus; see measurement,parent_region_extrapolation,lower,reported_Cohen_d_case_minus_NC,-0.075,p0.31847; corrected significance o (o); mean residual -58.2±819.9; HC0±747.4 mm3; CI not reported,MALPEM/NMM regional volumes; HC-fitted age/sex/total-brain-size residuals,SupplementTable4,NMM/MALPEM→FIRST or AAL3 anatomical correspondence; bilateral pool mapped to each side unless source explicitly side-specific; merged/split boundaries not exact.,not_significant_after_correction,Ledig2018:MPrG:AD:case_vs_NC
A00729,71,74,Paracentral_Lobule_R,AAL3,AD,case_vs_NC,Ledig2018,MPrG,https://doi.org/10.1038/s41598-018-29295-9,10.1038/s41598-018-29295-9,gray matter or nucleus; see measurement,parent_region_extrapolation,lower,reported_Cohen_d_case_minus_NC,-0.075,p0.31847; corrected significance o (o); mean residual -58.2±819.9; HC0±747.4 mm3; CI not reported,MALPEM/NMM regional volumes; HC-fitted age/sex/total-brain-size residuals,SupplementTable4,NMM/MALPEM→FIRST or AAL3 anatomical correspondence; bilateral pool mapped to each side unless source explicitly side-specific; merged/split boundaries not exact.,not_significant_after_correction,Ledig2018:MPrG:AD:case_vs_NC
A00730,70,73,Paracentral_Lobule_L,AAL3,MCI,case_vs_NC,Ledig2018,MPrG,https://doi.org/10.1038/s41598-018-29295-9,10.1038/s41598-018-29295-9,gray matter or nucleus; see measurement,parent_region_extrapolation,higher,derived_MCI_pooled_vs_HC_Cohen_d,0.109763,"Approx Wald95%CI[-0.034251,0.253777]; n343/404; public aggregate moments; uncorrected multiplicity; rounding uncertainty not quantified",MALPEM/NMM regional volumes; HC-fitted age/sex/total-brain-size residuals,SupplementTables4+5; Methods nuisance correction,NMM/MALPEM→FIRST or AAL3 anatomical correspondence; bilateral pool mapped to each side unless source explicitly side-specific; merged/split boundaries not exact. MCI343 summary reconstructed from pMCI177+sMCI166; not general population MCI.,derived_aggregate,Ledig2018:MPrG:MCI:case_vs_NC
A00731,71,74,Paracentral_Lobule_R,AAL3,MCI,case_vs_NC,Ledig2018,MPrG,https://doi.org/10.1038/s41598-018-29295-9,10.1038/s41598-018-29295-9,gray matter or nucleus; see measurement,parent_region_extrapolation,higher,derived_MCI_pooled_vs_HC_Cohen_d,0.109763,"Approx Wald95%CI[-0.034251,0.253777]; n343/404; public aggregate moments; uncorrected multiplicity; rounding uncertainty not quantified",MALPEM/NMM regional volumes; HC-fitted age/sex/total-brain-size residuals,SupplementTables4+5; Methods nuisance correction,NMM/MALPEM→FIRST or AAL3 anatomical correspondence; bilateral pool mapped to each side unless source explicitly side-specific; merged/split boundaries not exact. MCI343 summary reconstructed from pMCI177+sMCI166; not general population MCI.,derived_aggregate,Ledig2018:MPrG:MCI:case_vs_NC
A00732,48,51,Lingual_L,AAL3,AD,case_vs_NC,Ledig2018,LiG,https://doi.org/10.1038/s41598-018-29295-9,10.1038/s41598-018-29295-9,gray matter or nucleus; see measurement,parent_region_extrapolation,higher,reported_Cohen_d_case_minus_NC,0.055,p0.46010; corrected significance o (o); mean residual 106.4±2022.0; HC0±1846.7 mm3; CI not reported,MALPEM/NMM regional volumes; HC-fitted age/sex/total-brain-size residuals,SupplementTable4,NMM/MALPEM→FIRST or AAL3 anatomical correspondence; bilateral pool mapped to each side unless source explicitly side-specific; merged/split boundaries not exact.,not_significant_after_correction,Ledig2018:LiG:AD:case_vs_NC
A00733,49,52,Lingual_R,AAL3,AD,case_vs_NC,Ledig2018,LiG,https://doi.org/10.1038/s41598-018-29295-9,10.1038/s41598-018-29295-9,gray matter or nucleus; see measurement,parent_region_extrapolation,higher,reported_Cohen_d_case_minus_NC,0.055,p0.46010; corrected significance o (o); mean residual 106.4±2022.0; HC0±1846.7 mm3; CI not reported,MALPEM/NMM regional volumes; HC-fitted age/sex/total-brain-size residuals,SupplementTable4,NMM/MALPEM→FIRST or AAL3 anatomical correspondence; bilateral pool mapped to each side unless source explicitly side-specific; merged/split boundaries not exact.,not_significant_after_correction,Ledig2018:LiG:AD:case_vs_NC
A00734,48,51,Lingual_L,AAL3,MCI,case_vs_NC,Ledig2018,LiG,https://doi.org/10.1038/s41598-018-29295-9,10.1038/s41598-018-29295-9,gray matter or nucleus; see measurement,parent_region_extrapolation,lower,derived_MCI_pooled_vs_HC_Cohen_d,-0.008207,"Approx Wald95%CI[-0.152113,0.135700]; n343/404; public aggregate moments; uncorrected multiplicity; rounding uncertainty not quantified",MALPEM/NMM regional volumes; HC-fitted age/sex/total-brain-size residuals,SupplementTables4+5; Methods nuisance correction,NMM/MALPEM→FIRST or AAL3 anatomical correspondence; bilateral pool mapped to each side unless source explicitly side-specific; merged/split boundaries not exact. MCI343 summary reconstructed from pMCI177+sMCI166; not general population MCI.,derived_aggregate,Ledig2018:LiG:MCI:case_vs_NC
A00735,49,52,Lingual_R,AAL3,MCI,case_vs_NC,Ledig2018,LiG,https://doi.org/10.1038/s41598-018-29295-9,10.1038/s41598-018-29295-9,gray matter or nucleus; see measurement,parent_region_extrapolation,lower,derived_MCI_pooled_vs_HC_Cohen_d,-0.008207,"Approx Wald95%CI[-0.152113,0.135700]; n343/404; public aggregate moments; uncorrected multiplicity; rounding uncertainty not quantified",MALPEM/NMM regional volumes; HC-fitted age/sex/total-brain-size residuals,SupplementTables4+5; Methods nuisance correction,NMM/MALPEM→FIRST or AAL3 anatomical correspondence; bilateral pool mapped to each side unless source explicitly side-specific; merged/split boundaries not exact. MCI343 summary reconstructed from pMCI177+sMCI166; not general population MCI.,derived_aggregate,Ledig2018:LiG:MCI:case_vs_NC
A00736,46,49,Cuneus_L,AAL3,AD,case_vs_NC,Ledig2018,Cun,https://doi.org/10.1038/s41598-018-29295-9,10.1038/s41598-018-29295-9,gray matter or nucleus; see measurement,parent_region_extrapolation,higher,reported_Cohen_d_case_minus_NC,0.022,p0.76765; corrected significance o (o); mean residual 33.2±1619.0; HC0±1403.3 mm3; CI not reported,MALPEM/NMM regional volumes; HC-fitted age/sex/total-brain-size residuals,SupplementTable4,NMM/MALPEM→FIRST or AAL3 anatomical correspondence; bilateral pool mapped to each side unless source explicitly side-specific; merged/split boundaries not exact.,not_significant_after_correction,Ledig2018:Cun:AD:case_vs_NC
A00737,47,50,Cuneus_R,AAL3,AD,case_vs_NC,Ledig2018,Cun,https://doi.org/10.1038/s41598-018-29295-9,10.1038/s41598-018-29295-9,gray matter or nucleus; see measurement,parent_region_extrapolation,higher,reported_Cohen_d_case_minus_NC,0.022,p0.76765; corrected significance o (o); mean residual 33.2±1619.0; HC0±1403.3 mm3; CI not reported,MALPEM/NMM regional volumes; HC-fitted age/sex/total-brain-size residuals,SupplementTable4,NMM/MALPEM→FIRST or AAL3 anatomical correspondence; bilateral pool mapped to each side unless source explicitly side-specific; merged/split boundaries not exact.,not_significant_after_correction,Ledig2018:Cun:AD:case_vs_NC
A00738,46,49,Cuneus_L,AAL3,MCI,case_vs_NC,Ledig2018,Cun,https://doi.org/10.1038/s41598-018-29295-9,10.1038/s41598-018-29295-9,gray matter or nucleus; see measurement,parent_region_extrapolation,higher,derived_MCI_pooled_vs_HC_Cohen_d,0.081118,"Approx Wald95%CI[-0.062847,0.225082]; n343/404; public aggregate moments; uncorrected multiplicity; rounding uncertainty not quantified",MALPEM/NMM regional volumes; HC-fitted age/sex/total-brain-size residuals,SupplementTables4+5; Methods nuisance correction,NMM/MALPEM→FIRST or AAL3 anatomical correspondence; bilateral pool mapped to each side unless source explicitly side-specific; merged/split boundaries not exact. MCI343 summary reconstructed from pMCI177+sMCI166; not general population MCI.,derived_aggregate,Ledig2018:Cun:MCI:case_vs_NC
A00739,47,50,Cuneus_R,AAL3,MCI,case_vs_NC,Ledig2018,Cun,https://doi.org/10.1038/s41598-018-29295-9,10.1038/s41598-018-29295-9,gray matter or nucleus; see measurement,parent_region_extrapolation,higher,derived_MCI_pooled_vs_HC_Cohen_d,0.081118,"Approx Wald95%CI[-0.062847,0.225082]; n343/404; public aggregate moments; uncorrected multiplicity; rounding uncertainty not quantified",MALPEM/NMM regional volumes; HC-fitted age/sex/total-brain-size residuals,SupplementTables4+5; Methods nuisance correction,NMM/MALPEM→FIRST or AAL3 anatomical correspondence; bilateral pool mapped to each side unless source explicitly side-specific; merged/split boundaries not exact. MCI343 summary reconstructed from pMCI177+sMCI166; not general population MCI.,derived_aggregate,Ledig2018:Cun:MCI:case_vs_NC
A00740,148,153,ACC_pre_L,AAL3,AD,case_vs_NC,Ledig2018,ACg,https://doi.org/10.1038/s41598-018-29295-9,10.1038/s41598-018-29295-9,gray matter or nucleus; see measurement,parent_region_extrapolation,lower,reported_Cohen_d_case_minus_NC,-0.005,p0.94417; corrected significance o (o); mean residual -5.9±1178.5; HC0±1101.8 mm3; CI not reported,MALPEM/NMM regional volumes; HC-fitted age/sex/total-brain-size residuals,SupplementTable4,NMM/MALPEM→FIRST or AAL3 anatomical correspondence; bilateral pool mapped to each side unless source explicitly side-specific; merged/split boundaries not exact.,not_significant_after_correction,Ledig2018:ACg:AD:case_vs_NC
A00741,149,154,ACC_pre_R,AAL3,AD,case_vs_NC,Ledig2018,ACg,https://doi.org/10.1038/s41598-018-29295-9,10.1038/s41598-018-29295-9,gray matter or nucleus; see measurement,parent_region_extrapolation,lower,reported_Cohen_d_case_minus_NC,-0.005,p0.94417; corrected significance o (o); mean residual -5.9±1178.5; HC0±1101.8 mm3; CI not reported,MALPEM/NMM regional volumes; HC-fitted age/sex/total-brain-size residuals,SupplementTable4,NMM/MALPEM→FIRST or AAL3 anatomical correspondence; bilateral pool mapped to each side unless source explicitly side-specific; merged/split boundaries not exact.,not_significant_after_correction,Ledig2018:ACg:AD:case_vs_NC
A00742,150,155,ACC_sup_L,AAL3,AD,case_vs_NC,Ledig2018,ACg,https://doi.org/10.1038/s41598-018-29295-9,10.1038/s41598-018-29295-9,gray matter or nucleus; see measurement,parent_region_extrapolation,lower,reported_Cohen_d_case_minus_NC,-0.005,p0.94417; corrected significance o (o); mean residual -5.9±1178.5; HC0±1101.8 mm3; CI not reported,MALPEM/NMM regional volumes; HC-fitted age/sex/total-brain-size residuals,SupplementTable4,NMM/MALPEM→FIRST or AAL3 anatomical correspondence; bilateral pool mapped to each side unless source explicitly side-specific; merged/split boundaries not exact.,not_significant_after_correction,Ledig2018:ACg:AD:case_vs_NC
A00743,151,156,ACC_sup_R,AAL3,AD,case_vs_NC,Ledig2018,ACg,https://doi.org/10.1038/s41598-018-29295-9,10.1038/s41598-018-29295-9,gray matter or nucleus; see measurement,parent_region_extrapolation,lower,reported_Cohen_d_case_minus_NC,-0.005,p0.94417; corrected significance o (o); mean residual -5.9±1178.5; HC0±1101.8 mm3; CI not reported,MALPEM/NMM regional volumes; HC-fitted age/sex/total-brain-size residuals,SupplementTable4,NMM/MALPEM→FIRST or AAL3 anatomical correspondence; bilateral pool mapped to each side unless source explicitly side-specific; merged/split boundaries not exact.,not_significant_after_correction,Ledig2018:ACg:AD:case_vs_NC
A00744,148,153,ACC_pre_L,AAL3,MCI,case_vs_NC,Ledig2018,ACg,https://doi.org/10.1038/s41598-018-29295-9,10.1038/s41598-018-29295-9,gray matter or nucleus; see measurement,parent_region_extrapolation,lower,derived_MCI_pooled_vs_HC_Cohen_d,-0.091874,"Approx Wald95%CI[-0.235856,0.052107]; n343/404; public aggregate moments; uncorrected multiplicity; rounding uncertainty not quantified",MALPEM/NMM regional volumes; HC-fitted age/sex/total-brain-size residuals,SupplementTables4+5; Methods nuisance correction,NMM/MALPEM→FIRST or AAL3 anatomical correspondence; bilateral pool mapped to each side unless source explicitly side-specific; merged/split boundaries not exact. MCI343 summary reconstructed from pMCI177+sMCI166; not general population MCI.,derived_aggregate,Ledig2018:ACg:MCI:case_vs_NC
A00745,149,154,ACC_pre_R,AAL3,MCI,case_vs_NC,Ledig2018,ACg,https://doi.org/10.1038/s41598-018-29295-9,10.1038/s41598-018-29295-9,gray matter or nucleus; see measurement,parent_region_extrapolation,lower,derived_MCI_pooled_vs_HC_Cohen_d,-0.091874,"Approx Wald95%CI[-0.235856,0.052107]; n343/404; public aggregate moments; uncorrected multiplicity; rounding uncertainty not quantified",MALPEM/NMM regional volumes; HC-fitted age/sex/total-brain-size residuals,SupplementTables4+5; Methods nuisance correction,NMM/MALPEM→FIRST or AAL3 anatomical correspondence; bilateral pool mapped to each side unless source explicitly side-specific; merged/split boundaries not exact. MCI343 summary reconstructed from pMCI177+sMCI166; not general population MCI.,derived_aggregate,Ledig2018:ACg:MCI:case_vs_NC
A00746,150,155,ACC_sup_L,AAL3,MCI,case_vs_NC,Ledig2018,ACg,https://doi.org/10.1038/s41598-018-29295-9,10.1038/s41598-018-29295-9,gray matter or nucleus; see measurement,parent_region_extrapolation,lower,derived_MCI_pooled_vs_HC_Cohen_d,-0.091874,"Approx Wald95%CI[-0.235856,0.052107]; n343/404; public aggregate moments; uncorrected multiplicity; rounding uncertainty not quantified",MALPEM/NMM regional volumes; HC-fitted age/sex/total-brain-size residuals,SupplementTables4+5; Methods nuisance correction,NMM/MALPEM→FIRST or AAL3 anatomical correspondence; bilateral pool mapped to each side unless source explicitly side-specific; merged/split boundaries not exact. MCI343 summary reconstructed from pMCI177+sMCI166; not general population MCI.,derived_aggregate,Ledig2018:ACg:MCI:case_vs_NC
A00747,151,156,ACC_sup_R,AAL3,MCI,case_vs_NC,Ledig2018,ACg,https://doi.org/10.1038/s41598-018-29295-9,10.1038/s41598-018-29295-9,gray matter or nucleus; see measurement,parent_region_extrapolation,lower,derived_MCI_pooled_vs_HC_Cohen_d,-0.091874,"Approx Wald95%CI[-0.235856,0.052107]; n343/404; public aggregate moments; uncorrected multiplicity; rounding uncertainty not quantified",MALPEM/NMM regional volumes; HC-fitted age/sex/total-brain-size residuals,SupplementTables4+5; Methods nuisance correction,NMM/MALPEM→FIRST or AAL3 anatomical correspondence; bilateral pool mapped to each side unless source explicitly side-specific; merged/split boundaries not exact. MCI343 summary reconstructed from pMCI177+sMCI166; not general population MCI.,derived_aggregate,Ledig2018:ACg:MCI:case_vs_NC
A00748,146,151,ACC_sub_L,AAL3,AD,case_vs_NC,Ledig2018,SCA,https://doi.org/10.1038/s41598-018-29295-9,10.1038/s41598-018-29295-9,gray matter or nucleus; see measurement,parent_region_extrapolation,lower,reported_Cohen_d_case_minus_NC,-0.301,p0.00006; corrected significance ++ (+); mean residual -124.5±441.7; HC0±388.6 mm3; CI not reported,MALPEM/NMM regional volumes; HC-fitted age/sex/total-brain-size residuals,SupplementTable4,NMM/MALPEM→FIRST or AAL3 anatomical correspondence; bilateral pool mapped to each side unless source explicitly side-specific; merged/split boundaries not exact.,supported,Ledig2018:SCA:AD:case_vs_NC
A00749,147,152,ACC_sub_R,AAL3,AD,case_vs_NC,Ledig2018,SCA,https://doi.org/10.1038/s41598-018-29295-9,10.1038/s41598-018-29295-9,gray matter or nucleus; see measurement,parent_region_extrapolation,lower,reported_Cohen_d_case_minus_NC,-0.301,p0.00006; corrected significance ++ (+); mean residual -124.5±441.7; HC0±388.6 mm3; CI not reported,MALPEM/NMM regional volumes; HC-fitted age/sex/total-brain-size residuals,SupplementTable4,NMM/MALPEM→FIRST or AAL3 anatomical correspondence; bilateral pool mapped to each side unless source explicitly side-specific; merged/split boundaries not exact.,supported,Ledig2018:SCA:AD:case_vs_NC
A00750,146,151,ACC_sub_L,AAL3,MCI,case_vs_NC,Ledig2018,SCA,https://doi.org/10.1038/s41598-018-29295-9,10.1038/s41598-018-29295-9,gray matter or nucleus; see measurement,parent_region_extrapolation,lower,derived_MCI_pooled_vs_HC_Cohen_d,-0.176404,"Approx Wald95%CI[-0.320589,-0.032220]; n343/404; public aggregate moments; uncorrected multiplicity; rounding uncertainty not quantified",MALPEM/NMM regional volumes; HC-fitted age/sex/total-brain-size residuals,SupplementTables4+5; Methods nuisance correction,NMM/MALPEM→FIRST or AAL3 anatomical correspondence; bilateral pool mapped to each side unless source explicitly side-specific; merged/split boundaries not exact. MCI343 summary reconstructed from pMCI177+sMCI166; not general population MCI.,derived_aggregate,Ledig2018:SCA:MCI:case_vs_NC
A00751,147,152,ACC_sub_R,AAL3,MCI,case_vs_NC,Ledig2018,SCA,https://doi.org/10.1038/s41598-018-29295-9,10.1038/s41598-018-29295-9,gray matter or nucleus; see measurement,parent_region_extrapolation,lower,derived_MCI_pooled_vs_HC_Cohen_d,-0.176404,"Approx Wald95%CI[-0.320589,-0.032220]; n343/404; public aggregate moments; uncorrected multiplicity; rounding uncertainty not quantified",MALPEM/NMM regional volumes; HC-fitted age/sex/total-brain-size residuals,SupplementTables4+5; Methods nuisance correction,NMM/MALPEM→FIRST or AAL3 anatomical correspondence; bilateral pool mapped to each side unless source explicitly side-specific; merged/split boundaries not exact. MCI343 summary reconstructed from pMCI177+sMCI166; not general population MCI.,derived_aggregate,Ledig2018:SCA:MCI:case_vs_NC
A00752,108,113,Vermis_1_2,AAL3,AD,case_vs_NC,Ledig2018,CerebellarVermalLobulesI-V,https://doi.org/10.1038/s41598-018-29295-9,10.1038/s41598-018-29295-9,gray matter or nucleus; see measurement,parent_region_extrapolation,lower,reported_Cohen_d_case_minus_NC,-0.205,p0.00610; corrected significance + (o); mean residual -128.8±620.1; HC0±632.2 mm3; CI not reported,MALPEM/NMM regional volumes; HC-fitted age/sex/total-brain-size residuals,SupplementTable4,NMM/MALPEM→FIRST or AAL3 anatomical correspondence; bilateral pool mapped to each side unless source explicitly side-specific; merged/split boundaries not exact.,not_significant_after_correction,Ledig2018:CerebellarVermalLobulesI-V:AD:case_vs_NC
A00753,109,114,Vermis_3,AAL3,AD,case_vs_NC,Ledig2018,CerebellarVermalLobulesI-V,https://doi.org/10.1038/s41598-018-29295-9,10.1038/s41598-018-29295-9,gray matter or nucleus; see measurement,parent_region_extrapolation,lower,reported_Cohen_d_case_minus_NC,-0.205,p0.00610; corrected significance + (o); mean residual -128.8±620.1; HC0±632.2 mm3; CI not reported,MALPEM/NMM regional volumes; HC-fitted age/sex/total-brain-size residuals,SupplementTable4,NMM/MALPEM→FIRST or AAL3 anatomical correspondence; bilateral pool mapped to each side unless source explicitly side-specific; merged/split boundaries not exact.,not_significant_after_correction,Ledig2018:CerebellarVermalLobulesI-V:AD:case_vs_NC
A00754,110,115,Vermis_4_5,AAL3,AD,case_vs_NC,Ledig2018,CerebellarVermalLobulesI-V,https://doi.org/10.1038/s41598-018-29295-9,10.1038/s41598-018-29295-9,gray matter or nucleus; see measurement,parent_region_extrapolation,lower,reported_Cohen_d_case_minus_NC,-0.205,p0.00610; corrected significance + (o); mean residual -128.8±620.1; HC0±632.2 mm3; CI not reported,MALPEM/NMM regional volumes; HC-fitted age/sex/total-brain-size residuals,SupplementTable4,NMM/MALPEM→FIRST or AAL3 anatomical correspondence; bilateral pool mapped to each side unless source explicitly side-specific; merged/split boundaries not exact.,not_significant_after_correction,Ledig2018:CerebellarVermalLobulesI-V:AD:case_vs_NC
A00755,108,113,Vermis_1_2,AAL3,MCI,case_vs_NC,Ledig2018,CerebellarVermalLobulesI-V,https://doi.org/10.1038/s41598-018-29295-9,10.1038/s41598-018-29295-9,gray matter or nucleus; see measurement,parent_region_extrapolation,lower,derived_MCI_pooled_vs_HC_Cohen_d,-0.117635,"Approx Wald95%CI[-0.261664,0.026395]; n343/404; public aggregate moments; uncorrected multiplicity; rounding uncertainty not quantified",MALPEM/NMM regional volumes; HC-fitted age/sex/total-brain-size residuals,SupplementTables4+5; Methods nuisance correction,NMM/MALPEM→FIRST or AAL3 anatomical correspondence; bilateral pool mapped to each side unless source explicitly side-specific; merged/split boundaries not exact. MCI343 summary reconstructed from pMCI177+sMCI166; not general population MCI.,derived_aggregate,Ledig2018:CerebellarVermalLobulesI-V:MCI:case_vs_NC
A00756,109,114,Vermis_3,AAL3,MCI,case_vs_NC,Ledig2018,CerebellarVermalLobulesI-V,https://doi.org/10.1038/s41598-018-29295-9,10.1038/s41598-018-29295-9,gray matter or nucleus; see measurement,parent_region_extrapolation,lower,derived_MCI_pooled_vs_HC_Cohen_d,-0.117635,"Approx Wald95%CI[-0.261664,0.026395]; n343/404; public aggregate moments; uncorrected multiplicity; rounding uncertainty not quantified",MALPEM/NMM regional volumes; HC-fitted age/sex/total-brain-size residuals,SupplementTables4+5; Methods nuisance correction,NMM/MALPEM→FIRST or AAL3 anatomical correspondence; bilateral pool mapped to each side unless source explicitly side-specific; merged/split boundaries not exact. MCI343 summary reconstructed from pMCI177+sMCI166; not general population MCI.,derived_aggregate,Ledig2018:CerebellarVermalLobulesI-V:MCI:case_vs_NC
A00757,110,115,Vermis_4_5,AAL3,MCI,case_vs_NC,Ledig2018,CerebellarVermalLobulesI-V,https://doi.org/10.1038/s41598-018-29295-9,10.1038/s41598-018-29295-9,gray matter or nucleus; see measurement,parent_region_extrapolation,lower,derived_MCI_pooled_vs_HC_Cohen_d,-0.117635,"Approx Wald95%CI[-0.261664,0.026395]; n343/404; public aggregate moments; uncorrected multiplicity; rounding uncertainty not quantified",MALPEM/NMM regional volumes; HC-fitted age/sex/total-brain-size residuals,SupplementTables4+5; Methods nuisance correction,NMM/MALPEM→FIRST or AAL3 anatomical correspondence; bilateral pool mapped to each side unless source explicitly side-specific; merged/split boundaries not exact. MCI343 summary reconstructed from pMCI177+sMCI166; not general population MCI.,derived_aggregate,Ledig2018:CerebellarVermalLobulesI-V:MCI:case_vs_NC
A00758,111,116,Vermis_6,AAL3,AD,case_vs_NC,Ledig2018,CerebellarVermalLobulesVI-VII,https://doi.org/10.1038/s41598-018-29295-9,10.1038/s41598-018-29295-9,gray matter or nucleus; see measurement,parent_region_extrapolation,higher,reported_Cohen_d_case_minus_NC,0.185,p0.01368; corrected significance + (o); mean residual 71.0±401.3; HC0±370.4 mm3; CI not reported,MALPEM/NMM regional volumes; HC-fitted age/sex/total-brain-size residuals,SupplementTable4,NMM/MALPEM→FIRST or AAL3 anatomical correspondence; bilateral pool mapped to each side unless source explicitly side-specific; merged/split boundaries not exact.,not_significant_after_correction,Ledig2018:CerebellarVermalLobulesVI-VII:AD:case_vs_NC
A00759,112,117,Vermis_7,AAL3,AD,case_vs_NC,Ledig2018,CerebellarVermalLobulesVI-VII,https://doi.org/10.1038/s41598-018-29295-9,10.1038/s41598-018-29295-9,gray matter or nucleus; see measurement,parent_region_extrapolation,higher,reported_Cohen_d_case_minus_NC,0.185,p0.01368; corrected significance + (o); mean residual 71.0±401.3; HC0±370.4 mm3; CI not reported,MALPEM/NMM regional volumes; HC-fitted age/sex/total-brain-size residuals,SupplementTable4,NMM/MALPEM→FIRST or AAL3 anatomical correspondence; bilateral pool mapped to each side unless source explicitly side-specific; merged/split boundaries not exact.,not_significant_after_correction,Ledig2018:CerebellarVermalLobulesVI-VII:AD:case_vs_NC
A00760,111,116,Vermis_6,AAL3,MCI,case_vs_NC,Ledig2018,CerebellarVermalLobulesVI-VII,https://doi.org/10.1038/s41598-018-29295-9,10.1038/s41598-018-29295-9,gray matter or nucleus; see measurement,parent_region_extrapolation,higher,derived_MCI_pooled_vs_HC_Cohen_d,0.095562,"Approx Wald95%CI[-0.048426,0.239550]; n343/404; public aggregate moments; uncorrected multiplicity; rounding uncertainty not quantified",MALPEM/NMM regional volumes; HC-fitted age/sex/total-brain-size residuals,SupplementTables4+5; Methods nuisance correction,NMM/MALPEM→FIRST or AAL3 anatomical correspondence; bilateral pool mapped to each side unless source explicitly side-specific; merged/split boundaries not exact. MCI343 summary reconstructed from pMCI177+sMCI166; not general population MCI.,derived_aggregate,Ledig2018:CerebellarVermalLobulesVI-VII:MCI:case_vs_NC
A00761,112,117,Vermis_7,AAL3,MCI,case_vs_NC,Ledig2018,CerebellarVermalLobulesVI-VII,https://doi.org/10.1038/s41598-018-29295-9,10.1038/s41598-018-29295-9,gray matter or nucleus; see measurement,parent_region_extrapolation,higher,derived_MCI_pooled_vs_HC_Cohen_d,0.095562,"Approx Wald95%CI[-0.048426,0.239550]; n343/404; public aggregate moments; uncorrected multiplicity; rounding uncertainty not quantified",MALPEM/NMM regional volumes; HC-fitted age/sex/total-brain-size residuals,SupplementTables4+5; Methods nuisance correction,NMM/MALPEM→FIRST or AAL3 anatomical correspondence; bilateral pool mapped to each side unless source explicitly side-specific; merged/split boundaries not exact. MCI343 summary reconstructed from pMCI177+sMCI166; not general population MCI.,derived_aggregate,Ledig2018:CerebellarVermalLobulesVI-VII:MCI:case_vs_NC
A00762,113,118,Vermis_8,AAL3,AD,case_vs_NC,Ledig2018,CerebellarVermalLobulesVIII-X,https://doi.org/10.1038/s41598-018-29295-9,10.1038/s41598-018-29295-9,gray matter or nucleus; see measurement,parent_region_extrapolation,higher,reported_Cohen_d_case_minus_NC,0.056,p0.45705; corrected significance o (o); mean residual 22.1±423.1; HC0±375.1 mm3; CI not reported,MALPEM/NMM regional volumes; HC-fitted age/sex/total-brain-size residuals,SupplementTable4,NMM/MALPEM→FIRST or AAL3 anatomical correspondence; bilateral pool mapped to each side unless source explicitly side-specific; merged/split boundaries not exact.,not_significant_after_correction,Ledig2018:CerebellarVermalLobulesVIII-X:AD:case_vs_NC
A00763,114,119,Vermis_9,AAL3,AD,case_vs_NC,Ledig2018,CerebellarVermalLobulesVIII-X,https://doi.org/10.1038/s41598-018-29295-9,10.1038/s41598-018-29295-9,gray matter or nucleus; see measurement,parent_region_extrapolation,higher,reported_Cohen_d_case_minus_NC,0.056,p0.45705; corrected significance o (o); mean residual 22.1±423.1; HC0±375.1 mm3; CI not reported,MALPEM/NMM regional volumes; HC-fitted age/sex/total-brain-size residuals,SupplementTable4,NMM/MALPEM→FIRST or AAL3 anatomical correspondence; bilateral pool mapped to each side unless source explicitly side-specific; merged/split boundaries not exact.,not_significant_after_correction,Ledig2018:CerebellarVermalLobulesVIII-X:AD:case_vs_NC
A00764,115,120,Vermis_10,AAL3,AD,case_vs_NC,Ledig2018,CerebellarVermalLobulesVIII-X,https://doi.org/10.1038/s41598-018-29295-9,10.1038/s41598-018-29295-9,gray matter or nucleus; see measurement,parent_region_extrapolation,higher,reported_Cohen_d_case_minus_NC,0.056,p0.45705; corrected significance o (o); mean residual 22.1±423.1; HC0±375.1 mm3; CI not reported,MALPEM/NMM regional volumes; HC-fitted age/sex/total-brain-size residuals,SupplementTable4,NMM/MALPEM→FIRST or AAL3 anatomical correspondence; bilateral pool mapped to each side unless source explicitly side-specific; merged/split boundaries not exact.,not_significant_after_correction,Ledig2018:CerebellarVermalLobulesVIII-X:AD:case_vs_NC
A00765,113,118,Vermis_8,AAL3,MCI,case_vs_NC,Ledig2018,CerebellarVermalLobulesVIII-X,https://doi.org/10.1038/s41598-018-29295-9,10.1038/s41598-018-29295-9,gray matter or nucleus; see measurement,parent_region_extrapolation,higher,derived_MCI_pooled_vs_HC_Cohen_d,0.036404,"Approx Wald95%CI[-0.107514,0.180322]; n343/404; public aggregate moments; uncorrected multiplicity; rounding uncertainty not quantified",MALPEM/NMM regional volumes; HC-fitted age/sex/total-brain-size residuals,SupplementTables4+5; Methods nuisance correction,NMM/MALPEM→FIRST or AAL3 anatomical correspondence; bilateral pool mapped to each side unless source explicitly side-specific; merged/split boundaries not exact. MCI343 summary reconstructed from pMCI177+sMCI166; not general population MCI.,derived_aggregate,Ledig2018:CerebellarVermalLobulesVIII-X:MCI:case_vs_NC
A00766,114,119,Vermis_9,AAL3,MCI,case_vs_NC,Ledig2018,CerebellarVermalLobulesVIII-X,https://doi.org/10.1038/s41598-018-29295-9,10.1038/s41598-018-29295-9,gray matter or nucleus; see measurement,parent_region_extrapolation,higher,derived_MCI_pooled_vs_HC_Cohen_d,0.036404,"Approx Wald95%CI[-0.107514,0.180322]; n343/404; public aggregate moments; uncorrected multiplicity; rounding uncertainty not quantified",MALPEM/NMM regional volumes; HC-fitted age/sex/total-brain-size residuals,SupplementTables4+5; Methods nuisance correction,NMM/MALPEM→FIRST or AAL3 anatomical correspondence; bilateral pool mapped to each side unless source explicitly side-specific; merged/split boundaries not exact. MCI343 summary reconstructed from pMCI177+sMCI166; not general population MCI.,derived_aggregate,Ledig2018:CerebellarVermalLobulesVIII-X:MCI:case_vs_NC
A00767,115,120,Vermis_10,AAL3,MCI,case_vs_NC,Ledig2018,CerebellarVermalLobulesVIII-X,https://doi.org/10.1038/s41598-018-29295-9,10.1038/s41598-018-29295-9,gray matter or nucleus; see measurement,parent_region_extrapolation,higher,derived_MCI_pooled_vs_HC_Cohen_d,0.036404,"Approx Wald95%CI[-0.107514,0.180322]; n343/404; public aggregate moments; uncorrected multiplicity; rounding uncertainty not quantified",MALPEM/NMM regional volumes; HC-fitted age/sex/total-brain-size residuals,SupplementTables4+5; Methods nuisance correction,NMM/MALPEM→FIRST or AAL3 anatomical correspondence; bilateral pool mapped to each side unless source explicitly side-specific; merged/split boundaries not exact. MCI343 summary reconstructed from pMCI177+sMCI166; not general population MCI.,derived_aggregate,Ledig2018:CerebellarVermalLobulesVIII-X:MCI:case_vs_NC
A00768,0,10,L_Thalamus,FIRST,AD,case_vs_NC,Ledig2018,ThalamusProper,https://doi.org/10.1038/s41598-018-29295-9,10.1038/s41598-018-29295-9,gray matter or nucleus; see measurement,parent_region_extrapolation,lower,reported_Cohen_d_case_minus_NC,-0.617,p<0.00001; corrected significance ++ (++); mean residual -680.6±1214.1; HC0±1005.2 mm3; CI not reported,MALPEM/NMM regional volumes; HC-fitted age/sex/total-brain-size residuals,SupplementTable4,NMM/MALPEM→FIRST or AAL3 anatomical correspondence; bilateral pool mapped to each side unless source explicitly side-specific; merged/split boundaries not exact.,supported,Ledig2018:ThalamusProper:AD:case_vs_NC
A00769,1,49,R_Thalamus,FIRST,AD,case_vs_NC,Ledig2018,ThalamusProper,https://doi.org/10.1038/s41598-018-29295-9,10.1038/s41598-018-29295-9,gray matter or nucleus; see measurement,parent_region_extrapolation,lower,reported_Cohen_d_case_minus_NC,-0.617,p<0.00001; corrected significance ++ (++); mean residual -680.6±1214.1; HC0±1005.2 mm3; CI not reported,MALPEM/NMM regional volumes; HC-fitted age/sex/total-brain-size residuals,SupplementTable4,NMM/MALPEM→FIRST or AAL3 anatomical correspondence; bilateral pool mapped to each side unless source explicitly side-specific; merged/split boundaries not exact.,supported,Ledig2018:ThalamusProper:AD:case_vs_NC
A00770,0,10,L_Thalamus,FIRST,MCI,case_vs_NC,Ledig2018,ThalamusProper,https://doi.org/10.1038/s41598-018-29295-9,10.1038/s41598-018-29295-9,gray matter or nucleus; see measurement,parent_region_extrapolation,lower,derived_MCI_pooled_vs_HC_Cohen_d,-0.426556,"Approx Wald95%CI[-0.572083,-0.281029]; n343/404; public aggregate moments; uncorrected multiplicity; rounding uncertainty not quantified",MALPEM/NMM regional volumes; HC-fitted age/sex/total-brain-size residuals,SupplementTables4+5; Methods nuisance correction,NMM/MALPEM→FIRST or AAL3 anatomical correspondence; bilateral pool mapped to each side unless source explicitly side-specific; merged/split boundaries not exact. MCI343 summary reconstructed from pMCI177+sMCI166; not general population MCI.,derived_aggregate,Ledig2018:ThalamusProper:MCI:case_vs_NC
A00771,1,49,R_Thalamus,FIRST,MCI,case_vs_NC,Ledig2018,ThalamusProper,https://doi.org/10.1038/s41598-018-29295-9,10.1038/s41598-018-29295-9,gray matter or nucleus; see measurement,parent_region_extrapolation,lower,derived_MCI_pooled_vs_HC_Cohen_d,-0.426556,"Approx Wald95%CI[-0.572083,-0.281029]; n343/404; public aggregate moments; uncorrected multiplicity; rounding uncertainty not quantified",MALPEM/NMM regional volumes; HC-fitted age/sex/total-brain-size residuals,SupplementTables4+5; Methods nuisance correction,NMM/MALPEM→FIRST or AAL3 anatomical correspondence; bilateral pool mapped to each side unless source explicitly side-specific; merged/split boundaries not exact. MCI343 summary reconstructed from pMCI177+sMCI166; not general population MCI.,derived_aggregate,Ledig2018:ThalamusProper:MCI:case_vs_NC
A00772,13,26,L_Accumbens,FIRST,AD,case_vs_NC,Ledig2018,AccumbensArea,https://doi.org/10.1038/s41598-018-29295-9,10.1038/s41598-018-29295-9,gray matter or nucleus; see measurement,parent_region_extrapolation,lower,reported_Cohen_d_case_minus_NC,-0.457,p<0.00001; corrected significance ++ (++); mean residual -71.7±177.2; HC0±138.5 mm3; CI not reported,MALPEM/NMM regional volumes; HC-fitted age/sex/total-brain-size residuals,SupplementTable4,NMM/MALPEM→FIRST or AAL3 anatomical correspondence; bilateral pool mapped to each side unless source explicitly side-specific; merged/split boundaries not exact.,supported,Ledig2018:AccumbensArea:AD:case_vs_NC
A00773,14,58,R_Accumbens,FIRST,AD,case_vs_NC,Ledig2018,AccumbensArea,https://doi.org/10.1038/s41598-018-29295-9,10.1038/s41598-018-29295-9,gray matter or nucleus; see measurement,parent_region_extrapolation,lower,reported_Cohen_d_case_minus_NC,-0.457,p<0.00001; corrected significance ++ (++); mean residual -71.7±177.2; HC0±138.5 mm3; CI not reported,MALPEM/NMM regional volumes; HC-fitted age/sex/total-brain-size residuals,SupplementTable4,NMM/MALPEM→FIRST or AAL3 anatomical correspondence; bilateral pool mapped to each side unless source explicitly side-specific; merged/split boundaries not exact.,supported,Ledig2018:AccumbensArea:AD:case_vs_NC
A00774,152,157,N_Acc_L,AAL3,AD,case_vs_NC,Ledig2018,AccumbensArea,https://doi.org/10.1038/s41598-018-29295-9,10.1038/s41598-018-29295-9,gray matter or nucleus; see measurement,parent_region_extrapolation,lower,reported_Cohen_d_case_minus_NC,-0.457,p<0.00001; corrected significance ++ (++); mean residual -71.7±177.2; HC0±138.5 mm3; CI not reported,MALPEM/NMM regional volumes; HC-fitted age/sex/total-brain-size residuals,SupplementTable4,NMM/MALPEM→FIRST or AAL3 anatomical correspondence; bilateral pool mapped to each side unless source explicitly side-specific; merged/split boundaries not exact.,supported,Ledig2018:AccumbensArea:AD:case_vs_NC
A00775,153,158,N_Acc_R,AAL3,AD,case_vs_NC,Ledig2018,AccumbensArea,https://doi.org/10.1038/s41598-018-29295-9,10.1038/s41598-018-29295-9,gray matter or nucleus; see measurement,parent_region_extrapolation,lower,reported_Cohen_d_case_minus_NC,-0.457,p<0.00001; corrected significance ++ (++); mean residual -71.7±177.2; HC0±138.5 mm3; CI not reported,MALPEM/NMM regional volumes; HC-fitted age/sex/total-brain-size residuals,SupplementTable4,NMM/MALPEM→FIRST or AAL3 anatomical correspondence; bilateral pool mapped to each side unless source explicitly side-specific; merged/split boundaries not exact.,supported,Ledig2018:AccumbensArea:AD:case_vs_NC
A00776,13,26,L_Accumbens,FIRST,MCI,case_vs_NC,Ledig2018,AccumbensArea,https://doi.org/10.1038/s41598-018-29295-9,10.1038/s41598-018-29295-9,gray matter or nucleus; see measurement,parent_region_extrapolation,lower,derived_MCI_pooled_vs_HC_Cohen_d,-0.31778,"Approx Wald95%CI[-0.462588,-0.172972]; n343/404; public aggregate moments; uncorrected multiplicity; rounding uncertainty not quantified",MALPEM/NMM regional volumes; HC-fitted age/sex/total-brain-size residuals,SupplementTables4+5; Methods nuisance correction,NMM/MALPEM→FIRST or AAL3 anatomical correspondence; bilateral pool mapped to each side unless source explicitly side-specific; merged/split boundaries not exact. MCI343 summary reconstructed from pMCI177+sMCI166; not general population MCI.,derived_aggregate,Ledig2018:AccumbensArea:MCI:case_vs_NC
A00777,14,58,R_Accumbens,FIRST,MCI,case_vs_NC,Ledig2018,AccumbensArea,https://doi.org/10.1038/s41598-018-29295-9,10.1038/s41598-018-29295-9,gray matter or nucleus; see measurement,parent_region_extrapolation,lower,derived_MCI_pooled_vs_HC_Cohen_d,-0.31778,"Approx Wald95%CI[-0.462588,-0.172972]; n343/404; public aggregate moments; uncorrected multiplicity; rounding uncertainty not quantified",MALPEM/NMM regional volumes; HC-fitted age/sex/total-brain-size residuals,SupplementTables4+5; Methods nuisance correction,NMM/MALPEM→FIRST or AAL3 anatomical correspondence; bilateral pool mapped to each side unless source explicitly side-specific; merged/split boundaries not exact. MCI343 summary reconstructed from pMCI177+sMCI166; not general population MCI.,derived_aggregate,Ledig2018:AccumbensArea:MCI:case_vs_NC
A00778,152,157,N_Acc_L,AAL3,MCI,case_vs_NC,Ledig2018,AccumbensArea,https://doi.org/10.1038/s41598-018-29295-9,10.1038/s41598-018-29295-9,gray matter or nucleus; see measurement,parent_region_extrapolation,lower,derived_MCI_pooled_vs_HC_Cohen_d,-0.31778,"Approx Wald95%CI[-0.462588,-0.172972]; n343/404; public aggregate moments; uncorrected multiplicity; rounding uncertainty not quantified",MALPEM/NMM regional volumes; HC-fitted age/sex/total-brain-size residuals,SupplementTables4+5; Methods nuisance correction,NMM/MALPEM→FIRST or AAL3 anatomical correspondence; bilateral pool mapped to each side unless source explicitly side-specific; merged/split boundaries not exact. MCI343 summary reconstructed from pMCI177+sMCI166; not general population MCI.,derived_aggregate,Ledig2018:AccumbensArea:MCI:case_vs_NC
A00779,153,158,N_Acc_R,AAL3,MCI,case_vs_NC,Ledig2018,AccumbensArea,https://doi.org/10.1038/s41598-018-29295-9,10.1038/s41598-018-29295-9,gray matter or nucleus; see measurement,parent_region_extrapolation,lower,derived_MCI_pooled_vs_HC_Cohen_d,-0.31778,"Approx Wald95%CI[-0.462588,-0.172972]; n343/404; public aggregate moments; uncorrected multiplicity; rounding uncertainty not quantified",MALPEM/NMM regional volumes; HC-fitted age/sex/total-brain-size residuals,SupplementTables4+5; Methods nuisance correction,NMM/MALPEM→FIRST or AAL3 anatomical correspondence; bilateral pool mapped to each side unless source explicitly side-specific; merged/split boundaries not exact. MCI343 summary reconstructed from pMCI177+sMCI166; not general population MCI.,derived_aggregate,Ledig2018:AccumbensArea:MCI:case_vs_NC
A00780,2,11,L_Caudate,FIRST,AD,case_vs_NC,Ledig2018,Caudate,https://doi.org/10.1038/s41598-018-29295-9,10.1038/s41598-018-29295-9,gray matter or nucleus; see measurement,parent_region_extrapolation,higher,reported_Cohen_d_case_minus_NC,0.396,p<0.00001; corrected significance ++ (++); mean residual 799.5±2447.8; HC0±1597.5 mm3; CI not reported,MALPEM/NMM regional volumes; HC-fitted age/sex/total-brain-size residuals,SupplementTable4,NMM/MALPEM→FIRST or AAL3 anatomical correspondence; bilateral pool mapped to each side unless source explicitly side-specific; merged/split boundaries not exact.,supported,Ledig2018:Caudate:AD:case_vs_NC
A00781,3,50,R_Caudate,FIRST,AD,case_vs_NC,Ledig2018,Caudate,https://doi.org/10.1038/s41598-018-29295-9,10.1038/s41598-018-29295-9,gray matter or nucleus; see measurement,parent_region_extrapolation,higher,reported_Cohen_d_case_minus_NC,0.396,p<0.00001; corrected significance ++ (++); mean residual 799.5±2447.8; HC0±1597.5 mm3; CI not reported,MALPEM/NMM regional volumes; HC-fitted age/sex/total-brain-size residuals,SupplementTable4,NMM/MALPEM→FIRST or AAL3 anatomical correspondence; bilateral pool mapped to each side unless source explicitly side-specific; merged/split boundaries not exact.,supported,Ledig2018:Caudate:AD:case_vs_NC
A00782,72,75,Caudate_L,AAL3,AD,case_vs_NC,Ledig2018,Caudate,https://doi.org/10.1038/s41598-018-29295-9,10.1038/s41598-018-29295-9,gray matter or nucleus; see measurement,parent_region_extrapolation,higher,reported_Cohen_d_case_minus_NC,0.396,p<0.00001; corrected significance ++ (++); mean residual 799.5±2447.8; HC0±1597.5 mm3; CI not reported,MALPEM/NMM regional volumes; HC-fitted age/sex/total-brain-size residuals,SupplementTable4,NMM/MALPEM→FIRST or AAL3 anatomical correspondence; bilateral pool mapped to each side unless source explicitly side-specific; merged/split boundaries not exact.,supported,Ledig2018:Caudate:AD:case_vs_NC
A00783,73,76,Caudate_R,AAL3,AD,case_vs_NC,Ledig2018,Caudate,https://doi.org/10.1038/s41598-018-29295-9,10.1038/s41598-018-29295-9,gray matter or nucleus; see measurement,parent_region_extrapolation,higher,reported_Cohen_d_case_minus_NC,0.396,p<0.00001; corrected significance ++ (++); mean residual 799.5±2447.8; HC0±1597.5 mm3; CI not reported,MALPEM/NMM regional volumes; HC-fitted age/sex/total-brain-size residuals,SupplementTable4,NMM/MALPEM→FIRST or AAL3 anatomical correspondence; bilateral pool mapped to each side unless source explicitly side-specific; merged/split boundaries not exact.,supported,Ledig2018:Caudate:AD:case_vs_NC
A00784,2,11,L_Caudate,FIRST,MCI,case_vs_NC,Ledig2018,Caudate,https://doi.org/10.1038/s41598-018-29295-9,10.1038/s41598-018-29295-9,gray matter or nucleus; see measurement,parent_region_extrapolation,higher,derived_MCI_pooled_vs_HC_Cohen_d,0.184378,"Approx Wald95%CI[0.040168,0.328588]; n343/404; public aggregate moments; uncorrected multiplicity; rounding uncertainty not quantified",MALPEM/NMM regional volumes; HC-fitted age/sex/total-brain-size residuals,SupplementTables4+5; Methods nuisance correction,NMM/MALPEM→FIRST or AAL3 anatomical correspondence; bilateral pool mapped to each side unless source explicitly side-specific; merged/split boundaries not exact. MCI343 summary reconstructed from pMCI177+sMCI166; not general population MCI.,derived_aggregate,Ledig2018:Caudate:MCI:case_vs_NC
A00785,3,50,R_Caudate,FIRST,MCI,case_vs_NC,Ledig2018,Caudate,https://doi.org/10.1038/s41598-018-29295-9,10.1038/s41598-018-29295-9,gray matter or nucleus; see measurement,parent_region_extrapolation,higher,derived_MCI_pooled_vs_HC_Cohen_d,0.184378,"Approx Wald95%CI[0.040168,0.328588]; n343/404; public aggregate moments; uncorrected multiplicity; rounding uncertainty not quantified",MALPEM/NMM regional volumes; HC-fitted age/sex/total-brain-size residuals,SupplementTables4+5; Methods nuisance correction,NMM/MALPEM→FIRST or AAL3 anatomical correspondence; bilateral pool mapped to each side unless source explicitly side-specific; merged/split boundaries not exact. MCI343 summary reconstructed from pMCI177+sMCI166; not general population MCI.,derived_aggregate,Ledig2018:Caudate:MCI:case_vs_NC
A00786,72,75,Caudate_L,AAL3,MCI,case_vs_NC,Ledig2018,Caudate,https://doi.org/10.1038/s41598-018-29295-9,10.1038/s41598-018-29295-9,gray matter or nucleus; see measurement,parent_region_extrapolation,higher,derived_MCI_pooled_vs_HC_Cohen_d,0.184378,"Approx Wald95%CI[0.040168,0.328588]; n343/404; public aggregate moments; uncorrected multiplicity; rounding uncertainty not quantified",MALPEM/NMM regional volumes; HC-fitted age/sex/total-brain-size residuals,SupplementTables4+5; Methods nuisance correction,NMM/MALPEM→FIRST or AAL3 anatomical correspondence; bilateral pool mapped to each side unless source explicitly side-specific; merged/split boundaries not exact. MCI343 summary reconstructed from pMCI177+sMCI166; not general population MCI.,derived_aggregate,Ledig2018:Caudate:MCI:case_vs_NC
A00787,73,76,Caudate_R,AAL3,MCI,case_vs_NC,Ledig2018,Caudate,https://doi.org/10.1038/s41598-018-29295-9,10.1038/s41598-018-29295-9,gray matter or nucleus; see measurement,parent_region_extrapolation,higher,derived_MCI_pooled_vs_HC_Cohen_d,0.184378,"Approx Wald95%CI[0.040168,0.328588]; n343/404; public aggregate moments; uncorrected multiplicity; rounding uncertainty not quantified",MALPEM/NMM regional volumes; HC-fitted age/sex/total-brain-size residuals,SupplementTables4+5; Methods nuisance correction,NMM/MALPEM→FIRST or AAL3 anatomical correspondence; bilateral pool mapped to each side unless source explicitly side-specific; merged/split boundaries not exact. MCI343 summary reconstructed from pMCI177+sMCI166; not general population MCI.,derived_aggregate,Ledig2018:Caudate:MCI:case_vs_NC
A00788,4,12,L_Putamen,FIRST,AD,case_vs_NC,Ledig2018,Putamen,https://doi.org/10.1038/s41598-018-29295-9,10.1038/s41598-018-29295-9,gray matter or nucleus; see measurement,parent_region_extrapolation,lower,reported_Cohen_d_case_minus_NC,-0.29,p0.00012; corrected significance ++ (+); mean residual -367.5±1300.2; HC0±1243.1 mm3; CI not reported,MALPEM/NMM regional volumes; HC-fitted age/sex/total-brain-size residuals,SupplementTable4,NMM/MALPEM→FIRST or AAL3 anatomical correspondence; bilateral pool mapped to each side unless source explicitly side-specific; merged/split boundaries not exact.,supported,Ledig2018:Putamen:AD:case_vs_NC
A00789,5,51,R_Putamen,FIRST,AD,case_vs_NC,Ledig2018,Putamen,https://doi.org/10.1038/s41598-018-29295-9,10.1038/s41598-018-29295-9,gray matter or nucleus; see measurement,parent_region_extrapolation,lower,reported_Cohen_d_case_minus_NC,-0.29,p0.00012; corrected significance ++ (+); mean residual -367.5±1300.2; HC0±1243.1 mm3; CI not reported,MALPEM/NMM regional volumes; HC-fitted age/sex/total-brain-size residuals,SupplementTable4,NMM/MALPEM→FIRST or AAL3 anatomical correspondence; bilateral pool mapped to each side unless source explicitly side-specific; merged/split boundaries not exact.,supported,Ledig2018:Putamen:AD:case_vs_NC
A00790,74,77,Putamen_L,AAL3,AD,case_vs_NC,Ledig2018,Putamen,https://doi.org/10.1038/s41598-018-29295-9,10.1038/s41598-018-29295-9,gray matter or nucleus; see measurement,parent_region_extrapolation,lower,reported_Cohen_d_case_minus_NC,-0.29,p0.00012; corrected significance ++ (+); mean residual -367.5±1300.2; HC0±1243.1 mm3; CI not reported,MALPEM/NMM regional volumes; HC-fitted age/sex/total-brain-size residuals,SupplementTable4,NMM/MALPEM→FIRST or AAL3 anatomical correspondence; bilateral pool mapped to each side unless source explicitly side-specific; merged/split boundaries not exact.,supported,Ledig2018:Putamen:AD:case_vs_NC
A00791,75,78,Putamen_R,AAL3,AD,case_vs_NC,Ledig2018,Putamen,https://doi.org/10.1038/s41598-018-29295-9,10.1038/s41598-018-29295-9,gray matter or nucleus; see measurement,parent_region_extrapolation,lower,reported_Cohen_d_case_minus_NC,-0.29,p0.00012; corrected significance ++ (+); mean residual -367.5±1300.2; HC0±1243.1 mm3; CI not reported,MALPEM/NMM regional volumes; HC-fitted age/sex/total-brain-size residuals,SupplementTable4,NMM/MALPEM→FIRST or AAL3 anatomical correspondence; bilateral pool mapped to each side unless source explicitly side-specific; merged/split boundaries not exact.,supported,Ledig2018:Putamen:AD:case_vs_NC
A00792,4,12,L_Putamen,FIRST,MCI,case_vs_NC,Ledig2018,Putamen,https://doi.org/10.1038/s41598-018-29295-9,10.1038/s41598-018-29295-9,gray matter or nucleus; see measurement,parent_region_extrapolation,lower,derived_MCI_pooled_vs_HC_Cohen_d,-0.158568,"Approx Wald95%CI[-0.302699,-0.014437]; n343/404; public aggregate moments; uncorrected multiplicity; rounding uncertainty not quantified",MALPEM/NMM regional volumes; HC-fitted age/sex/total-brain-size residuals,SupplementTables4+5; Methods nuisance correction,NMM/MALPEM→FIRST or AAL3 anatomical correspondence; bilateral pool mapped to each side unless source explicitly side-specific; merged/split boundaries not exact. MCI343 summary reconstructed from pMCI177+sMCI166; not general population MCI.,derived_aggregate,Ledig2018:Putamen:MCI:case_vs_NC
A00793,5,51,R_Putamen,FIRST,MCI,case_vs_NC,Ledig2018,Putamen,https://doi.org/10.1038/s41598-018-29295-9,10.1038/s41598-018-29295-9,gray matter or nucleus; see measurement,parent_region_extrapolation,lower,derived_MCI_pooled_vs_HC_Cohen_d,-0.158568,"Approx Wald95%CI[-0.302699,-0.014437]; n343/404; public aggregate moments; uncorrected multiplicity; rounding uncertainty not quantified",MALPEM/NMM regional volumes; HC-fitted age/sex/total-brain-size residuals,SupplementTables4+5; Methods nuisance correction,NMM/MALPEM→FIRST or AAL3 anatomical correspondence; bilateral pool mapped to each side unless source explicitly side-specific; merged/split boundaries not exact. MCI343 summary reconstructed from pMCI177+sMCI166; not general population MCI.,derived_aggregate,Ledig2018:Putamen:MCI:case_vs_NC
A00794,74,77,Putamen_L,AAL3,MCI,case_vs_NC,Ledig2018,Putamen,https://doi.org/10.1038/s41598-018-29295-9,10.1038/s41598-018-29295-9,gray matter or nucleus; see measurement,parent_region_extrapolation,lower,derived_MCI_pooled_vs_HC_Cohen_d,-0.158568,"Approx Wald95%CI[-0.302699,-0.014437]; n343/404; public aggregate moments; uncorrected multiplicity; rounding uncertainty not quantified",MALPEM/NMM regional volumes; HC-fitted age/sex/total-brain-size residuals,SupplementTables4+5; Methods nuisance correction,NMM/MALPEM→FIRST or AAL3 anatomical correspondence; bilateral pool mapped to each side unless source explicitly side-specific; merged/split boundaries not exact. MCI343 summary reconstructed from pMCI177+sMCI166; not general population MCI.,derived_aggregate,Ledig2018:Putamen:MCI:case_vs_NC
A00795,75,78,Putamen_R,AAL3,MCI,case_vs_NC,Ledig2018,Putamen,https://doi.org/10.1038/s41598-018-29295-9,10.1038/s41598-018-29295-9,gray matter or nucleus; see measurement,parent_region_extrapolation,lower,derived_MCI_pooled_vs_HC_Cohen_d,-0.158568,"Approx Wald95%CI[-0.302699,-0.014437]; n343/404; public aggregate moments; uncorrected multiplicity; rounding uncertainty not quantified",MALPEM/NMM regional volumes; HC-fitted age/sex/total-brain-size residuals,SupplementTables4+5; Methods nuisance correction,NMM/MALPEM→FIRST or AAL3 anatomical correspondence; bilateral pool mapped to each side unless source explicitly side-specific; merged/split boundaries not exact. MCI343 summary reconstructed from pMCI177+sMCI166; not general population MCI.,derived_aggregate,Ledig2018:Putamen:MCI:case_vs_NC
A00796,6,13,L_Pallidum,FIRST,AD,case_vs_NC,Ledig2018,Pallidum,https://doi.org/10.1038/s41598-018-29295-9,10.1038/s41598-018-29295-9,gray matter or nucleus; see measurement,parent_region_extrapolation,higher,reported_Cohen_d_case_minus_NC,0.098,p0.19090; corrected significance o (o); mean residual 38.0±418.7; HC0±362.0 mm3; CI not reported,MALPEM/NMM regional volumes; HC-fitted age/sex/total-brain-size residuals,SupplementTable4,NMM/MALPEM→FIRST or AAL3 anatomical correspondence; bilateral pool mapped to each side unless source explicitly side-specific; merged/split boundaries not exact.,not_significant_after_correction,Ledig2018:Pallidum:AD:case_vs_NC
A00797,7,52,R_Pallidum,FIRST,AD,case_vs_NC,Ledig2018,Pallidum,https://doi.org/10.1038/s41598-018-29295-9,10.1038/s41598-018-29295-9,gray matter or nucleus; see measurement,parent_region_extrapolation,higher,reported_Cohen_d_case_minus_NC,0.098,p0.19090; corrected significance o (o); mean residual 38.0±418.7; HC0±362.0 mm3; CI not reported,MALPEM/NMM regional volumes; HC-fitted age/sex/total-brain-size residuals,SupplementTable4,NMM/MALPEM→FIRST or AAL3 anatomical correspondence; bilateral pool mapped to each side unless source explicitly side-specific; merged/split boundaries not exact.,not_significant_after_correction,Ledig2018:Pallidum:AD:case_vs_NC
A00798,76,79,Pallidum_L,AAL3,AD,case_vs_NC,Ledig2018,Pallidum,https://doi.org/10.1038/s41598-018-29295-9,10.1038/s41598-018-29295-9,gray matter or nucleus; see measurement,parent_region_extrapolation,higher,reported_Cohen_d_case_minus_NC,0.098,p0.19090; corrected significance o (o); mean residual 38.0±418.7; HC0±362.0 mm3; CI not reported,MALPEM/NMM regional volumes; HC-fitted age/sex/total-brain-size residuals,SupplementTable4,NMM/MALPEM→FIRST or AAL3 anatomical correspondence; bilateral pool mapped to each side unless source explicitly side-specific; merged/split boundaries not exact.,not_significant_after_correction,Ledig2018:Pallidum:AD:case_vs_NC
A00799,77,80,Pallidum_R,AAL3,AD,case_vs_NC,Ledig2018,Pallidum,https://doi.org/10.1038/s41598-018-29295-9,10.1038/s41598-018-29295-9,gray matter or nucleus; see measurement,parent_region_extrapolation,higher,reported_Cohen_d_case_minus_NC,0.098,p0.19090; corrected significance o (o); mean residual 38.0±418.7; HC0±362.0 mm3; CI not reported,MALPEM/NMM regional volumes; HC-fitted age/sex/total-brain-size residuals,SupplementTable4,NMM/MALPEM→FIRST or AAL3 anatomical correspondence; bilateral pool mapped to each side unless source explicitly side-specific; merged/split boundaries not exact.,not_significant_after_correction,Ledig2018:Pallidum:AD:case_vs_NC
A00800,6,13,L_Pallidum,FIRST,MCI,case_vs_NC,Ledig2018,Pallidum,https://doi.org/10.1038/s41598-018-29295-9,10.1038/s41598-018-29295-9,gray matter or nucleus; see measurement,parent_region_extrapolation,higher,derived_MCI_pooled_vs_HC_Cohen_d,0.016215,"Approx Wald95%CI[-0.127693,0.160123]; n343/404; public aggregate moments; uncorrected multiplicity; rounding uncertainty not quantified",MALPEM/NMM regional volumes; HC-fitted age/sex/total-brain-size residuals,SupplementTables4+5; Methods nuisance correction,NMM/MALPEM→FIRST or AAL3 anatomical correspondence; bilateral pool mapped to each side unless source explicitly side-specific; merged/split boundaries not exact. MCI343 summary reconstructed from pMCI177+sMCI166; not general population MCI.,derived_aggregate,Ledig2018:Pallidum:MCI:case_vs_NC
A00801,7,52,R_Pallidum,FIRST,MCI,case_vs_NC,Ledig2018,Pallidum,https://doi.org/10.1038/s41598-018-29295-9,10.1038/s41598-018-29295-9,gray matter or nucleus; see measurement,parent_region_extrapolation,higher,derived_MCI_pooled_vs_HC_Cohen_d,0.016215,"Approx Wald95%CI[-0.127693,0.160123]; n343/404; public aggregate moments; uncorrected multiplicity; rounding uncertainty not quantified",MALPEM/NMM regional volumes; HC-fitted age/sex/total-brain-size residuals,SupplementTables4+5; Methods nuisance correction,NMM/MALPEM→FIRST or AAL3 anatomical correspondence; bilateral pool mapped to each side unless source explicitly side-specific; merged/split boundaries not exact. MCI343 summary reconstructed from pMCI177+sMCI166; not general population MCI.,derived_aggregate,Ledig2018:Pallidum:MCI:case_vs_NC
A00802,76,79,Pallidum_L,AAL3,MCI,case_vs_NC,Ledig2018,Pallidum,https://doi.org/10.1038/s41598-018-29295-9,10.1038/s41598-018-29295-9,gray matter or nucleus; see measurement,parent_region_extrapolation,higher,derived_MCI_pooled_vs_HC_Cohen_d,0.016215,"Approx Wald95%CI[-0.127693,0.160123]; n343/404; public aggregate moments; uncorrected multiplicity; rounding uncertainty not quantified",MALPEM/NMM regional volumes; HC-fitted age/sex/total-brain-size residuals,SupplementTables4+5; Methods nuisance correction,NMM/MALPEM→FIRST or AAL3 anatomical correspondence; bilateral pool mapped to each side unless source explicitly side-specific; merged/split boundaries not exact. MCI343 summary reconstructed from pMCI177+sMCI166; not general population MCI.,derived_aggregate,Ledig2018:Pallidum:MCI:case_vs_NC
A00803,77,80,Pallidum_R,AAL3,MCI,case_vs_NC,Ledig2018,Pallidum,https://doi.org/10.1038/s41598-018-29295-9,10.1038/s41598-018-29295-9,gray matter or nucleus; see measurement,parent_region_extrapolation,higher,derived_MCI_pooled_vs_HC_Cohen_d,0.016215,"Approx Wald95%CI[-0.127693,0.160123]; n343/404; public aggregate moments; uncorrected multiplicity; rounding uncertainty not quantified",MALPEM/NMM regional volumes; HC-fitted age/sex/total-brain-size residuals,SupplementTables4+5; Methods nuisance correction,NMM/MALPEM→FIRST or AAL3 anatomical correspondence; bilateral pool mapped to each side unless source explicitly side-specific; merged/split boundaries not exact. MCI343 summary reconstructed from pMCI177+sMCI166; not general population MCI.,derived_aggregate,Ledig2018:Pallidum:MCI:case_vs_NC
A00804,8,16,BrainStem,FIRST,AD,case_vs_NC,Ledig2018,BrainStem,https://doi.org/10.1038/s41598-018-29295-9,10.1038/s41598-018-29295-9,gray matter or nucleus; see measurement,direct,higher,reported_Cohen_d_case_minus_NC,0.012,p0.87624; corrected significance o (o); mean residual 17.8±1574.8; HC0±1484.5 mm3; CI not reported,MALPEM/NMM regional volumes; HC-fitted age/sex/total-brain-size residuals,SupplementTable4,NMM/MALPEM→FIRST or AAL3 anatomical correspondence; bilateral pool mapped to each side unless source explicitly side-specific; merged/split boundaries not exact.,not_significant_after_correction,Ledig2018:BrainStem:AD:case_vs_NC
A00805,8,16,BrainStem,FIRST,MCI,case_vs_NC,Ledig2018,BrainStem,https://doi.org/10.1038/s41598-018-29295-9,10.1038/s41598-018-29295-9,gray matter or nucleus; see measurement,direct,lower,derived_MCI_pooled_vs_HC_Cohen_d,-0.051929,"Approx Wald95%CI[-0.195859,0.092001]; n343/404; public aggregate moments; uncorrected multiplicity; rounding uncertainty not quantified",MALPEM/NMM regional volumes; HC-fitted age/sex/total-brain-size residuals,SupplementTables4+5; Methods nuisance correction,NMM/MALPEM→FIRST or AAL3 anatomical correspondence; bilateral pool mapped to each side unless source explicitly side-specific; merged/split boundaries not exact. MCI343 summary reconstructed from pMCI177+sMCI166; not general population MCI.,derived_aggregate,Ledig2018:BrainStem:MCI:case_vs_NC
A00806,9,17,L_Hippocampus,FIRST,AD,case_vs_NC,Ledig2018,LeftHippocampus,https://doi.org/10.1038/s41598-018-29295-9,10.1038/s41598-018-29295-9,gray matter or nucleus; see measurement,direct,lower,reported_Cohen_d_case_minus_NC,-1.502,p<0.00001; corrected significance ++ (++); mean residual -588.1±423.1; HC0±364.6 mm3; CI not reported,MALPEM/NMM regional volumes; HC-fitted age/sex/total-brain-size residuals,SupplementTable4,NMM/MALPEM→FIRST or AAL3 anatomical correspondence; bilateral pool mapped to each side unless source explicitly side-specific; merged/split boundaries not exact.,supported,Ledig2018:LeftHippocampus:AD:case_vs_NC
A00807,38,41,Hippocampus_L,AAL3,AD,case_vs_NC,Ledig2018,LeftHippocampus,https://doi.org/10.1038/s41598-018-29295-9,10.1038/s41598-018-29295-9,gray matter or nucleus; see measurement,direct,lower,reported_Cohen_d_case_minus_NC,-1.502,p<0.00001; corrected significance ++ (++); mean residual -588.1±423.1; HC0±364.6 mm3; CI not reported,MALPEM/NMM regional volumes; HC-fitted age/sex/total-brain-size residuals,SupplementTable4,NMM/MALPEM→FIRST or AAL3 anatomical correspondence; bilateral pool mapped to each side unless source explicitly side-specific; merged/split boundaries not exact.,supported,Ledig2018:LeftHippocampus:AD:case_vs_NC
A00808,9,17,L_Hippocampus,FIRST,MCI,case_vs_NC,Ledig2018,LeftHippocampus,https://doi.org/10.1038/s41598-018-29295-9,10.1038/s41598-018-29295-9,gray matter or nucleus; see measurement,direct,lower,derived_MCI_pooled_vs_HC_Cohen_d,-1.062226,"Approx Wald95%CI[-1.215908,-0.908545]; n343/404; public aggregate moments; uncorrected multiplicity; rounding uncertainty not quantified",MALPEM/NMM regional volumes; HC-fitted age/sex/total-brain-size residuals,SupplementTables4+5; Methods nuisance correction,NMM/MALPEM→FIRST or AAL3 anatomical correspondence; bilateral pool mapped to each side unless source explicitly side-specific; merged/split boundaries not exact. MCI343 summary reconstructed from pMCI177+sMCI166; not general population MCI.,derived_aggregate,Ledig2018:LeftHippocampus:MCI:case_vs_NC
A00809,38,41,Hippocampus_L,AAL3,MCI,case_vs_NC,Ledig2018,LeftHippocampus,https://doi.org/10.1038/s41598-018-29295-9,10.1038/s41598-018-29295-9,gray matter or nucleus; see measurement,direct,lower,derived_MCI_pooled_vs_HC_Cohen_d,-1.062226,"Approx Wald95%CI[-1.215908,-0.908545]; n343/404; public aggregate moments; uncorrected multiplicity; rounding uncertainty not quantified",MALPEM/NMM regional volumes; HC-fitted age/sex/total-brain-size residuals,SupplementTables4+5; Methods nuisance correction,NMM/MALPEM→FIRST or AAL3 anatomical correspondence; bilateral pool mapped to each side unless source explicitly side-specific; merged/split boundaries not exact. MCI343 summary reconstructed from pMCI177+sMCI166; not general population MCI.,derived_aggregate,Ledig2018:LeftHippocampus:MCI:case_vs_NC
A00810,10,53,R_Hippocampus,FIRST,AD,case_vs_NC,Ledig2018,RightHippocampus,https://doi.org/10.1038/s41598-018-29295-9,10.1038/s41598-018-29295-9,gray matter or nucleus; see measurement,direct,lower,reported_Cohen_d_case_minus_NC,-1.28,p<0.00001; corrected significance ++ (++); mean residual -527.3±488.0; HC0±339.1 mm3; CI not reported,MALPEM/NMM regional volumes; HC-fitted age/sex/total-brain-size residuals,SupplementTable4,NMM/MALPEM→FIRST or AAL3 anatomical correspondence; bilateral pool mapped to each side unless source explicitly side-specific; merged/split boundaries not exact.,supported,Ledig2018:RightHippocampus:AD:case_vs_NC
A00811,39,42,Hippocampus_R,AAL3,AD,case_vs_NC,Ledig2018,RightHippocampus,https://doi.org/10.1038/s41598-018-29295-9,10.1038/s41598-018-29295-9,gray matter or nucleus; see measurement,direct,lower,reported_Cohen_d_case_minus_NC,-1.28,p<0.00001; corrected significance ++ (++); mean residual -527.3±488.0; HC0±339.1 mm3; CI not reported,MALPEM/NMM regional volumes; HC-fitted age/sex/total-brain-size residuals,SupplementTable4,NMM/MALPEM→FIRST or AAL3 anatomical correspondence; bilateral pool mapped to each side unless source explicitly side-specific; merged/split boundaries not exact.,supported,Ledig2018:RightHippocampus:AD:case_vs_NC
A00812,10,53,R_Hippocampus,FIRST,MCI,case_vs_NC,Ledig2018,RightHippocampus,https://doi.org/10.1038/s41598-018-29295-9,10.1038/s41598-018-29295-9,gray matter or nucleus; see measurement,direct,lower,derived_MCI_pooled_vs_HC_Cohen_d,-1.040481,"Approx Wald95%CI[-1.193779,-0.887184]; n343/404; public aggregate moments; uncorrected multiplicity; rounding uncertainty not quantified",MALPEM/NMM regional volumes; HC-fitted age/sex/total-brain-size residuals,SupplementTables4+5; Methods nuisance correction,NMM/MALPEM→FIRST or AAL3 anatomical correspondence; bilateral pool mapped to each side unless source explicitly side-specific; merged/split boundaries not exact. MCI343 summary reconstructed from pMCI177+sMCI166; not general population MCI.,derived_aggregate,Ledig2018:RightHippocampus:MCI:case_vs_NC
A00813,39,42,Hippocampus_R,AAL3,MCI,case_vs_NC,Ledig2018,RightHippocampus,https://doi.org/10.1038/s41598-018-29295-9,10.1038/s41598-018-29295-9,gray matter or nucleus; see measurement,direct,lower,derived_MCI_pooled_vs_HC_Cohen_d,-1.040481,"Approx Wald95%CI[-1.193779,-0.887184]; n343/404; public aggregate moments; uncorrected multiplicity; rounding uncertainty not quantified",MALPEM/NMM regional volumes; HC-fitted age/sex/total-brain-size residuals,SupplementTables4+5; Methods nuisance correction,NMM/MALPEM→FIRST or AAL3 anatomical correspondence; bilateral pool mapped to each side unless source explicitly side-specific; merged/split boundaries not exact. MCI343 summary reconstructed from pMCI177+sMCI166; not general population MCI.,derived_aggregate,Ledig2018:RightHippocampus:MCI:case_vs_NC
A00814,11,18,L_Amygdala,FIRST,AD,case_vs_NC,Ledig2018,LeftAmygdala,https://doi.org/10.1038/s41598-018-29295-9,10.1038/s41598-018-29295-9,gray matter or nucleus; see measurement,direct,lower,reported_Cohen_d_case_minus_NC,-1.403,p<0.00001; corrected significance ++ (++); mean residual -219.8±179.7; HC0±135.5 mm3; CI not reported,MALPEM/NMM regional volumes; HC-fitted age/sex/total-brain-size residuals,SupplementTable4,NMM/MALPEM→FIRST or AAL3 anatomical correspondence; bilateral pool mapped to each side unless source explicitly side-specific; merged/split boundaries not exact.,supported,Ledig2018:LeftAmygdala:AD:case_vs_NC
A00815,42,45,Amygdala_L,AAL3,AD,case_vs_NC,Ledig2018,LeftAmygdala,https://doi.org/10.1038/s41598-018-29295-9,10.1038/s41598-018-29295-9,gray matter or nucleus; see measurement,direct,lower,reported_Cohen_d_case_minus_NC,-1.403,p<0.00001; corrected significance ++ (++); mean residual -219.8±179.7; HC0±135.5 mm3; CI not reported,MALPEM/NMM regional volumes; HC-fitted age/sex/total-brain-size residuals,SupplementTable4,NMM/MALPEM→FIRST or AAL3 anatomical correspondence; bilateral pool mapped to each side unless source explicitly side-specific; merged/split boundaries not exact.,supported,Ledig2018:LeftAmygdala:AD:case_vs_NC
A00816,11,18,L_Amygdala,FIRST,MCI,case_vs_NC,Ledig2018,LeftAmygdala,https://doi.org/10.1038/s41598-018-29295-9,10.1038/s41598-018-29295-9,gray matter or nucleus; see measurement,direct,lower,derived_MCI_pooled_vs_HC_Cohen_d,-0.828799,"Approx Wald95%CI[-0.978732,-0.678866]; n343/404; public aggregate moments; uncorrected multiplicity; rounding uncertainty not quantified",MALPEM/NMM regional volumes; HC-fitted age/sex/total-brain-size residuals,SupplementTables4+5; Methods nuisance correction,NMM/MALPEM→FIRST or AAL3 anatomical correspondence; bilateral pool mapped to each side unless source explicitly side-specific; merged/split boundaries not exact. MCI343 summary reconstructed from pMCI177+sMCI166; not general population MCI.,derived_aggregate,Ledig2018:LeftAmygdala:MCI:case_vs_NC
A00817,42,45,Amygdala_L,AAL3,MCI,case_vs_NC,Ledig2018,LeftAmygdala,https://doi.org/10.1038/s41598-018-29295-9,10.1038/s41598-018-29295-9,gray matter or nucleus; see measurement,direct,lower,derived_MCI_pooled_vs_HC_Cohen_d,-0.828799,"Approx Wald95%CI[-0.978732,-0.678866]; n343/404; public aggregate moments; uncorrected multiplicity; rounding uncertainty not quantified",MALPEM/NMM regional volumes; HC-fitted age/sex/total-brain-size residuals,SupplementTables4+5; Methods nuisance correction,NMM/MALPEM→FIRST or AAL3 anatomical correspondence; bilateral pool mapped to each side unless source explicitly side-specific; merged/split boundaries not exact. MCI343 summary reconstructed from pMCI177+sMCI166; not general population MCI.,derived_aggregate,Ledig2018:LeftAmygdala:MCI:case_vs_NC
A00818,12,54,R_Amygdala,FIRST,AD,case_vs_NC,Ledig2018,RightAmygdala,https://doi.org/10.1038/s41598-018-29295-9,10.1038/s41598-018-29295-9,gray matter or nucleus; see measurement,direct,lower,reported_Cohen_d_case_minus_NC,-1.452,p<0.00001; corrected significance ++ (++); mean residual -232.2±182.6; HC0±139.4 mm3; CI not reported,MALPEM/NMM regional volumes; HC-fitted age/sex/total-brain-size residuals,SupplementTable4,NMM/MALPEM→FIRST or AAL3 anatomical correspondence; bilateral pool mapped to each side unless source explicitly side-specific; merged/split boundaries not exact.,supported,Ledig2018:RightAmygdala:AD:case_vs_NC
A00819,43,46,Amygdala_R,AAL3,AD,case_vs_NC,Ledig2018,RightAmygdala,https://doi.org/10.1038/s41598-018-29295-9,10.1038/s41598-018-29295-9,gray matter or nucleus; see measurement,direct,lower,reported_Cohen_d_case_minus_NC,-1.452,p<0.00001; corrected significance ++ (++); mean residual -232.2±182.6; HC0±139.4 mm3; CI not reported,MALPEM/NMM regional volumes; HC-fitted age/sex/total-brain-size residuals,SupplementTable4,NMM/MALPEM→FIRST or AAL3 anatomical correspondence; bilateral pool mapped to each side unless source explicitly side-specific; merged/split boundaries not exact.,supported,Ledig2018:RightAmygdala:AD:case_vs_NC
A00820,12,54,R_Amygdala,FIRST,MCI,case_vs_NC,Ledig2018,RightAmygdala,https://doi.org/10.1038/s41598-018-29295-9,10.1038/s41598-018-29295-9,gray matter or nucleus; see measurement,direct,lower,derived_MCI_pooled_vs_HC_Cohen_d,-0.84817,"Approx Wald95%CI[-0.998382,-0.697958]; n343/404; public aggregate moments; uncorrected multiplicity; rounding uncertainty not quantified",MALPEM/NMM regional volumes; HC-fitted age/sex/total-brain-size residuals,SupplementTables4+5; Methods nuisance correction,NMM/MALPEM→FIRST or AAL3 anatomical correspondence; bilateral pool mapped to each side unless source explicitly side-specific; merged/split boundaries not exact. MCI343 summary reconstructed from pMCI177+sMCI166; not general population MCI.,derived_aggregate,Ledig2018:RightAmygdala:MCI:case_vs_NC
A00821,43,46,Amygdala_R,AAL3,MCI,case_vs_NC,Ledig2018,RightAmygdala,https://doi.org/10.1038/s41598-018-29295-9,10.1038/s41598-018-29295-9,gray matter or nucleus; see measurement,direct,lower,derived_MCI_pooled_vs_HC_Cohen_d,-0.84817,"Approx Wald95%CI[-0.998382,-0.697958]; n343/404; public aggregate moments; uncorrected multiplicity; rounding uncertainty not quantified",MALPEM/NMM regional volumes; HC-fitted age/sex/total-brain-size residuals,SupplementTables4+5; Methods nuisance correction,NMM/MALPEM→FIRST or AAL3 anatomical correspondence; bilateral pool mapped to each side unless source explicitly side-specific; merged/split boundaries not exact. MCI343 summary reconstructed from pMCI177+sMCI166; not general population MCI.,derived_aggregate,Ledig2018:RightAmygdala:MCI:case_vs_NC
A00822,8,16,BrainStem,FIRST,MCI,case_vs_NC,Dutt2020,whole brainstem clinical groups,https://doi.org/10.3233/JAD-200187,10.3233/JAD-200187,whole brainstem mixed tissue,indirect,lower,derived_Cohen_d_raw_means,-0.172988,"case=13.13±1.18,NC13.33±1.14; n542/814; pairwise p=.003; not biomarker subset",SPM tissue segmentation; TIV-normalized brainstem ROI,Table1 and SupplementTable1,SPM tissue ROI normalized to TIV; whole FIRST tissue boundary differs.,supported_different_measurement,Dutt2020:whole brainstem clinical groups:MCI:case_vs_NC
A00823,162,167,LC_L,AAL3,MCI,case_vs_NC,Dutt2020,LC ROI,https://doi.org/10.3233/JAD-200187,10.3233/JAD-200187,gray matter or nucleus; see measurement,indirect,lower,,,"clinical LC mean1.20(MCI)/1.19(AD) versus1.22NC, SD .12/.12/.11; omnibus p=.011; biomarker subset p=.469",SPM tissue segmentation; TIV-normalized brainstem ROI,Table1,Small LC conventional WM-based ROI; bilateral mean; not exact AAL3 modulated GM.,mixed_by_diagnostic_definition,Dutt2020:LC ROI:MCI:case_vs_NC
A00824,163,168,LC_R,AAL3,MCI,case_vs_NC,Dutt2020,LC ROI,https://doi.org/10.3233/JAD-200187,10.3233/JAD-200187,gray matter or nucleus; see measurement,indirect,lower,,,"clinical LC mean1.20(MCI)/1.19(AD) versus1.22NC, SD .12/.12/.11; omnibus p=.011; biomarker subset p=.469",SPM tissue segmentation; TIV-normalized brainstem ROI,Table1,Small LC conventional WM-based ROI; bilateral mean; not exact AAL3 modulated GM.,mixed_by_diagnostic_definition,Dutt2020:LC ROI:MCI:case_vs_NC
A00825,8,16,BrainStem,FIRST,AD,case_vs_NC,Dutt2020,whole brainstem clinical groups,https://doi.org/10.3233/JAD-200187,10.3233/JAD-200187,whole brainstem mixed tissue,indirect,lower,derived_Cohen_d_raw_means,-0.240163,"case=13.05±1.24,NC13.33±1.14; n273/814; pairwise p=.001; not biomarker subset",SPM tissue segmentation; TIV-normalized brainstem ROI,Table1 and SupplementTable1,SPM tissue ROI normalized to TIV; whole FIRST tissue boundary differs.,supported_different_measurement,Dutt2020:whole brainstem clinical groups:AD:case_vs_NC
A00826,162,167,LC_L,AAL3,AD,case_vs_NC,Dutt2020,LC ROI,https://doi.org/10.3233/JAD-200187,10.3233/JAD-200187,gray matter or nucleus; see measurement,indirect,lower,,,"clinical LC mean1.20(MCI)/1.19(AD) versus1.22NC, SD .12/.12/.11; omnibus p=.011; biomarker subset p=.469",SPM tissue segmentation; TIV-normalized brainstem ROI,Table1,Small LC conventional WM-based ROI; bilateral mean; not exact AAL3 modulated GM.,mixed_by_diagnostic_definition,Dutt2020:LC ROI:AD:case_vs_NC
A00827,163,168,LC_R,AAL3,AD,case_vs_NC,Dutt2020,LC ROI,https://doi.org/10.3233/JAD-200187,10.3233/JAD-200187,gray matter or nucleus; see measurement,indirect,lower,,,"clinical LC mean1.20(MCI)/1.19(AD) versus1.22NC, SD .12/.12/.11; omnibus p=.011; biomarker subset p=.469",SPM tissue segmentation; TIV-normalized brainstem ROI,Table1,Small LC conventional WM-based ROI; bilateral mean; not exact AAL3 modulated GM.,mixed_by_diagnostic_definition,Dutt2020:LC ROI:AD:case_vs_NC
A00828,116,121,Thal_AV_L,AAL3,AD,DEM_vs_HC_proxy,Maki2026,anterior thalamic group,https://doi.org/10.1038/s41398-026-04076-5,10.1038/s41398-026-04076-5,gray matter or nucleus; see measurement,indirect,lower,,,Group-level reduction before and after total-thalamus adjustment,FreeSurfer25 nuclear volumes; analyses with and without total-thalamus covariate,Results/Fig2a vs2b; Table1 group definitions,DEM comparison is not AD-specific. Group effect does not prove child nucleus effect; FreeSurfer→AAL3 mapping.,indirect_diagnosis,Maki2026:anterior thalamic group:AD:DEM_vs_HC_proxy
A00829,117,122,Thal_AV_R,AAL3,AD,DEM_vs_HC_proxy,Maki2026,anterior thalamic group,https://doi.org/10.1038/s41398-026-04076-5,10.1038/s41398-026-04076-5,gray matter or nucleus; see measurement,indirect,lower,,,Group-level reduction before and after total-thalamus adjustment,FreeSurfer25 nuclear volumes; analyses with and without total-thalamus covariate,Results/Fig2a vs2b; Table1 group definitions,DEM comparison is not AD-specific. Group effect does not prove child nucleus effect; FreeSurfer→AAL3 mapping.,indirect_diagnosis,Maki2026:anterior thalamic group:AD:DEM_vs_HC_proxy
A00830,116,121,Thal_AV_L,AAL3,MCI,case_vs_NC,Maki2026,anterior thalamic group,https://doi.org/10.1038/s41398-026-04076-5,10.1038/s41398-026-04076-5,gray matter or nucleus; see measurement,parent_region_extrapolation,lower,,,Group-level reduction before and after total-thalamus adjustment,FreeSurfer25 nuclear volumes; analyses with and without total-thalamus covariate,Results/Fig2a vs2b; Table1 group definitions,Group effect does not prove child nucleus effect; FreeSurfer→AAL3 mapping.,regional_inference,Maki2026:anterior thalamic group:MCI:case_vs_NC
A00831,117,122,Thal_AV_R,AAL3,MCI,case_vs_NC,Maki2026,anterior thalamic group,https://doi.org/10.1038/s41398-026-04076-5,10.1038/s41398-026-04076-5,gray matter or nucleus; see measurement,parent_region_extrapolation,lower,,,Group-level reduction before and after total-thalamus adjustment,FreeSurfer25 nuclear volumes; analyses with and without total-thalamus covariate,Results/Fig2a vs2b; Table1 group definitions,Group effect does not prove child nucleus effect; FreeSurfer→AAL3 mapping.,regional_inference,Maki2026:anterior thalamic group:MCI:case_vs_NC
A00832,118,123,Thal_LP_L,AAL3,AD,DEM_vs_HC_proxy,Maki2026,lateral thalamic group,https://doi.org/10.1038/s41398-026-04076-5,10.1038/s41398-026-04076-5,gray matter or nucleus; see measurement,indirect,lower,,,Group-level reduction before and after total-thalamus adjustment,FreeSurfer25 nuclear volumes; analyses with and without total-thalamus covariate,Results/Fig2a vs2b; Table1 group definitions,DEM comparison is not AD-specific. Group effect does not prove child nucleus effect; FreeSurfer→AAL3 mapping.,indirect_diagnosis,Maki2026:lateral thalamic group:AD:DEM_vs_HC_proxy
A00833,119,124,Thal_LP_R,AAL3,AD,DEM_vs_HC_proxy,Maki2026,lateral thalamic group,https://doi.org/10.1038/s41398-026-04076-5,10.1038/s41398-026-04076-5,gray matter or nucleus; see measurement,indirect,lower,,,Group-level reduction before and after total-thalamus adjustment,FreeSurfer25 nuclear volumes; analyses with and without total-thalamus covariate,Results/Fig2a vs2b; Table1 group definitions,DEM comparison is not AD-specific. Group effect does not prove child nucleus effect; FreeSurfer→AAL3 mapping.,indirect_diagnosis,Maki2026:lateral thalamic group:AD:DEM_vs_HC_proxy
A00834,118,123,Thal_LP_L,AAL3,MCI,case_vs_NC,Maki2026,lateral thalamic group,https://doi.org/10.1038/s41398-026-04076-5,10.1038/s41398-026-04076-5,gray matter or nucleus; see measurement,parent_region_extrapolation,lower,,,Group-level reduction before and after total-thalamus adjustment,FreeSurfer25 nuclear volumes; analyses with and without total-thalamus covariate,Results/Fig2a vs2b; Table1 group definitions,Group effect does not prove child nucleus effect; FreeSurfer→AAL3 mapping.,regional_inference,Maki2026:lateral thalamic group:MCI:case_vs_NC
A00835,119,124,Thal_LP_R,AAL3,MCI,case_vs_NC,Maki2026,lateral thalamic group,https://doi.org/10.1038/s41398-026-04076-5,10.1038/s41398-026-04076-5,gray matter or nucleus; see measurement,parent_region_extrapolation,lower,,,Group-level reduction before and after total-thalamus adjustment,FreeSurfer25 nuclear volumes; analyses with and without total-thalamus covariate,Results/Fig2a vs2b; Table1 group definitions,Group effect does not prove child nucleus effect; FreeSurfer→AAL3 mapping.,regional_inference,Maki2026:lateral thalamic group:MCI:case_vs_NC
A00836,128,133,Thal_Re_L,AAL3,AD,DEM_vs_HC_proxy,Maki2026,medial thalamic group,https://doi.org/10.1038/s41398-026-04076-5,10.1038/s41398-026-04076-5,gray matter or nucleus; see measurement,indirect,lower,,,Group-level reduction before and after total-thalamus adjustment,FreeSurfer25 nuclear volumes; analyses with and without total-thalamus covariate,Results/Fig2a vs2b; Table1 group definitions,DEM comparison is not AD-specific. Group effect does not prove child nucleus effect; FreeSurfer→AAL3 mapping.,indirect_diagnosis,Maki2026:medial thalamic group:AD:DEM_vs_HC_proxy
A00837,129,134,Thal_Re_R,AAL3,AD,DEM_vs_HC_proxy,Maki2026,medial thalamic group,https://doi.org/10.1038/s41398-026-04076-5,10.1038/s41398-026-04076-5,gray matter or nucleus; see measurement,indirect,lower,,,Group-level reduction before and after total-thalamus adjustment,FreeSurfer25 nuclear volumes; analyses with and without total-thalamus covariate,Results/Fig2a vs2b; Table1 group definitions,DEM comparison is not AD-specific. Group effect does not prove child nucleus effect; FreeSurfer→AAL3 mapping.,indirect_diagnosis,Maki2026:medial thalamic group:AD:DEM_vs_HC_proxy
A00838,130,135,Thal_MDm_L,AAL3,AD,DEM_vs_HC_proxy,Maki2026,medial thalamic group,https://doi.org/10.1038/s41398-026-04076-5,10.1038/s41398-026-04076-5,gray matter or nucleus; see measurement,indirect,lower,,,Group-level reduction before and after total-thalamus adjustment,FreeSurfer25 nuclear volumes; analyses with and without total-thalamus covariate,Results/Fig2a vs2b; Table1 group definitions,DEM comparison is not AD-specific. Group effect does not prove child nucleus effect; FreeSurfer→AAL3 mapping.,indirect_diagnosis,Maki2026:medial thalamic group:AD:DEM_vs_HC_proxy
A00839,131,136,Thal_MDm_R,AAL3,AD,DEM_vs_HC_proxy,Maki2026,medial thalamic group,https://doi.org/10.1038/s41398-026-04076-5,10.1038/s41398-026-04076-5,gray matter or nucleus; see measurement,indirect,lower,,,Group-level reduction before and after total-thalamus adjustment,FreeSurfer25 nuclear volumes; analyses with and without total-thalamus covariate,Results/Fig2a vs2b; Table1 group definitions,DEM comparison is not AD-specific. Group effect does not prove child nucleus effect; FreeSurfer→AAL3 mapping.,indirect_diagnosis,Maki2026:medial thalamic group:AD:DEM_vs_HC_proxy
A00840,132,137,Thal_MDl_L,AAL3,AD,DEM_vs_HC_proxy,Maki2026,medial thalamic group,https://doi.org/10.1038/s41398-026-04076-5,10.1038/s41398-026-04076-5,gray matter or nucleus; see measurement,indirect,lower,,,Group-level reduction before and after total-thalamus adjustment,FreeSurfer25 nuclear volumes; analyses with and without total-thalamus covariate,Results/Fig2a vs2b; Table1 group definitions,DEM comparison is not AD-specific. Group effect does not prove child nucleus effect; FreeSurfer→AAL3 mapping.,indirect_diagnosis,Maki2026:medial thalamic group:AD:DEM_vs_HC_proxy
A00841,133,138,Thal_MDl_R,AAL3,AD,DEM_vs_HC_proxy,Maki2026,medial thalamic group,https://doi.org/10.1038/s41398-026-04076-5,10.1038/s41398-026-04076-5,gray matter or nucleus; see measurement,indirect,lower,,,Group-level reduction before and after total-thalamus adjustment,FreeSurfer25 nuclear volumes; analyses with and without total-thalamus covariate,Results/Fig2a vs2b; Table1 group definitions,DEM comparison is not AD-specific. Group effect does not prove child nucleus effect; FreeSurfer→AAL3 mapping.,indirect_diagnosis,Maki2026:medial thalamic group:AD:DEM_vs_HC_proxy
A00842,128,133,Thal_Re_L,AAL3,MCI,case_vs_NC,Maki2026,medial thalamic group,https://doi.org/10.1038/s41398-026-04076-5,10.1038/s41398-026-04076-5,gray matter or nucleus; see measurement,parent_region_extrapolation,lower,,,Group-level reduction before and after total-thalamus adjustment,FreeSurfer25 nuclear volumes; analyses with and without total-thalamus covariate,Results/Fig2a vs2b; Table1 group definitions,Group effect does not prove child nucleus effect; FreeSurfer→AAL3 mapping.,regional_inference,Maki2026:medial thalamic group:MCI:case_vs_NC
A00843,129,134,Thal_Re_R,AAL3,MCI,case_vs_NC,Maki2026,medial thalamic group,https://doi.org/10.1038/s41398-026-04076-5,10.1038/s41398-026-04076-5,gray matter or nucleus; see measurement,parent_region_extrapolation,lower,,,Group-level reduction before and after total-thalamus adjustment,FreeSurfer25 nuclear volumes; analyses with and without total-thalamus covariate,Results/Fig2a vs2b; Table1 group definitions,Group effect does not prove child nucleus effect; FreeSurfer→AAL3 mapping.,regional_inference,Maki2026:medial thalamic group:MCI:case_vs_NC
A00844,130,135,Thal_MDm_L,AAL3,MCI,case_vs_NC,Maki2026,medial thalamic group,https://doi.org/10.1038/s41398-026-04076-5,10.1038/s41398-026-04076-5,gray matter or nucleus; see measurement,parent_region_extrapolation,lower,,,Group-level reduction before and after total-thalamus adjustment,FreeSurfer25 nuclear volumes; analyses with and without total-thalamus covariate,Results/Fig2a vs2b; Table1 group definitions,Group effect does not prove child nucleus effect; FreeSurfer→AAL3 mapping.,regional_inference,Maki2026:medial thalamic group:MCI:case_vs_NC
A00845,131,136,Thal_MDm_R,AAL3,MCI,case_vs_NC,Maki2026,medial thalamic group,https://doi.org/10.1038/s41398-026-04076-5,10.1038/s41398-026-04076-5,gray matter or nucleus; see measurement,parent_region_extrapolation,lower,,,Group-level reduction before and after total-thalamus adjustment,FreeSurfer25 nuclear volumes; analyses with and without total-thalamus covariate,Results/Fig2a vs2b; Table1 group definitions,Group effect does not prove child nucleus effect; FreeSurfer→AAL3 mapping.,regional_inference,Maki2026:medial thalamic group:MCI:case_vs_NC
A00846,132,137,Thal_MDl_L,AAL3,MCI,case_vs_NC,Maki2026,medial thalamic group,https://doi.org/10.1038/s41398-026-04076-5,10.1038/s41398-026-04076-5,gray matter or nucleus; see measurement,parent_region_extrapolation,lower,,,Group-level reduction before and after total-thalamus adjustment,FreeSurfer25 nuclear volumes; analyses with and without total-thalamus covariate,Results/Fig2a vs2b; Table1 group definitions,Group effect does not prove child nucleus effect; FreeSurfer→AAL3 mapping.,regional_inference,Maki2026:medial thalamic group:MCI:case_vs_NC
A00847,133,138,Thal_MDl_R,AAL3,MCI,case_vs_NC,Maki2026,medial thalamic group,https://doi.org/10.1038/s41398-026-04076-5,10.1038/s41398-026-04076-5,gray matter or nucleus; see measurement,parent_region_extrapolation,lower,,,Group-level reduction before and after total-thalamus adjustment,FreeSurfer25 nuclear volumes; analyses with and without total-thalamus covariate,Results/Fig2a vs2b; Table1 group definitions,Group effect does not prove child nucleus effect; FreeSurfer→AAL3 mapping.,regional_inference,Maki2026:medial thalamic group:MCI:case_vs_NC
A00848,120,125,Thal_VA_L,AAL3,AD,DEM_vs_HC_proxy,Maki2026,ventral thalamic group,https://doi.org/10.1038/s41398-026-04076-5,10.1038/s41398-026-04076-5,gray matter or nucleus; see measurement,indirect,not_established,,,Relative conditional enlargement does not establish absolute volume increase; exact nuclear unconditioned d pending,FreeSurfer25 nuclear volumes; analyses with and without total-thalamus covariate,Results/Fig2a vs2b; Table1 group definitions,DEM comparison is not AD-specific. Group effect does not prove child nucleus effect; FreeSurfer→AAL3 mapping.,indirect_diagnosis,Maki2026:ventral thalamic group:AD:DEM_vs_HC_proxy
A00849,121,126,Thal_VA_R,AAL3,AD,DEM_vs_HC_proxy,Maki2026,ventral thalamic group,https://doi.org/10.1038/s41398-026-04076-5,10.1038/s41398-026-04076-5,gray matter or nucleus; see measurement,indirect,not_established,,,Relative conditional enlargement does not establish absolute volume increase; exact nuclear unconditioned d pending,FreeSurfer25 nuclear volumes; analyses with and without total-thalamus covariate,Results/Fig2a vs2b; Table1 group definitions,DEM comparison is not AD-specific. Group effect does not prove child nucleus effect; FreeSurfer→AAL3 mapping.,indirect_diagnosis,Maki2026:ventral thalamic group:AD:DEM_vs_HC_proxy
A00850,122,127,Thal_VL_L,AAL3,AD,DEM_vs_HC_proxy,Maki2026,ventral thalamic group,https://doi.org/10.1038/s41398-026-04076-5,10.1038/s41398-026-04076-5,gray matter or nucleus; see measurement,indirect,not_established,,,Relative conditional enlargement does not establish absolute volume increase; exact nuclear unconditioned d pending,FreeSurfer25 nuclear volumes; analyses with and without total-thalamus covariate,Results/Fig2a vs2b; Table1 group definitions,DEM comparison is not AD-specific. Group effect does not prove child nucleus effect; FreeSurfer→AAL3 mapping.,indirect_diagnosis,Maki2026:ventral thalamic group:AD:DEM_vs_HC_proxy
A00851,123,128,Thal_VL_R,AAL3,AD,DEM_vs_HC_proxy,Maki2026,ventral thalamic group,https://doi.org/10.1038/s41398-026-04076-5,10.1038/s41398-026-04076-5,gray matter or nucleus; see measurement,indirect,not_established,,,Relative conditional enlargement does not establish absolute volume increase; exact nuclear unconditioned d pending,FreeSurfer25 nuclear volumes; analyses with and without total-thalamus covariate,Results/Fig2a vs2b; Table1 group definitions,DEM comparison is not AD-specific. Group effect does not prove child nucleus effect; FreeSurfer→AAL3 mapping.,indirect_diagnosis,Maki2026:ventral thalamic group:AD:DEM_vs_HC_proxy
A00852,124,129,Thal_VPL_L,AAL3,AD,DEM_vs_HC_proxy,Maki2026,ventral thalamic group,https://doi.org/10.1038/s41398-026-04076-5,10.1038/s41398-026-04076-5,gray matter or nucleus; see measurement,indirect,not_established,,,Relative conditional enlargement does not establish absolute volume increase; exact nuclear unconditioned d pending,FreeSurfer25 nuclear volumes; analyses with and without total-thalamus covariate,Results/Fig2a vs2b; Table1 group definitions,DEM comparison is not AD-specific. Group effect does not prove child nucleus effect; FreeSurfer→AAL3 mapping.,indirect_diagnosis,Maki2026:ventral thalamic group:AD:DEM_vs_HC_proxy
A00853,125,130,Thal_VPL_R,AAL3,AD,DEM_vs_HC_proxy,Maki2026,ventral thalamic group,https://doi.org/10.1038/s41398-026-04076-5,10.1038/s41398-026-04076-5,gray matter or nucleus; see measurement,indirect,not_established,,,Relative conditional enlargement does not establish absolute volume increase; exact nuclear unconditioned d pending,FreeSurfer25 nuclear volumes; analyses with and without total-thalamus covariate,Results/Fig2a vs2b; Table1 group definitions,DEM comparison is not AD-specific. Group effect does not prove child nucleus effect; FreeSurfer→AAL3 mapping.,indirect_diagnosis,Maki2026:ventral thalamic group:AD:DEM_vs_HC_proxy
A00854,120,125,Thal_VA_L,AAL3,MCI,case_vs_NC,Maki2026,ventral thalamic group,https://doi.org/10.1038/s41398-026-04076-5,10.1038/s41398-026-04076-5,gray matter or nucleus; see measurement,parent_region_extrapolation,not_established,,,Relative conditional enlargement does not establish absolute volume increase; exact nuclear unconditioned d pending,FreeSurfer25 nuclear volumes; analyses with and without total-thalamus covariate,Results/Fig2a vs2b; Table1 group definitions,Group effect does not prove child nucleus effect; FreeSurfer→AAL3 mapping.,regional_inference,Maki2026:ventral thalamic group:MCI:case_vs_NC
A00855,121,126,Thal_VA_R,AAL3,MCI,case_vs_NC,Maki2026,ventral thalamic group,https://doi.org/10.1038/s41398-026-04076-5,10.1038/s41398-026-04076-5,gray matter or nucleus; see measurement,parent_region_extrapolation,not_established,,,Relative conditional enlargement does not establish absolute volume increase; exact nuclear unconditioned d pending,FreeSurfer25 nuclear volumes; analyses with and without total-thalamus covariate,Results/Fig2a vs2b; Table1 group definitions,Group effect does not prove child nucleus effect; FreeSurfer→AAL3 mapping.,regional_inference,Maki2026:ventral thalamic group:MCI:case_vs_NC
A00856,122,127,Thal_VL_L,AAL3,MCI,case_vs_NC,Maki2026,ventral thalamic group,https://doi.org/10.1038/s41398-026-04076-5,10.1038/s41398-026-04076-5,gray matter or nucleus; see measurement,parent_region_extrapolation,not_established,,,Relative conditional enlargement does not establish absolute volume increase; exact nuclear unconditioned d pending,FreeSurfer25 nuclear volumes; analyses with and without total-thalamus covariate,Results/Fig2a vs2b; Table1 group definitions,Group effect does not prove child nucleus effect; FreeSurfer→AAL3 mapping.,regional_inference,Maki2026:ventral thalamic group:MCI:case_vs_NC
A00857,123,128,Thal_VL_R,AAL3,MCI,case_vs_NC,Maki2026,ventral thalamic group,https://doi.org/10.1038/s41398-026-04076-5,10.1038/s41398-026-04076-5,gray matter or nucleus; see measurement,parent_region_extrapolation,not_established,,,Relative conditional enlargement does not establish absolute volume increase; exact nuclear unconditioned d pending,FreeSurfer25 nuclear volumes; analyses with and without total-thalamus covariate,Results/Fig2a vs2b; Table1 group definitions,Group effect does not prove child nucleus effect; FreeSurfer→AAL3 mapping.,regional_inference,Maki2026:ventral thalamic group:MCI:case_vs_NC
A00858,124,129,Thal_VPL_L,AAL3,MCI,case_vs_NC,Maki2026,ventral thalamic group,https://doi.org/10.1038/s41398-026-04076-5,10.1038/s41398-026-04076-5,gray matter or nucleus; see measurement,parent_region_extrapolation,not_established,,,Relative conditional enlargement does not establish absolute volume increase; exact nuclear unconditioned d pending,FreeSurfer25 nuclear volumes; analyses with and without total-thalamus covariate,Results/Fig2a vs2b; Table1 group definitions,Group effect does not prove child nucleus effect; FreeSurfer→AAL3 mapping.,regional_inference,Maki2026:ventral thalamic group:MCI:case_vs_NC
A00859,125,130,Thal_VPL_R,AAL3,MCI,case_vs_NC,Maki2026,ventral thalamic group,https://doi.org/10.1038/s41398-026-04076-5,10.1038/s41398-026-04076-5,gray matter or nucleus; see measurement,parent_region_extrapolation,not_established,,,Relative conditional enlargement does not establish absolute volume increase; exact nuclear unconditioned d pending,FreeSurfer25 nuclear volumes; analyses with and without total-thalamus covariate,Results/Fig2a vs2b; Table1 group definitions,Group effect does not prove child nucleus effect; FreeSurfer→AAL3 mapping.,regional_inference,Maki2026:ventral thalamic group:MCI:case_vs_NC
A00860,126,131,Thal_IL_L,AAL3,AD,DEM_vs_HC_proxy,Maki2026,intralaminar thalamic group,https://doi.org/10.1038/s41398-026-04076-5,10.1038/s41398-026-04076-5,gray matter or nucleus; see measurement,indirect,not_established,,,Relative conditional enlargement does not establish absolute volume increase; exact nuclear unconditioned d pending,FreeSurfer25 nuclear volumes; analyses with and without total-thalamus covariate,Results/Fig2a vs2b; Table1 group definitions,DEM comparison is not AD-specific. Group effect does not prove child nucleus effect; FreeSurfer→AAL3 mapping.,indirect_diagnosis,Maki2026:intralaminar thalamic group:AD:DEM_vs_HC_proxy
A00861,127,132,Thal_IL_R,AAL3,AD,DEM_vs_HC_proxy,Maki2026,intralaminar thalamic group,https://doi.org/10.1038/s41398-026-04076-5,10.1038/s41398-026-04076-5,gray matter or nucleus; see measurement,indirect,not_established,,,Relative conditional enlargement does not establish absolute volume increase; exact nuclear unconditioned d pending,FreeSurfer25 nuclear volumes; analyses with and without total-thalamus covariate,Results/Fig2a vs2b; Table1 group definitions,DEM comparison is not AD-specific. Group effect does not prove child nucleus effect; FreeSurfer→AAL3 mapping.,indirect_diagnosis,Maki2026:intralaminar thalamic group:AD:DEM_vs_HC_proxy
A00862,126,131,Thal_IL_L,AAL3,MCI,case_vs_NC,Maki2026,intralaminar thalamic group,https://doi.org/10.1038/s41398-026-04076-5,10.1038/s41398-026-04076-5,gray matter or nucleus; see measurement,parent_region_extrapolation,not_established,,,Relative conditional enlargement does not establish absolute volume increase; exact nuclear unconditioned d pending,FreeSurfer25 nuclear volumes; analyses with and without total-thalamus covariate,Results/Fig2a vs2b; Table1 group definitions,Group effect does not prove child nucleus effect; FreeSurfer→AAL3 mapping.,regional_inference,Maki2026:intralaminar thalamic group:MCI:case_vs_NC
A00863,127,132,Thal_IL_R,AAL3,MCI,case_vs_NC,Maki2026,intralaminar thalamic group,https://doi.org/10.1038/s41398-026-04076-5,10.1038/s41398-026-04076-5,gray matter or nucleus; see measurement,parent_region_extrapolation,not_established,,,Relative conditional enlargement does not establish absolute volume increase; exact nuclear unconditioned d pending,FreeSurfer25 nuclear volumes; analyses with and without total-thalamus covariate,Results/Fig2a vs2b; Table1 group definitions,Group effect does not prove child nucleus effect; FreeSurfer→AAL3 mapping.,regional_inference,Maki2026:intralaminar thalamic group:MCI:case_vs_NC
A00864,134,139,Thal_LGN_L,AAL3,AD,DEM_vs_HC_proxy,Maki2026,posterior thalamic group,https://doi.org/10.1038/s41398-026-04076-5,10.1038/s41398-026-04076-5,gray matter or nucleus; see measurement,indirect,not_established,,,Relative conditional enlargement does not establish absolute volume increase; exact nuclear unconditioned d pending,FreeSurfer25 nuclear volumes; analyses with and without total-thalamus covariate,Results/Fig2a vs2b; Table1 group definitions,DEM comparison is not AD-specific. Group effect does not prove child nucleus effect; FreeSurfer→AAL3 mapping.,indirect_diagnosis,Maki2026:posterior thalamic group:AD:DEM_vs_HC_proxy
A00865,135,140,Thal_LGN_R,AAL3,AD,DEM_vs_HC_proxy,Maki2026,posterior thalamic group,https://doi.org/10.1038/s41398-026-04076-5,10.1038/s41398-026-04076-5,gray matter or nucleus; see measurement,indirect,not_established,,,Relative conditional enlargement does not establish absolute volume increase; exact nuclear unconditioned d pending,FreeSurfer25 nuclear volumes; analyses with and without total-thalamus covariate,Results/Fig2a vs2b; Table1 group definitions,DEM comparison is not AD-specific. Group effect does not prove child nucleus effect; FreeSurfer→AAL3 mapping.,indirect_diagnosis,Maki2026:posterior thalamic group:AD:DEM_vs_HC_proxy
A00866,136,141,Thal_MGN_L,AAL3,AD,DEM_vs_HC_proxy,Maki2026,posterior thalamic group,https://doi.org/10.1038/s41398-026-04076-5,10.1038/s41398-026-04076-5,gray matter or nucleus; see measurement,indirect,not_established,,,Relative conditional enlargement does not establish absolute volume increase; exact nuclear unconditioned d pending,FreeSurfer25 nuclear volumes; analyses with and without total-thalamus covariate,Results/Fig2a vs2b; Table1 group definitions,DEM comparison is not AD-specific. Group effect does not prove child nucleus effect; FreeSurfer→AAL3 mapping.,indirect_diagnosis,Maki2026:posterior thalamic group:AD:DEM_vs_HC_proxy
A00867,137,142,Thal_MGN_R,AAL3,AD,DEM_vs_HC_proxy,Maki2026,posterior thalamic group,https://doi.org/10.1038/s41398-026-04076-5,10.1038/s41398-026-04076-5,gray matter or nucleus; see measurement,indirect,not_established,,,Relative conditional enlargement does not establish absolute volume increase; exact nuclear unconditioned d pending,FreeSurfer25 nuclear volumes; analyses with and without total-thalamus covariate,Results/Fig2a vs2b; Table1 group definitions,DEM comparison is not AD-specific. Group effect does not prove child nucleus effect; FreeSurfer→AAL3 mapping.,indirect_diagnosis,Maki2026:posterior thalamic group:AD:DEM_vs_HC_proxy
A00868,138,143,Thal_PuI_L,AAL3,AD,DEM_vs_HC_proxy,Maki2026,posterior thalamic group,https://doi.org/10.1038/s41398-026-04076-5,10.1038/s41398-026-04076-5,gray matter or nucleus; see measurement,indirect,not_established,,,Relative conditional enlargement does not establish absolute volume increase; exact nuclear unconditioned d pending,FreeSurfer25 nuclear volumes; analyses with and without total-thalamus covariate,Results/Fig2a vs2b; Table1 group definitions,DEM comparison is not AD-specific. Group effect does not prove child nucleus effect; FreeSurfer→AAL3 mapping.,indirect_diagnosis,Maki2026:posterior thalamic group:AD:DEM_vs_HC_proxy
A00869,139,144,Thal_PuI_R,AAL3,AD,DEM_vs_HC_proxy,Maki2026,posterior thalamic group,https://doi.org/10.1038/s41398-026-04076-5,10.1038/s41398-026-04076-5,gray matter or nucleus; see measurement,indirect,not_established,,,Relative conditional enlargement does not establish absolute volume increase; exact nuclear unconditioned d pending,FreeSurfer25 nuclear volumes; analyses with and without total-thalamus covariate,Results/Fig2a vs2b; Table1 group definitions,DEM comparison is not AD-specific. Group effect does not prove child nucleus effect; FreeSurfer→AAL3 mapping.,indirect_diagnosis,Maki2026:posterior thalamic group:AD:DEM_vs_HC_proxy
A00870,140,145,Thal_PuM_L,AAL3,AD,DEM_vs_HC_proxy,Maki2026,posterior thalamic group,https://doi.org/10.1038/s41398-026-04076-5,10.1038/s41398-026-04076-5,gray matter or nucleus; see measurement,indirect,not_established,,,Relative conditional enlargement does not establish absolute volume increase; exact nuclear unconditioned d pending,FreeSurfer25 nuclear volumes; analyses with and without total-thalamus covariate,Results/Fig2a vs2b; Table1 group definitions,DEM comparison is not AD-specific. Group effect does not prove child nucleus effect; FreeSurfer→AAL3 mapping.,indirect_diagnosis,Maki2026:posterior thalamic group:AD:DEM_vs_HC_proxy
A00871,141,146,Thal_PuM_R,AAL3,AD,DEM_vs_HC_proxy,Maki2026,posterior thalamic group,https://doi.org/10.1038/s41398-026-04076-5,10.1038/s41398-026-04076-5,gray matter or nucleus; see measurement,indirect,not_established,,,Relative conditional enlargement does not establish absolute volume increase; exact nuclear unconditioned d pending,FreeSurfer25 nuclear volumes; analyses with and without total-thalamus covariate,Results/Fig2a vs2b; Table1 group definitions,DEM comparison is not AD-specific. Group effect does not prove child nucleus effect; FreeSurfer→AAL3 mapping.,indirect_diagnosis,Maki2026:posterior thalamic group:AD:DEM_vs_HC_proxy
A00872,142,147,Thal_PuA_L,AAL3,AD,DEM_vs_HC_proxy,Maki2026,posterior thalamic group,https://doi.org/10.1038/s41398-026-04076-5,10.1038/s41398-026-04076-5,gray matter or nucleus; see measurement,indirect,not_established,,,Relative conditional enlargement does not establish absolute volume increase; exact nuclear unconditioned d pending,FreeSurfer25 nuclear volumes; analyses with and without total-thalamus covariate,Results/Fig2a vs2b; Table1 group definitions,DEM comparison is not AD-specific. Group effect does not prove child nucleus effect; FreeSurfer→AAL3 mapping.,indirect_diagnosis,Maki2026:posterior thalamic group:AD:DEM_vs_HC_proxy
A00873,143,148,Thal_PuA_R,AAL3,AD,DEM_vs_HC_proxy,Maki2026,posterior thalamic group,https://doi.org/10.1038/s41398-026-04076-5,10.1038/s41398-026-04076-5,gray matter or nucleus; see measurement,indirect,not_established,,,Relative conditional enlargement does not establish absolute volume increase; exact nuclear unconditioned d pending,FreeSurfer25 nuclear volumes; analyses with and without total-thalamus covariate,Results/Fig2a vs2b; Table1 group definitions,DEM comparison is not AD-specific. Group effect does not prove child nucleus effect; FreeSurfer→AAL3 mapping.,indirect_diagnosis,Maki2026:posterior thalamic group:AD:DEM_vs_HC_proxy
A00874,144,149,Thal_PuL_L,AAL3,AD,DEM_vs_HC_proxy,Maki2026,posterior thalamic group,https://doi.org/10.1038/s41398-026-04076-5,10.1038/s41398-026-04076-5,gray matter or nucleus; see measurement,indirect,not_established,,,Relative conditional enlargement does not establish absolute volume increase; exact nuclear unconditioned d pending,FreeSurfer25 nuclear volumes; analyses with and without total-thalamus covariate,Results/Fig2a vs2b; Table1 group definitions,DEM comparison is not AD-specific. Group effect does not prove child nucleus effect; FreeSurfer→AAL3 mapping.,indirect_diagnosis,Maki2026:posterior thalamic group:AD:DEM_vs_HC_proxy
A00875,145,150,Thal_PuL_R,AAL3,AD,DEM_vs_HC_proxy,Maki2026,posterior thalamic group,https://doi.org/10.1038/s41398-026-04076-5,10.1038/s41398-026-04076-5,gray matter or nucleus; see measurement,indirect,not_established,,,Relative conditional enlargement does not establish absolute volume increase; exact nuclear unconditioned d pending,FreeSurfer25 nuclear volumes; analyses with and without total-thalamus covariate,Results/Fig2a vs2b; Table1 group definitions,DEM comparison is not AD-specific. Group effect does not prove child nucleus effect; FreeSurfer→AAL3 mapping.,indirect_diagnosis,Maki2026:posterior thalamic group:AD:DEM_vs_HC_proxy
A00876,134,139,Thal_LGN_L,AAL3,MCI,case_vs_NC,Maki2026,posterior thalamic group,https://doi.org/10.1038/s41398-026-04076-5,10.1038/s41398-026-04076-5,gray matter or nucleus; see measurement,parent_region_extrapolation,not_established,,,Relative conditional enlargement does not establish absolute volume increase; exact nuclear unconditioned d pending,FreeSurfer25 nuclear volumes; analyses with and without total-thalamus covariate,Results/Fig2a vs2b; Table1 group definitions,Group effect does not prove child nucleus effect; FreeSurfer→AAL3 mapping.,regional_inference,Maki2026:posterior thalamic group:MCI:case_vs_NC
A00877,135,140,Thal_LGN_R,AAL3,MCI,case_vs_NC,Maki2026,posterior thalamic group,https://doi.org/10.1038/s41398-026-04076-5,10.1038/s41398-026-04076-5,gray matter or nucleus; see measurement,parent_region_extrapolation,not_established,,,Relative conditional enlargement does not establish absolute volume increase; exact nuclear unconditioned d pending,FreeSurfer25 nuclear volumes; analyses with and without total-thalamus covariate,Results/Fig2a vs2b; Table1 group definitions,Group effect does not prove child nucleus effect; FreeSurfer→AAL3 mapping.,regional_inference,Maki2026:posterior thalamic group:MCI:case_vs_NC
A00878,136,141,Thal_MGN_L,AAL3,MCI,case_vs_NC,Maki2026,posterior thalamic group,https://doi.org/10.1038/s41398-026-04076-5,10.1038/s41398-026-04076-5,gray matter or nucleus; see measurement,parent_region_extrapolation,not_established,,,Relative conditional enlargement does not establish absolute volume increase; exact nuclear unconditioned d pending,FreeSurfer25 nuclear volumes; analyses with and without total-thalamus covariate,Results/Fig2a vs2b; Table1 group definitions,Group effect does not prove child nucleus effect; FreeSurfer→AAL3 mapping.,regional_inference,Maki2026:posterior thalamic group:MCI:case_vs_NC
A00879,137,142,Thal_MGN_R,AAL3,MCI,case_vs_NC,Maki2026,posterior thalamic group,https://doi.org/10.1038/s41398-026-04076-5,10.1038/s41398-026-04076-5,gray matter or nucleus; see measurement,parent_region_extrapolation,not_established,,,Relative conditional enlargement does not establish absolute volume increase; exact nuclear unconditioned d pending,FreeSurfer25 nuclear volumes; analyses with and without total-thalamus covariate,Results/Fig2a vs2b; Table1 group definitions,Group effect does not prove child nucleus effect; FreeSurfer→AAL3 mapping.,regional_inference,Maki2026:posterior thalamic group:MCI:case_vs_NC
A00880,138,143,Thal_PuI_L,AAL3,MCI,case_vs_NC,Maki2026,posterior thalamic group,https://doi.org/10.1038/s41398-026-04076-5,10.1038/s41398-026-04076-5,gray matter or nucleus; see measurement,parent_region_extrapolation,not_established,,,Relative conditional enlargement does not establish absolute volume increase; exact nuclear unconditioned d pending,FreeSurfer25 nuclear volumes; analyses with and without total-thalamus covariate,Results/Fig2a vs2b; Table1 group definitions,Group effect does not prove child nucleus effect; FreeSurfer→AAL3 mapping.,regional_inference,Maki2026:posterior thalamic group:MCI:case_vs_NC
A00881,139,144,Thal_PuI_R,AAL3,MCI,case_vs_NC,Maki2026,posterior thalamic group,https://doi.org/10.1038/s41398-026-04076-5,10.1038/s41398-026-04076-5,gray matter or nucleus; see measurement,parent_region_extrapolation,not_established,,,Relative conditional enlargement does not establish absolute volume increase; exact nuclear unconditioned d pending,FreeSurfer25 nuclear volumes; analyses with and without total-thalamus covariate,Results/Fig2a vs2b; Table1 group definitions,Group effect does not prove child nucleus effect; FreeSurfer→AAL3 mapping.,regional_inference,Maki2026:posterior thalamic group:MCI:case_vs_NC
A00882,140,145,Thal_PuM_L,AAL3,MCI,case_vs_NC,Maki2026,posterior thalamic group,https://doi.org/10.1038/s41398-026-04076-5,10.1038/s41398-026-04076-5,gray matter or nucleus; see measurement,parent_region_extrapolation,not_established,,,Relative conditional enlargement does not establish absolute volume increase; exact nuclear unconditioned d pending,FreeSurfer25 nuclear volumes; analyses with and without total-thalamus covariate,Results/Fig2a vs2b; Table1 group definitions,Group effect does not prove child nucleus effect; FreeSurfer→AAL3 mapping.,regional_inference,Maki2026:posterior thalamic group:MCI:case_vs_NC
A00883,141,146,Thal_PuM_R,AAL3,MCI,case_vs_NC,Maki2026,posterior thalamic group,https://doi.org/10.1038/s41398-026-04076-5,10.1038/s41398-026-04076-5,gray matter or nucleus; see measurement,parent_region_extrapolation,not_established,,,Relative conditional enlargement does not establish absolute volume increase; exact nuclear unconditioned d pending,FreeSurfer25 nuclear volumes; analyses with and without total-thalamus covariate,Results/Fig2a vs2b; Table1 group definitions,Group effect does not prove child nucleus effect; FreeSurfer→AAL3 mapping.,regional_inference,Maki2026:posterior thalamic group:MCI:case_vs_NC
A00884,142,147,Thal_PuA_L,AAL3,MCI,case_vs_NC,Maki2026,posterior thalamic group,https://doi.org/10.1038/s41398-026-04076-5,10.1038/s41398-026-04076-5,gray matter or nucleus; see measurement,parent_region_extrapolation,not_established,,,Relative conditional enlargement does not establish absolute volume increase; exact nuclear unconditioned d pending,FreeSurfer25 nuclear volumes; analyses with and without total-thalamus covariate,Results/Fig2a vs2b; Table1 group definitions,Group effect does not prove child nucleus effect; FreeSurfer→AAL3 mapping.,regional_inference,Maki2026:posterior thalamic group:MCI:case_vs_NC
A00885,143,148,Thal_PuA_R,AAL3,MCI,case_vs_NC,Maki2026,posterior thalamic group,https://doi.org/10.1038/s41398-026-04076-5,10.1038/s41398-026-04076-5,gray matter or nucleus; see measurement,parent_region_extrapolation,not_established,,,Relative conditional enlargement does not establish absolute volume increase; exact nuclear unconditioned d pending,FreeSurfer25 nuclear volumes; analyses with and without total-thalamus covariate,Results/Fig2a vs2b; Table1 group definitions,Group effect does not prove child nucleus effect; FreeSurfer→AAL3 mapping.,regional_inference,Maki2026:posterior thalamic group:MCI:case_vs_NC
A00886,144,149,Thal_PuL_L,AAL3,MCI,case_vs_NC,Maki2026,posterior thalamic group,https://doi.org/10.1038/s41398-026-04076-5,10.1038/s41398-026-04076-5,gray matter or nucleus; see measurement,parent_region_extrapolation,not_established,,,Relative conditional enlargement does not establish absolute volume increase; exact nuclear unconditioned d pending,FreeSurfer25 nuclear volumes; analyses with and without total-thalamus covariate,Results/Fig2a vs2b; Table1 group definitions,Group effect does not prove child nucleus effect; FreeSurfer→AAL3 mapping.,regional_inference,Maki2026:posterior thalamic group:MCI:case_vs_NC
A00887,145,150,Thal_PuL_R,AAL3,MCI,case_vs_NC,Maki2026,posterior thalamic group,https://doi.org/10.1038/s41398-026-04076-5,10.1038/s41398-026-04076-5,gray matter or nucleus; see measurement,parent_region_extrapolation,not_established,,,Relative conditional enlargement does not establish absolute volume increase; exact nuclear unconditioned d pending,FreeSurfer25 nuclear volumes; analyses with and without total-thalamus covariate,Results/Fig2a vs2b; Table1 group definitions,Group effect does not prove child nucleus effect; FreeSurfer→AAL3 mapping.,regional_inference,Maki2026:posterior thalamic group:MCI:case_vs_NC
