column_index,label_id,feature_name,atlas,disease,coverage_status,evidence_consistency,association_count,reference_ids,search_scope,search_alias,coverage_limit
0,10,L_Thalamus,FIRST,AD,parent_region_extrapolation,see_individual_associations,3,Fjell2010;Ledig2018;Yi2016,"2026-09-08 whole-brain AD/MCI GMV primary/meta tables plus FIRST, frontal, cerebellar, thalamic and brainstem targeted searches; atlas label + anatomical parent/synonym screening",L Thalamus,Not exhaustive. No retrieved effect does not mean no association. Parent/cluster/other-modality evidence cannot establish exact AAL3/FIRST GMV effect.
0,10,L_Thalamus,FIRST,MCI,direct,see_individual_associations,4,Fjell2010;Ledig2018;MCI2016;Yi2016,"2026-09-08 whole-brain AD/MCI GMV primary/meta tables plus FIRST, frontal, cerebellar, thalamic and brainstem targeted searches; atlas label + anatomical parent/synonym screening",L Thalamus,Not exhaustive. No retrieved effect does not mean no association. Parent/cluster/other-modality evidence cannot establish exact AAL3/FIRST GMV effect.
1,49,R_Thalamus,FIRST,AD,parent_region_extrapolation,see_individual_associations,3,Fjell2010;Ledig2018;Yi2016,"2026-09-08 whole-brain AD/MCI GMV primary/meta tables plus FIRST, frontal, cerebellar, thalamic and brainstem targeted searches; atlas label + anatomical parent/synonym screening",R Thalamus,Not exhaustive. No retrieved effect does not mean no association. Parent/cluster/other-modality evidence cannot establish exact AAL3/FIRST GMV effect.
1,49,R_Thalamus,FIRST,MCI,direct,see_individual_associations,4,Fjell2010;Ledig2018;MCI2016;Yi2016,"2026-09-08 whole-brain AD/MCI GMV primary/meta tables plus FIRST, frontal, cerebellar, thalamic and brainstem targeted searches; atlas label + anatomical parent/synonym screening",R Thalamus,Not exhaustive. No retrieved effect does not mean no association. Parent/cluster/other-modality evidence cannot establish exact AAL3/FIRST GMV effect.
2,11,L_Caudate,FIRST,AD,parent_region_extrapolation,conflicting_directions,3,Fjell2010;Ledig2018;Yi2016,"2026-09-08 whole-brain AD/MCI GMV primary/meta tables plus FIRST, frontal, cerebellar, thalamic and brainstem targeted searches; atlas label + anatomical parent/synonym screening",L Caudate,Not exhaustive. No retrieved effect does not mean no association. Parent/cluster/other-modality evidence cannot establish exact AAL3/FIRST GMV effect.
2,11,L_Caudate,FIRST,MCI,direct,conflicting_directions,4,Fjell2010;Ledig2018;MCI2016;Yi2016,"2026-09-08 whole-brain AD/MCI GMV primary/meta tables plus FIRST, frontal, cerebellar, thalamic and brainstem targeted searches; atlas label + anatomical parent/synonym screening",L Caudate,Not exhaustive. No retrieved effect does not mean no association. Parent/cluster/other-modality evidence cannot establish exact AAL3/FIRST GMV effect.
3,50,R_Caudate,FIRST,AD,parent_region_extrapolation,conflicting_directions,3,Fjell2010;Ledig2018;Yi2016,"2026-09-08 whole-brain AD/MCI GMV primary/meta tables plus FIRST, frontal, cerebellar, thalamic and brainstem targeted searches; atlas label + anatomical parent/synonym screening",R Caudate,Not exhaustive. No retrieved effect does not mean no association. Parent/cluster/other-modality evidence cannot establish exact AAL3/FIRST GMV effect.
3,50,R_Caudate,FIRST,MCI,direct,conflicting_directions,4,Fjell2010;Ledig2018;MCI2016;Yi2016,"2026-09-08 whole-brain AD/MCI GMV primary/meta tables plus FIRST, frontal, cerebellar, thalamic and brainstem targeted searches; atlas label + anatomical parent/synonym screening",R Caudate,Not exhaustive. No retrieved effect does not mean no association. Parent/cluster/other-modality evidence cannot establish exact AAL3/FIRST GMV effect.
4,12,L_Putamen,FIRST,AD,parent_region_extrapolation,see_individual_associations,3,Fjell2010;Ledig2018;Yi2016,"2026-09-08 whole-brain AD/MCI GMV primary/meta tables plus FIRST, frontal, cerebellar, thalamic and brainstem targeted searches; atlas label + anatomical parent/synonym screening",L Putamen,Not exhaustive. No retrieved effect does not mean no association. Parent/cluster/other-modality evidence cannot establish exact AAL3/FIRST GMV effect.
4,12,L_Putamen,FIRST,MCI,direct,mixed_significance_or_measurement,4,Fjell2010;Ledig2018;MCI2016;Yi2016,"2026-09-08 whole-brain AD/MCI GMV primary/meta tables plus FIRST, frontal, cerebellar, thalamic and brainstem targeted searches; atlas label + anatomical parent/synonym screening",L Putamen,Not exhaustive. No retrieved effect does not mean no association. Parent/cluster/other-modality evidence cannot establish exact AAL3/FIRST GMV effect.
5,51,R_Putamen,FIRST,AD,parent_region_extrapolation,see_individual_associations,3,Fjell2010;Ledig2018;Yi2016,"2026-09-08 whole-brain AD/MCI GMV primary/meta tables plus FIRST, frontal, cerebellar, thalamic and brainstem targeted searches; atlas label + anatomical parent/synonym screening",R Putamen,Not exhaustive. No retrieved effect does not mean no association. Parent/cluster/other-modality evidence cannot establish exact AAL3/FIRST GMV effect.
5,51,R_Putamen,FIRST,MCI,direct,mixed_significance_or_measurement,4,Fjell2010;Ledig2018;MCI2016;Yi2016,"2026-09-08 whole-brain AD/MCI GMV primary/meta tables plus FIRST, frontal, cerebellar, thalamic and brainstem targeted searches; atlas label + anatomical parent/synonym screening",R Putamen,Not exhaustive. No retrieved effect does not mean no association. Parent/cluster/other-modality evidence cannot establish exact AAL3/FIRST GMV effect.
6,13,L_Pallidum,FIRST,AD,parent_region_extrapolation,conflicting_directions,3,Fjell2010;Ledig2018;Yi2016,"2026-09-08 whole-brain AD/MCI GMV primary/meta tables plus FIRST, frontal, cerebellar, thalamic and brainstem targeted searches; atlas label + anatomical parent/synonym screening",L Pallidum,Not exhaustive. No retrieved effect does not mean no association. Parent/cluster/other-modality evidence cannot establish exact AAL3/FIRST GMV effect.
6,13,L_Pallidum,FIRST,MCI,direct,conflicting_directions,4,Fjell2010;Ledig2018;MCI2016;Yi2016,"2026-09-08 whole-brain AD/MCI GMV primary/meta tables plus FIRST, frontal, cerebellar, thalamic and brainstem targeted searches; atlas label + anatomical parent/synonym screening",L Pallidum,Not exhaustive. No retrieved effect does not mean no association. Parent/cluster/other-modality evidence cannot establish exact AAL3/FIRST GMV effect.
7,52,R_Pallidum,FIRST,AD,parent_region_extrapolation,conflicting_directions,3,Fjell2010;Ledig2018;Yi2016,"2026-09-08 whole-brain AD/MCI GMV primary/meta tables plus FIRST, frontal, cerebellar, thalamic and brainstem targeted searches; atlas label + anatomical parent/synonym screening",R Pallidum,Not exhaustive. No retrieved effect does not mean no association. Parent/cluster/other-modality evidence cannot establish exact AAL3/FIRST GMV effect.
7,52,R_Pallidum,FIRST,MCI,direct,conflicting_directions,4,Fjell2010;Ledig2018;MCI2016;Yi2016,"2026-09-08 whole-brain AD/MCI GMV primary/meta tables plus FIRST, frontal, cerebellar, thalamic and brainstem targeted searches; atlas label + anatomical parent/synonym screening",R Pallidum,Not exhaustive. No retrieved effect does not mean no association. Parent/cluster/other-modality evidence cannot establish exact AAL3/FIRST GMV effect.
8,16,BrainStem,FIRST,AD,direct,conflicting_directions,3,Dutt2020;Ledig2018,"2026-09-08 whole-brain AD/MCI GMV primary/meta tables plus FIRST, frontal, cerebellar, thalamic and brainstem targeted searches; atlas label + anatomical parent/synonym screening",BrainStem,Not exhaustive. No retrieved effect does not mean no association. Parent/cluster/other-modality evidence cannot establish exact AAL3/FIRST GMV effect.
8,16,BrainStem,FIRST,MCI,direct,see_individual_associations,3,Dutt2020;Ledig2018,"2026-09-08 whole-brain AD/MCI GMV primary/meta tables plus FIRST, frontal, cerebellar, thalamic and brainstem targeted searches; atlas label + anatomical parent/synonym screening",BrainStem,Not exhaustive. No retrieved effect does not mean no association. Parent/cluster/other-modality evidence cannot establish exact AAL3/FIRST GMV effect.
9,17,L_Hippocampus,FIRST,AD,direct,see_individual_associations,3,Fjell2010;Ledig2018;Yi2016,"2026-09-08 whole-brain AD/MCI GMV primary/meta tables plus FIRST, frontal, cerebellar, thalamic and brainstem targeted searches; atlas label + anatomical parent/synonym screening",L Hippocampus,Not exhaustive. No retrieved effect does not mean no association. Parent/cluster/other-modality evidence cannot establish exact AAL3/FIRST GMV effect.
9,17,L_Hippocampus,FIRST,MCI,direct,see_individual_associations,4,Fjell2010;Ledig2018;MCI2016;Yi2016,"2026-09-08 whole-brain AD/MCI GMV primary/meta tables plus FIRST, frontal, cerebellar, thalamic and brainstem targeted searches; atlas label + anatomical parent/synonym screening",L Hippocampus,Not exhaustive. No retrieved effect does not mean no association. Parent/cluster/other-modality evidence cannot establish exact AAL3/FIRST GMV effect.
10,53,R_Hippocampus,FIRST,AD,direct,see_individual_associations,3,Fjell2010;Ledig2018;Yi2016,"2026-09-08 whole-brain AD/MCI GMV primary/meta tables plus FIRST, frontal, cerebellar, thalamic and brainstem targeted searches; atlas label + anatomical parent/synonym screening",R Hippocampus,Not exhaustive. No retrieved effect does not mean no association. Parent/cluster/other-modality evidence cannot establish exact AAL3/FIRST GMV effect.
10,53,R_Hippocampus,FIRST,MCI,direct,see_individual_associations,4,Fjell2010;Ledig2018;MCI2016;Yi2016,"2026-09-08 whole-brain AD/MCI GMV primary/meta tables plus FIRST, frontal, cerebellar, thalamic and brainstem targeted searches; atlas label + anatomical parent/synonym screening",R Hippocampus,Not exhaustive. No retrieved effect does not mean no association. Parent/cluster/other-modality evidence cannot establish exact AAL3/FIRST GMV effect.
11,18,L_Amygdala,FIRST,AD,direct,see_individual_associations,3,Fjell2010;Ledig2018;Yi2016,"2026-09-08 whole-brain AD/MCI GMV primary/meta tables plus FIRST, frontal, cerebellar, thalamic and brainstem targeted searches; atlas label + anatomical parent/synonym screening",L Amygdala,Not exhaustive. No retrieved effect does not mean no association. Parent/cluster/other-modality evidence cannot establish exact AAL3/FIRST GMV effect.
11,18,L_Amygdala,FIRST,MCI,direct,mixed_significance_or_measurement,4,Fjell2010;Ledig2018;MCI2016;Yi2016,"2026-09-08 whole-brain AD/MCI GMV primary/meta tables plus FIRST, frontal, cerebellar, thalamic and brainstem targeted searches; atlas label + anatomical parent/synonym screening",L Amygdala,Not exhaustive. No retrieved effect does not mean no association. Parent/cluster/other-modality evidence cannot establish exact AAL3/FIRST GMV effect.
12,54,R_Amygdala,FIRST,AD,direct,see_individual_associations,3,Fjell2010;Ledig2018;Yi2016,"2026-09-08 whole-brain AD/MCI GMV primary/meta tables plus FIRST, frontal, cerebellar, thalamic and brainstem targeted searches; atlas label + anatomical parent/synonym screening",R Amygdala,Not exhaustive. No retrieved effect does not mean no association. Parent/cluster/other-modality evidence cannot establish exact AAL3/FIRST GMV effect.
12,54,R_Amygdala,FIRST,MCI,direct,see_individual_associations,4,Fjell2010;Ledig2018;MCI2016;Yi2016,"2026-09-08 whole-brain AD/MCI GMV primary/meta tables plus FIRST, frontal, cerebellar, thalamic and brainstem targeted searches; atlas label + anatomical parent/synonym screening",R Amygdala,Not exhaustive. No retrieved effect does not mean no association. Parent/cluster/other-modality evidence cannot establish exact AAL3/FIRST GMV effect.
13,26,L_Accumbens,FIRST,AD,parent_region_extrapolation,see_individual_associations,3,Fjell2010;Ledig2018;Yi2016,"2026-09-08 whole-brain AD/MCI GMV primary/meta tables plus FIRST, frontal, cerebellar, thalamic and brainstem targeted searches; atlas label + anatomical parent/synonym screening",L Accumbens,Not exhaustive. No retrieved effect does not mean no association. Parent/cluster/other-modality evidence cannot establish exact AAL3/FIRST GMV effect.
13,26,L_Accumbens,FIRST,MCI,direct,see_individual_associations,5,Banerjee2025;Fjell2010;Ledig2018;MCI2016;Yi2016,"2026-09-08 whole-brain AD/MCI GMV primary/meta tables plus FIRST, frontal, cerebellar, thalamic and brainstem targeted searches; atlas label + anatomical parent/synonym screening",L Accumbens,Not exhaustive. No retrieved effect does not mean no association. Parent/cluster/other-modality evidence cannot establish exact AAL3/FIRST GMV effect.
14,58,R_Accumbens,FIRST,AD,parent_region_extrapolation,see_individual_associations,3,Fjell2010;Ledig2018;Yi2016,"2026-09-08 whole-brain AD/MCI GMV primary/meta tables plus FIRST, frontal, cerebellar, thalamic and brainstem targeted searches; atlas label + anatomical parent/synonym screening",R Accumbens,Not exhaustive. No retrieved effect does not mean no association. Parent/cluster/other-modality evidence cannot establish exact AAL3/FIRST GMV effect.
14,58,R_Accumbens,FIRST,MCI,direct,mixed_significance_or_measurement,5,Banerjee2025;Fjell2010;Ledig2018;MCI2016;Yi2016,"2026-09-08 whole-brain AD/MCI GMV primary/meta tables plus FIRST, frontal, cerebellar, thalamic and brainstem targeted searches; atlas label + anatomical parent/synonym screening",R Accumbens,Not exhaustive. No retrieved effect does not mean no association. Parent/cluster/other-modality evidence cannot establish exact AAL3/FIRST GMV effect.
0,1,Precentral_L,AAL3,AD,parent_region_extrapolation,see_individual_associations,2,Frontal2026;Ledig2018,"2026-09-08 whole-brain AD/MCI GMV primary/meta tables plus FIRST, frontal, cerebellar, thalamic and brainstem targeted searches; atlas label + anatomical parent/synonym screening",Precentral L,Not exhaustive. No retrieved effect does not mean no association. Parent/cluster/other-modality evidence cannot establish exact AAL3/FIRST GMV effect.
0,1,Precentral_L,AAL3,MCI,parent_region_extrapolation,conflicting_directions,2,Frontal2026;Ledig2018,"2026-09-08 whole-brain AD/MCI GMV primary/meta tables plus FIRST, frontal, cerebellar, thalamic and brainstem targeted searches; atlas label + anatomical parent/synonym screening",Precentral L,Not exhaustive. No retrieved effect does not mean no association. Parent/cluster/other-modality evidence cannot establish exact AAL3/FIRST GMV effect.
1,2,Precentral_R,AAL3,AD,parent_region_extrapolation,see_individual_associations,2,Frontal2026;Ledig2018,"2026-09-08 whole-brain AD/MCI GMV primary/meta tables plus FIRST, frontal, cerebellar, thalamic and brainstem targeted searches; atlas label + anatomical parent/synonym screening",Precentral R,Not exhaustive. No retrieved effect does not mean no association. Parent/cluster/other-modality evidence cannot establish exact AAL3/FIRST GMV effect.
1,2,Precentral_R,AAL3,MCI,parent_region_extrapolation,conflicting_directions,2,Frontal2026;Ledig2018,"2026-09-08 whole-brain AD/MCI GMV primary/meta tables plus FIRST, frontal, cerebellar, thalamic and brainstem targeted searches; atlas label + anatomical parent/synonym screening",Precentral R,Not exhaustive. No retrieved effect does not mean no association. Parent/cluster/other-modality evidence cannot establish exact AAL3/FIRST GMV effect.
2,3,Frontal_Sup_2_L,AAL3,AD,parent_region_extrapolation,mixed_significance_or_measurement,3,Frontal2026;Kang2024;Ledig2018,"2026-09-08 whole-brain AD/MCI GMV primary/meta tables plus FIRST, frontal, cerebellar, thalamic and brainstem targeted searches; atlas label + anatomical parent/synonym screening",Frontal Sup 2 L,Not exhaustive. No retrieved effect does not mean no association. Parent/cluster/other-modality evidence cannot establish exact AAL3/FIRST GMV effect.
2,3,Frontal_Sup_2_L,AAL3,MCI,parent_region_extrapolation,conflicting_directions,3,Frontal2026;Kang2024;Ledig2018,"2026-09-08 whole-brain AD/MCI GMV primary/meta tables plus FIRST, frontal, cerebellar, thalamic and brainstem targeted searches; atlas label + anatomical parent/synonym screening",Frontal Sup 2 L,Not exhaustive. No retrieved effect does not mean no association. Parent/cluster/other-modality evidence cannot establish exact AAL3/FIRST GMV effect.
3,4,Frontal_Sup_2_R,AAL3,AD,parent_region_extrapolation,mixed_significance_or_measurement,3,Frontal2026;Kang2024;Ledig2018,"2026-09-08 whole-brain AD/MCI GMV primary/meta tables plus FIRST, frontal, cerebellar, thalamic and brainstem targeted searches; atlas label + anatomical parent/synonym screening",Frontal Sup 2 R,Not exhaustive. No retrieved effect does not mean no association. Parent/cluster/other-modality evidence cannot establish exact AAL3/FIRST GMV effect.
3,4,Frontal_Sup_2_R,AAL3,MCI,parent_region_extrapolation,conflicting_directions,3,Frontal2026;Kang2024;Ledig2018,"2026-09-08 whole-brain AD/MCI GMV primary/meta tables plus FIRST, frontal, cerebellar, thalamic and brainstem targeted searches; atlas label + anatomical parent/synonym screening",Frontal Sup 2 R,Not exhaustive. No retrieved effect does not mean no association. Parent/cluster/other-modality evidence cannot establish exact AAL3/FIRST GMV effect.
4,5,Frontal_Mid_2_L,AAL3,AD,parent_region_extrapolation,mixed_significance_or_measurement,3,Frontal2026;Kang2024;Ledig2018,"2026-09-08 whole-brain AD/MCI GMV primary/meta tables plus FIRST, frontal, cerebellar, thalamic and brainstem targeted searches; atlas label + anatomical parent/synonym screening",Frontal Mid 2 L,Not exhaustive. No retrieved effect does not mean no association. Parent/cluster/other-modality evidence cannot establish exact AAL3/FIRST GMV effect.
4,5,Frontal_Mid_2_L,AAL3,MCI,parent_region_extrapolation,see_individual_associations,3,Frontal2026;Kang2024;Ledig2018,"2026-09-08 whole-brain AD/MCI GMV primary/meta tables plus FIRST, frontal, cerebellar, thalamic and brainstem targeted searches; atlas label + anatomical parent/synonym screening",Frontal Mid 2 L,Not exhaustive. No retrieved effect does not mean no association. Parent/cluster/other-modality evidence cannot establish exact AAL3/FIRST GMV effect.
5,6,Frontal_Mid_2_R,AAL3,AD,parent_region_extrapolation,mixed_significance_or_measurement,3,Frontal2026;Kang2024;Ledig2018,"2026-09-08 whole-brain AD/MCI GMV primary/meta tables plus FIRST, frontal, cerebellar, thalamic and brainstem targeted searches; atlas label + anatomical parent/synonym screening",Frontal Mid 2 R,Not exhaustive. No retrieved effect does not mean no association. Parent/cluster/other-modality evidence cannot establish exact AAL3/FIRST GMV effect.
5,6,Frontal_Mid_2_R,AAL3,MCI,parent_region_extrapolation,see_individual_associations,3,Frontal2026;Kang2024;Ledig2018,"2026-09-08 whole-brain AD/MCI GMV primary/meta tables plus FIRST, frontal, cerebellar, thalamic and brainstem targeted searches; atlas label + anatomical parent/synonym screening",Frontal Mid 2 R,Not exhaustive. No retrieved effect does not mean no association. Parent/cluster/other-modality evidence cannot establish exact AAL3/FIRST GMV effect.
6,7,Frontal_Inf_Oper_L,AAL3,AD,parent_region_extrapolation,see_individual_associations,4,Frontal2026;Kang2024;Ledig2018;Wang2015,"2026-09-08 whole-brain AD/MCI GMV primary/meta tables plus FIRST, frontal, cerebellar, thalamic and brainstem targeted searches; atlas label + anatomical parent/synonym screening",Frontal Inf Oper L,Not exhaustive. No retrieved effect does not mean no association. Parent/cluster/other-modality evidence cannot establish exact AAL3/FIRST GMV effect.
6,7,Frontal_Inf_Oper_L,AAL3,MCI,direct,conflicting_directions,4,Frontal2026;Kang2024;Ledig2018;MCI2023,"2026-09-08 whole-brain AD/MCI GMV primary/meta tables plus FIRST, frontal, cerebellar, thalamic and brainstem targeted searches; atlas label + anatomical parent/synonym screening",Frontal Inf Oper L,Not exhaustive. No retrieved effect does not mean no association. Parent/cluster/other-modality evidence cannot establish exact AAL3/FIRST GMV effect.
7,8,Frontal_Inf_Oper_R,AAL3,AD,parent_region_extrapolation,see_individual_associations,3,Frontal2026;Kang2024;Ledig2018,"2026-09-08 whole-brain AD/MCI GMV primary/meta tables plus FIRST, frontal, cerebellar, thalamic and brainstem targeted searches; atlas label + anatomical parent/synonym screening",Frontal Inf Oper R,Not exhaustive. No retrieved effect does not mean no association. Parent/cluster/other-modality evidence cannot establish exact AAL3/FIRST GMV effect.
7,8,Frontal_Inf_Oper_R,AAL3,MCI,direct,conflicting_directions,4,Frontal2026;Kang2024;Ledig2018;MCI2023,"2026-09-08 whole-brain AD/MCI GMV primary/meta tables plus FIRST, frontal, cerebellar, thalamic and brainstem targeted searches; atlas label + anatomical parent/synonym screening",Frontal Inf Oper R,Not exhaustive. No retrieved effect does not mean no association. Parent/cluster/other-modality evidence cannot establish exact AAL3/FIRST GMV effect.
8,9,Frontal_Inf_Tri_L,AAL3,AD,parent_region_extrapolation,mixed_significance_or_measurement,4,Frontal2026;Kang2024;Ledig2018;Wang2015,"2026-09-08 whole-brain AD/MCI GMV primary/meta tables plus FIRST, frontal, cerebellar, thalamic and brainstem targeted searches; atlas label + anatomical parent/synonym screening",Frontal Inf Tri L,Not exhaustive. No retrieved effect does not mean no association. Parent/cluster/other-modality evidence cannot establish exact AAL3/FIRST GMV effect.
8,9,Frontal_Inf_Tri_L,AAL3,MCI,parent_region_extrapolation,see_individual_associations,3,Frontal2026;Kang2024;Ledig2018,"2026-09-08 whole-brain AD/MCI GMV primary/meta tables plus FIRST, frontal, cerebellar, thalamic and brainstem targeted searches; atlas label + anatomical parent/synonym screening",Frontal Inf Tri L,Not exhaustive. No retrieved effect does not mean no association. Parent/cluster/other-modality evidence cannot establish exact AAL3/FIRST GMV effect.
9,10,Frontal_Inf_Tri_R,AAL3,AD,parent_region_extrapolation,mixed_significance_or_measurement,3,Frontal2026;Kang2024;Ledig2018,"2026-09-08 whole-brain AD/MCI GMV primary/meta tables plus FIRST, frontal, cerebellar, thalamic and brainstem targeted searches; atlas label + anatomical parent/synonym screening",Frontal Inf Tri R,Not exhaustive. No retrieved effect does not mean no association. Parent/cluster/other-modality evidence cannot establish exact AAL3/FIRST GMV effect.
9,10,Frontal_Inf_Tri_R,AAL3,MCI,parent_region_extrapolation,see_individual_associations,3,Frontal2026;Kang2024;Ledig2018,"2026-09-08 whole-brain AD/MCI GMV primary/meta tables plus FIRST, frontal, cerebellar, thalamic and brainstem targeted searches; atlas label + anatomical parent/synonym screening",Frontal Inf Tri R,Not exhaustive. No retrieved effect does not mean no association. Parent/cluster/other-modality evidence cannot establish exact AAL3/FIRST GMV effect.
10,11,Frontal_Inf_Orb_2_L,AAL3,AD,parent_region_extrapolation,see_individual_associations,4,Frontal2026;Kang2024;Ledig2018;Wang2015,"2026-09-08 whole-brain AD/MCI GMV primary/meta tables plus FIRST, frontal, cerebellar, thalamic and brainstem targeted searches; atlas label + anatomical parent/synonym screening",Frontal Inf Orb 2 L,Not exhaustive. No retrieved effect does not mean no association. Parent/cluster/other-modality evidence cannot establish exact AAL3/FIRST GMV effect.
10,11,Frontal_Inf_Orb_2_L,AAL3,MCI,direct,conflicting_directions,4,Frontal2026;Kang2024;Ledig2018;MCI2023,"2026-09-08 whole-brain AD/MCI GMV primary/meta tables plus FIRST, frontal, cerebellar, thalamic and brainstem targeted searches; atlas label + anatomical parent/synonym screening",Frontal Inf Orb 2 L,Not exhaustive. No retrieved effect does not mean no association. Parent/cluster/other-modality evidence cannot establish exact AAL3/FIRST GMV effect.
11,12,Frontal_Inf_Orb_2_R,AAL3,AD,parent_region_extrapolation,see_individual_associations,3,Frontal2026;Kang2024;Ledig2018,"2026-09-08 whole-brain AD/MCI GMV primary/meta tables plus FIRST, frontal, cerebellar, thalamic and brainstem targeted searches; atlas label + anatomical parent/synonym screening",Frontal Inf Orb 2 R,Not exhaustive. No retrieved effect does not mean no association. Parent/cluster/other-modality evidence cannot establish exact AAL3/FIRST GMV effect.
11,12,Frontal_Inf_Orb_2_R,AAL3,MCI,parent_region_extrapolation,conflicting_directions,3,Frontal2026;Kang2024;Ledig2018,"2026-09-08 whole-brain AD/MCI GMV primary/meta tables plus FIRST, frontal, cerebellar, thalamic and brainstem targeted searches; atlas label + anatomical parent/synonym screening",Frontal Inf Orb 2 R,Not exhaustive. No retrieved effect does not mean no association. Parent/cluster/other-modality evidence cannot establish exact AAL3/FIRST GMV effect.
12,13,Rolandic_Oper_L,AAL3,AD,direct,mixed_significance_or_measurement,2,Ledig2018;Wang2015,"2026-09-08 whole-brain AD/MCI GMV primary/meta tables plus FIRST, frontal, cerebellar, thalamic and brainstem targeted searches; atlas label + anatomical parent/synonym screening",Rolandic Oper L,Not exhaustive. No retrieved effect does not mean no association. Parent/cluster/other-modality evidence cannot establish exact AAL3/FIRST GMV effect.
12,13,Rolandic_Oper_L,AAL3,MCI,direct,see_individual_associations,2,Ledig2018;MCI2023,"2026-09-08 whole-brain AD/MCI GMV primary/meta tables plus FIRST, frontal, cerebellar, thalamic and brainstem targeted searches; atlas label + anatomical parent/synonym screening",Rolandic Oper L,Not exhaustive. No retrieved effect does not mean no association. Parent/cluster/other-modality evidence cannot establish exact AAL3/FIRST GMV effect.
13,14,Rolandic_Oper_R,AAL3,AD,direct,mixed_significance_or_measurement,2,Ledig2018;Wang2015,"2026-09-08 whole-brain AD/MCI GMV primary/meta tables plus FIRST, frontal, cerebellar, thalamic and brainstem targeted searches; atlas label + anatomical parent/synonym screening",Rolandic Oper R,Not exhaustive. No retrieved effect does not mean no association. Parent/cluster/other-modality evidence cannot establish exact AAL3/FIRST GMV effect.
13,14,Rolandic_Oper_R,AAL3,MCI,direct,see_individual_associations,2,Ledig2018;MCI2023,"2026-09-08 whole-brain AD/MCI GMV primary/meta tables plus FIRST, frontal, cerebellar, thalamic and brainstem targeted searches; atlas label + anatomical parent/synonym screening",Rolandic Oper R,Not exhaustive. No retrieved effect does not mean no association. Parent/cluster/other-modality evidence cannot establish exact AAL3/FIRST GMV effect.
14,15,Supp_Motor_Area_L,AAL3,AD,parent_region_extrapolation,see_individual_associations,3,Frontal2026;Kang2024;Ledig2018,"2026-09-08 whole-brain AD/MCI GMV primary/meta tables plus FIRST, frontal, cerebellar, thalamic and brainstem targeted searches; atlas label + anatomical parent/synonym screening",Supp Motor Area L,Not exhaustive. No retrieved effect does not mean no association. Parent/cluster/other-modality evidence cannot establish exact AAL3/FIRST GMV effect.
14,15,Supp_Motor_Area_L,AAL3,MCI,parent_region_extrapolation,conflicting_directions,3,Frontal2026;Kang2024;Ledig2018,"2026-09-08 whole-brain AD/MCI GMV primary/meta tables plus FIRST, frontal, cerebellar, thalamic and brainstem targeted searches; atlas label + anatomical parent/synonym screening",Supp Motor Area L,Not exhaustive. No retrieved effect does not mean no association. Parent/cluster/other-modality evidence cannot establish exact AAL3/FIRST GMV effect.
15,16,Supp_Motor_Area_R,AAL3,AD,parent_region_extrapolation,see_individual_associations,3,Frontal2026;Kang2024;Ledig2018,"2026-09-08 whole-brain AD/MCI GMV primary/meta tables plus FIRST, frontal, cerebellar, thalamic and brainstem targeted searches; atlas label + anatomical parent/synonym screening",Supp Motor Area R,Not exhaustive. No retrieved effect does not mean no association. Parent/cluster/other-modality evidence cannot establish exact AAL3/FIRST GMV effect.
15,16,Supp_Motor_Area_R,AAL3,MCI,parent_region_extrapolation,conflicting_directions,3,Frontal2026;Kang2024;Ledig2018,"2026-09-08 whole-brain AD/MCI GMV primary/meta tables plus FIRST, frontal, cerebellar, thalamic and brainstem targeted searches; atlas label + anatomical parent/synonym screening",Supp Motor Area R,Not exhaustive. No retrieved effect does not mean no association. Parent/cluster/other-modality evidence cannot establish exact AAL3/FIRST GMV effect.
16,17,Olfactory_L,AAL3,AD,direct,see_individual_associations,2,Olfactory2025,"2026-09-08 whole-brain AD/MCI GMV primary/meta tables plus FIRST, frontal, cerebellar, thalamic and brainstem targeted searches; atlas label + anatomical parent/synonym screening",Olfactory L,Not exhaustive. No retrieved effect does not mean no association. Parent/cluster/other-modality evidence cannot establish exact AAL3/FIRST GMV effect.
16,17,Olfactory_L,AAL3,MCI,direct,see_individual_associations,3,MCI2023;Olfactory2025,"2026-09-08 whole-brain AD/MCI GMV primary/meta tables plus FIRST, frontal, cerebellar, thalamic and brainstem targeted searches; atlas label + anatomical parent/synonym screening",Olfactory L,Not exhaustive. No retrieved effect does not mean no association. Parent/cluster/other-modality evidence cannot establish exact AAL3/FIRST GMV effect.
17,18,Olfactory_R,AAL3,AD,direct,see_individual_associations,2,Olfactory2025,"2026-09-08 whole-brain AD/MCI GMV primary/meta tables plus FIRST, frontal, cerebellar, thalamic and brainstem targeted searches; atlas label + anatomical parent/synonym screening",Olfactory R,Not exhaustive. No retrieved effect does not mean no association. Parent/cluster/other-modality evidence cannot establish exact AAL3/FIRST GMV effect.
17,18,Olfactory_R,AAL3,MCI,direct,see_individual_associations,3,MCI2023;Olfactory2025,"2026-09-08 whole-brain AD/MCI GMV primary/meta tables plus FIRST, frontal, cerebellar, thalamic and brainstem targeted searches; atlas label + anatomical parent/synonym screening",Olfactory R,Not exhaustive. No retrieved effect does not mean no association. Parent/cluster/other-modality evidence cannot establish exact AAL3/FIRST GMV effect.
18,19,Frontal_Sup_Medial_L,AAL3,AD,parent_region_extrapolation,see_individual_associations,3,Frontal2026;Kang2024;Ledig2018,"2026-09-08 whole-brain AD/MCI GMV primary/meta tables plus FIRST, frontal, cerebellar, thalamic and brainstem targeted searches; atlas label + anatomical parent/synonym screening",Frontal Sup Medial L,Not exhaustive. No retrieved effect does not mean no association. Parent/cluster/other-modality evidence cannot establish exact AAL3/FIRST GMV effect.
18,19,Frontal_Sup_Medial_L,AAL3,MCI,parent_region_extrapolation,see_individual_associations,3,Frontal2026;Kang2024;Ledig2018,"2026-09-08 whole-brain AD/MCI GMV primary/meta tables plus FIRST, frontal, cerebellar, thalamic and brainstem targeted searches; atlas label + anatomical parent/synonym screening",Frontal Sup Medial L,Not exhaustive. No retrieved effect does not mean no association. Parent/cluster/other-modality evidence cannot establish exact AAL3/FIRST GMV effect.
19,20,Frontal_Sup_Medial_R,AAL3,AD,parent_region_extrapolation,see_individual_associations,3,Frontal2026;Kang2024;Ledig2018,"2026-09-08 whole-brain AD/MCI GMV primary/meta tables plus FIRST, frontal, cerebellar, thalamic and brainstem targeted searches; atlas label + anatomical parent/synonym screening",Frontal Sup Medial R,Not exhaustive. No retrieved effect does not mean no association. Parent/cluster/other-modality evidence cannot establish exact AAL3/FIRST GMV effect.
19,20,Frontal_Sup_Medial_R,AAL3,MCI,parent_region_extrapolation,see_individual_associations,3,Frontal2026;Kang2024;Ledig2018,"2026-09-08 whole-brain AD/MCI GMV primary/meta tables plus FIRST, frontal, cerebellar, thalamic and brainstem targeted searches; atlas label + anatomical parent/synonym screening",Frontal Sup Medial R,Not exhaustive. No retrieved effect does not mean no association. Parent/cluster/other-modality evidence cannot establish exact AAL3/FIRST GMV effect.
20,21,Frontal_Med_Orb_L,AAL3,AD,direct,see_individual_associations,2,Kang2024;Wang2015,"2026-09-08 whole-brain AD/MCI GMV primary/meta tables plus FIRST, frontal, cerebellar, thalamic and brainstem targeted searches; atlas label + anatomical parent/synonym screening",Frontal Med Orb L,Not exhaustive. No retrieved effect does not mean no association. Parent/cluster/other-modality evidence cannot establish exact AAL3/FIRST GMV effect.
20,21,Frontal_Med_Orb_L,AAL3,MCI,direct,see_individual_associations,2,Kang2024;MCI2023,"2026-09-08 whole-brain AD/MCI GMV primary/meta tables plus FIRST, frontal, cerebellar, thalamic and brainstem targeted searches; atlas label + anatomical parent/synonym screening",Frontal Med Orb L,Not exhaustive. No retrieved effect does not mean no association. Parent/cluster/other-modality evidence cannot establish exact AAL3/FIRST GMV effect.
21,22,Frontal_Med_Orb_R,AAL3,AD,direct,see_individual_associations,2,Kang2024;Wang2015,"2026-09-08 whole-brain AD/MCI GMV primary/meta tables plus FIRST, frontal, cerebellar, thalamic and brainstem targeted searches; atlas label + anatomical parent/synonym screening",Frontal Med Orb R,Not exhaustive. No retrieved effect does not mean no association. Parent/cluster/other-modality evidence cannot establish exact AAL3/FIRST GMV effect.
21,22,Frontal_Med_Orb_R,AAL3,MCI,direct,see_individual_associations,2,Kang2024;MCI2023,"2026-09-08 whole-brain AD/MCI GMV primary/meta tables plus FIRST, frontal, cerebellar, thalamic and brainstem targeted searches; atlas label + anatomical parent/synonym screening",Frontal Med Orb R,Not exhaustive. No retrieved effect does not mean no association. Parent/cluster/other-modality evidence cannot establish exact AAL3/FIRST GMV effect.
22,23,Rectus_L,AAL3,AD,direct,mixed_significance_or_measurement,4,Frontal2026;Kang2024;Ledig2018;Wang2015,"2026-09-08 whole-brain AD/MCI GMV primary/meta tables plus FIRST, frontal, cerebellar, thalamic and brainstem targeted searches; atlas label + anatomical parent/synonym screening",Rectus L,Not exhaustive. No retrieved effect does not mean no association. Parent/cluster/other-modality evidence cannot establish exact AAL3/FIRST GMV effect.
22,23,Rectus_L,AAL3,MCI,parent_region_extrapolation,conflicting_directions,3,Frontal2026;Kang2024;Ledig2018,"2026-09-08 whole-brain AD/MCI GMV primary/meta tables plus FIRST, frontal, cerebellar, thalamic and brainstem targeted searches; atlas label + anatomical parent/synonym screening",Rectus L,Not exhaustive. No retrieved effect does not mean no association. Parent/cluster/other-modality evidence cannot establish exact AAL3/FIRST GMV effect.
23,24,Rectus_R,AAL3,AD,direct,mixed_significance_or_measurement,4,Frontal2026;Kang2024;Ledig2018;Wang2015,"2026-09-08 whole-brain AD/MCI GMV primary/meta tables plus FIRST, frontal, cerebellar, thalamic and brainstem targeted searches; atlas label + anatomical parent/synonym screening",Rectus R,Not exhaustive. No retrieved effect does not mean no association. Parent/cluster/other-modality evidence cannot establish exact AAL3/FIRST GMV effect.
23,24,Rectus_R,AAL3,MCI,parent_region_extrapolation,conflicting_directions,3,Frontal2026;Kang2024;Ledig2018,"2026-09-08 whole-brain AD/MCI GMV primary/meta tables plus FIRST, frontal, cerebellar, thalamic and brainstem targeted searches; atlas label + anatomical parent/synonym screening",Rectus R,Not exhaustive. No retrieved effect does not mean no association. Parent/cluster/other-modality evidence cannot establish exact AAL3/FIRST GMV effect.
24,25,OFCmed_L,AAL3,AD,parent_region_extrapolation,see_individual_associations,3,Frontal2026;Kang2024;Ledig2018,"2026-09-08 whole-brain AD/MCI GMV primary/meta tables plus FIRST, frontal, cerebellar, thalamic and brainstem targeted searches; atlas label + anatomical parent/synonym screening",OFCmed L,Not exhaustive. No retrieved effect does not mean no association. Parent/cluster/other-modality evidence cannot establish exact AAL3/FIRST GMV effect.
24,25,OFCmed_L,AAL3,MCI,parent_region_extrapolation,conflicting_directions,3,Frontal2026;Kang2024;Ledig2018,"2026-09-08 whole-brain AD/MCI GMV primary/meta tables plus FIRST, frontal, cerebellar, thalamic and brainstem targeted searches; atlas label + anatomical parent/synonym screening",OFCmed L,Not exhaustive. No retrieved effect does not mean no association. Parent/cluster/other-modality evidence cannot establish exact AAL3/FIRST GMV effect.
25,26,OFCmed_R,AAL3,AD,parent_region_extrapolation,see_individual_associations,3,Frontal2026;Kang2024;Ledig2018,"2026-09-08 whole-brain AD/MCI GMV primary/meta tables plus FIRST, frontal, cerebellar, thalamic and brainstem targeted searches; atlas label + anatomical parent/synonym screening",OFCmed R,Not exhaustive. No retrieved effect does not mean no association. Parent/cluster/other-modality evidence cannot establish exact AAL3/FIRST GMV effect.
25,26,OFCmed_R,AAL3,MCI,parent_region_extrapolation,conflicting_directions,3,Frontal2026;Kang2024;Ledig2018,"2026-09-08 whole-brain AD/MCI GMV primary/meta tables plus FIRST, frontal, cerebellar, thalamic and brainstem targeted searches; atlas label + anatomical parent/synonym screening",OFCmed R,Not exhaustive. No retrieved effect does not mean no association. Parent/cluster/other-modality evidence cannot establish exact AAL3/FIRST GMV effect.
26,27,OFCant_L,AAL3,AD,parent_region_extrapolation,see_individual_associations,3,Frontal2026;Kang2024;Ledig2018,"2026-09-08 whole-brain AD/MCI GMV primary/meta tables plus FIRST, frontal, cerebellar, thalamic and brainstem targeted searches; atlas label + anatomical parent/synonym screening",OFCant L,Not exhaustive. No retrieved effect does not mean no association. Parent/cluster/other-modality evidence cannot establish exact AAL3/FIRST GMV effect.
26,27,OFCant_L,AAL3,MCI,parent_region_extrapolation,conflicting_directions,3,Frontal2026;Kang2024;Ledig2018,"2026-09-08 whole-brain AD/MCI GMV primary/meta tables plus FIRST, frontal, cerebellar, thalamic and brainstem targeted searches; atlas label + anatomical parent/synonym screening",OFCant L,Not exhaustive. No retrieved effect does not mean no association. Parent/cluster/other-modality evidence cannot establish exact AAL3/FIRST GMV effect.
27,28,OFCant_R,AAL3,AD,parent_region_extrapolation,see_individual_associations,3,Frontal2026;Kang2024;Ledig2018,"2026-09-08 whole-brain AD/MCI GMV primary/meta tables plus FIRST, frontal, cerebellar, thalamic and brainstem targeted searches; atlas label + anatomical parent/synonym screening",OFCant R,Not exhaustive. No retrieved effect does not mean no association. Parent/cluster/other-modality evidence cannot establish exact AAL3/FIRST GMV effect.
27,28,OFCant_R,AAL3,MCI,parent_region_extrapolation,conflicting_directions,3,Frontal2026;Kang2024;Ledig2018,"2026-09-08 whole-brain AD/MCI GMV primary/meta tables plus FIRST, frontal, cerebellar, thalamic and brainstem targeted searches; atlas label + anatomical parent/synonym screening",OFCant R,Not exhaustive. No retrieved effect does not mean no association. Parent/cluster/other-modality evidence cannot establish exact AAL3/FIRST GMV effect.
28,29,OFCpost_L,AAL3,AD,parent_region_extrapolation,mixed_significance_or_measurement,3,Frontal2026;Kang2024;Ledig2018,"2026-09-08 whole-brain AD/MCI GMV primary/meta tables plus FIRST, frontal, cerebellar, thalamic and brainstem targeted searches; atlas label + anatomical parent/synonym screening",OFCpost L,Not exhaustive. No retrieved effect does not mean no association. Parent/cluster/other-modality evidence cannot establish exact AAL3/FIRST GMV effect.
28,29,OFCpost_L,AAL3,MCI,parent_region_extrapolation,see_individual_associations,3,Frontal2026;Kang2024;Ledig2018,"2026-09-08 whole-brain AD/MCI GMV primary/meta tables plus FIRST, frontal, cerebellar, thalamic and brainstem targeted searches; atlas label + anatomical parent/synonym screening",OFCpost L,Not exhaustive. No retrieved effect does not mean no association. Parent/cluster/other-modality evidence cannot establish exact AAL3/FIRST GMV effect.
29,30,OFCpost_R,AAL3,AD,parent_region_extrapolation,mixed_significance_or_measurement,3,Frontal2026;Kang2024;Ledig2018,"2026-09-08 whole-brain AD/MCI GMV primary/meta tables plus FIRST, frontal, cerebellar, thalamic and brainstem targeted searches; atlas label + anatomical parent/synonym screening",OFCpost R,Not exhaustive. No retrieved effect does not mean no association. Parent/cluster/other-modality evidence cannot establish exact AAL3/FIRST GMV effect.
29,30,OFCpost_R,AAL3,MCI,parent_region_extrapolation,see_individual_associations,3,Frontal2026;Kang2024;Ledig2018,"2026-09-08 whole-brain AD/MCI GMV primary/meta tables plus FIRST, frontal, cerebellar, thalamic and brainstem targeted searches; atlas label + anatomical parent/synonym screening",OFCpost R,Not exhaustive. No retrieved effect does not mean no association. Parent/cluster/other-modality evidence cannot establish exact AAL3/FIRST GMV effect.
30,31,OFClat_L,AAL3,AD,parent_region_extrapolation,see_individual_associations,3,Frontal2026;Kang2024;Ledig2018,"2026-09-08 whole-brain AD/MCI GMV primary/meta tables plus FIRST, frontal, cerebellar, thalamic and brainstem targeted searches; atlas label + anatomical parent/synonym screening",OFClat L,Not exhaustive. No retrieved effect does not mean no association. Parent/cluster/other-modality evidence cannot establish exact AAL3/FIRST GMV effect.
30,31,OFClat_L,AAL3,MCI,parent_region_extrapolation,see_individual_associations,3,Frontal2026;Kang2024;Ledig2018,"2026-09-08 whole-brain AD/MCI GMV primary/meta tables plus FIRST, frontal, cerebellar, thalamic and brainstem targeted searches; atlas label + anatomical parent/synonym screening",OFClat L,Not exhaustive. No retrieved effect does not mean no association. Parent/cluster/other-modality evidence cannot establish exact AAL3/FIRST GMV effect.
31,32,OFClat_R,AAL3,AD,parent_region_extrapolation,see_individual_associations,3,Frontal2026;Kang2024;Ledig2018,"2026-09-08 whole-brain AD/MCI GMV primary/meta tables plus FIRST, frontal, cerebellar, thalamic and brainstem targeted searches; atlas label + anatomical parent/synonym screening",OFClat R,Not exhaustive. No retrieved effect does not mean no association. Parent/cluster/other-modality evidence cannot establish exact AAL3/FIRST GMV effect.
31,32,OFClat_R,AAL3,MCI,parent_region_extrapolation,see_individual_associations,3,Frontal2026;Kang2024;Ledig2018,"2026-09-08 whole-brain AD/MCI GMV primary/meta tables plus FIRST, frontal, cerebellar, thalamic and brainstem targeted searches; atlas label + anatomical parent/synonym screening",OFClat R,Not exhaustive. No retrieved effect does not mean no association. Parent/cluster/other-modality evidence cannot establish exact AAL3/FIRST GMV effect.
32,33,Insula_L,AAL3,AD,direct,see_individual_associations,3,Ledig2018;Wang2015,"2026-09-08 whole-brain AD/MCI GMV primary/meta tables plus FIRST, frontal, cerebellar, thalamic and brainstem targeted searches; atlas label + anatomical parent/synonym screening",Insula L,Not exhaustive. No retrieved effect does not mean no association. Parent/cluster/other-modality evidence cannot establish exact AAL3/FIRST GMV effect.
32,33,Insula_L,AAL3,MCI,direct,see_individual_associations,3,Ledig2018;MCI2023,"2026-09-08 whole-brain AD/MCI GMV primary/meta tables plus FIRST, frontal, cerebellar, thalamic and brainstem targeted searches; atlas label + anatomical parent/synonym screening",Insula L,Not exhaustive. No retrieved effect does not mean no association. Parent/cluster/other-modality evidence cannot establish exact AAL3/FIRST GMV effect.
33,34,Insula_R,AAL3,AD,direct,see_individual_associations,3,Ledig2018;Wang2015,"2026-09-08 whole-brain AD/MCI GMV primary/meta tables plus FIRST, frontal, cerebellar, thalamic and brainstem targeted searches; atlas label + anatomical parent/synonym screening",Insula R,Not exhaustive. No retrieved effect does not mean no association. Parent/cluster/other-modality evidence cannot establish exact AAL3/FIRST GMV effect.
33,34,Insula_R,AAL3,MCI,direct,see_individual_associations,3,Ledig2018;MCI2023,"2026-09-08 whole-brain AD/MCI GMV primary/meta tables plus FIRST, frontal, cerebellar, thalamic and brainstem targeted searches; atlas label + anatomical parent/synonym screening",Insula R,Not exhaustive. No retrieved effect does not mean no association. Parent/cluster/other-modality evidence cannot establish exact AAL3/FIRST GMV effect.
34,37,Cingulate_Mid_L,AAL3,AD,direct,conflicting_directions,2,Ledig2018;Wang2015,"2026-09-08 whole-brain AD/MCI GMV primary/meta tables plus FIRST, frontal, cerebellar, thalamic and brainstem targeted searches; atlas label + anatomical parent/synonym screening",Cingulate Mid L,Not exhaustive. No retrieved effect does not mean no association. Parent/cluster/other-modality evidence cannot establish exact AAL3/FIRST GMV effect.
34,37,Cingulate_Mid_L,AAL3,MCI,direct,conflicting_directions,2,Ledig2018;MCI2023,"2026-09-08 whole-brain AD/MCI GMV primary/meta tables plus FIRST, frontal, cerebellar, thalamic and brainstem targeted searches; atlas label + anatomical parent/synonym screening",Cingulate Mid L,Not exhaustive. No retrieved effect does not mean no association. Parent/cluster/other-modality evidence cannot establish exact AAL3/FIRST GMV effect.
35,38,Cingulate_Mid_R,AAL3,AD,direct,conflicting_directions,2,Ledig2018;Wang2015,"2026-09-08 whole-brain AD/MCI GMV primary/meta tables plus FIRST, frontal, cerebellar, thalamic and brainstem targeted searches; atlas label + anatomical parent/synonym screening",Cingulate Mid R,Not exhaustive. No retrieved effect does not mean no association. Parent/cluster/other-modality evidence cannot establish exact AAL3/FIRST GMV effect.
35,38,Cingulate_Mid_R,AAL3,MCI,direct,conflicting_directions,2,Ledig2018;MCI2023,"2026-09-08 whole-brain AD/MCI GMV primary/meta tables plus FIRST, frontal, cerebellar, thalamic and brainstem targeted searches; atlas label + anatomical parent/synonym screening",Cingulate Mid R,Not exhaustive. No retrieved effect does not mean no association. Parent/cluster/other-modality evidence cannot establish exact AAL3/FIRST GMV effect.
36,39,Cingulate_Post_L,AAL3,AD,direct,see_individual_associations,2,Ledig2018;Wang2015,"2026-09-08 whole-brain AD/MCI GMV primary/meta tables plus FIRST, frontal, cerebellar, thalamic and brainstem targeted searches; atlas label + anatomical parent/synonym screening",Cingulate Post L,Not exhaustive. No retrieved effect does not mean no association. Parent/cluster/other-modality evidence cannot establish exact AAL3/FIRST GMV effect.
36,39,Cingulate_Post_L,AAL3,MCI,direct,see_individual_associations,2,Ledig2018;MCI2023,"2026-09-08 whole-brain AD/MCI GMV primary/meta tables plus FIRST, frontal, cerebellar, thalamic and brainstem targeted searches; atlas label + anatomical parent/synonym screening",Cingulate Post L,Not exhaustive. No retrieved effect does not mean no association. Parent/cluster/other-modality evidence cannot establish exact AAL3/FIRST GMV effect.
37,40,Cingulate_Post_R,AAL3,AD,direct,see_individual_associations,2,Ledig2018;Wang2015,"2026-09-08 whole-brain AD/MCI GMV primary/meta tables plus FIRST, frontal, cerebellar, thalamic and brainstem targeted searches; atlas label + anatomical parent/synonym screening",Cingulate Post R,Not exhaustive. No retrieved effect does not mean no association. Parent/cluster/other-modality evidence cannot establish exact AAL3/FIRST GMV effect.
37,40,Cingulate_Post_R,AAL3,MCI,direct,see_individual_associations,2,Ledig2018;MCI2023,"2026-09-08 whole-brain AD/MCI GMV primary/meta tables plus FIRST, frontal, cerebellar, thalamic and brainstem targeted searches; atlas label + anatomical parent/synonym screening",Cingulate Post R,Not exhaustive. No retrieved effect does not mean no association. Parent/cluster/other-modality evidence cannot establish exact AAL3/FIRST GMV effect.
38,41,Hippocampus_L,AAL3,AD,direct,see_individual_associations,5,Fjell2010;Ledig2018;Wang2015;Yi2016,"2026-09-08 whole-brain AD/MCI GMV primary/meta tables plus FIRST, frontal, cerebellar, thalamic and brainstem targeted searches; atlas label + anatomical parent/synonym screening",Hippocampus L,Not exhaustive. No retrieved effect does not mean no association. Parent/cluster/other-modality evidence cannot establish exact AAL3/FIRST GMV effect.
38,41,Hippocampus_L,AAL3,MCI,direct,see_individual_associations,6,Fjell2010;Ledig2018;MCI2016;MCI2023;Yi2016,"2026-09-08 whole-brain AD/MCI GMV primary/meta tables plus FIRST, frontal, cerebellar, thalamic and brainstem targeted searches; atlas label + anatomical parent/synonym screening",Hippocampus L,Not exhaustive. No retrieved effect does not mean no association. Parent/cluster/other-modality evidence cannot establish exact AAL3/FIRST GMV effect.
39,42,Hippocampus_R,AAL3,AD,direct,see_individual_associations,5,Fjell2010;Ledig2018;Wang2015;Yi2016,"2026-09-08 whole-brain AD/MCI GMV primary/meta tables plus FIRST, frontal, cerebellar, thalamic and brainstem targeted searches; atlas label + anatomical parent/synonym screening",Hippocampus R,Not exhaustive. No retrieved effect does not mean no association. Parent/cluster/other-modality evidence cannot establish exact AAL3/FIRST GMV effect.
39,42,Hippocampus_R,AAL3,MCI,direct,see_individual_associations,6,Fjell2010;Ledig2018;MCI2016;MCI2023;Yi2016,"2026-09-08 whole-brain AD/MCI GMV primary/meta tables plus FIRST, frontal, cerebellar, thalamic and brainstem targeted searches; atlas label + anatomical parent/synonym screening",Hippocampus R,Not exhaustive. No retrieved effect does not mean no association. Parent/cluster/other-modality evidence cannot establish exact AAL3/FIRST GMV effect.
40,43,ParaHippocampal_L,AAL3,AD,direct,see_individual_associations,3,Kang2024;Ledig2018;Wang2015,"2026-09-08 whole-brain AD/MCI GMV primary/meta tables plus FIRST, frontal, cerebellar, thalamic and brainstem targeted searches; atlas label + anatomical parent/synonym screening",ParaHippocampal L,Not exhaustive. No retrieved effect does not mean no association. Parent/cluster/other-modality evidence cannot establish exact AAL3/FIRST GMV effect.
40,43,ParaHippocampal_L,AAL3,MCI,direct,see_individual_associations,3,Kang2024;Ledig2018;MCI2023,"2026-09-08 whole-brain AD/MCI GMV primary/meta tables plus FIRST, frontal, cerebellar, thalamic and brainstem targeted searches; atlas label + anatomical parent/synonym screening",ParaHippocampal L,Not exhaustive. No retrieved effect does not mean no association. Parent/cluster/other-modality evidence cannot establish exact AAL3/FIRST GMV effect.
41,44,ParaHippocampal_R,AAL3,AD,direct,see_individual_associations,3,Kang2024;Ledig2018;Wang2015,"2026-09-08 whole-brain AD/MCI GMV primary/meta tables plus FIRST, frontal, cerebellar, thalamic and brainstem targeted searches; atlas label + anatomical parent/synonym screening",ParaHippocampal R,Not exhaustive. No retrieved effect does not mean no association. Parent/cluster/other-modality evidence cannot establish exact AAL3/FIRST GMV effect.
41,44,ParaHippocampal_R,AAL3,MCI,direct,see_individual_associations,3,Kang2024;Ledig2018;MCI2023,"2026-09-08 whole-brain AD/MCI GMV primary/meta tables plus FIRST, frontal, cerebellar, thalamic and brainstem targeted searches; atlas label + anatomical parent/synonym screening",ParaHippocampal R,Not exhaustive. No retrieved effect does not mean no association. Parent/cluster/other-modality evidence cannot establish exact AAL3/FIRST GMV effect.
42,45,Amygdala_L,AAL3,AD,direct,see_individual_associations,4,Fjell2010;Ledig2018;Yi2016,"2026-09-08 whole-brain AD/MCI GMV primary/meta tables plus FIRST, frontal, cerebellar, thalamic and brainstem targeted searches; atlas label + anatomical parent/synonym screening",Amygdala L,Not exhaustive. No retrieved effect does not mean no association. Parent/cluster/other-modality evidence cannot establish exact AAL3/FIRST GMV effect.
42,45,Amygdala_L,AAL3,MCI,direct,mixed_significance_or_measurement,6,Fjell2010;Ledig2018;MCI2016;MCI2023;Yi2016,"2026-09-08 whole-brain AD/MCI GMV primary/meta tables plus FIRST, frontal, cerebellar, thalamic and brainstem targeted searches; atlas label + anatomical parent/synonym screening",Amygdala L,Not exhaustive. No retrieved effect does not mean no association. Parent/cluster/other-modality evidence cannot establish exact AAL3/FIRST GMV effect.
43,46,Amygdala_R,AAL3,AD,direct,see_individual_associations,4,Fjell2010;Ledig2018;Yi2016,"2026-09-08 whole-brain AD/MCI GMV primary/meta tables plus FIRST, frontal, cerebellar, thalamic and brainstem targeted searches; atlas label + anatomical parent/synonym screening",Amygdala R,Not exhaustive. No retrieved effect does not mean no association. Parent/cluster/other-modality evidence cannot establish exact AAL3/FIRST GMV effect.
43,46,Amygdala_R,AAL3,MCI,direct,see_individual_associations,6,Fjell2010;Ledig2018;MCI2016;MCI2023;Yi2016,"2026-09-08 whole-brain AD/MCI GMV primary/meta tables plus FIRST, frontal, cerebellar, thalamic and brainstem targeted searches; atlas label + anatomical parent/synonym screening",Amygdala R,Not exhaustive. No retrieved effect does not mean no association. Parent/cluster/other-modality evidence cannot establish exact AAL3/FIRST GMV effect.
44,47,Calcarine_L,AAL3,AD,parent_region_extrapolation,conflicting_directions,2,Kang2024;Ledig2018,"2026-09-08 whole-brain AD/MCI GMV primary/meta tables plus FIRST, frontal, cerebellar, thalamic and brainstem targeted searches; atlas label + anatomical parent/synonym screening",Calcarine L,Not exhaustive. No retrieved effect does not mean no association. Parent/cluster/other-modality evidence cannot establish exact AAL3/FIRST GMV effect.
44,47,Calcarine_L,AAL3,MCI,parent_region_extrapolation,conflicting_directions,2,Kang2024;Ledig2018,"2026-09-08 whole-brain AD/MCI GMV primary/meta tables plus FIRST, frontal, cerebellar, thalamic and brainstem targeted searches; atlas label + anatomical parent/synonym screening",Calcarine L,Not exhaustive. No retrieved effect does not mean no association. Parent/cluster/other-modality evidence cannot establish exact AAL3/FIRST GMV effect.
45,48,Calcarine_R,AAL3,AD,parent_region_extrapolation,conflicting_directions,2,Kang2024;Ledig2018,"2026-09-08 whole-brain AD/MCI GMV primary/meta tables plus FIRST, frontal, cerebellar, thalamic and brainstem targeted searches; atlas label + anatomical parent/synonym screening",Calcarine R,Not exhaustive. No retrieved effect does not mean no association. Parent/cluster/other-modality evidence cannot establish exact AAL3/FIRST GMV effect.
45,48,Calcarine_R,AAL3,MCI,parent_region_extrapolation,conflicting_directions,2,Kang2024;Ledig2018,"2026-09-08 whole-brain AD/MCI GMV primary/meta tables plus FIRST, frontal, cerebellar, thalamic and brainstem targeted searches; atlas label + anatomical parent/synonym screening",Calcarine R,Not exhaustive. No retrieved effect does not mean no association. Parent/cluster/other-modality evidence cannot establish exact AAL3/FIRST GMV effect.
46,49,Cuneus_L,AAL3,AD,parent_region_extrapolation,conflicting_directions,2,Kang2024;Ledig2018,"2026-09-08 whole-brain AD/MCI GMV primary/meta tables plus FIRST, frontal, cerebellar, thalamic and brainstem targeted searches; atlas label + anatomical parent/synonym screening",Cuneus L,Not exhaustive. No retrieved effect does not mean no association. Parent/cluster/other-modality evidence cannot establish exact AAL3/FIRST GMV effect.
46,49,Cuneus_L,AAL3,MCI,parent_region_extrapolation,conflicting_directions,2,Kang2024;Ledig2018,"2026-09-08 whole-brain AD/MCI GMV primary/meta tables plus FIRST, frontal, cerebellar, thalamic and brainstem targeted searches; atlas label + anatomical parent/synonym screening",Cuneus L,Not exhaustive. No retrieved effect does not mean no association. Parent/cluster/other-modality evidence cannot establish exact AAL3/FIRST GMV effect.
47,50,Cuneus_R,AAL3,AD,parent_region_extrapolation,conflicting_directions,2,Kang2024;Ledig2018,"2026-09-08 whole-brain AD/MCI GMV primary/meta tables plus FIRST, frontal, cerebellar, thalamic and brainstem targeted searches; atlas label + anatomical parent/synonym screening",Cuneus R,Not exhaustive. No retrieved effect does not mean no association. Parent/cluster/other-modality evidence cannot establish exact AAL3/FIRST GMV effect.
47,50,Cuneus_R,AAL3,MCI,parent_region_extrapolation,conflicting_directions,2,Kang2024;Ledig2018,"2026-09-08 whole-brain AD/MCI GMV primary/meta tables plus FIRST, frontal, cerebellar, thalamic and brainstem targeted searches; atlas label + anatomical parent/synonym screening",Cuneus R,Not exhaustive. No retrieved effect does not mean no association. Parent/cluster/other-modality evidence cannot establish exact AAL3/FIRST GMV effect.
48,51,Lingual_L,AAL3,AD,parent_region_extrapolation,conflicting_directions,2,Kang2024;Ledig2018,"2026-09-08 whole-brain AD/MCI GMV primary/meta tables plus FIRST, frontal, cerebellar, thalamic and brainstem targeted searches; atlas label + anatomical parent/synonym screening",Lingual L,Not exhaustive. No retrieved effect does not mean no association. Parent/cluster/other-modality evidence cannot establish exact AAL3/FIRST GMV effect.
48,51,Lingual_L,AAL3,MCI,parent_region_extrapolation,see_individual_associations,2,Kang2024;Ledig2018,"2026-09-08 whole-brain AD/MCI GMV primary/meta tables plus FIRST, frontal, cerebellar, thalamic and brainstem targeted searches; atlas label + anatomical parent/synonym screening",Lingual L,Not exhaustive. No retrieved effect does not mean no association. Parent/cluster/other-modality evidence cannot establish exact AAL3/FIRST GMV effect.
49,52,Lingual_R,AAL3,AD,parent_region_extrapolation,conflicting_directions,2,Kang2024;Ledig2018,"2026-09-08 whole-brain AD/MCI GMV primary/meta tables plus FIRST, frontal, cerebellar, thalamic and brainstem targeted searches; atlas label + anatomical parent/synonym screening",Lingual R,Not exhaustive. No retrieved effect does not mean no association. Parent/cluster/other-modality evidence cannot establish exact AAL3/FIRST GMV effect.
49,52,Lingual_R,AAL3,MCI,direct,see_individual_associations,3,Kang2024;Ledig2018;MCI2023,"2026-09-08 whole-brain AD/MCI GMV primary/meta tables plus FIRST, frontal, cerebellar, thalamic and brainstem targeted searches; atlas label + anatomical parent/synonym screening",Lingual R,Not exhaustive. No retrieved effect does not mean no association. Parent/cluster/other-modality evidence cannot establish exact AAL3/FIRST GMV effect.
50,53,Occipital_Sup_L,AAL3,AD,parent_region_extrapolation,see_individual_associations,2,Kang2024;Ledig2018,"2026-09-08 whole-brain AD/MCI GMV primary/meta tables plus FIRST, frontal, cerebellar, thalamic and brainstem targeted searches; atlas label + anatomical parent/synonym screening",Occipital Sup L,Not exhaustive. No retrieved effect does not mean no association. Parent/cluster/other-modality evidence cannot establish exact AAL3/FIRST GMV effect.
50,53,Occipital_Sup_L,AAL3,MCI,parent_region_extrapolation,conflicting_directions,2,Kang2024;Ledig2018,"2026-09-08 whole-brain AD/MCI GMV primary/meta tables plus FIRST, frontal, cerebellar, thalamic and brainstem targeted searches; atlas label + anatomical parent/synonym screening",Occipital Sup L,Not exhaustive. No retrieved effect does not mean no association. Parent/cluster/other-modality evidence cannot establish exact AAL3/FIRST GMV effect.
51,54,Occipital_Sup_R,AAL3,AD,parent_region_extrapolation,see_individual_associations,2,Kang2024;Ledig2018,"2026-09-08 whole-brain AD/MCI GMV primary/meta tables plus FIRST, frontal, cerebellar, thalamic and brainstem targeted searches; atlas label + anatomical parent/synonym screening",Occipital Sup R,Not exhaustive. No retrieved effect does not mean no association. Parent/cluster/other-modality evidence cannot establish exact AAL3/FIRST GMV effect.
51,54,Occipital_Sup_R,AAL3,MCI,parent_region_extrapolation,conflicting_directions,2,Kang2024;Ledig2018,"2026-09-08 whole-brain AD/MCI GMV primary/meta tables plus FIRST, frontal, cerebellar, thalamic and brainstem targeted searches; atlas label + anatomical parent/synonym screening",Occipital Sup R,Not exhaustive. No retrieved effect does not mean no association. Parent/cluster/other-modality evidence cannot establish exact AAL3/FIRST GMV effect.
52,55,Occipital_Mid_L,AAL3,AD,parent_region_extrapolation,see_individual_associations,2,Kang2024;Ledig2018,"2026-09-08 whole-brain AD/MCI GMV primary/meta tables plus FIRST, frontal, cerebellar, thalamic and brainstem targeted searches; atlas label + anatomical parent/synonym screening",Occipital Mid L,Not exhaustive. No retrieved effect does not mean no association. Parent/cluster/other-modality evidence cannot establish exact AAL3/FIRST GMV effect.
52,55,Occipital_Mid_L,AAL3,MCI,parent_region_extrapolation,see_individual_associations,2,Kang2024;Ledig2018,"2026-09-08 whole-brain AD/MCI GMV primary/meta tables plus FIRST, frontal, cerebellar, thalamic and brainstem targeted searches; atlas label + anatomical parent/synonym screening",Occipital Mid L,Not exhaustive. No retrieved effect does not mean no association. Parent/cluster/other-modality evidence cannot establish exact AAL3/FIRST GMV effect.
53,56,Occipital_Mid_R,AAL3,AD,parent_region_extrapolation,see_individual_associations,2,Kang2024;Ledig2018,"2026-09-08 whole-brain AD/MCI GMV primary/meta tables plus FIRST, frontal, cerebellar, thalamic and brainstem targeted searches; atlas label + anatomical parent/synonym screening",Occipital Mid R,Not exhaustive. No retrieved effect does not mean no association. Parent/cluster/other-modality evidence cannot establish exact AAL3/FIRST GMV effect.
53,56,Occipital_Mid_R,AAL3,MCI,parent_region_extrapolation,see_individual_associations,2,Kang2024;Ledig2018,"2026-09-08 whole-brain AD/MCI GMV primary/meta tables plus FIRST, frontal, cerebellar, thalamic and brainstem targeted searches; atlas label + anatomical parent/synonym screening",Occipital Mid R,Not exhaustive. No retrieved effect does not mean no association. Parent/cluster/other-modality evidence cannot establish exact AAL3/FIRST GMV effect.
54,57,Occipital_Inf_L,AAL3,AD,parent_region_extrapolation,see_individual_associations,2,Kang2024;Ledig2018,"2026-09-08 whole-brain AD/MCI GMV primary/meta tables plus FIRST, frontal, cerebellar, thalamic and brainstem targeted searches; atlas label + anatomical parent/synonym screening",Occipital Inf L,Not exhaustive. No retrieved effect does not mean no association. Parent/cluster/other-modality evidence cannot establish exact AAL3/FIRST GMV effect.
54,57,Occipital_Inf_L,AAL3,MCI,parent_region_extrapolation,see_individual_associations,2,Kang2024;Ledig2018,"2026-09-08 whole-brain AD/MCI GMV primary/meta tables plus FIRST, frontal, cerebellar, thalamic and brainstem targeted searches; atlas label + anatomical parent/synonym screening",Occipital Inf L,Not exhaustive. No retrieved effect does not mean no association. Parent/cluster/other-modality evidence cannot establish exact AAL3/FIRST GMV effect.
55,58,Occipital_Inf_R,AAL3,AD,parent_region_extrapolation,see_individual_associations,2,Kang2024;Ledig2018,"2026-09-08 whole-brain AD/MCI GMV primary/meta tables plus FIRST, frontal, cerebellar, thalamic and brainstem targeted searches; atlas label + anatomical parent/synonym screening",Occipital Inf R,Not exhaustive. No retrieved effect does not mean no association. Parent/cluster/other-modality evidence cannot establish exact AAL3/FIRST GMV effect.
55,58,Occipital_Inf_R,AAL3,MCI,parent_region_extrapolation,see_individual_associations,2,Kang2024;Ledig2018,"2026-09-08 whole-brain AD/MCI GMV primary/meta tables plus FIRST, frontal, cerebellar, thalamic and brainstem targeted searches; atlas label + anatomical parent/synonym screening",Occipital Inf R,Not exhaustive. No retrieved effect does not mean no association. Parent/cluster/other-modality evidence cannot establish exact AAL3/FIRST GMV effect.
56,59,Fusiform_L,AAL3,AD,parent_region_extrapolation,see_individual_associations,3,Kang2024;Ledig2018,"2026-09-08 whole-brain AD/MCI GMV primary/meta tables plus FIRST, frontal, cerebellar, thalamic and brainstem targeted searches; atlas label + anatomical parent/synonym screening",Fusiform L,Not exhaustive. No retrieved effect does not mean no association. Parent/cluster/other-modality evidence cannot establish exact AAL3/FIRST GMV effect.
56,59,Fusiform_L,AAL3,MCI,direct,see_individual_associations,4,Kang2024;Ledig2018;MCI2023,"2026-09-08 whole-brain AD/MCI GMV primary/meta tables plus FIRST, frontal, cerebellar, thalamic and brainstem targeted searches; atlas label + anatomical parent/synonym screening",Fusiform L,Not exhaustive. No retrieved effect does not mean no association. Parent/cluster/other-modality evidence cannot establish exact AAL3/FIRST GMV effect.
57,60,Fusiform_R,AAL3,AD,direct,see_individual_associations,4,Kang2024;Ledig2018;Wang2015,"2026-09-08 whole-brain AD/MCI GMV primary/meta tables plus FIRST, frontal, cerebellar, thalamic and brainstem targeted searches; atlas label + anatomical parent/synonym screening",Fusiform R,Not exhaustive. No retrieved effect does not mean no association. Parent/cluster/other-modality evidence cannot establish exact AAL3/FIRST GMV effect.
57,60,Fusiform_R,AAL3,MCI,direct,see_individual_associations,4,Kang2024;Ledig2018;MCI2023,"2026-09-08 whole-brain AD/MCI GMV primary/meta tables plus FIRST, frontal, cerebellar, thalamic and brainstem targeted searches; atlas label + anatomical parent/synonym screening",Fusiform R,Not exhaustive. No retrieved effect does not mean no association. Parent/cluster/other-modality evidence cannot establish exact AAL3/FIRST GMV effect.
58,61,Postcentral_L,AAL3,AD,parent_region_extrapolation,see_individual_associations,1,Ledig2018,"2026-09-08 whole-brain AD/MCI GMV primary/meta tables plus FIRST, frontal, cerebellar, thalamic and brainstem targeted searches; atlas label + anatomical parent/synonym screening",Postcentral L,Not exhaustive. No retrieved effect does not mean no association. Parent/cluster/other-modality evidence cannot establish exact AAL3/FIRST GMV effect.
58,61,Postcentral_L,AAL3,MCI,parent_region_extrapolation,see_individual_associations,1,Ledig2018,"2026-09-08 whole-brain AD/MCI GMV primary/meta tables plus FIRST, frontal, cerebellar, thalamic and brainstem targeted searches; atlas label + anatomical parent/synonym screening",Postcentral L,Not exhaustive. No retrieved effect does not mean no association. Parent/cluster/other-modality evidence cannot establish exact AAL3/FIRST GMV effect.
59,62,Postcentral_R,AAL3,AD,parent_region_extrapolation,see_individual_associations,1,Ledig2018,"2026-09-08 whole-brain AD/MCI GMV primary/meta tables plus FIRST, frontal, cerebellar, thalamic and brainstem targeted searches; atlas label + anatomical parent/synonym screening",Postcentral R,Not exhaustive. No retrieved effect does not mean no association. Parent/cluster/other-modality evidence cannot establish exact AAL3/FIRST GMV effect.
59,62,Postcentral_R,AAL3,MCI,parent_region_extrapolation,see_individual_associations,1,Ledig2018,"2026-09-08 whole-brain AD/MCI GMV primary/meta tables plus FIRST, frontal, cerebellar, thalamic and brainstem targeted searches; atlas label + anatomical parent/synonym screening",Postcentral R,Not exhaustive. No retrieved effect does not mean no association. Parent/cluster/other-modality evidence cannot establish exact AAL3/FIRST GMV effect.
60,63,Parietal_Sup_L,AAL3,AD,parent_region_extrapolation,see_individual_associations,1,Ledig2018,"2026-09-08 whole-brain AD/MCI GMV primary/meta tables plus FIRST, frontal, cerebellar, thalamic and brainstem targeted searches; atlas label + anatomical parent/synonym screening",Parietal Sup L,Not exhaustive. No retrieved effect does not mean no association. Parent/cluster/other-modality evidence cannot establish exact AAL3/FIRST GMV effect.
60,63,Parietal_Sup_L,AAL3,MCI,parent_region_extrapolation,see_individual_associations,1,Ledig2018,"2026-09-08 whole-brain AD/MCI GMV primary/meta tables plus FIRST, frontal, cerebellar, thalamic and brainstem targeted searches; atlas label + anatomical parent/synonym screening",Parietal Sup L,Not exhaustive. No retrieved effect does not mean no association. Parent/cluster/other-modality evidence cannot establish exact AAL3/FIRST GMV effect.
61,64,Parietal_Sup_R,AAL3,AD,parent_region_extrapolation,see_individual_associations,1,Ledig2018,"2026-09-08 whole-brain AD/MCI GMV primary/meta tables plus FIRST, frontal, cerebellar, thalamic and brainstem targeted searches; atlas label + anatomical parent/synonym screening",Parietal Sup R,Not exhaustive. No retrieved effect does not mean no association. Parent/cluster/other-modality evidence cannot establish exact AAL3/FIRST GMV effect.
61,64,Parietal_Sup_R,AAL3,MCI,parent_region_extrapolation,see_individual_associations,1,Ledig2018,"2026-09-08 whole-brain AD/MCI GMV primary/meta tables plus FIRST, frontal, cerebellar, thalamic and brainstem targeted searches; atlas label + anatomical parent/synonym screening",Parietal Sup R,Not exhaustive. No retrieved effect does not mean no association. Parent/cluster/other-modality evidence cannot establish exact AAL3/FIRST GMV effect.
62,65,Parietal_Inf_L,AAL3,AD,parent_region_extrapolation,see_individual_associations,2,Ledig2018,"2026-09-08 whole-brain AD/MCI GMV primary/meta tables plus FIRST, frontal, cerebellar, thalamic and brainstem targeted searches; atlas label + anatomical parent/synonym screening",Parietal Inf L,Not exhaustive. No retrieved effect does not mean no association. Parent/cluster/other-modality evidence cannot establish exact AAL3/FIRST GMV effect.
62,65,Parietal_Inf_L,AAL3,MCI,parent_region_extrapolation,see_individual_associations,2,Ledig2018,"2026-09-08 whole-brain AD/MCI GMV primary/meta tables plus FIRST, frontal, cerebellar, thalamic and brainstem targeted searches; atlas label + anatomical parent/synonym screening",Parietal Inf L,Not exhaustive. No retrieved effect does not mean no association. Parent/cluster/other-modality evidence cannot establish exact AAL3/FIRST GMV effect.
63,66,Parietal_Inf_R,AAL3,AD,parent_region_extrapolation,see_individual_associations,2,Ledig2018,"2026-09-08 whole-brain AD/MCI GMV primary/meta tables plus FIRST, frontal, cerebellar, thalamic and brainstem targeted searches; atlas label + anatomical parent/synonym screening",Parietal Inf R,Not exhaustive. No retrieved effect does not mean no association. Parent/cluster/other-modality evidence cannot establish exact AAL3/FIRST GMV effect.
63,66,Parietal_Inf_R,AAL3,MCI,parent_region_extrapolation,see_individual_associations,2,Ledig2018,"2026-09-08 whole-brain AD/MCI GMV primary/meta tables plus FIRST, frontal, cerebellar, thalamic and brainstem targeted searches; atlas label + anatomical parent/synonym screening",Parietal Inf R,Not exhaustive. No retrieved effect does not mean no association. Parent/cluster/other-modality evidence cannot establish exact AAL3/FIRST GMV effect.
64,67,SupraMarginal_L,AAL3,AD,parent_region_extrapolation,see_individual_associations,1,Ledig2018,"2026-09-08 whole-brain AD/MCI GMV primary/meta tables plus FIRST, frontal, cerebellar, thalamic and brainstem targeted searches; atlas label + anatomical parent/synonym screening",SupraMarginal L,Not exhaustive. No retrieved effect does not mean no association. Parent/cluster/other-modality evidence cannot establish exact AAL3/FIRST GMV effect.
64,67,SupraMarginal_L,AAL3,MCI,parent_region_extrapolation,see_individual_associations,1,Ledig2018,"2026-09-08 whole-brain AD/MCI GMV primary/meta tables plus FIRST, frontal, cerebellar, thalamic and brainstem targeted searches; atlas label + anatomical parent/synonym screening",SupraMarginal L,Not exhaustive. No retrieved effect does not mean no association. Parent/cluster/other-modality evidence cannot establish exact AAL3/FIRST GMV effect.
65,68,SupraMarginal_R,AAL3,AD,parent_region_extrapolation,see_individual_associations,1,Ledig2018,"2026-09-08 whole-brain AD/MCI GMV primary/meta tables plus FIRST, frontal, cerebellar, thalamic and brainstem targeted searches; atlas label + anatomical parent/synonym screening",SupraMarginal R,Not exhaustive. No retrieved effect does not mean no association. Parent/cluster/other-modality evidence cannot establish exact AAL3/FIRST GMV effect.
65,68,SupraMarginal_R,AAL3,MCI,parent_region_extrapolation,see_individual_associations,1,Ledig2018,"2026-09-08 whole-brain AD/MCI GMV primary/meta tables plus FIRST, frontal, cerebellar, thalamic and brainstem targeted searches; atlas label + anatomical parent/synonym screening",SupraMarginal R,Not exhaustive. No retrieved effect does not mean no association. Parent/cluster/other-modality evidence cannot establish exact AAL3/FIRST GMV effect.
66,69,Angular_L,AAL3,AD,parent_region_extrapolation,see_individual_associations,1,Ledig2018,"2026-09-08 whole-brain AD/MCI GMV primary/meta tables plus FIRST, frontal, cerebellar, thalamic and brainstem targeted searches; atlas label + anatomical parent/synonym screening",Angular L,Not exhaustive. No retrieved effect does not mean no association. Parent/cluster/other-modality evidence cannot establish exact AAL3/FIRST GMV effect.
66,69,Angular_L,AAL3,MCI,parent_region_extrapolation,see_individual_associations,1,Ledig2018,"2026-09-08 whole-brain AD/MCI GMV primary/meta tables plus FIRST, frontal, cerebellar, thalamic and brainstem targeted searches; atlas label + anatomical parent/synonym screening",Angular L,Not exhaustive. No retrieved effect does not mean no association. Parent/cluster/other-modality evidence cannot establish exact AAL3/FIRST GMV effect.
67,70,Angular_R,AAL3,AD,parent_region_extrapolation,see_individual_associations,1,Ledig2018,"2026-09-08 whole-brain AD/MCI GMV primary/meta tables plus FIRST, frontal, cerebellar, thalamic and brainstem targeted searches; atlas label + anatomical parent/synonym screening",Angular R,Not exhaustive. No retrieved effect does not mean no association. Parent/cluster/other-modality evidence cannot establish exact AAL3/FIRST GMV effect.
67,70,Angular_R,AAL3,MCI,parent_region_extrapolation,see_individual_associations,1,Ledig2018,"2026-09-08 whole-brain AD/MCI GMV primary/meta tables plus FIRST, frontal, cerebellar, thalamic and brainstem targeted searches; atlas label + anatomical parent/synonym screening",Angular R,Not exhaustive. No retrieved effect does not mean no association. Parent/cluster/other-modality evidence cannot establish exact AAL3/FIRST GMV effect.
68,71,Precuneus_L,AAL3,AD,direct,see_individual_associations,2,Ledig2018;Wang2015,"2026-09-08 whole-brain AD/MCI GMV primary/meta tables plus FIRST, frontal, cerebellar, thalamic and brainstem targeted searches; atlas label + anatomical parent/synonym screening",Precuneus L,Not exhaustive. No retrieved effect does not mean no association. Parent/cluster/other-modality evidence cannot establish exact AAL3/FIRST GMV effect.
68,71,Precuneus_L,AAL3,MCI,direct,see_individual_associations,2,Ledig2018;MCI2023,"2026-09-08 whole-brain AD/MCI GMV primary/meta tables plus FIRST, frontal, cerebellar, thalamic and brainstem targeted searches; atlas label + anatomical parent/synonym screening",Precuneus L,Not exhaustive. No retrieved effect does not mean no association. Parent/cluster/other-modality evidence cannot establish exact AAL3/FIRST GMV effect.
69,72,Precuneus_R,AAL3,AD,direct,see_individual_associations,2,Ledig2018;Wang2015,"2026-09-08 whole-brain AD/MCI GMV primary/meta tables plus FIRST, frontal, cerebellar, thalamic and brainstem targeted searches; atlas label + anatomical parent/synonym screening",Precuneus R,Not exhaustive. No retrieved effect does not mean no association. Parent/cluster/other-modality evidence cannot establish exact AAL3/FIRST GMV effect.
69,72,Precuneus_R,AAL3,MCI,direct,see_individual_associations,2,Ledig2018;MCI2023,"2026-09-08 whole-brain AD/MCI GMV primary/meta tables plus FIRST, frontal, cerebellar, thalamic and brainstem targeted searches; atlas label + anatomical parent/synonym screening",Precuneus R,Not exhaustive. No retrieved effect does not mean no association. Parent/cluster/other-modality evidence cannot establish exact AAL3/FIRST GMV effect.
70,73,Paracentral_Lobule_L,AAL3,AD,parent_region_extrapolation,see_individual_associations,3,Frontal2026;Ledig2018,"2026-09-08 whole-brain AD/MCI GMV primary/meta tables plus FIRST, frontal, cerebellar, thalamic and brainstem targeted searches; atlas label + anatomical parent/synonym screening",Paracentral Lobule L,Not exhaustive. No retrieved effect does not mean no association. Parent/cluster/other-modality evidence cannot establish exact AAL3/FIRST GMV effect.
70,73,Paracentral_Lobule_L,AAL3,MCI,parent_region_extrapolation,conflicting_directions,3,Frontal2026;Ledig2018,"2026-09-08 whole-brain AD/MCI GMV primary/meta tables plus FIRST, frontal, cerebellar, thalamic and brainstem targeted searches; atlas label + anatomical parent/synonym screening",Paracentral Lobule L,Not exhaustive. No retrieved effect does not mean no association. Parent/cluster/other-modality evidence cannot establish exact AAL3/FIRST GMV effect.
71,74,Paracentral_Lobule_R,AAL3,AD,parent_region_extrapolation,see_individual_associations,3,Frontal2026;Ledig2018,"2026-09-08 whole-brain AD/MCI GMV primary/meta tables plus FIRST, frontal, cerebellar, thalamic and brainstem targeted searches; atlas label + anatomical parent/synonym screening",Paracentral Lobule R,Not exhaustive. No retrieved effect does not mean no association. Parent/cluster/other-modality evidence cannot establish exact AAL3/FIRST GMV effect.
71,74,Paracentral_Lobule_R,AAL3,MCI,parent_region_extrapolation,conflicting_directions,3,Frontal2026;Ledig2018,"2026-09-08 whole-brain AD/MCI GMV primary/meta tables plus FIRST, frontal, cerebellar, thalamic and brainstem targeted searches; atlas label + anatomical parent/synonym screening",Paracentral Lobule R,Not exhaustive. No retrieved effect does not mean no association. Parent/cluster/other-modality evidence cannot establish exact AAL3/FIRST GMV effect.
72,75,Caudate_L,AAL3,AD,parent_region_extrapolation,conflicting_directions,3,Fjell2010;Ledig2018;Yi2016,"2026-09-08 whole-brain AD/MCI GMV primary/meta tables plus FIRST, frontal, cerebellar, thalamic and brainstem targeted searches; atlas label + anatomical parent/synonym screening",Caudate L,Not exhaustive. No retrieved effect does not mean no association. Parent/cluster/other-modality evidence cannot establish exact AAL3/FIRST GMV effect.
72,75,Caudate_L,AAL3,MCI,direct,conflicting_directions,4,Fjell2010;Ledig2018;MCI2016;Yi2016,"2026-09-08 whole-brain AD/MCI GMV primary/meta tables plus FIRST, frontal, cerebellar, thalamic and brainstem targeted searches; atlas label + anatomical parent/synonym screening",Caudate L,Not exhaustive. No retrieved effect does not mean no association. Parent/cluster/other-modality evidence cannot establish exact AAL3/FIRST GMV effect.
73,76,Caudate_R,AAL3,AD,parent_region_extrapolation,conflicting_directions,3,Fjell2010;Ledig2018;Yi2016,"2026-09-08 whole-brain AD/MCI GMV primary/meta tables plus FIRST, frontal, cerebellar, thalamic and brainstem targeted searches; atlas label + anatomical parent/synonym screening",Caudate R,Not exhaustive. No retrieved effect does not mean no association. Parent/cluster/other-modality evidence cannot establish exact AAL3/FIRST GMV effect.
73,76,Caudate_R,AAL3,MCI,direct,conflicting_directions,4,Fjell2010;Ledig2018;MCI2016;Yi2016,"2026-09-08 whole-brain AD/MCI GMV primary/meta tables plus FIRST, frontal, cerebellar, thalamic and brainstem targeted searches; atlas label + anatomical parent/synonym screening",Caudate R,Not exhaustive. No retrieved effect does not mean no association. Parent/cluster/other-modality evidence cannot establish exact AAL3/FIRST GMV effect.
74,77,Putamen_L,AAL3,AD,parent_region_extrapolation,see_individual_associations,3,Fjell2010;Ledig2018;Yi2016,"2026-09-08 whole-brain AD/MCI GMV primary/meta tables plus FIRST, frontal, cerebellar, thalamic and brainstem targeted searches; atlas label + anatomical parent/synonym screening",Putamen L,Not exhaustive. No retrieved effect does not mean no association. Parent/cluster/other-modality evidence cannot establish exact AAL3/FIRST GMV effect.
74,77,Putamen_L,AAL3,MCI,direct,mixed_significance_or_measurement,5,Fjell2010;Ledig2018;MCI2016;MCI2023;Yi2016,"2026-09-08 whole-brain AD/MCI GMV primary/meta tables plus FIRST, frontal, cerebellar, thalamic and brainstem targeted searches; atlas label + anatomical parent/synonym screening",Putamen L,Not exhaustive. No retrieved effect does not mean no association. Parent/cluster/other-modality evidence cannot establish exact AAL3/FIRST GMV effect.
75,78,Putamen_R,AAL3,AD,parent_region_extrapolation,see_individual_associations,3,Fjell2010;Ledig2018;Yi2016,"2026-09-08 whole-brain AD/MCI GMV primary/meta tables plus FIRST, frontal, cerebellar, thalamic and brainstem targeted searches; atlas label + anatomical parent/synonym screening",Putamen R,Not exhaustive. No retrieved effect does not mean no association. Parent/cluster/other-modality evidence cannot establish exact AAL3/FIRST GMV effect.
75,78,Putamen_R,AAL3,MCI,direct,mixed_significance_or_measurement,5,Fjell2010;Ledig2018;MCI2016;MCI2023;Yi2016,"2026-09-08 whole-brain AD/MCI GMV primary/meta tables plus FIRST, frontal, cerebellar, thalamic and brainstem targeted searches; atlas label + anatomical parent/synonym screening",Putamen R,Not exhaustive. No retrieved effect does not mean no association. Parent/cluster/other-modality evidence cannot establish exact AAL3/FIRST GMV effect.
76,79,Pallidum_L,AAL3,AD,parent_region_extrapolation,conflicting_directions,3,Fjell2010;Ledig2018;Yi2016,"2026-09-08 whole-brain AD/MCI GMV primary/meta tables plus FIRST, frontal, cerebellar, thalamic and brainstem targeted searches; atlas label + anatomical parent/synonym screening",Pallidum L,Not exhaustive. No retrieved effect does not mean no association. Parent/cluster/other-modality evidence cannot establish exact AAL3/FIRST GMV effect.
76,79,Pallidum_L,AAL3,MCI,direct,conflicting_directions,4,Fjell2010;Ledig2018;MCI2016;Yi2016,"2026-09-08 whole-brain AD/MCI GMV primary/meta tables plus FIRST, frontal, cerebellar, thalamic and brainstem targeted searches; atlas label + anatomical parent/synonym screening",Pallidum L,Not exhaustive. No retrieved effect does not mean no association. Parent/cluster/other-modality evidence cannot establish exact AAL3/FIRST GMV effect.
77,80,Pallidum_R,AAL3,AD,parent_region_extrapolation,conflicting_directions,3,Fjell2010;Ledig2018;Yi2016,"2026-09-08 whole-brain AD/MCI GMV primary/meta tables plus FIRST, frontal, cerebellar, thalamic and brainstem targeted searches; atlas label + anatomical parent/synonym screening",Pallidum R,Not exhaustive. No retrieved effect does not mean no association. Parent/cluster/other-modality evidence cannot establish exact AAL3/FIRST GMV effect.
77,80,Pallidum_R,AAL3,MCI,direct,conflicting_directions,4,Fjell2010;Ledig2018;MCI2016;Yi2016,"2026-09-08 whole-brain AD/MCI GMV primary/meta tables plus FIRST, frontal, cerebellar, thalamic and brainstem targeted searches; atlas label + anatomical parent/synonym screening",Pallidum R,Not exhaustive. No retrieved effect does not mean no association. Parent/cluster/other-modality evidence cannot establish exact AAL3/FIRST GMV effect.
78,83,Heschl_L,AAL3,AD,parent_region_extrapolation,see_individual_associations,2,Kang2024;Ledig2018,"2026-09-08 whole-brain AD/MCI GMV primary/meta tables plus FIRST, frontal, cerebellar, thalamic and brainstem targeted searches; atlas label + anatomical parent/synonym screening",Heschl L,Not exhaustive. No retrieved effect does not mean no association. Parent/cluster/other-modality evidence cannot establish exact AAL3/FIRST GMV effect.
78,83,Heschl_L,AAL3,MCI,direct,see_individual_associations,3,Kang2024;Ledig2018;MCI2023,"2026-09-08 whole-brain AD/MCI GMV primary/meta tables plus FIRST, frontal, cerebellar, thalamic and brainstem targeted searches; atlas label + anatomical parent/synonym screening",Heschl L,Not exhaustive. No retrieved effect does not mean no association. Parent/cluster/other-modality evidence cannot establish exact AAL3/FIRST GMV effect.
79,84,Heschl_R,AAL3,AD,parent_region_extrapolation,see_individual_associations,2,Kang2024;Ledig2018,"2026-09-08 whole-brain AD/MCI GMV primary/meta tables plus FIRST, frontal, cerebellar, thalamic and brainstem targeted searches; atlas label + anatomical parent/synonym screening",Heschl R,Not exhaustive. No retrieved effect does not mean no association. Parent/cluster/other-modality evidence cannot establish exact AAL3/FIRST GMV effect.
79,84,Heschl_R,AAL3,MCI,direct,see_individual_associations,3,Kang2024;Ledig2018;MCI2023,"2026-09-08 whole-brain AD/MCI GMV primary/meta tables plus FIRST, frontal, cerebellar, thalamic and brainstem targeted searches; atlas label + anatomical parent/synonym screening",Heschl R,Not exhaustive. No retrieved effect does not mean no association. Parent/cluster/other-modality evidence cannot establish exact AAL3/FIRST GMV effect.
80,85,Temporal_Sup_L,AAL3,AD,parent_region_extrapolation,see_individual_associations,2,Kang2024;Ledig2018,"2026-09-08 whole-brain AD/MCI GMV primary/meta tables plus FIRST, frontal, cerebellar, thalamic and brainstem targeted searches; atlas label + anatomical parent/synonym screening",Temporal Sup L,Not exhaustive. No retrieved effect does not mean no association. Parent/cluster/other-modality evidence cannot establish exact AAL3/FIRST GMV effect.
80,85,Temporal_Sup_L,AAL3,MCI,direct,see_individual_associations,3,Kang2024;Ledig2018;MCI2023,"2026-09-08 whole-brain AD/MCI GMV primary/meta tables plus FIRST, frontal, cerebellar, thalamic and brainstem targeted searches; atlas label + anatomical parent/synonym screening",Temporal Sup L,Not exhaustive. No retrieved effect does not mean no association. Parent/cluster/other-modality evidence cannot establish exact AAL3/FIRST GMV effect.
81,86,Temporal_Sup_R,AAL3,AD,parent_region_extrapolation,see_individual_associations,2,Kang2024;Ledig2018,"2026-09-08 whole-brain AD/MCI GMV primary/meta tables plus FIRST, frontal, cerebellar, thalamic and brainstem targeted searches; atlas label + anatomical parent/synonym screening",Temporal Sup R,Not exhaustive. No retrieved effect does not mean no association. Parent/cluster/other-modality evidence cannot establish exact AAL3/FIRST GMV effect.
81,86,Temporal_Sup_R,AAL3,MCI,direct,see_individual_associations,3,Kang2024;Ledig2018;MCI2023,"2026-09-08 whole-brain AD/MCI GMV primary/meta tables plus FIRST, frontal, cerebellar, thalamic and brainstem targeted searches; atlas label + anatomical parent/synonym screening",Temporal Sup R,Not exhaustive. No retrieved effect does not mean no association. Parent/cluster/other-modality evidence cannot establish exact AAL3/FIRST GMV effect.
82,87,Temporal_Pole_Sup_L,AAL3,AD,parent_region_extrapolation,see_individual_associations,2,Kang2024;Ledig2018,"2026-09-08 whole-brain AD/MCI GMV primary/meta tables plus FIRST, frontal, cerebellar, thalamic and brainstem targeted searches; atlas label + anatomical parent/synonym screening",Temporal Pole Sup L,Not exhaustive. No retrieved effect does not mean no association. Parent/cluster/other-modality evidence cannot establish exact AAL3/FIRST GMV effect.
82,87,Temporal_Pole_Sup_L,AAL3,MCI,direct,see_individual_associations,3,Kang2024;Ledig2018;MCI2023,"2026-09-08 whole-brain AD/MCI GMV primary/meta tables plus FIRST, frontal, cerebellar, thalamic and brainstem targeted searches; atlas label + anatomical parent/synonym screening",Temporal Pole Sup L,Not exhaustive. No retrieved effect does not mean no association. Parent/cluster/other-modality evidence cannot establish exact AAL3/FIRST GMV effect.
83,88,Temporal_Pole_Sup_R,AAL3,AD,parent_region_extrapolation,see_individual_associations,2,Kang2024;Ledig2018,"2026-09-08 whole-brain AD/MCI GMV primary/meta tables plus FIRST, frontal, cerebellar, thalamic and brainstem targeted searches; atlas label + anatomical parent/synonym screening",Temporal Pole Sup R,Not exhaustive. No retrieved effect does not mean no association. Parent/cluster/other-modality evidence cannot establish exact AAL3/FIRST GMV effect.
83,88,Temporal_Pole_Sup_R,AAL3,MCI,direct,see_individual_associations,3,Kang2024;Ledig2018;MCI2023,"2026-09-08 whole-brain AD/MCI GMV primary/meta tables plus FIRST, frontal, cerebellar, thalamic and brainstem targeted searches; atlas label + anatomical parent/synonym screening",Temporal Pole Sup R,Not exhaustive. No retrieved effect does not mean no association. Parent/cluster/other-modality evidence cannot establish exact AAL3/FIRST GMV effect.
84,89,Temporal_Mid_L,AAL3,AD,parent_region_extrapolation,see_individual_associations,2,Kang2024;Ledig2018,"2026-09-08 whole-brain AD/MCI GMV primary/meta tables plus FIRST, frontal, cerebellar, thalamic and brainstem targeted searches; atlas label + anatomical parent/synonym screening",Temporal Mid L,Not exhaustive. No retrieved effect does not mean no association. Parent/cluster/other-modality evidence cannot establish exact AAL3/FIRST GMV effect.
84,89,Temporal_Mid_L,AAL3,MCI,direct,see_individual_associations,3,Kang2024;Ledig2018;MCI2023,"2026-09-08 whole-brain AD/MCI GMV primary/meta tables plus FIRST, frontal, cerebellar, thalamic and brainstem targeted searches; atlas label + anatomical parent/synonym screening",Temporal Mid L,Not exhaustive. No retrieved effect does not mean no association. Parent/cluster/other-modality evidence cannot establish exact AAL3/FIRST GMV effect.
85,90,Temporal_Mid_R,AAL3,AD,parent_region_extrapolation,see_individual_associations,2,Kang2024;Ledig2018,"2026-09-08 whole-brain AD/MCI GMV primary/meta tables plus FIRST, frontal, cerebellar, thalamic and brainstem targeted searches; atlas label + anatomical parent/synonym screening",Temporal Mid R,Not exhaustive. No retrieved effect does not mean no association. Parent/cluster/other-modality evidence cannot establish exact AAL3/FIRST GMV effect.
85,90,Temporal_Mid_R,AAL3,MCI,direct,see_individual_associations,3,Kang2024;Ledig2018;MCI2023,"2026-09-08 whole-brain AD/MCI GMV primary/meta tables plus FIRST, frontal, cerebellar, thalamic and brainstem targeted searches; atlas label + anatomical parent/synonym screening",Temporal Mid R,Not exhaustive. No retrieved effect does not mean no association. Parent/cluster/other-modality evidence cannot establish exact AAL3/FIRST GMV effect.
86,91,Temporal_Pole_Mid_L,AAL3,AD,parent_region_extrapolation,see_individual_associations,2,Kang2024;Ledig2018,"2026-09-08 whole-brain AD/MCI GMV primary/meta tables plus FIRST, frontal, cerebellar, thalamic and brainstem targeted searches; atlas label + anatomical parent/synonym screening",Temporal Pole Mid L,Not exhaustive. No retrieved effect does not mean no association. Parent/cluster/other-modality evidence cannot establish exact AAL3/FIRST GMV effect.
86,91,Temporal_Pole_Mid_L,AAL3,MCI,direct,see_individual_associations,3,Kang2024;Ledig2018;MCI2023,"2026-09-08 whole-brain AD/MCI GMV primary/meta tables plus FIRST, frontal, cerebellar, thalamic and brainstem targeted searches; atlas label + anatomical parent/synonym screening",Temporal Pole Mid L,Not exhaustive. No retrieved effect does not mean no association. Parent/cluster/other-modality evidence cannot establish exact AAL3/FIRST GMV effect.
87,92,Temporal_Pole_Mid_R,AAL3,AD,parent_region_extrapolation,see_individual_associations,2,Kang2024;Ledig2018,"2026-09-08 whole-brain AD/MCI GMV primary/meta tables plus FIRST, frontal, cerebellar, thalamic and brainstem targeted searches; atlas label + anatomical parent/synonym screening",Temporal Pole Mid R,Not exhaustive. No retrieved effect does not mean no association. Parent/cluster/other-modality evidence cannot establish exact AAL3/FIRST GMV effect.
87,92,Temporal_Pole_Mid_R,AAL3,MCI,direct,see_individual_associations,3,Kang2024;Ledig2018;MCI2023,"2026-09-08 whole-brain AD/MCI GMV primary/meta tables plus FIRST, frontal, cerebellar, thalamic and brainstem targeted searches; atlas label + anatomical parent/synonym screening",Temporal Pole Mid R,Not exhaustive. No retrieved effect does not mean no association. Parent/cluster/other-modality evidence cannot establish exact AAL3/FIRST GMV effect.
88,93,Temporal_Inf_L,AAL3,AD,parent_region_extrapolation,see_individual_associations,2,Kang2024;Ledig2018,"2026-09-08 whole-brain AD/MCI GMV primary/meta tables plus FIRST, frontal, cerebellar, thalamic and brainstem targeted searches; atlas label + anatomical parent/synonym screening",Temporal Inf L,Not exhaustive. No retrieved effect does not mean no association. Parent/cluster/other-modality evidence cannot establish exact AAL3/FIRST GMV effect.
88,93,Temporal_Inf_L,AAL3,MCI,direct,see_individual_associations,3,Kang2024;Ledig2018;MCI2023,"2026-09-08 whole-brain AD/MCI GMV primary/meta tables plus FIRST, frontal, cerebellar, thalamic and brainstem targeted searches; atlas label + anatomical parent/synonym screening",Temporal Inf L,Not exhaustive. No retrieved effect does not mean no association. Parent/cluster/other-modality evidence cannot establish exact AAL3/FIRST GMV effect.
89,94,Temporal_Inf_R,AAL3,AD,parent_region_extrapolation,see_individual_associations,2,Kang2024;Ledig2018,"2026-09-08 whole-brain AD/MCI GMV primary/meta tables plus FIRST, frontal, cerebellar, thalamic and brainstem targeted searches; atlas label + anatomical parent/synonym screening",Temporal Inf R,Not exhaustive. No retrieved effect does not mean no association. Parent/cluster/other-modality evidence cannot establish exact AAL3/FIRST GMV effect.
89,94,Temporal_Inf_R,AAL3,MCI,direct,see_individual_associations,3,Kang2024;Ledig2018;MCI2023,"2026-09-08 whole-brain AD/MCI GMV primary/meta tables plus FIRST, frontal, cerebellar, thalamic and brainstem targeted searches; atlas label + anatomical parent/synonym screening",Temporal Inf R,Not exhaustive. No retrieved effect does not mean no association. Parent/cluster/other-modality evidence cannot establish exact AAL3/FIRST GMV effect.
90,95,Cerebellum_Crus1_L,AAL3,AD,direct,mixed_significance_or_measurement,2,Fjell2010;Toniolo2018,"2026-09-08 whole-brain AD/MCI GMV primary/meta tables plus FIRST, frontal, cerebellar, thalamic and brainstem targeted searches; atlas label + anatomical parent/synonym screening",Cerebellum Crus1 L,Not exhaustive. No retrieved effect does not mean no association. Parent/cluster/other-modality evidence cannot establish exact AAL3/FIRST GMV effect.
90,95,Cerebellum_Crus1_L,AAL3,MCI,parent_region_extrapolation,see_individual_associations,1,Fjell2010,"2026-09-08 whole-brain AD/MCI GMV primary/meta tables plus FIRST, frontal, cerebellar, thalamic and brainstem targeted searches; atlas label + anatomical parent/synonym screening",Cerebellum Crus1 L,Not exhaustive. No retrieved effect does not mean no association. Parent/cluster/other-modality evidence cannot establish exact AAL3/FIRST GMV effect.
91,96,Cerebellum_Crus1_R,AAL3,AD,direct,mixed_significance_or_measurement,3,Fjell2010;Gellersen2021;Toniolo2018,"2026-09-08 whole-brain AD/MCI GMV primary/meta tables plus FIRST, frontal, cerebellar, thalamic and brainstem targeted searches; atlas label + anatomical parent/synonym screening",Cerebellum Crus1 R,Not exhaustive. No retrieved effect does not mean no association. Parent/cluster/other-modality evidence cannot establish exact AAL3/FIRST GMV effect.
91,96,Cerebellum_Crus1_R,AAL3,MCI,parent_region_extrapolation,see_individual_associations,1,Fjell2010,"2026-09-08 whole-brain AD/MCI GMV primary/meta tables plus FIRST, frontal, cerebellar, thalamic and brainstem targeted searches; atlas label + anatomical parent/synonym screening",Cerebellum Crus1 R,Not exhaustive. No retrieved effect does not mean no association. Parent/cluster/other-modality evidence cannot establish exact AAL3/FIRST GMV effect.
92,97,Cerebellum_Crus2_L,AAL3,AD,parent_region_extrapolation,see_individual_associations,1,Fjell2010,"2026-09-08 whole-brain AD/MCI GMV primary/meta tables plus FIRST, frontal, cerebellar, thalamic and brainstem targeted searches; atlas label + anatomical parent/synonym screening",Cerebellum Crus2 L,Not exhaustive. No retrieved effect does not mean no association. Parent/cluster/other-modality evidence cannot establish exact AAL3/FIRST GMV effect.
92,97,Cerebellum_Crus2_L,AAL3,MCI,parent_region_extrapolation,see_individual_associations,1,Fjell2010,"2026-09-08 whole-brain AD/MCI GMV primary/meta tables plus FIRST, frontal, cerebellar, thalamic and brainstem targeted searches; atlas label + anatomical parent/synonym screening",Cerebellum Crus2 L,Not exhaustive. No retrieved effect does not mean no association. Parent/cluster/other-modality evidence cannot establish exact AAL3/FIRST GMV effect.
93,98,Cerebellum_Crus2_R,AAL3,AD,direct,mixed_significance_or_measurement,2,Fjell2010;Gellersen2021,"2026-09-08 whole-brain AD/MCI GMV primary/meta tables plus FIRST, frontal, cerebellar, thalamic and brainstem targeted searches; atlas label + anatomical parent/synonym screening",Cerebellum Crus2 R,Not exhaustive. No retrieved effect does not mean no association. Parent/cluster/other-modality evidence cannot establish exact AAL3/FIRST GMV effect.
93,98,Cerebellum_Crus2_R,AAL3,MCI,parent_region_extrapolation,see_individual_associations,1,Fjell2010,"2026-09-08 whole-brain AD/MCI GMV primary/meta tables plus FIRST, frontal, cerebellar, thalamic and brainstem targeted searches; atlas label + anatomical parent/synonym screening",Cerebellum Crus2 R,Not exhaustive. No retrieved effect does not mean no association. Parent/cluster/other-modality evidence cannot establish exact AAL3/FIRST GMV effect.
94,99,Cerebellum_3_L,AAL3,AD,parent_region_extrapolation,mixed_significance_or_measurement,2,Fjell2010;Toniolo2018,"2026-09-08 whole-brain AD/MCI GMV primary/meta tables plus FIRST, frontal, cerebellar, thalamic and brainstem targeted searches; atlas label + anatomical parent/synonym screening",Cerebellum 3 L,Not exhaustive. No retrieved effect does not mean no association. Parent/cluster/other-modality evidence cannot establish exact AAL3/FIRST GMV effect.
94,99,Cerebellum_3_L,AAL3,MCI,parent_region_extrapolation,mixed_significance_or_measurement,2,Fjell2010;Toniolo2018,"2026-09-08 whole-brain AD/MCI GMV primary/meta tables plus FIRST, frontal, cerebellar, thalamic and brainstem targeted searches; atlas label + anatomical parent/synonym screening",Cerebellum 3 L,Not exhaustive. No retrieved effect does not mean no association. Parent/cluster/other-modality evidence cannot establish exact AAL3/FIRST GMV effect.
95,100,Cerebellum_3_R,AAL3,AD,parent_region_extrapolation,mixed_significance_or_measurement,2,Fjell2010;Toniolo2018,"2026-09-08 whole-brain AD/MCI GMV primary/meta tables plus FIRST, frontal, cerebellar, thalamic and brainstem targeted searches; atlas label + anatomical parent/synonym screening",Cerebellum 3 R,Not exhaustive. No retrieved effect does not mean no association. Parent/cluster/other-modality evidence cannot establish exact AAL3/FIRST GMV effect.
95,100,Cerebellum_3_R,AAL3,MCI,direct,mixed_significance_or_measurement,3,Fjell2010;MCI2023;Toniolo2018,"2026-09-08 whole-brain AD/MCI GMV primary/meta tables plus FIRST, frontal, cerebellar, thalamic and brainstem targeted searches; atlas label + anatomical parent/synonym screening",Cerebellum 3 R,Not exhaustive. No retrieved effect does not mean no association. Parent/cluster/other-modality evidence cannot establish exact AAL3/FIRST GMV effect.
96,101,Cerebellum_4_5_L,AAL3,AD,parent_region_extrapolation,mixed_significance_or_measurement,2,Fjell2010;Toniolo2018,"2026-09-08 whole-brain AD/MCI GMV primary/meta tables plus FIRST, frontal, cerebellar, thalamic and brainstem targeted searches; atlas label + anatomical parent/synonym screening",Cerebellum 4 5 L,Not exhaustive. No retrieved effect does not mean no association. Parent/cluster/other-modality evidence cannot establish exact AAL3/FIRST GMV effect.
96,101,Cerebellum_4_5_L,AAL3,MCI,direct,mixed_significance_or_measurement,3,Fjell2010;MCI2023;Toniolo2018,"2026-09-08 whole-brain AD/MCI GMV primary/meta tables plus FIRST, frontal, cerebellar, thalamic and brainstem targeted searches; atlas label + anatomical parent/synonym screening",Cerebellum 4 5 L,Not exhaustive. No retrieved effect does not mean no association. Parent/cluster/other-modality evidence cannot establish exact AAL3/FIRST GMV effect.
97,102,Cerebellum_4_5_R,AAL3,AD,parent_region_extrapolation,mixed_significance_or_measurement,2,Fjell2010;Toniolo2018,"2026-09-08 whole-brain AD/MCI GMV primary/meta tables plus FIRST, frontal, cerebellar, thalamic and brainstem targeted searches; atlas label + anatomical parent/synonym screening",Cerebellum 4 5 R,Not exhaustive. No retrieved effect does not mean no association. Parent/cluster/other-modality evidence cannot establish exact AAL3/FIRST GMV effect.
97,102,Cerebellum_4_5_R,AAL3,MCI,direct,mixed_significance_or_measurement,3,Fjell2010;MCI2023;Toniolo2018,"2026-09-08 whole-brain AD/MCI GMV primary/meta tables plus FIRST, frontal, cerebellar, thalamic and brainstem targeted searches; atlas label + anatomical parent/synonym screening",Cerebellum 4 5 R,Not exhaustive. No retrieved effect does not mean no association. Parent/cluster/other-modality evidence cannot establish exact AAL3/FIRST GMV effect.
98,103,Cerebellum_6_L,AAL3,AD,parent_region_extrapolation,mixed_significance_or_measurement,2,Fjell2010;Toniolo2018,"2026-09-08 whole-brain AD/MCI GMV primary/meta tables plus FIRST, frontal, cerebellar, thalamic and brainstem targeted searches; atlas label + anatomical parent/synonym screening",Cerebellum 6 L,Not exhaustive. No retrieved effect does not mean no association. Parent/cluster/other-modality evidence cannot establish exact AAL3/FIRST GMV effect.
98,103,Cerebellum_6_L,AAL3,MCI,parent_region_extrapolation,mixed_significance_or_measurement,2,Fjell2010;Toniolo2018,"2026-09-08 whole-brain AD/MCI GMV primary/meta tables plus FIRST, frontal, cerebellar, thalamic and brainstem targeted searches; atlas label + anatomical parent/synonym screening",Cerebellum 6 L,Not exhaustive. No retrieved effect does not mean no association. Parent/cluster/other-modality evidence cannot establish exact AAL3/FIRST GMV effect.
99,104,Cerebellum_6_R,AAL3,AD,direct,mixed_significance_or_measurement,3,Fjell2010;Gellersen2021;Toniolo2018,"2026-09-08 whole-brain AD/MCI GMV primary/meta tables plus FIRST, frontal, cerebellar, thalamic and brainstem targeted searches; atlas label + anatomical parent/synonym screening",Cerebellum 6 R,Not exhaustive. No retrieved effect does not mean no association. Parent/cluster/other-modality evidence cannot establish exact AAL3/FIRST GMV effect.
99,104,Cerebellum_6_R,AAL3,MCI,parent_region_extrapolation,mixed_significance_or_measurement,2,Fjell2010;Toniolo2018,"2026-09-08 whole-brain AD/MCI GMV primary/meta tables plus FIRST, frontal, cerebellar, thalamic and brainstem targeted searches; atlas label + anatomical parent/synonym screening",Cerebellum 6 R,Not exhaustive. No retrieved effect does not mean no association. Parent/cluster/other-modality evidence cannot establish exact AAL3/FIRST GMV effect.
100,105,Cerebellum_7b_L,AAL3,AD,parent_region_extrapolation,see_individual_associations,1,Fjell2010,"2026-09-08 whole-brain AD/MCI GMV primary/meta tables plus FIRST, frontal, cerebellar, thalamic and brainstem targeted searches; atlas label + anatomical parent/synonym screening",Cerebellum 7b L,Not exhaustive. No retrieved effect does not mean no association. Parent/cluster/other-modality evidence cannot establish exact AAL3/FIRST GMV effect.
100,105,Cerebellum_7b_L,AAL3,MCI,parent_region_extrapolation,see_individual_associations,1,Fjell2010,"2026-09-08 whole-brain AD/MCI GMV primary/meta tables plus FIRST, frontal, cerebellar, thalamic and brainstem targeted searches; atlas label + anatomical parent/synonym screening",Cerebellum 7b L,Not exhaustive. No retrieved effect does not mean no association. Parent/cluster/other-modality evidence cannot establish exact AAL3/FIRST GMV effect.
101,106,Cerebellum_7b_R,AAL3,AD,parent_region_extrapolation,see_individual_associations,1,Fjell2010,"2026-09-08 whole-brain AD/MCI GMV primary/meta tables plus FIRST, frontal, cerebellar, thalamic and brainstem targeted searches; atlas label + anatomical parent/synonym screening",Cerebellum 7b R,Not exhaustive. No retrieved effect does not mean no association. Parent/cluster/other-modality evidence cannot establish exact AAL3/FIRST GMV effect.
101,106,Cerebellum_7b_R,AAL3,MCI,parent_region_extrapolation,see_individual_associations,1,Fjell2010,"2026-09-08 whole-brain AD/MCI GMV primary/meta tables plus FIRST, frontal, cerebellar, thalamic and brainstem targeted searches; atlas label + anatomical parent/synonym screening",Cerebellum 7b R,Not exhaustive. No retrieved effect does not mean no association. Parent/cluster/other-modality evidence cannot establish exact AAL3/FIRST GMV effect.
102,107,Cerebellum_8_L,AAL3,AD,parent_region_extrapolation,see_individual_associations,1,Fjell2010,"2026-09-08 whole-brain AD/MCI GMV primary/meta tables plus FIRST, frontal, cerebellar, thalamic and brainstem targeted searches; atlas label + anatomical parent/synonym screening",Cerebellum 8 L,Not exhaustive. No retrieved effect does not mean no association. Parent/cluster/other-modality evidence cannot establish exact AAL3/FIRST GMV effect.
102,107,Cerebellum_8_L,AAL3,MCI,parent_region_extrapolation,see_individual_associations,1,Fjell2010,"2026-09-08 whole-brain AD/MCI GMV primary/meta tables plus FIRST, frontal, cerebellar, thalamic and brainstem targeted searches; atlas label + anatomical parent/synonym screening",Cerebellum 8 L,Not exhaustive. No retrieved effect does not mean no association. Parent/cluster/other-modality evidence cannot establish exact AAL3/FIRST GMV effect.
103,108,Cerebellum_8_R,AAL3,AD,parent_region_extrapolation,see_individual_associations,1,Fjell2010,"2026-09-08 whole-brain AD/MCI GMV primary/meta tables plus FIRST, frontal, cerebellar, thalamic and brainstem targeted searches; atlas label + anatomical parent/synonym screening",Cerebellum 8 R,Not exhaustive. No retrieved effect does not mean no association. Parent/cluster/other-modality evidence cannot establish exact AAL3/FIRST GMV effect.
103,108,Cerebellum_8_R,AAL3,MCI,parent_region_extrapolation,see_individual_associations,1,Fjell2010,"2026-09-08 whole-brain AD/MCI GMV primary/meta tables plus FIRST, frontal, cerebellar, thalamic and brainstem targeted searches; atlas label + anatomical parent/synonym screening",Cerebellum 8 R,Not exhaustive. No retrieved effect does not mean no association. Parent/cluster/other-modality evidence cannot establish exact AAL3/FIRST GMV effect.
104,109,Cerebellum_9_L,AAL3,AD,parent_region_extrapolation,see_individual_associations,1,Fjell2010,"2026-09-08 whole-brain AD/MCI GMV primary/meta tables plus FIRST, frontal, cerebellar, thalamic and brainstem targeted searches; atlas label + anatomical parent/synonym screening",Cerebellum 9 L,Not exhaustive. No retrieved effect does not mean no association. Parent/cluster/other-modality evidence cannot establish exact AAL3/FIRST GMV effect.
104,109,Cerebellum_9_L,AAL3,MCI,parent_region_extrapolation,see_individual_associations,1,Fjell2010,"2026-09-08 whole-brain AD/MCI GMV primary/meta tables plus FIRST, frontal, cerebellar, thalamic and brainstem targeted searches; atlas label + anatomical parent/synonym screening",Cerebellum 9 L,Not exhaustive. No retrieved effect does not mean no association. Parent/cluster/other-modality evidence cannot establish exact AAL3/FIRST GMV effect.
105,110,Cerebellum_9_R,AAL3,AD,parent_region_extrapolation,see_individual_associations,1,Fjell2010,"2026-09-08 whole-brain AD/MCI GMV primary/meta tables plus FIRST, frontal, cerebellar, thalamic and brainstem targeted searches; atlas label + anatomical parent/synonym screening",Cerebellum 9 R,Not exhaustive. No retrieved effect does not mean no association. Parent/cluster/other-modality evidence cannot establish exact AAL3/FIRST GMV effect.
105,110,Cerebellum_9_R,AAL3,MCI,parent_region_extrapolation,see_individual_associations,1,Fjell2010,"2026-09-08 whole-brain AD/MCI GMV primary/meta tables plus FIRST, frontal, cerebellar, thalamic and brainstem targeted searches; atlas label + anatomical parent/synonym screening",Cerebellum 9 R,Not exhaustive. No retrieved effect does not mean no association. Parent/cluster/other-modality evidence cannot establish exact AAL3/FIRST GMV effect.
106,111,Cerebellum_10_L,AAL3,AD,parent_region_extrapolation,see_individual_associations,1,Fjell2010,"2026-09-08 whole-brain AD/MCI GMV primary/meta tables plus FIRST, frontal, cerebellar, thalamic and brainstem targeted searches; atlas label + anatomical parent/synonym screening",Cerebellum 10 L,Not exhaustive. No retrieved effect does not mean no association. Parent/cluster/other-modality evidence cannot establish exact AAL3/FIRST GMV effect.
106,111,Cerebellum_10_L,AAL3,MCI,parent_region_extrapolation,see_individual_associations,1,Fjell2010,"2026-09-08 whole-brain AD/MCI GMV primary/meta tables plus FIRST, frontal, cerebellar, thalamic and brainstem targeted searches; atlas label + anatomical parent/synonym screening",Cerebellum 10 L,Not exhaustive. No retrieved effect does not mean no association. Parent/cluster/other-modality evidence cannot establish exact AAL3/FIRST GMV effect.
107,112,Cerebellum_10_R,AAL3,AD,parent_region_extrapolation,see_individual_associations,1,Fjell2010,"2026-09-08 whole-brain AD/MCI GMV primary/meta tables plus FIRST, frontal, cerebellar, thalamic and brainstem targeted searches; atlas label + anatomical parent/synonym screening",Cerebellum 10 R,Not exhaustive. No retrieved effect does not mean no association. Parent/cluster/other-modality evidence cannot establish exact AAL3/FIRST GMV effect.
107,112,Cerebellum_10_R,AAL3,MCI,parent_region_extrapolation,see_individual_associations,1,Fjell2010,"2026-09-08 whole-brain AD/MCI GMV primary/meta tables plus FIRST, frontal, cerebellar, thalamic and brainstem targeted searches; atlas label + anatomical parent/synonym screening",Cerebellum 10 R,Not exhaustive. No retrieved effect does not mean no association. Parent/cluster/other-modality evidence cannot establish exact AAL3/FIRST GMV effect.
108,113,Vermis_1_2,AAL3,AD,parent_region_extrapolation,mixed_significance_or_measurement,3,Fjell2010;Ledig2018;Toniolo2018,"2026-09-08 whole-brain AD/MCI GMV primary/meta tables plus FIRST, frontal, cerebellar, thalamic and brainstem targeted searches; atlas label + anatomical parent/synonym screening",Vermis 1 2,Not exhaustive. No retrieved effect does not mean no association. Parent/cluster/other-modality evidence cannot establish exact AAL3/FIRST GMV effect.
108,113,Vermis_1_2,AAL3,MCI,parent_region_extrapolation,mixed_significance_or_measurement,3,Fjell2010;Ledig2018;Toniolo2018,"2026-09-08 whole-brain AD/MCI GMV primary/meta tables plus FIRST, frontal, cerebellar, thalamic and brainstem targeted searches; atlas label + anatomical parent/synonym screening",Vermis 1 2,Not exhaustive. No retrieved effect does not mean no association. Parent/cluster/other-modality evidence cannot establish exact AAL3/FIRST GMV effect.
109,114,Vermis_3,AAL3,AD,parent_region_extrapolation,mixed_significance_or_measurement,3,Fjell2010;Ledig2018;Toniolo2018,"2026-09-08 whole-brain AD/MCI GMV primary/meta tables plus FIRST, frontal, cerebellar, thalamic and brainstem targeted searches; atlas label + anatomical parent/synonym screening",Vermis 3,Not exhaustive. No retrieved effect does not mean no association. Parent/cluster/other-modality evidence cannot establish exact AAL3/FIRST GMV effect.
109,114,Vermis_3,AAL3,MCI,parent_region_extrapolation,mixed_significance_or_measurement,3,Fjell2010;Ledig2018;Toniolo2018,"2026-09-08 whole-brain AD/MCI GMV primary/meta tables plus FIRST, frontal, cerebellar, thalamic and brainstem targeted searches; atlas label + anatomical parent/synonym screening",Vermis 3,Not exhaustive. No retrieved effect does not mean no association. Parent/cluster/other-modality evidence cannot establish exact AAL3/FIRST GMV effect.
110,115,Vermis_4_5,AAL3,AD,parent_region_extrapolation,mixed_significance_or_measurement,3,Fjell2010;Ledig2018;Toniolo2018,"2026-09-08 whole-brain AD/MCI GMV primary/meta tables plus FIRST, frontal, cerebellar, thalamic and brainstem targeted searches; atlas label + anatomical parent/synonym screening",Vermis 4 5,Not exhaustive. No retrieved effect does not mean no association. Parent/cluster/other-modality evidence cannot establish exact AAL3/FIRST GMV effect.
110,115,Vermis_4_5,AAL3,MCI,parent_region_extrapolation,mixed_significance_or_measurement,3,Fjell2010;Ledig2018;Toniolo2018,"2026-09-08 whole-brain AD/MCI GMV primary/meta tables plus FIRST, frontal, cerebellar, thalamic and brainstem targeted searches; atlas label + anatomical parent/synonym screening",Vermis 4 5,Not exhaustive. No retrieved effect does not mean no association. Parent/cluster/other-modality evidence cannot establish exact AAL3/FIRST GMV effect.
111,116,Vermis_6,AAL3,AD,parent_region_extrapolation,conflicting_directions,3,Fjell2010;Ledig2018;Toniolo2018,"2026-09-08 whole-brain AD/MCI GMV primary/meta tables plus FIRST, frontal, cerebellar, thalamic and brainstem targeted searches; atlas label + anatomical parent/synonym screening",Vermis 6,Not exhaustive. No retrieved effect does not mean no association. Parent/cluster/other-modality evidence cannot establish exact AAL3/FIRST GMV effect.
111,116,Vermis_6,AAL3,MCI,parent_region_extrapolation,conflicting_directions,3,Fjell2010;Ledig2018;Toniolo2018,"2026-09-08 whole-brain AD/MCI GMV primary/meta tables plus FIRST, frontal, cerebellar, thalamic and brainstem targeted searches; atlas label + anatomical parent/synonym screening",Vermis 6,Not exhaustive. No retrieved effect does not mean no association. Parent/cluster/other-modality evidence cannot establish exact AAL3/FIRST GMV effect.
112,117,Vermis_7,AAL3,AD,parent_region_extrapolation,conflicting_directions,2,Fjell2010;Ledig2018,"2026-09-08 whole-brain AD/MCI GMV primary/meta tables plus FIRST, frontal, cerebellar, thalamic and brainstem targeted searches; atlas label + anatomical parent/synonym screening",Vermis 7,Not exhaustive. No retrieved effect does not mean no association. Parent/cluster/other-modality evidence cannot establish exact AAL3/FIRST GMV effect.
112,117,Vermis_7,AAL3,MCI,parent_region_extrapolation,conflicting_directions,2,Fjell2010;Ledig2018,"2026-09-08 whole-brain AD/MCI GMV primary/meta tables plus FIRST, frontal, cerebellar, thalamic and brainstem targeted searches; atlas label + anatomical parent/synonym screening",Vermis 7,Not exhaustive. No retrieved effect does not mean no association. Parent/cluster/other-modality evidence cannot establish exact AAL3/FIRST GMV effect.
113,118,Vermis_8,AAL3,AD,parent_region_extrapolation,conflicting_directions,2,Fjell2010;Ledig2018,"2026-09-08 whole-brain AD/MCI GMV primary/meta tables plus FIRST, frontal, cerebellar, thalamic and brainstem targeted searches; atlas label + anatomical parent/synonym screening",Vermis 8,Not exhaustive. No retrieved effect does not mean no association. Parent/cluster/other-modality evidence cannot establish exact AAL3/FIRST GMV effect.
113,118,Vermis_8,AAL3,MCI,parent_region_extrapolation,conflicting_directions,2,Fjell2010;Ledig2018,"2026-09-08 whole-brain AD/MCI GMV primary/meta tables plus FIRST, frontal, cerebellar, thalamic and brainstem targeted searches; atlas label + anatomical parent/synonym screening",Vermis 8,Not exhaustive. No retrieved effect does not mean no association. Parent/cluster/other-modality evidence cannot establish exact AAL3/FIRST GMV effect.
114,119,Vermis_9,AAL3,AD,parent_region_extrapolation,conflicting_directions,2,Fjell2010;Ledig2018,"2026-09-08 whole-brain AD/MCI GMV primary/meta tables plus FIRST, frontal, cerebellar, thalamic and brainstem targeted searches; atlas label + anatomical parent/synonym screening",Vermis 9,Not exhaustive. No retrieved effect does not mean no association. Parent/cluster/other-modality evidence cannot establish exact AAL3/FIRST GMV effect.
114,119,Vermis_9,AAL3,MCI,parent_region_extrapolation,conflicting_directions,2,Fjell2010;Ledig2018,"2026-09-08 whole-brain AD/MCI GMV primary/meta tables plus FIRST, frontal, cerebellar, thalamic and brainstem targeted searches; atlas label + anatomical parent/synonym screening",Vermis 9,Not exhaustive. No retrieved effect does not mean no association. Parent/cluster/other-modality evidence cannot establish exact AAL3/FIRST GMV effect.
115,120,Vermis_10,AAL3,AD,parent_region_extrapolation,conflicting_directions,2,Fjell2010;Ledig2018,"2026-09-08 whole-brain AD/MCI GMV primary/meta tables plus FIRST, frontal, cerebellar, thalamic and brainstem targeted searches; atlas label + anatomical parent/synonym screening",Vermis 10,Not exhaustive. No retrieved effect does not mean no association. Parent/cluster/other-modality evidence cannot establish exact AAL3/FIRST GMV effect.
115,120,Vermis_10,AAL3,MCI,parent_region_extrapolation,conflicting_directions,2,Fjell2010;Ledig2018,"2026-09-08 whole-brain AD/MCI GMV primary/meta tables plus FIRST, frontal, cerebellar, thalamic and brainstem targeted searches; atlas label + anatomical parent/synonym screening",Vermis 10,Not exhaustive. No retrieved effect does not mean no association. Parent/cluster/other-modality evidence cannot establish exact AAL3/FIRST GMV effect.
116,121,Thal_AV_L,AAL3,AD,direct,see_individual_associations,3,Banerjee2025;Maki2026;Young2025,"2026-09-08 whole-brain AD/MCI GMV primary/meta tables plus FIRST, frontal, cerebellar, thalamic and brainstem targeted searches; atlas label + anatomical parent/synonym screening",Thal AV L,Not exhaustive. No retrieved effect does not mean no association. Parent/cluster/other-modality evidence cannot establish exact AAL3/FIRST GMV effect.
116,121,Thal_AV_L,AAL3,MCI,direct,see_individual_associations,3,Banerjee2025;Maki2026;Young2025,"2026-09-08 whole-brain AD/MCI GMV primary/meta tables plus FIRST, frontal, cerebellar, thalamic and brainstem targeted searches; atlas label + anatomical parent/synonym screening",Thal AV L,Not exhaustive. No retrieved effect does not mean no association. Parent/cluster/other-modality evidence cannot establish exact AAL3/FIRST GMV effect.
117,122,Thal_AV_R,AAL3,AD,direct,see_individual_associations,3,Banerjee2025;Maki2026;Young2025,"2026-09-08 whole-brain AD/MCI GMV primary/meta tables plus FIRST, frontal, cerebellar, thalamic and brainstem targeted searches; atlas label + anatomical parent/synonym screening",Thal AV R,Not exhaustive. No retrieved effect does not mean no association. Parent/cluster/other-modality evidence cannot establish exact AAL3/FIRST GMV effect.
117,122,Thal_AV_R,AAL3,MCI,direct,see_individual_associations,3,Banerjee2025;Maki2026;Young2025,"2026-09-08 whole-brain AD/MCI GMV primary/meta tables plus FIRST, frontal, cerebellar, thalamic and brainstem targeted searches; atlas label + anatomical parent/synonym screening",Thal AV R,Not exhaustive. No retrieved effect does not mean no association. Parent/cluster/other-modality evidence cannot establish exact AAL3/FIRST GMV effect.
118,123,Thal_LP_L,AAL3,AD,indirect,see_individual_associations,1,Maki2026,"2026-09-08 whole-brain AD/MCI GMV primary/meta tables plus FIRST, frontal, cerebellar, thalamic and brainstem targeted searches; atlas label + anatomical parent/synonym screening",Thal LP L,Not exhaustive. No retrieved effect does not mean no association. Parent/cluster/other-modality evidence cannot establish exact AAL3/FIRST GMV effect.
118,123,Thal_LP_L,AAL3,MCI,parent_region_extrapolation,see_individual_associations,1,Maki2026,"2026-09-08 whole-brain AD/MCI GMV primary/meta tables plus FIRST, frontal, cerebellar, thalamic and brainstem targeted searches; atlas label + anatomical parent/synonym screening",Thal LP L,Not exhaustive. No retrieved effect does not mean no association. Parent/cluster/other-modality evidence cannot establish exact AAL3/FIRST GMV effect.
119,124,Thal_LP_R,AAL3,AD,indirect,see_individual_associations,1,Maki2026,"2026-09-08 whole-brain AD/MCI GMV primary/meta tables plus FIRST, frontal, cerebellar, thalamic and brainstem targeted searches; atlas label + anatomical parent/synonym screening",Thal LP R,Not exhaustive. No retrieved effect does not mean no association. Parent/cluster/other-modality evidence cannot establish exact AAL3/FIRST GMV effect.
119,124,Thal_LP_R,AAL3,MCI,parent_region_extrapolation,see_individual_associations,1,Maki2026,"2026-09-08 whole-brain AD/MCI GMV primary/meta tables plus FIRST, frontal, cerebellar, thalamic and brainstem targeted searches; atlas label + anatomical parent/synonym screening",Thal LP R,Not exhaustive. No retrieved effect does not mean no association. Parent/cluster/other-modality evidence cannot establish exact AAL3/FIRST GMV effect.
120,125,Thal_VA_L,AAL3,AD,indirect,see_individual_associations,1,Maki2026,"2026-09-08 whole-brain AD/MCI GMV primary/meta tables plus FIRST, frontal, cerebellar, thalamic and brainstem targeted searches; atlas label + anatomical parent/synonym screening",Thal VA L,Not exhaustive. No retrieved effect does not mean no association. Parent/cluster/other-modality evidence cannot establish exact AAL3/FIRST GMV effect.
120,125,Thal_VA_L,AAL3,MCI,parent_region_extrapolation,see_individual_associations,1,Maki2026,"2026-09-08 whole-brain AD/MCI GMV primary/meta tables plus FIRST, frontal, cerebellar, thalamic and brainstem targeted searches; atlas label + anatomical parent/synonym screening",Thal VA L,Not exhaustive. No retrieved effect does not mean no association. Parent/cluster/other-modality evidence cannot establish exact AAL3/FIRST GMV effect.
121,126,Thal_VA_R,AAL3,AD,indirect,see_individual_associations,1,Maki2026,"2026-09-08 whole-brain AD/MCI GMV primary/meta tables plus FIRST, frontal, cerebellar, thalamic and brainstem targeted searches; atlas label + anatomical parent/synonym screening",Thal VA R,Not exhaustive. No retrieved effect does not mean no association. Parent/cluster/other-modality evidence cannot establish exact AAL3/FIRST GMV effect.
121,126,Thal_VA_R,AAL3,MCI,parent_region_extrapolation,see_individual_associations,1,Maki2026,"2026-09-08 whole-brain AD/MCI GMV primary/meta tables plus FIRST, frontal, cerebellar, thalamic and brainstem targeted searches; atlas label + anatomical parent/synonym screening",Thal VA R,Not exhaustive. No retrieved effect does not mean no association. Parent/cluster/other-modality evidence cannot establish exact AAL3/FIRST GMV effect.
122,127,Thal_VL_L,AAL3,AD,parent_region_extrapolation,see_individual_associations,2,Banerjee2025;Maki2026,"2026-09-08 whole-brain AD/MCI GMV primary/meta tables plus FIRST, frontal, cerebellar, thalamic and brainstem targeted searches; atlas label + anatomical parent/synonym screening",Thal VL L,Not exhaustive. No retrieved effect does not mean no association. Parent/cluster/other-modality evidence cannot establish exact AAL3/FIRST GMV effect.
122,127,Thal_VL_L,AAL3,MCI,parent_region_extrapolation,see_individual_associations,1,Maki2026,"2026-09-08 whole-brain AD/MCI GMV primary/meta tables plus FIRST, frontal, cerebellar, thalamic and brainstem targeted searches; atlas label + anatomical parent/synonym screening",Thal VL L,Not exhaustive. No retrieved effect does not mean no association. Parent/cluster/other-modality evidence cannot establish exact AAL3/FIRST GMV effect.
123,128,Thal_VL_R,AAL3,AD,parent_region_extrapolation,see_individual_associations,2,Banerjee2025;Maki2026,"2026-09-08 whole-brain AD/MCI GMV primary/meta tables plus FIRST, frontal, cerebellar, thalamic and brainstem targeted searches; atlas label + anatomical parent/synonym screening",Thal VL R,Not exhaustive. No retrieved effect does not mean no association. Parent/cluster/other-modality evidence cannot establish exact AAL3/FIRST GMV effect.
123,128,Thal_VL_R,AAL3,MCI,parent_region_extrapolation,see_individual_associations,1,Maki2026,"2026-09-08 whole-brain AD/MCI GMV primary/meta tables plus FIRST, frontal, cerebellar, thalamic and brainstem targeted searches; atlas label + anatomical parent/synonym screening",Thal VL R,Not exhaustive. No retrieved effect does not mean no association. Parent/cluster/other-modality evidence cannot establish exact AAL3/FIRST GMV effect.
124,129,Thal_VPL_L,AAL3,AD,direct,see_individual_associations,2,Maki2026;Young2025,"2026-09-08 whole-brain AD/MCI GMV primary/meta tables plus FIRST, frontal, cerebellar, thalamic and brainstem targeted searches; atlas label + anatomical parent/synonym screening",Thal VPL L,Not exhaustive. No retrieved effect does not mean no association. Parent/cluster/other-modality evidence cannot establish exact AAL3/FIRST GMV effect.
124,129,Thal_VPL_L,AAL3,MCI,direct,see_individual_associations,2,Maki2026;Young2025,"2026-09-08 whole-brain AD/MCI GMV primary/meta tables plus FIRST, frontal, cerebellar, thalamic and brainstem targeted searches; atlas label + anatomical parent/synonym screening",Thal VPL L,Not exhaustive. No retrieved effect does not mean no association. Parent/cluster/other-modality evidence cannot establish exact AAL3/FIRST GMV effect.
125,130,Thal_VPL_R,AAL3,AD,direct,see_individual_associations,2,Maki2026;Young2025,"2026-09-08 whole-brain AD/MCI GMV primary/meta tables plus FIRST, frontal, cerebellar, thalamic and brainstem targeted searches; atlas label + anatomical parent/synonym screening",Thal VPL R,Not exhaustive. No retrieved effect does not mean no association. Parent/cluster/other-modality evidence cannot establish exact AAL3/FIRST GMV effect.
125,130,Thal_VPL_R,AAL3,MCI,direct,see_individual_associations,2,Maki2026;Young2025,"2026-09-08 whole-brain AD/MCI GMV primary/meta tables plus FIRST, frontal, cerebellar, thalamic and brainstem targeted searches; atlas label + anatomical parent/synonym screening",Thal VPL R,Not exhaustive. No retrieved effect does not mean no association. Parent/cluster/other-modality evidence cannot establish exact AAL3/FIRST GMV effect.
126,131,Thal_IL_L,AAL3,AD,parent_region_extrapolation,see_individual_associations,2,Banerjee2025;Maki2026,"2026-09-08 whole-brain AD/MCI GMV primary/meta tables plus FIRST, frontal, cerebellar, thalamic and brainstem targeted searches; atlas label + anatomical parent/synonym screening",Thal IL L,Not exhaustive. No retrieved effect does not mean no association. Parent/cluster/other-modality evidence cannot establish exact AAL3/FIRST GMV effect.
126,131,Thal_IL_L,AAL3,MCI,parent_region_extrapolation,see_individual_associations,1,Maki2026,"2026-09-08 whole-brain AD/MCI GMV primary/meta tables plus FIRST, frontal, cerebellar, thalamic and brainstem targeted searches; atlas label + anatomical parent/synonym screening",Thal IL L,Not exhaustive. No retrieved effect does not mean no association. Parent/cluster/other-modality evidence cannot establish exact AAL3/FIRST GMV effect.
127,132,Thal_IL_R,AAL3,AD,parent_region_extrapolation,see_individual_associations,2,Banerjee2025;Maki2026,"2026-09-08 whole-brain AD/MCI GMV primary/meta tables plus FIRST, frontal, cerebellar, thalamic and brainstem targeted searches; atlas label + anatomical parent/synonym screening",Thal IL R,Not exhaustive. No retrieved effect does not mean no association. Parent/cluster/other-modality evidence cannot establish exact AAL3/FIRST GMV effect.
127,132,Thal_IL_R,AAL3,MCI,parent_region_extrapolation,see_individual_associations,1,Maki2026,"2026-09-08 whole-brain AD/MCI GMV primary/meta tables plus FIRST, frontal, cerebellar, thalamic and brainstem targeted searches; atlas label + anatomical parent/synonym screening",Thal IL R,Not exhaustive. No retrieved effect does not mean no association. Parent/cluster/other-modality evidence cannot establish exact AAL3/FIRST GMV effect.
128,133,Thal_Re_L,AAL3,AD,indirect,see_individual_associations,1,Maki2026,"2026-09-08 whole-brain AD/MCI GMV primary/meta tables plus FIRST, frontal, cerebellar, thalamic and brainstem targeted searches; atlas label + anatomical parent/synonym screening",Thal Re L,Not exhaustive. No retrieved effect does not mean no association. Parent/cluster/other-modality evidence cannot establish exact AAL3/FIRST GMV effect.
128,133,Thal_Re_L,AAL3,MCI,parent_region_extrapolation,see_individual_associations,1,Maki2026,"2026-09-08 whole-brain AD/MCI GMV primary/meta tables plus FIRST, frontal, cerebellar, thalamic and brainstem targeted searches; atlas label + anatomical parent/synonym screening",Thal Re L,Not exhaustive. No retrieved effect does not mean no association. Parent/cluster/other-modality evidence cannot establish exact AAL3/FIRST GMV effect.
129,134,Thal_Re_R,AAL3,AD,indirect,see_individual_associations,1,Maki2026,"2026-09-08 whole-brain AD/MCI GMV primary/meta tables plus FIRST, frontal, cerebellar, thalamic and brainstem targeted searches; atlas label + anatomical parent/synonym screening",Thal Re R,Not exhaustive. No retrieved effect does not mean no association. Parent/cluster/other-modality evidence cannot establish exact AAL3/FIRST GMV effect.
129,134,Thal_Re_R,AAL3,MCI,parent_region_extrapolation,see_individual_associations,1,Maki2026,"2026-09-08 whole-brain AD/MCI GMV primary/meta tables plus FIRST, frontal, cerebellar, thalamic and brainstem targeted searches; atlas label + anatomical parent/synonym screening",Thal Re R,Not exhaustive. No retrieved effect does not mean no association. Parent/cluster/other-modality evidence cannot establish exact AAL3/FIRST GMV effect.
130,135,Thal_MDm_L,AAL3,AD,parent_region_extrapolation,see_individual_associations,3,Banerjee2025;Maki2026;Young2025,"2026-09-08 whole-brain AD/MCI GMV primary/meta tables plus FIRST, frontal, cerebellar, thalamic and brainstem targeted searches; atlas label + anatomical parent/synonym screening",Thal MDm L,Not exhaustive. No retrieved effect does not mean no association. Parent/cluster/other-modality evidence cannot establish exact AAL3/FIRST GMV effect.
130,135,Thal_MDm_L,AAL3,MCI,parent_region_extrapolation,see_individual_associations,3,Banerjee2025;Maki2026;Young2025,"2026-09-08 whole-brain AD/MCI GMV primary/meta tables plus FIRST, frontal, cerebellar, thalamic and brainstem targeted searches; atlas label + anatomical parent/synonym screening",Thal MDm L,Not exhaustive. No retrieved effect does not mean no association. Parent/cluster/other-modality evidence cannot establish exact AAL3/FIRST GMV effect.
131,136,Thal_MDm_R,AAL3,AD,parent_region_extrapolation,see_individual_associations,3,Banerjee2025;Maki2026;Young2025,"2026-09-08 whole-brain AD/MCI GMV primary/meta tables plus FIRST, frontal, cerebellar, thalamic and brainstem targeted searches; atlas label + anatomical parent/synonym screening",Thal MDm R,Not exhaustive. No retrieved effect does not mean no association. Parent/cluster/other-modality evidence cannot establish exact AAL3/FIRST GMV effect.
131,136,Thal_MDm_R,AAL3,MCI,parent_region_extrapolation,see_individual_associations,3,Banerjee2025;Maki2026;Young2025,"2026-09-08 whole-brain AD/MCI GMV primary/meta tables plus FIRST, frontal, cerebellar, thalamic and brainstem targeted searches; atlas label + anatomical parent/synonym screening",Thal MDm R,Not exhaustive. No retrieved effect does not mean no association. Parent/cluster/other-modality evidence cannot establish exact AAL3/FIRST GMV effect.
132,137,Thal_MDl_L,AAL3,AD,parent_region_extrapolation,see_individual_associations,3,Banerjee2025;Maki2026;Young2025,"2026-09-08 whole-brain AD/MCI GMV primary/meta tables plus FIRST, frontal, cerebellar, thalamic and brainstem targeted searches; atlas label + anatomical parent/synonym screening",Thal MDl L,Not exhaustive. No retrieved effect does not mean no association. Parent/cluster/other-modality evidence cannot establish exact AAL3/FIRST GMV effect.
132,137,Thal_MDl_L,AAL3,MCI,parent_region_extrapolation,see_individual_associations,3,Banerjee2025;Maki2026;Young2025,"2026-09-08 whole-brain AD/MCI GMV primary/meta tables plus FIRST, frontal, cerebellar, thalamic and brainstem targeted searches; atlas label + anatomical parent/synonym screening",Thal MDl L,Not exhaustive. No retrieved effect does not mean no association. Parent/cluster/other-modality evidence cannot establish exact AAL3/FIRST GMV effect.
133,138,Thal_MDl_R,AAL3,AD,parent_region_extrapolation,see_individual_associations,3,Banerjee2025;Maki2026;Young2025,"2026-09-08 whole-brain AD/MCI GMV primary/meta tables plus FIRST, frontal, cerebellar, thalamic and brainstem targeted searches; atlas label + anatomical parent/synonym screening",Thal MDl R,Not exhaustive. No retrieved effect does not mean no association. Parent/cluster/other-modality evidence cannot establish exact AAL3/FIRST GMV effect.
133,138,Thal_MDl_R,AAL3,MCI,parent_region_extrapolation,see_individual_associations,3,Banerjee2025;Maki2026;Young2025,"2026-09-08 whole-brain AD/MCI GMV primary/meta tables plus FIRST, frontal, cerebellar, thalamic and brainstem targeted searches; atlas label + anatomical parent/synonym screening",Thal MDl R,Not exhaustive. No retrieved effect does not mean no association. Parent/cluster/other-modality evidence cannot establish exact AAL3/FIRST GMV effect.
134,139,Thal_LGN_L,AAL3,AD,indirect,see_individual_associations,1,Maki2026,"2026-09-08 whole-brain AD/MCI GMV primary/meta tables plus FIRST, frontal, cerebellar, thalamic and brainstem targeted searches; atlas label + anatomical parent/synonym screening",Thal LGN L,Not exhaustive. No retrieved effect does not mean no association. Parent/cluster/other-modality evidence cannot establish exact AAL3/FIRST GMV effect.
134,139,Thal_LGN_L,AAL3,MCI,parent_region_extrapolation,see_individual_associations,1,Maki2026,"2026-09-08 whole-brain AD/MCI GMV primary/meta tables plus FIRST, frontal, cerebellar, thalamic and brainstem targeted searches; atlas label + anatomical parent/synonym screening",Thal LGN L,Not exhaustive. No retrieved effect does not mean no association. Parent/cluster/other-modality evidence cannot establish exact AAL3/FIRST GMV effect.
135,140,Thal_LGN_R,AAL3,AD,indirect,see_individual_associations,1,Maki2026,"2026-09-08 whole-brain AD/MCI GMV primary/meta tables plus FIRST, frontal, cerebellar, thalamic and brainstem targeted searches; atlas label + anatomical parent/synonym screening",Thal LGN R,Not exhaustive. No retrieved effect does not mean no association. Parent/cluster/other-modality evidence cannot establish exact AAL3/FIRST GMV effect.
135,140,Thal_LGN_R,AAL3,MCI,parent_region_extrapolation,see_individual_associations,1,Maki2026,"2026-09-08 whole-brain AD/MCI GMV primary/meta tables plus FIRST, frontal, cerebellar, thalamic and brainstem targeted searches; atlas label + anatomical parent/synonym screening",Thal LGN R,Not exhaustive. No retrieved effect does not mean no association. Parent/cluster/other-modality evidence cannot establish exact AAL3/FIRST GMV effect.
136,141,Thal_MGN_L,AAL3,AD,direct,see_individual_associations,3,Banerjee2025;Maki2026;Young2025,"2026-09-08 whole-brain AD/MCI GMV primary/meta tables plus FIRST, frontal, cerebellar, thalamic and brainstem targeted searches; atlas label + anatomical parent/synonym screening",Thal MGN L,Not exhaustive. No retrieved effect does not mean no association. Parent/cluster/other-modality evidence cannot establish exact AAL3/FIRST GMV effect.
136,141,Thal_MGN_L,AAL3,MCI,direct,see_individual_associations,2,Maki2026;Young2025,"2026-09-08 whole-brain AD/MCI GMV primary/meta tables plus FIRST, frontal, cerebellar, thalamic and brainstem targeted searches; atlas label + anatomical parent/synonym screening",Thal MGN L,Not exhaustive. No retrieved effect does not mean no association. Parent/cluster/other-modality evidence cannot establish exact AAL3/FIRST GMV effect.
137,142,Thal_MGN_R,AAL3,AD,direct,see_individual_associations,3,Banerjee2025;Maki2026;Young2025,"2026-09-08 whole-brain AD/MCI GMV primary/meta tables plus FIRST, frontal, cerebellar, thalamic and brainstem targeted searches; atlas label + anatomical parent/synonym screening",Thal MGN R,Not exhaustive. No retrieved effect does not mean no association. Parent/cluster/other-modality evidence cannot establish exact AAL3/FIRST GMV effect.
137,142,Thal_MGN_R,AAL3,MCI,direct,see_individual_associations,2,Maki2026;Young2025,"2026-09-08 whole-brain AD/MCI GMV primary/meta tables plus FIRST, frontal, cerebellar, thalamic and brainstem targeted searches; atlas label + anatomical parent/synonym screening",Thal MGN R,Not exhaustive. No retrieved effect does not mean no association. Parent/cluster/other-modality evidence cannot establish exact AAL3/FIRST GMV effect.
138,143,Thal_PuI_L,AAL3,AD,parent_region_extrapolation,see_individual_associations,3,Banerjee2025;Maki2026;Young2025,"2026-09-08 whole-brain AD/MCI GMV primary/meta tables plus FIRST, frontal, cerebellar, thalamic and brainstem targeted searches; atlas label + anatomical parent/synonym screening",Thal PuI L,Not exhaustive. No retrieved effect does not mean no association. Parent/cluster/other-modality evidence cannot establish exact AAL3/FIRST GMV effect.
138,143,Thal_PuI_L,AAL3,MCI,parent_region_extrapolation,see_individual_associations,3,Banerjee2025;Maki2026;Young2025,"2026-09-08 whole-brain AD/MCI GMV primary/meta tables plus FIRST, frontal, cerebellar, thalamic and brainstem targeted searches; atlas label + anatomical parent/synonym screening",Thal PuI L,Not exhaustive. No retrieved effect does not mean no association. Parent/cluster/other-modality evidence cannot establish exact AAL3/FIRST GMV effect.
139,144,Thal_PuI_R,AAL3,AD,parent_region_extrapolation,see_individual_associations,3,Banerjee2025;Maki2026;Young2025,"2026-09-08 whole-brain AD/MCI GMV primary/meta tables plus FIRST, frontal, cerebellar, thalamic and brainstem targeted searches; atlas label + anatomical parent/synonym screening",Thal PuI R,Not exhaustive. No retrieved effect does not mean no association. Parent/cluster/other-modality evidence cannot establish exact AAL3/FIRST GMV effect.
139,144,Thal_PuI_R,AAL3,MCI,parent_region_extrapolation,see_individual_associations,3,Banerjee2025;Maki2026;Young2025,"2026-09-08 whole-brain AD/MCI GMV primary/meta tables plus FIRST, frontal, cerebellar, thalamic and brainstem targeted searches; atlas label + anatomical parent/synonym screening",Thal PuI R,Not exhaustive. No retrieved effect does not mean no association. Parent/cluster/other-modality evidence cannot establish exact AAL3/FIRST GMV effect.
140,145,Thal_PuM_L,AAL3,AD,parent_region_extrapolation,see_individual_associations,3,Banerjee2025;Maki2026;Young2025,"2026-09-08 whole-brain AD/MCI GMV primary/meta tables plus FIRST, frontal, cerebellar, thalamic and brainstem targeted searches; atlas label + anatomical parent/synonym screening",Thal PuM L,Not exhaustive. No retrieved effect does not mean no association. Parent/cluster/other-modality evidence cannot establish exact AAL3/FIRST GMV effect.
140,145,Thal_PuM_L,AAL3,MCI,parent_region_extrapolation,see_individual_associations,3,Banerjee2025;Maki2026;Young2025,"2026-09-08 whole-brain AD/MCI GMV primary/meta tables plus FIRST, frontal, cerebellar, thalamic and brainstem targeted searches; atlas label + anatomical parent/synonym screening",Thal PuM L,Not exhaustive. No retrieved effect does not mean no association. Parent/cluster/other-modality evidence cannot establish exact AAL3/FIRST GMV effect.
141,146,Thal_PuM_R,AAL3,AD,parent_region_extrapolation,see_individual_associations,3,Banerjee2025;Maki2026;Young2025,"2026-09-08 whole-brain AD/MCI GMV primary/meta tables plus FIRST, frontal, cerebellar, thalamic and brainstem targeted searches; atlas label + anatomical parent/synonym screening",Thal PuM R,Not exhaustive. No retrieved effect does not mean no association. Parent/cluster/other-modality evidence cannot establish exact AAL3/FIRST GMV effect.
141,146,Thal_PuM_R,AAL3,MCI,parent_region_extrapolation,see_individual_associations,3,Banerjee2025;Maki2026;Young2025,"2026-09-08 whole-brain AD/MCI GMV primary/meta tables plus FIRST, frontal, cerebellar, thalamic and brainstem targeted searches; atlas label + anatomical parent/synonym screening",Thal PuM R,Not exhaustive. No retrieved effect does not mean no association. Parent/cluster/other-modality evidence cannot establish exact AAL3/FIRST GMV effect.
142,147,Thal_PuA_L,AAL3,AD,parent_region_extrapolation,see_individual_associations,3,Banerjee2025;Maki2026;Young2025,"2026-09-08 whole-brain AD/MCI GMV primary/meta tables plus FIRST, frontal, cerebellar, thalamic and brainstem targeted searches; atlas label + anatomical parent/synonym screening",Thal PuA L,Not exhaustive. No retrieved effect does not mean no association. Parent/cluster/other-modality evidence cannot establish exact AAL3/FIRST GMV effect.
142,147,Thal_PuA_L,AAL3,MCI,parent_region_extrapolation,see_individual_associations,3,Banerjee2025;Maki2026;Young2025,"2026-09-08 whole-brain AD/MCI GMV primary/meta tables plus FIRST, frontal, cerebellar, thalamic and brainstem targeted searches; atlas label + anatomical parent/synonym screening",Thal PuA L,Not exhaustive. No retrieved effect does not mean no association. Parent/cluster/other-modality evidence cannot establish exact AAL3/FIRST GMV effect.
143,148,Thal_PuA_R,AAL3,AD,parent_region_extrapolation,see_individual_associations,3,Banerjee2025;Maki2026;Young2025,"2026-09-08 whole-brain AD/MCI GMV primary/meta tables plus FIRST, frontal, cerebellar, thalamic and brainstem targeted searches; atlas label + anatomical parent/synonym screening",Thal PuA R,Not exhaustive. No retrieved effect does not mean no association. Parent/cluster/other-modality evidence cannot establish exact AAL3/FIRST GMV effect.
143,148,Thal_PuA_R,AAL3,MCI,parent_region_extrapolation,see_individual_associations,3,Banerjee2025;Maki2026;Young2025,"2026-09-08 whole-brain AD/MCI GMV primary/meta tables plus FIRST, frontal, cerebellar, thalamic and brainstem targeted searches; atlas label + anatomical parent/synonym screening",Thal PuA R,Not exhaustive. No retrieved effect does not mean no association. Parent/cluster/other-modality evidence cannot establish exact AAL3/FIRST GMV effect.
144,149,Thal_PuL_L,AAL3,AD,parent_region_extrapolation,see_individual_associations,3,Banerjee2025;Maki2026;Young2025,"2026-09-08 whole-brain AD/MCI GMV primary/meta tables plus FIRST, frontal, cerebellar, thalamic and brainstem targeted searches; atlas label + anatomical parent/synonym screening",Thal PuL L,Not exhaustive. No retrieved effect does not mean no association. Parent/cluster/other-modality evidence cannot establish exact AAL3/FIRST GMV effect.
144,149,Thal_PuL_L,AAL3,MCI,parent_region_extrapolation,see_individual_associations,3,Banerjee2025;Maki2026;Young2025,"2026-09-08 whole-brain AD/MCI GMV primary/meta tables plus FIRST, frontal, cerebellar, thalamic and brainstem targeted searches; atlas label + anatomical parent/synonym screening",Thal PuL L,Not exhaustive. No retrieved effect does not mean no association. Parent/cluster/other-modality evidence cannot establish exact AAL3/FIRST GMV effect.
145,150,Thal_PuL_R,AAL3,AD,parent_region_extrapolation,see_individual_associations,3,Banerjee2025;Maki2026;Young2025,"2026-09-08 whole-brain AD/MCI GMV primary/meta tables plus FIRST, frontal, cerebellar, thalamic and brainstem targeted searches; atlas label + anatomical parent/synonym screening",Thal PuL R,Not exhaustive. No retrieved effect does not mean no association. Parent/cluster/other-modality evidence cannot establish exact AAL3/FIRST GMV effect.
145,150,Thal_PuL_R,AAL3,MCI,parent_region_extrapolation,see_individual_associations,3,Banerjee2025;Maki2026;Young2025,"2026-09-08 whole-brain AD/MCI GMV primary/meta tables plus FIRST, frontal, cerebellar, thalamic and brainstem targeted searches; atlas label + anatomical parent/synonym screening",Thal PuL R,Not exhaustive. No retrieved effect does not mean no association. Parent/cluster/other-modality evidence cannot establish exact AAL3/FIRST GMV effect.
146,151,ACC_sub_L,AAL3,AD,parent_region_extrapolation,mixed_significance_or_measurement,3,Frontal2026;Ledig2018;Wang2015,"2026-09-08 whole-brain AD/MCI GMV primary/meta tables plus FIRST, frontal, cerebellar, thalamic and brainstem targeted searches; atlas label + anatomical parent/synonym screening",ACC sub L,Not exhaustive. No retrieved effect does not mean no association. Parent/cluster/other-modality evidence cannot establish exact AAL3/FIRST GMV effect.
146,151,ACC_sub_L,AAL3,MCI,parent_region_extrapolation,conflicting_directions,3,Frontal2026;Ledig2018;MCI2023,"2026-09-08 whole-brain AD/MCI GMV primary/meta tables plus FIRST, frontal, cerebellar, thalamic and brainstem targeted searches; atlas label + anatomical parent/synonym screening",ACC sub L,Not exhaustive. No retrieved effect does not mean no association. Parent/cluster/other-modality evidence cannot establish exact AAL3/FIRST GMV effect.
147,152,ACC_sub_R,AAL3,AD,parent_region_extrapolation,mixed_significance_or_measurement,2,Frontal2026;Ledig2018,"2026-09-08 whole-brain AD/MCI GMV primary/meta tables plus FIRST, frontal, cerebellar, thalamic and brainstem targeted searches; atlas label + anatomical parent/synonym screening",ACC sub R,Not exhaustive. No retrieved effect does not mean no association. Parent/cluster/other-modality evidence cannot establish exact AAL3/FIRST GMV effect.
147,152,ACC_sub_R,AAL3,MCI,parent_region_extrapolation,conflicting_directions,3,Frontal2026;Ledig2018;MCI2023,"2026-09-08 whole-brain AD/MCI GMV primary/meta tables plus FIRST, frontal, cerebellar, thalamic and brainstem targeted searches; atlas label + anatomical parent/synonym screening",ACC sub R,Not exhaustive. No retrieved effect does not mean no association. Parent/cluster/other-modality evidence cannot establish exact AAL3/FIRST GMV effect.
148,153,ACC_pre_L,AAL3,AD,parent_region_extrapolation,see_individual_associations,2,Ledig2018;Wang2015,"2026-09-08 whole-brain AD/MCI GMV primary/meta tables plus FIRST, frontal, cerebellar, thalamic and brainstem targeted searches; atlas label + anatomical parent/synonym screening",ACC pre L,Not exhaustive. No retrieved effect does not mean no association. Parent/cluster/other-modality evidence cannot establish exact AAL3/FIRST GMV effect.
148,153,ACC_pre_L,AAL3,MCI,parent_region_extrapolation,see_individual_associations,2,Ledig2018;MCI2023,"2026-09-08 whole-brain AD/MCI GMV primary/meta tables plus FIRST, frontal, cerebellar, thalamic and brainstem targeted searches; atlas label + anatomical parent/synonym screening",ACC pre L,Not exhaustive. No retrieved effect does not mean no association. Parent/cluster/other-modality evidence cannot establish exact AAL3/FIRST GMV effect.
149,154,ACC_pre_R,AAL3,AD,parent_region_extrapolation,see_individual_associations,1,Ledig2018,"2026-09-08 whole-brain AD/MCI GMV primary/meta tables plus FIRST, frontal, cerebellar, thalamic and brainstem targeted searches; atlas label + anatomical parent/synonym screening",ACC pre R,Not exhaustive. No retrieved effect does not mean no association. Parent/cluster/other-modality evidence cannot establish exact AAL3/FIRST GMV effect.
149,154,ACC_pre_R,AAL3,MCI,parent_region_extrapolation,see_individual_associations,2,Ledig2018;MCI2023,"2026-09-08 whole-brain AD/MCI GMV primary/meta tables plus FIRST, frontal, cerebellar, thalamic and brainstem targeted searches; atlas label + anatomical parent/synonym screening",ACC pre R,Not exhaustive. No retrieved effect does not mean no association. Parent/cluster/other-modality evidence cannot establish exact AAL3/FIRST GMV effect.
150,155,ACC_sup_L,AAL3,AD,parent_region_extrapolation,see_individual_associations,2,Ledig2018;Wang2015,"2026-09-08 whole-brain AD/MCI GMV primary/meta tables plus FIRST, frontal, cerebellar, thalamic and brainstem targeted searches; atlas label + anatomical parent/synonym screening",ACC sup L,Not exhaustive. No retrieved effect does not mean no association. Parent/cluster/other-modality evidence cannot establish exact AAL3/FIRST GMV effect.
150,155,ACC_sup_L,AAL3,MCI,parent_region_extrapolation,see_individual_associations,2,Ledig2018;MCI2023,"2026-09-08 whole-brain AD/MCI GMV primary/meta tables plus FIRST, frontal, cerebellar, thalamic and brainstem targeted searches; atlas label + anatomical parent/synonym screening",ACC sup L,Not exhaustive. No retrieved effect does not mean no association. Parent/cluster/other-modality evidence cannot establish exact AAL3/FIRST GMV effect.
151,156,ACC_sup_R,AAL3,AD,parent_region_extrapolation,see_individual_associations,1,Ledig2018,"2026-09-08 whole-brain AD/MCI GMV primary/meta tables plus FIRST, frontal, cerebellar, thalamic and brainstem targeted searches; atlas label + anatomical parent/synonym screening",ACC sup R,Not exhaustive. No retrieved effect does not mean no association. Parent/cluster/other-modality evidence cannot establish exact AAL3/FIRST GMV effect.
151,156,ACC_sup_R,AAL3,MCI,parent_region_extrapolation,see_individual_associations,2,Ledig2018;MCI2023,"2026-09-08 whole-brain AD/MCI GMV primary/meta tables plus FIRST, frontal, cerebellar, thalamic and brainstem targeted searches; atlas label + anatomical parent/synonym screening",ACC sup R,Not exhaustive. No retrieved effect does not mean no association. Parent/cluster/other-modality evidence cannot establish exact AAL3/FIRST GMV effect.
152,157,N_Acc_L,AAL3,AD,parent_region_extrapolation,see_individual_associations,3,Fjell2010;Ledig2018;Yi2016,"2026-09-08 whole-brain AD/MCI GMV primary/meta tables plus FIRST, frontal, cerebellar, thalamic and brainstem targeted searches; atlas label + anatomical parent/synonym screening",N Acc L,Not exhaustive. No retrieved effect does not mean no association. Parent/cluster/other-modality evidence cannot establish exact AAL3/FIRST GMV effect.
152,157,N_Acc_L,AAL3,MCI,direct,see_individual_associations,5,Banerjee2025;Fjell2010;Ledig2018;MCI2016;Yi2016,"2026-09-08 whole-brain AD/MCI GMV primary/meta tables plus FIRST, frontal, cerebellar, thalamic and brainstem targeted searches; atlas label + anatomical parent/synonym screening",N Acc L,Not exhaustive. No retrieved effect does not mean no association. Parent/cluster/other-modality evidence cannot establish exact AAL3/FIRST GMV effect.
153,158,N_Acc_R,AAL3,AD,parent_region_extrapolation,see_individual_associations,3,Fjell2010;Ledig2018;Yi2016,"2026-09-08 whole-brain AD/MCI GMV primary/meta tables plus FIRST, frontal, cerebellar, thalamic and brainstem targeted searches; atlas label + anatomical parent/synonym screening",N Acc R,Not exhaustive. No retrieved effect does not mean no association. Parent/cluster/other-modality evidence cannot establish exact AAL3/FIRST GMV effect.
153,158,N_Acc_R,AAL3,MCI,direct,mixed_significance_or_measurement,5,Banerjee2025;Fjell2010;Ledig2018;MCI2016;Yi2016,"2026-09-08 whole-brain AD/MCI GMV primary/meta tables plus FIRST, frontal, cerebellar, thalamic and brainstem targeted searches; atlas label + anatomical parent/synonym screening",N Acc R,Not exhaustive. No retrieved effect does not mean no association. Parent/cluster/other-modality evidence cannot establish exact AAL3/FIRST GMV effect.
154,159,VTA_L,AAL3,AD,indirect,see_individual_associations,1,DeMarco2018,"2026-09-08 whole-brain AD/MCI GMV primary/meta tables plus FIRST, frontal, cerebellar, thalamic and brainstem targeted searches; atlas label + anatomical parent/synonym screening",VTA L,Not exhaustive. No retrieved effect does not mean no association. Parent/cluster/other-modality evidence cannot establish exact AAL3/FIRST GMV effect.
154,159,VTA_L,AAL3,MCI,indirect,see_individual_associations,1,DeMarco2018,"2026-09-08 whole-brain AD/MCI GMV primary/meta tables plus FIRST, frontal, cerebellar, thalamic and brainstem targeted searches; atlas label + anatomical parent/synonym screening",VTA L,Not exhaustive. No retrieved effect does not mean no association. Parent/cluster/other-modality evidence cannot establish exact AAL3/FIRST GMV effect.
155,160,VTA_R,AAL3,AD,indirect,see_individual_associations,1,DeMarco2018,"2026-09-08 whole-brain AD/MCI GMV primary/meta tables plus FIRST, frontal, cerebellar, thalamic and brainstem targeted searches; atlas label + anatomical parent/synonym screening",VTA R,Not exhaustive. No retrieved effect does not mean no association. Parent/cluster/other-modality evidence cannot establish exact AAL3/FIRST GMV effect.
155,160,VTA_R,AAL3,MCI,indirect,see_individual_associations,1,DeMarco2018,"2026-09-08 whole-brain AD/MCI GMV primary/meta tables plus FIRST, frontal, cerebellar, thalamic and brainstem targeted searches; atlas label + anatomical parent/synonym screening",VTA R,Not exhaustive. No retrieved effect does not mean no association. Parent/cluster/other-modality evidence cannot establish exact AAL3/FIRST GMV effect.
156,161,SN_pc_L,AAL3,AD,indirect,mixed_significance_or_measurement,2,DeMarco2018;Krohn2026,"2026-09-08 whole-brain AD/MCI GMV primary/meta tables plus FIRST, frontal, cerebellar, thalamic and brainstem targeted searches; atlas label + anatomical parent/synonym screening",SN pc L,Not exhaustive. No retrieved effect does not mean no association. Parent/cluster/other-modality evidence cannot establish exact AAL3/FIRST GMV effect.
156,161,SN_pc_L,AAL3,MCI,indirect,see_individual_associations,2,DeMarco2018;Krohn2026,"2026-09-08 whole-brain AD/MCI GMV primary/meta tables plus FIRST, frontal, cerebellar, thalamic and brainstem targeted searches; atlas label + anatomical parent/synonym screening",SN pc L,Not exhaustive. No retrieved effect does not mean no association. Parent/cluster/other-modality evidence cannot establish exact AAL3/FIRST GMV effect.
157,162,SN_pc_R,AAL3,AD,indirect,mixed_significance_or_measurement,2,DeMarco2018;Krohn2026,"2026-09-08 whole-brain AD/MCI GMV primary/meta tables plus FIRST, frontal, cerebellar, thalamic and brainstem targeted searches; atlas label + anatomical parent/synonym screening",SN pc R,Not exhaustive. No retrieved effect does not mean no association. Parent/cluster/other-modality evidence cannot establish exact AAL3/FIRST GMV effect.
157,162,SN_pc_R,AAL3,MCI,indirect,see_individual_associations,2,DeMarco2018;Krohn2026,"2026-09-08 whole-brain AD/MCI GMV primary/meta tables plus FIRST, frontal, cerebellar, thalamic and brainstem targeted searches; atlas label + anatomical parent/synonym screening",SN pc R,Not exhaustive. No retrieved effect does not mean no association. Parent/cluster/other-modality evidence cannot establish exact AAL3/FIRST GMV effect.
158,163,SN_pr_L,AAL3,AD,indirect,mixed_significance_or_measurement,2,DeMarco2018;Krohn2026,"2026-09-08 whole-brain AD/MCI GMV primary/meta tables plus FIRST, frontal, cerebellar, thalamic and brainstem targeted searches; atlas label + anatomical parent/synonym screening",SN pr L,Not exhaustive. No retrieved effect does not mean no association. Parent/cluster/other-modality evidence cannot establish exact AAL3/FIRST GMV effect.
158,163,SN_pr_L,AAL3,MCI,indirect,see_individual_associations,2,DeMarco2018;Krohn2026,"2026-09-08 whole-brain AD/MCI GMV primary/meta tables plus FIRST, frontal, cerebellar, thalamic and brainstem targeted searches; atlas label + anatomical parent/synonym screening",SN pr L,Not exhaustive. No retrieved effect does not mean no association. Parent/cluster/other-modality evidence cannot establish exact AAL3/FIRST GMV effect.
159,164,SN_pr_R,AAL3,AD,indirect,mixed_significance_or_measurement,2,DeMarco2018;Krohn2026,"2026-09-08 whole-brain AD/MCI GMV primary/meta tables plus FIRST, frontal, cerebellar, thalamic and brainstem targeted searches; atlas label + anatomical parent/synonym screening",SN pr R,Not exhaustive. No retrieved effect does not mean no association. Parent/cluster/other-modality evidence cannot establish exact AAL3/FIRST GMV effect.
159,164,SN_pr_R,AAL3,MCI,indirect,see_individual_associations,2,DeMarco2018;Krohn2026,"2026-09-08 whole-brain AD/MCI GMV primary/meta tables plus FIRST, frontal, cerebellar, thalamic and brainstem targeted searches; atlas label + anatomical parent/synonym screening",SN pr R,Not exhaustive. No retrieved effect does not mean no association. Parent/cluster/other-modality evidence cannot establish exact AAL3/FIRST GMV effect.
160,165,Red_N_L,AAL3,AD,indirect,see_individual_associations,1,DeMarco2018,"2026-09-08 whole-brain AD/MCI GMV primary/meta tables plus FIRST, frontal, cerebellar, thalamic and brainstem targeted searches; atlas label + anatomical parent/synonym screening",Red N L,Not exhaustive. No retrieved effect does not mean no association. Parent/cluster/other-modality evidence cannot establish exact AAL3/FIRST GMV effect.
160,165,Red_N_L,AAL3,MCI,indirect,see_individual_associations,1,DeMarco2018,"2026-09-08 whole-brain AD/MCI GMV primary/meta tables plus FIRST, frontal, cerebellar, thalamic and brainstem targeted searches; atlas label + anatomical parent/synonym screening",Red N L,Not exhaustive. No retrieved effect does not mean no association. Parent/cluster/other-modality evidence cannot establish exact AAL3/FIRST GMV effect.
161,166,Red_N_R,AAL3,AD,indirect,see_individual_associations,1,DeMarco2018,"2026-09-08 whole-brain AD/MCI GMV primary/meta tables plus FIRST, frontal, cerebellar, thalamic and brainstem targeted searches; atlas label + anatomical parent/synonym screening",Red N R,Not exhaustive. No retrieved effect does not mean no association. Parent/cluster/other-modality evidence cannot establish exact AAL3/FIRST GMV effect.
161,166,Red_N_R,AAL3,MCI,indirect,see_individual_associations,1,DeMarco2018,"2026-09-08 whole-brain AD/MCI GMV primary/meta tables plus FIRST, frontal, cerebellar, thalamic and brainstem targeted searches; atlas label + anatomical parent/synonym screening",Red N R,Not exhaustive. No retrieved effect does not mean no association. Parent/cluster/other-modality evidence cannot establish exact AAL3/FIRST GMV effect.
162,167,LC_L,AAL3,AD,indirect,see_individual_associations,2,Dutt2020;Galgani2022,"2026-09-08 whole-brain AD/MCI GMV primary/meta tables plus FIRST, frontal, cerebellar, thalamic and brainstem targeted searches; atlas label + anatomical parent/synonym screening",LC L,Not exhaustive. No retrieved effect does not mean no association. Parent/cluster/other-modality evidence cannot establish exact AAL3/FIRST GMV effect.
162,167,LC_L,AAL3,MCI,indirect,see_individual_associations,2,Dutt2020;Galgani2022,"2026-09-08 whole-brain AD/MCI GMV primary/meta tables plus FIRST, frontal, cerebellar, thalamic and brainstem targeted searches; atlas label + anatomical parent/synonym screening",LC L,Not exhaustive. No retrieved effect does not mean no association. Parent/cluster/other-modality evidence cannot establish exact AAL3/FIRST GMV effect.
163,168,LC_R,AAL3,AD,indirect,see_individual_associations,2,Dutt2020;Galgani2022,"2026-09-08 whole-brain AD/MCI GMV primary/meta tables plus FIRST, frontal, cerebellar, thalamic and brainstem targeted searches; atlas label + anatomical parent/synonym screening",LC R,Not exhaustive. No retrieved effect does not mean no association. Parent/cluster/other-modality evidence cannot establish exact AAL3/FIRST GMV effect.
163,168,LC_R,AAL3,MCI,indirect,see_individual_associations,2,Dutt2020;Galgani2022,"2026-09-08 whole-brain AD/MCI GMV primary/meta tables plus FIRST, frontal, cerebellar, thalamic and brainstem targeted searches; atlas label + anatomical parent/synonym screening",LC R,Not exhaustive. No retrieved effect does not mean no association. Parent/cluster/other-modality evidence cannot establish exact AAL3/FIRST GMV effect.
164,169,Raphe_D,AAL3,AD,not_found,no_exact_evidence,0,,"2026-09-08 whole-brain AD/MCI GMV primary/meta tables plus FIRST, frontal, cerebellar, thalamic and brainstem targeted searches; atlas label + anatomical parent/synonym screening",Raphe D,Not exhaustive. No retrieved effect does not mean no association. Parent/cluster/other-modality evidence cannot establish exact AAL3/FIRST GMV effect.
164,169,Raphe_D,AAL3,MCI,indirect,see_individual_associations,1,Smith2023,"2026-09-08 whole-brain AD/MCI GMV primary/meta tables plus FIRST, frontal, cerebellar, thalamic and brainstem targeted searches; atlas label + anatomical parent/synonym screening",Raphe D,Not exhaustive. No retrieved effect does not mean no association. Parent/cluster/other-modality evidence cannot establish exact AAL3/FIRST GMV effect.
165,170,Raphe_M,AAL3,AD,not_found,no_exact_evidence,0,,"2026-09-08 whole-brain AD/MCI GMV primary/meta tables plus FIRST, frontal, cerebellar, thalamic and brainstem targeted searches; atlas label + anatomical parent/synonym screening",Raphe M,Not exhaustive. No retrieved effect does not mean no association. Parent/cluster/other-modality evidence cannot establish exact AAL3/FIRST GMV effect.
165,170,Raphe_M,AAL3,MCI,indirect,see_individual_associations,1,Smith2023,"2026-09-08 whole-brain AD/MCI GMV primary/meta tables plus FIRST, frontal, cerebellar, thalamic and brainstem targeted searches; atlas label + anatomical parent/synonym screening",Raphe M,Not exhaustive. No retrieved effect does not mean no association. Parent/cluster/other-modality evidence cannot establish exact AAL3/FIRST GMV effect.
