atlas,column_index,label_id,feature_name,disease,coverage_status,evidence_consistency,effect_mode,literature_d_median,source_d_values,model_latent_sd_shift,quantitative_sign_conflict,selected_association_ids,modeling_assumption
FIRST,0,10,L_Thalamus,AD,parent_region_extrapolation,see_individual_associations,source_median_numeric_volume,-0.7384999999999999,"{""Fjell2010"": -0.86, ""Ledig2018"": -0.617}",-0.480025,False,A00051;A00768,"Median within source then across sources; gain0.65 for measurement/cohort transfer; additional0.5 if quantitative signs conflict; cap±1.8. These gains/cap are modeling assumptions, not estimated from target data."
FIRST,0,10,L_Thalamus,MCI,direct,see_individual_associations,source_median_numeric_volume,-0.426556,"{""Fjell2010"": -0.42, ""Ledig2018"": -0.426556, ""MCI2016"": -0.78704}",-0.277261,False,A00049;A00770;A00106,"Median within source then across sources; gain0.65 for measurement/cohort transfer; additional0.5 if quantitative signs conflict; cap±1.8. These gains/cap are modeling assumptions, not estimated from target data."
FIRST,1,49,R_Thalamus,AD,parent_region_extrapolation,see_individual_associations,source_median_numeric_volume,-0.7384999999999999,"{""Fjell2010"": -0.86, ""Ledig2018"": -0.617}",-0.480025,False,A00052;A00769,"Median within source then across sources; gain0.65 for measurement/cohort transfer; additional0.5 if quantitative signs conflict; cap±1.8. These gains/cap are modeling assumptions, not estimated from target data."
FIRST,1,49,R_Thalamus,MCI,direct,see_individual_associations,source_median_numeric_volume,-0.426556,"{""Fjell2010"": -0.42, ""Ledig2018"": -0.426556, ""MCI2016"": -1.100035}",-0.277261,False,A00050;A00771;A00105,"Median within source then across sources; gain0.65 for measurement/cohort transfer; additional0.5 if quantitative signs conflict; cap±1.8. These gains/cap are modeling assumptions, not estimated from target data."
FIRST,2,11,L_Caudate,AD,parent_region_extrapolation,conflicting_directions,source_median_numeric_volume,0.02300000000000002,"{""Fjell2010"": -0.35, ""Ledig2018"": 0.396}",0.007475,True,A00021;A00780,"Median within source then across sources; gain0.65 for measurement/cohort transfer; additional0.5 if quantitative signs conflict; cap±1.8. These gains/cap are modeling assumptions, not estimated from target data."
FIRST,2,11,L_Caudate,MCI,direct,conflicting_directions,source_median_numeric_volume,-0.19,"{""Fjell2010"": -0.19, ""Ledig2018"": 0.184378, ""MCI2016"": -0.488103}",-0.06175,True,A00017;A00784;A00109,"Median within source then across sources; gain0.65 for measurement/cohort transfer; additional0.5 if quantitative signs conflict; cap±1.8. These gains/cap are modeling assumptions, not estimated from target data."
FIRST,3,50,R_Caudate,AD,parent_region_extrapolation,conflicting_directions,source_median_numeric_volume,0.02300000000000002,"{""Fjell2010"": -0.35, ""Ledig2018"": 0.396}",0.007475,True,A00022;A00781,"Median within source then across sources; gain0.65 for measurement/cohort transfer; additional0.5 if quantitative signs conflict; cap±1.8. These gains/cap are modeling assumptions, not estimated from target data."
FIRST,3,50,R_Caudate,MCI,direct,conflicting_directions,source_median_numeric_volume,-0.19,"{""Fjell2010"": -0.19, ""Ledig2018"": 0.184378, ""MCI2016"": -0.244964}",-0.06175,True,A00018;A00785;A00107,"Median within source then across sources; gain0.65 for measurement/cohort transfer; additional0.5 if quantitative signs conflict; cap±1.8. These gains/cap are modeling assumptions, not estimated from target data."
FIRST,4,12,L_Putamen,AD,parent_region_extrapolation,see_individual_associations,source_median_numeric_volume,-0.4,"{""Fjell2010"": -0.51, ""Ledig2018"": -0.29}",-0.26,False,A00045;A00788,"Median within source then across sources; gain0.65 for measurement/cohort transfer; additional0.5 if quantitative signs conflict; cap±1.8. These gains/cap are modeling assumptions, not estimated from target data."
FIRST,4,12,L_Putamen,MCI,direct,mixed_significance_or_measurement,source_median_numeric_volume,-0.25,"{""Fjell2010"": -0.25, ""Ledig2018"": -0.158568, ""MCI2016"": -1.084039}",-0.1625,False,A00041;A00792;A00113,"Median within source then across sources; gain0.65 for measurement/cohort transfer; additional0.5 if quantitative signs conflict; cap±1.8. These gains/cap are modeling assumptions, not estimated from target data."
FIRST,5,51,R_Putamen,AD,parent_region_extrapolation,see_individual_associations,source_median_numeric_volume,-0.4,"{""Fjell2010"": -0.51, ""Ledig2018"": -0.29}",-0.26,False,A00046;A00789,"Median within source then across sources; gain0.65 for measurement/cohort transfer; additional0.5 if quantitative signs conflict; cap±1.8. These gains/cap are modeling assumptions, not estimated from target data."
FIRST,5,51,R_Putamen,MCI,direct,mixed_significance_or_measurement,source_median_numeric_volume,-0.25,"{""Fjell2010"": -0.25, ""Ledig2018"": -0.158568, ""MCI2016"": -0.904005}",-0.1625,False,A00042;A00793;A00111,"Median within source then across sources; gain0.65 for measurement/cohort transfer; additional0.5 if quantitative signs conflict; cap±1.8. These gains/cap are modeling assumptions, not estimated from target data."
FIRST,6,13,L_Pallidum,AD,parent_region_extrapolation,conflicting_directions,source_median_numeric_volume,-0.036000000000000004,"{""Fjell2010"": -0.17, ""Ledig2018"": 0.098}",-0.0117,True,A00037;A00796,"Median within source then across sources; gain0.65 for measurement/cohort transfer; additional0.5 if quantitative signs conflict; cap±1.8. These gains/cap are modeling assumptions, not estimated from target data."
FIRST,6,13,L_Pallidum,MCI,direct,conflicting_directions,source_median_numeric_volume,0.016215,"{""Fjell2010"": 0.22, ""Ledig2018"": 0.016215, ""MCI2016"": -0.419904}",0.00527,True,A00033;A00800;A00117,"Median within source then across sources; gain0.65 for measurement/cohort transfer; additional0.5 if quantitative signs conflict; cap±1.8. These gains/cap are modeling assumptions, not estimated from target data."
FIRST,7,52,R_Pallidum,AD,parent_region_extrapolation,conflicting_directions,source_median_numeric_volume,-0.036000000000000004,"{""Fjell2010"": -0.17, ""Ledig2018"": 0.098}",-0.0117,True,A00038;A00797,"Median within source then across sources; gain0.65 for measurement/cohort transfer; additional0.5 if quantitative signs conflict; cap±1.8. These gains/cap are modeling assumptions, not estimated from target data."
FIRST,7,52,R_Pallidum,MCI,direct,conflicting_directions,source_median_numeric_volume,0.016215,"{""Fjell2010"": 0.22, ""Ledig2018"": 0.016215, ""MCI2016"": -0.381871}",0.00527,True,A00034;A00801;A00115,"Median within source then across sources; gain0.65 for measurement/cohort transfer; additional0.5 if quantitative signs conflict; cap±1.8. These gains/cap are modeling assumptions, not estimated from target data."
FIRST,8,16,BrainStem,AD,direct,conflicting_directions,source_median_numeric_volume,0.012,"{""Ledig2018"": 0.012}",0.0078,False,A00804,"Median within source then across sources; gain0.65 for measurement/cohort transfer; additional0.5 if quantitative signs conflict; cap±1.8. These gains/cap are modeling assumptions, not estimated from target data."
FIRST,8,16,BrainStem,MCI,direct,see_individual_associations,source_median_numeric_volume,-0.051929,"{""Ledig2018"": -0.051929}",-0.033754,False,A00805,"Median within source then across sources; gain0.65 for measurement/cohort transfer; additional0.5 if quantitative signs conflict; cap±1.8. These gains/cap are modeling assumptions, not estimated from target data."
FIRST,9,17,L_Hippocampus,AD,direct,see_individual_associations,source_median_numeric_volume,-2.036,"{""Fjell2010"": -2.57, ""Ledig2018"": -1.502}",-1.3234,False,A00029;A00806,"Median within source then across sources; gain0.65 for measurement/cohort transfer; additional0.5 if quantitative signs conflict; cap±1.8. These gains/cap are modeling assumptions, not estimated from target data."
FIRST,9,17,L_Hippocampus,MCI,direct,see_individual_associations,source_median_numeric_volume,-1.76,"{""Fjell2010"": -1.76, ""Ledig2018"": -1.062226, ""MCI2016"": -2.211814}",-1.144,False,A00025;A00808;A00121,"Median within source then across sources; gain0.65 for measurement/cohort transfer; additional0.5 if quantitative signs conflict; cap±1.8. These gains/cap are modeling assumptions, not estimated from target data."
FIRST,10,53,R_Hippocampus,AD,direct,see_individual_associations,source_median_numeric_volume,-1.9249999999999998,"{""Fjell2010"": -2.57, ""Ledig2018"": -1.28}",-1.25125,False,A00030;A00810,"Median within source then across sources; gain0.65 for measurement/cohort transfer; additional0.5 if quantitative signs conflict; cap±1.8. These gains/cap are modeling assumptions, not estimated from target data."
FIRST,10,53,R_Hippocampus,MCI,direct,see_individual_associations,source_median_numeric_volume,-1.166798,"{""Fjell2010"": -1.76, ""Ledig2018"": -1.040481, ""MCI2016"": -1.166798}",-0.758419,False,A00026;A00812;A00119,"Median within source then across sources; gain0.65 for measurement/cohort transfer; additional0.5 if quantitative signs conflict; cap±1.8. These gains/cap are modeling assumptions, not estimated from target data."
FIRST,11,18,L_Amygdala,AD,direct,see_individual_associations,source_median_numeric_volume,-1.7315,"{""Fjell2010"": -2.06, ""Ledig2018"": -1.403}",-1.125475,False,A00013;A00814,"Median within source then across sources; gain0.65 for measurement/cohort transfer; additional0.5 if quantitative signs conflict; cap±1.8. These gains/cap are modeling assumptions, not estimated from target data."
FIRST,11,18,L_Amygdala,MCI,direct,mixed_significance_or_measurement,source_median_numeric_volume,-0.828799,"{""Fjell2010"": -1.2, ""Ledig2018"": -0.828799, ""MCI2016"": -0.592406}",-0.538719,False,A00009;A00816;A00125,"Median within source then across sources; gain0.65 for measurement/cohort transfer; additional0.5 if quantitative signs conflict; cap±1.8. These gains/cap are modeling assumptions, not estimated from target data."
FIRST,12,54,R_Amygdala,AD,direct,see_individual_associations,source_median_numeric_volume,-1.756,"{""Fjell2010"": -2.06, ""Ledig2018"": -1.452}",-1.1414,False,A00014;A00818,"Median within source then across sources; gain0.65 for measurement/cohort transfer; additional0.5 if quantitative signs conflict; cap±1.8. These gains/cap are modeling assumptions, not estimated from target data."
FIRST,12,54,R_Amygdala,MCI,direct,see_individual_associations,source_median_numeric_volume,-1.124087,"{""Fjell2010"": -1.2, ""Ledig2018"": -0.84817, ""MCI2016"": -1.124087}",-0.730657,False,A00010;A00820;A00123,"Median within source then across sources; gain0.65 for measurement/cohort transfer; additional0.5 if quantitative signs conflict; cap±1.8. These gains/cap are modeling assumptions, not estimated from target data."
FIRST,13,26,L_Accumbens,AD,parent_region_extrapolation,see_individual_associations,source_median_numeric_volume,-0.5935,"{""Fjell2010"": -0.73, ""Ledig2018"": -0.457}",-0.385775,False,A00005;A00772,"Median within source then across sources; gain0.65 for measurement/cohort transfer; additional0.5 if quantitative signs conflict; cap±1.8. These gains/cap are modeling assumptions, not estimated from target data."
FIRST,13,26,L_Accumbens,MCI,direct,see_individual_associations,source_median_numeric_volume,-0.4325,"{""Banerjee2025"": -0.395, ""Fjell2010"": -0.47, ""Ledig2018"": -0.31778, ""MCI2016"": -0.891386}",-0.281125,False,A00478;A00001;A00776;A00129,"Median within source then across sources; gain0.65 for measurement/cohort transfer; additional0.5 if quantitative signs conflict; cap±1.8. These gains/cap are modeling assumptions, not estimated from target data."
FIRST,14,58,R_Accumbens,AD,parent_region_extrapolation,see_individual_associations,source_median_numeric_volume,-0.5935,"{""Fjell2010"": -0.73, ""Ledig2018"": -0.457}",-0.385775,False,A00006;A00773,"Median within source then across sources; gain0.65 for measurement/cohort transfer; additional0.5 if quantitative signs conflict; cap±1.8. These gains/cap are modeling assumptions, not estimated from target data."
FIRST,14,58,R_Accumbens,MCI,direct,mixed_significance_or_measurement,source_median_numeric_volume,-0.4375,"{""Banerjee2025"": -0.405, ""Fjell2010"": -0.47, ""Ledig2018"": -0.31778, ""MCI2016"": -0.663092}",-0.284375,False,A00480;A00002;A00777;A00127,"Median within source then across sources; gain0.65 for measurement/cohort transfer; additional0.5 if quantitative signs conflict; cap±1.8. These gains/cap are modeling assumptions, not estimated from target data."
AAL3,0,1,Precentral_L,AD,parent_region_extrapolation,see_individual_associations,source_median_numeric_volume,-0.4370515,"{""Frontal2026"": -0.773103, ""Ledig2018"": -0.101}",-0.284083,False,A00353;A00716,"Median within source then across sources; gain0.65 for measurement/cohort transfer; additional0.5 if quantitative signs conflict; cap±1.8. These gains/cap are modeling assumptions, not estimated from target data."
AAL3,0,1,Precentral_L,MCI,parent_region_extrapolation,conflicting_directions,source_median_numeric_volume,-0.194243,"{""Frontal2026"": -0.402906, ""Ledig2018"": 0.01442}",-0.063129,True,A00355;A00718,"Median within source then across sources; gain0.65 for measurement/cohort transfer; additional0.5 if quantitative signs conflict; cap±1.8. These gains/cap are modeling assumptions, not estimated from target data."
AAL3,1,2,Precentral_R,AD,parent_region_extrapolation,see_individual_associations,source_median_numeric_volume,-0.4370515,"{""Frontal2026"": -0.773103, ""Ledig2018"": -0.101}",-0.284083,False,A00354;A00717,"Median within source then across sources; gain0.65 for measurement/cohort transfer; additional0.5 if quantitative signs conflict; cap±1.8. These gains/cap are modeling assumptions, not estimated from target data."
AAL3,1,2,Precentral_R,MCI,parent_region_extrapolation,conflicting_directions,source_median_numeric_volume,-0.194243,"{""Frontal2026"": -0.402906, ""Ledig2018"": 0.01442}",-0.063129,True,A00356;A00719,"Median within source then across sources; gain0.65 for measurement/cohort transfer; additional0.5 if quantitative signs conflict; cap±1.8. These gains/cap are modeling assumptions, not estimated from target data."
AAL3,2,3,Frontal_Sup_2_L,AD,parent_region_extrapolation,mixed_significance_or_measurement,source_median_numeric_volume,-0.427918,"{""Frontal2026"": -0.456836, ""Ledig2018"": -0.399}",-0.278147,False,A00333;A00648,"Median within source then across sources; gain0.65 for measurement/cohort transfer; additional0.5 if quantitative signs conflict; cap±1.8. These gains/cap are modeling assumptions, not estimated from target data."
AAL3,2,3,Frontal_Sup_2_L,MCI,parent_region_extrapolation,conflicting_directions,source_median_numeric_volume,0.017482499999999998,"{""Frontal2026"": 0.253633, ""Ledig2018"": -0.218668}",0.005682,True,A00335;A00650,"Median within source then across sources; gain0.65 for measurement/cohort transfer; additional0.5 if quantitative signs conflict; cap±1.8. These gains/cap are modeling assumptions, not estimated from target data."
AAL3,3,4,Frontal_Sup_2_R,AD,parent_region_extrapolation,mixed_significance_or_measurement,source_median_numeric_volume,-0.427918,"{""Frontal2026"": -0.456836, ""Ledig2018"": -0.399}",-0.278147,False,A00334;A00649,"Median within source then across sources; gain0.65 for measurement/cohort transfer; additional0.5 if quantitative signs conflict; cap±1.8. These gains/cap are modeling assumptions, not estimated from target data."
AAL3,3,4,Frontal_Sup_2_R,MCI,parent_region_extrapolation,conflicting_directions,source_median_numeric_volume,0.017482499999999998,"{""Frontal2026"": 0.253633, ""Ledig2018"": -0.218668}",0.005682,True,A00336;A00651,"Median within source then across sources; gain0.65 for measurement/cohort transfer; additional0.5 if quantitative signs conflict; cap±1.8. These gains/cap are modeling assumptions, not estimated from target data."
AAL3,4,5,Frontal_Mid_2_L,AD,parent_region_extrapolation,mixed_significance_or_measurement,source_median_numeric_volume,-0.7174635,"{""Frontal2026"": -1.005927, ""Ledig2018"": -0.429}",-0.466351,False,A00329;A00644,"Median within source then across sources; gain0.65 for measurement/cohort transfer; additional0.5 if quantitative signs conflict; cap±1.8. These gains/cap are modeling assumptions, not estimated from target data."
AAL3,4,5,Frontal_Mid_2_L,MCI,parent_region_extrapolation,see_individual_associations,source_median_numeric_volume,-0.190182,"{""Frontal2026"": -0.118631, ""Ledig2018"": -0.261733}",-0.123618,False,A00331;A00646,"Median within source then across sources; gain0.65 for measurement/cohort transfer; additional0.5 if quantitative signs conflict; cap±1.8. These gains/cap are modeling assumptions, not estimated from target data."
AAL3,5,6,Frontal_Mid_2_R,AD,parent_region_extrapolation,mixed_significance_or_measurement,source_median_numeric_volume,-0.7174635,"{""Frontal2026"": -1.005927, ""Ledig2018"": -0.429}",-0.466351,False,A00330;A00645,"Median within source then across sources; gain0.65 for measurement/cohort transfer; additional0.5 if quantitative signs conflict; cap±1.8. These gains/cap are modeling assumptions, not estimated from target data."
AAL3,5,6,Frontal_Mid_2_R,MCI,parent_region_extrapolation,see_individual_associations,source_median_numeric_volume,-0.190182,"{""Frontal2026"": -0.118631, ""Ledig2018"": -0.261733}",-0.123618,False,A00332;A00647,"Median within source then across sources; gain0.65 for measurement/cohort transfer; additional0.5 if quantitative signs conflict; cap±1.8. These gains/cap are modeling assumptions, not estimated from target data."
AAL3,6,7,Frontal_Inf_Oper_L,AD,parent_region_extrapolation,see_individual_associations,source_median_numeric_volume,-0.24720550000000002,"{""Frontal2026"": -0.324411, ""Ledig2018"": -0.17}",-0.160684,False,A00317;A00656,"Median within source then across sources; gain0.65 for measurement/cohort transfer; additional0.5 if quantitative signs conflict; cap±1.8. These gains/cap are modeling assumptions, not estimated from target data."
AAL3,6,7,Frontal_Inf_Oper_L,MCI,direct,conflicting_directions,source_median_numeric_volume,0.0995295,"{""Frontal2026"": 0.328085, ""Ledig2018"": -0.129026}",0.032347,True,A00319;A00658,"Median within source then across sources; gain0.65 for measurement/cohort transfer; additional0.5 if quantitative signs conflict; cap±1.8. These gains/cap are modeling assumptions, not estimated from target data."
AAL3,7,8,Frontal_Inf_Oper_R,AD,parent_region_extrapolation,see_individual_associations,source_median_numeric_volume,-0.24720550000000002,"{""Frontal2026"": -0.324411, ""Ledig2018"": -0.17}",-0.160684,False,A00318;A00657,"Median within source then across sources; gain0.65 for measurement/cohort transfer; additional0.5 if quantitative signs conflict; cap±1.8. These gains/cap are modeling assumptions, not estimated from target data."
AAL3,7,8,Frontal_Inf_Oper_R,MCI,direct,conflicting_directions,source_median_numeric_volume,0.0995295,"{""Frontal2026"": 0.328085, ""Ledig2018"": -0.129026}",0.032347,True,A00320;A00659,"Median within source then across sources; gain0.65 for measurement/cohort transfer; additional0.5 if quantitative signs conflict; cap±1.8. These gains/cap are modeling assumptions, not estimated from target data."
AAL3,8,9,Frontal_Inf_Tri_L,AD,parent_region_extrapolation,mixed_significance_or_measurement,source_median_numeric_volume,-0.302326,"{""Frontal2026"": -0.257652, ""Ledig2018"": -0.347}",-0.196512,False,A00325;A00652,"Median within source then across sources; gain0.65 for measurement/cohort transfer; additional0.5 if quantitative signs conflict; cap±1.8. These gains/cap are modeling assumptions, not estimated from target data."
AAL3,8,9,Frontal_Inf_Tri_L,MCI,parent_region_extrapolation,see_individual_associations,source_median_numeric_volume,-0.2397125,"{""Frontal2026"": -0.207614, ""Ledig2018"": -0.271811}",-0.155813,False,A00327;A00654,"Median within source then across sources; gain0.65 for measurement/cohort transfer; additional0.5 if quantitative signs conflict; cap±1.8. These gains/cap are modeling assumptions, not estimated from target data."
AAL3,9,10,Frontal_Inf_Tri_R,AD,parent_region_extrapolation,mixed_significance_or_measurement,source_median_numeric_volume,-0.302326,"{""Frontal2026"": -0.257652, ""Ledig2018"": -0.347}",-0.196512,False,A00326;A00653,"Median within source then across sources; gain0.65 for measurement/cohort transfer; additional0.5 if quantitative signs conflict; cap±1.8. These gains/cap are modeling assumptions, not estimated from target data."
AAL3,9,10,Frontal_Inf_Tri_R,MCI,parent_region_extrapolation,see_individual_associations,source_median_numeric_volume,-0.2397125,"{""Frontal2026"": -0.207614, ""Ledig2018"": -0.271811}",-0.155813,False,A00328;A00655,"Median within source then across sources; gain0.65 for measurement/cohort transfer; additional0.5 if quantitative signs conflict; cap±1.8. These gains/cap are modeling assumptions, not estimated from target data."
AAL3,10,11,Frontal_Inf_Orb_2_L,AD,parent_region_extrapolation,see_individual_associations,source_median_numeric_volume,-0.209131,"{""Frontal2026"": -0.205262, ""Ledig2018"": -0.213}",-0.135935,False,A00321;A00660,"Median within source then across sources; gain0.65 for measurement/cohort transfer; additional0.5 if quantitative signs conflict; cap±1.8. These gains/cap are modeling assumptions, not estimated from target data."
AAL3,10,11,Frontal_Inf_Orb_2_L,MCI,direct,conflicting_directions,source_median_numeric_volume,0.03369899999999999,"{""Frontal2026"": 0.164399, ""Ledig2018"": -0.097001}",0.010952,True,A00323;A00662,"Median within source then across sources; gain0.65 for measurement/cohort transfer; additional0.5 if quantitative signs conflict; cap±1.8. These gains/cap are modeling assumptions, not estimated from target data."
AAL3,11,12,Frontal_Inf_Orb_2_R,AD,parent_region_extrapolation,see_individual_associations,source_median_numeric_volume,-0.209131,"{""Frontal2026"": -0.205262, ""Ledig2018"": -0.213}",-0.135935,False,A00322;A00661,"Median within source then across sources; gain0.65 for measurement/cohort transfer; additional0.5 if quantitative signs conflict; cap±1.8. These gains/cap are modeling assumptions, not estimated from target data."
AAL3,11,12,Frontal_Inf_Orb_2_R,MCI,parent_region_extrapolation,conflicting_directions,source_median_numeric_volume,0.03369899999999999,"{""Frontal2026"": 0.164399, ""Ledig2018"": -0.097001}",0.010952,True,A00324;A00663,"Median within source then across sources; gain0.65 for measurement/cohort transfer; additional0.5 if quantitative signs conflict; cap±1.8. These gains/cap are modeling assumptions, not estimated from target data."
AAL3,12,13,Rolandic_Oper_L,AD,direct,mixed_significance_or_measurement,source_median_numeric_volume,-0.074,"{""Ledig2018"": -0.074}",-0.0481,False,A00720,"Median within source then across sources; gain0.65 for measurement/cohort transfer; additional0.5 if quantitative signs conflict; cap±1.8. These gains/cap are modeling assumptions, not estimated from target data."
AAL3,12,13,Rolandic_Oper_L,MCI,direct,see_individual_associations,source_median_numeric_volume,-0.126691,"{""Ledig2018"": -0.126691}",-0.082349,False,A00722,"Median within source then across sources; gain0.65 for measurement/cohort transfer; additional0.5 if quantitative signs conflict; cap±1.8. These gains/cap are modeling assumptions, not estimated from target data."
AAL3,13,14,Rolandic_Oper_R,AD,direct,mixed_significance_or_measurement,source_median_numeric_volume,-0.074,"{""Ledig2018"": -0.074}",-0.0481,False,A00721,"Median within source then across sources; gain0.65 for measurement/cohort transfer; additional0.5 if quantitative signs conflict; cap±1.8. These gains/cap are modeling assumptions, not estimated from target data."
AAL3,13,14,Rolandic_Oper_R,MCI,direct,see_individual_associations,source_median_numeric_volume,-0.126691,"{""Ledig2018"": -0.126691}",-0.082349,False,A00723,"Median within source then across sources; gain0.65 for measurement/cohort transfer; additional0.5 if quantitative signs conflict; cap±1.8. These gains/cap are modeling assumptions, not estimated from target data."
AAL3,14,15,Supp_Motor_Area_L,AD,parent_region_extrapolation,see_individual_associations,source_median_numeric_volume,-0.2575395,"{""Frontal2026"": -0.355079, ""Ledig2018"": -0.16}",-0.167401,False,A00369;A00696,"Median within source then across sources; gain0.65 for measurement/cohort transfer; additional0.5 if quantitative signs conflict; cap±1.8. These gains/cap are modeling assumptions, not estimated from target data."
AAL3,14,15,Supp_Motor_Area_L,MCI,parent_region_extrapolation,conflicting_directions,source_median_numeric_volume,-0.016019999999999993,"{""Frontal2026"": 0.110321, ""Ledig2018"": -0.142361}",-0.005206,True,A00371;A00698,"Median within source then across sources; gain0.65 for measurement/cohort transfer; additional0.5 if quantitative signs conflict; cap±1.8. These gains/cap are modeling assumptions, not estimated from target data."
AAL3,15,16,Supp_Motor_Area_R,AD,parent_region_extrapolation,see_individual_associations,source_median_numeric_volume,-0.2575395,"{""Frontal2026"": -0.355079, ""Ledig2018"": -0.16}",-0.167401,False,A00370;A00697,"Median within source then across sources; gain0.65 for measurement/cohort transfer; additional0.5 if quantitative signs conflict; cap±1.8. These gains/cap are modeling assumptions, not estimated from target data."
AAL3,15,16,Supp_Motor_Area_R,MCI,parent_region_extrapolation,conflicting_directions,source_median_numeric_volume,-0.016019999999999993,"{""Frontal2026"": 0.110321, ""Ledig2018"": -0.142361}",-0.005206,True,A00372;A00699,"Median within source then across sources; gain0.65 for measurement/cohort transfer; additional0.5 if quantitative signs conflict; cap±1.8. These gains/cap are modeling assumptions, not estimated from target data."
AAL3,16,17,Olfactory_L,AD,direct,see_individual_associations,directional_GMV_assumption,,{},-0.3,False,A00524;A00526,"Fixed latent-SD magnitude for qualitative GMV direction only. Indirect PET/contrast/thickness effects never substituted as volume d. Zero center is an unresolved modeling hypothesis, not evidence of no disease association."
AAL3,16,17,Olfactory_L,MCI,direct,see_individual_associations,weak_parent_direction_assumption,,{},-0.08,False,A00294,"Fixed latent-SD magnitude for qualitative GMV direction only. Indirect PET/contrast/thickness effects never substituted as volume d. Zero center is an unresolved modeling hypothesis, not evidence of no disease association."
AAL3,17,18,Olfactory_R,AD,direct,see_individual_associations,directional_GMV_assumption,,{},-0.3,False,A00525;A00527,"Fixed latent-SD magnitude for qualitative GMV direction only. Indirect PET/contrast/thickness effects never substituted as volume d. Zero center is an unresolved modeling hypothesis, not evidence of no disease association."
AAL3,17,18,Olfactory_R,MCI,direct,see_individual_associations,weak_parent_direction_assumption,,{},-0.08,False,A00280,"Fixed latent-SD magnitude for qualitative GMV direction only. Indirect PET/contrast/thickness effects never substituted as volume d. Zero center is an unresolved modeling hypothesis, not evidence of no disease association."
AAL3,18,19,Frontal_Sup_Medial_L,AD,parent_region_extrapolation,see_individual_associations,source_median_numeric_volume,-0.4760525,"{""Frontal2026"": -0.699105, ""Ledig2018"": -0.253}",-0.309434,False,A00365;A00692,"Median within source then across sources; gain0.65 for measurement/cohort transfer; additional0.5 if quantitative signs conflict; cap±1.8. These gains/cap are modeling assumptions, not estimated from target data."
AAL3,18,19,Frontal_Sup_Medial_L,MCI,parent_region_extrapolation,see_individual_associations,source_median_numeric_volume,-0.09496500000000001,"{""Frontal2026"": -0.024982, ""Ledig2018"": -0.164948}",-0.061727,False,A00367;A00694,"Median within source then across sources; gain0.65 for measurement/cohort transfer; additional0.5 if quantitative signs conflict; cap±1.8. These gains/cap are modeling assumptions, not estimated from target data."
AAL3,19,20,Frontal_Sup_Medial_R,AD,parent_region_extrapolation,see_individual_associations,source_median_numeric_volume,-0.4760525,"{""Frontal2026"": -0.699105, ""Ledig2018"": -0.253}",-0.309434,False,A00366;A00693,"Median within source then across sources; gain0.65 for measurement/cohort transfer; additional0.5 if quantitative signs conflict; cap±1.8. These gains/cap are modeling assumptions, not estimated from target data."
AAL3,19,20,Frontal_Sup_Medial_R,MCI,parent_region_extrapolation,see_individual_associations,source_median_numeric_volume,-0.09496500000000001,"{""Frontal2026"": -0.024982, ""Ledig2018"": -0.164948}",-0.061727,False,A00368;A00695,"Median within source then across sources; gain0.65 for measurement/cohort transfer; additional0.5 if quantitative signs conflict; cap±1.8. These gains/cap are modeling assumptions, not estimated from target data."
AAL3,20,21,Frontal_Med_Orb_L,AD,direct,see_individual_associations,directional_GMV_assumption,,{},-0.3,False,A00253,"Fixed latent-SD magnitude for qualitative GMV direction only. Indirect PET/contrast/thickness effects never substituted as volume d. Zero center is an unresolved modeling hypothesis, not evidence of no disease association."
AAL3,20,21,Frontal_Med_Orb_L,MCI,direct,see_individual_associations,directional_GMV_assumption,,{},-0.2,False,A00305,"Fixed latent-SD magnitude for qualitative GMV direction only. Indirect PET/contrast/thickness effects never substituted as volume d. Zero center is an unresolved modeling hypothesis, not evidence of no disease association."
AAL3,21,22,Frontal_Med_Orb_R,AD,direct,see_individual_associations,directional_GMV_assumption,,{},-0.3,False,A00254,"Fixed latent-SD magnitude for qualitative GMV direction only. Indirect PET/contrast/thickness effects never substituted as volume d. Zero center is an unresolved modeling hypothesis, not evidence of no disease association."
AAL3,21,22,Frontal_Med_Orb_R,MCI,direct,see_individual_associations,directional_GMV_assumption,,{},-0.2,False,A00306,"Fixed latent-SD magnitude for qualitative GMV direction only. Indirect PET/contrast/thickness effects never substituted as volume d. Zero center is an unresolved modeling hypothesis, not evidence of no disease association."
AAL3,22,23,Rectus_L,AD,direct,mixed_significance_or_measurement,source_median_numeric_volume,-0.32357600000000003,"{""Frontal2026"": -0.481152, ""Ledig2018"": -0.166}",-0.210324,False,A00313;A00700,"Median within source then across sources; gain0.65 for measurement/cohort transfer; additional0.5 if quantitative signs conflict; cap±1.8. These gains/cap are modeling assumptions, not estimated from target data."
AAL3,22,23,Rectus_L,MCI,parent_region_extrapolation,conflicting_directions,source_median_numeric_volume,0.16661700000000002,"{""Frontal2026"": 0.344623, ""Ledig2018"": -0.011389}",0.054151,True,A00315;A00702,"Median within source then across sources; gain0.65 for measurement/cohort transfer; additional0.5 if quantitative signs conflict; cap±1.8. These gains/cap are modeling assumptions, not estimated from target data."
AAL3,23,24,Rectus_R,AD,direct,mixed_significance_or_measurement,source_median_numeric_volume,-0.32357600000000003,"{""Frontal2026"": -0.481152, ""Ledig2018"": -0.166}",-0.210324,False,A00314;A00701,"Median within source then across sources; gain0.65 for measurement/cohort transfer; additional0.5 if quantitative signs conflict; cap±1.8. These gains/cap are modeling assumptions, not estimated from target data."
AAL3,23,24,Rectus_R,MCI,parent_region_extrapolation,conflicting_directions,source_median_numeric_volume,0.16661700000000002,"{""Frontal2026"": 0.344623, ""Ledig2018"": -0.011389}",0.054151,True,A00316;A00703,"Median within source then across sources; gain0.65 for measurement/cohort transfer; additional0.5 if quantitative signs conflict; cap±1.8. These gains/cap are modeling assumptions, not estimated from target data."
AAL3,24,25,OFCmed_L,AD,parent_region_extrapolation,see_individual_associations,source_median_numeric_volume,-0.1572935,"{""Frontal2026"": -0.244587, ""Ledig2018"": -0.07}",-0.102241,False,A00349;A00688,"Median within source then across sources; gain0.65 for measurement/cohort transfer; additional0.5 if quantitative signs conflict; cap±1.8. These gains/cap are modeling assumptions, not estimated from target data."
AAL3,24,25,OFCmed_L,MCI,parent_region_extrapolation,conflicting_directions,source_median_numeric_volume,0.0294245,"{""Frontal2026"": 0.061224, ""Ledig2018"": -0.002375}",0.009563,True,A00351;A00690,"Median within source then across sources; gain0.65 for measurement/cohort transfer; additional0.5 if quantitative signs conflict; cap±1.8. These gains/cap are modeling assumptions, not estimated from target data."
AAL3,25,26,OFCmed_R,AD,parent_region_extrapolation,see_individual_associations,source_median_numeric_volume,-0.1572935,"{""Frontal2026"": -0.244587, ""Ledig2018"": -0.07}",-0.102241,False,A00350;A00689,"Median within source then across sources; gain0.65 for measurement/cohort transfer; additional0.5 if quantitative signs conflict; cap±1.8. These gains/cap are modeling assumptions, not estimated from target data."
AAL3,25,26,OFCmed_R,MCI,parent_region_extrapolation,conflicting_directions,source_median_numeric_volume,0.0294245,"{""Frontal2026"": 0.061224, ""Ledig2018"": -0.002375}",0.009563,True,A00352;A00691,"Median within source then across sources; gain0.65 for measurement/cohort transfer; additional0.5 if quantitative signs conflict; cap±1.8. These gains/cap are modeling assumptions, not estimated from target data."
AAL3,26,27,OFCant_L,AD,parent_region_extrapolation,see_individual_associations,source_median_numeric_volume,-0.407131,"{""Frontal2026"": -0.663262, ""Ledig2018"": -0.151}",-0.264635,False,A00337;A00680,"Median within source then across sources; gain0.65 for measurement/cohort transfer; additional0.5 if quantitative signs conflict; cap±1.8. These gains/cap are modeling assumptions, not estimated from target data."
AAL3,26,27,OFCant_L,MCI,parent_region_extrapolation,conflicting_directions,source_median_numeric_volume,0.004413500000000001,"{""Frontal2026"": 0.17032, ""Ledig2018"": -0.161493}",0.001434,True,A00339;A00682,"Median within source then across sources; gain0.65 for measurement/cohort transfer; additional0.5 if quantitative signs conflict; cap±1.8. These gains/cap are modeling assumptions, not estimated from target data."
AAL3,27,28,OFCant_R,AD,parent_region_extrapolation,see_individual_associations,source_median_numeric_volume,-0.407131,"{""Frontal2026"": -0.663262, ""Ledig2018"": -0.151}",-0.264635,False,A00338;A00681,"Median within source then across sources; gain0.65 for measurement/cohort transfer; additional0.5 if quantitative signs conflict; cap±1.8. These gains/cap are modeling assumptions, not estimated from target data."
AAL3,27,28,OFCant_R,MCI,parent_region_extrapolation,conflicting_directions,source_median_numeric_volume,0.004413500000000001,"{""Frontal2026"": 0.17032, ""Ledig2018"": -0.161493}",0.001434,True,A00340;A00683,"Median within source then across sources; gain0.65 for measurement/cohort transfer; additional0.5 if quantitative signs conflict; cap±1.8. These gains/cap are modeling assumptions, not estimated from target data."
AAL3,28,29,OFCpost_L,AD,parent_region_extrapolation,mixed_significance_or_measurement,source_median_numeric_volume,-0.5792395,"{""Frontal2026"": -0.861479, ""Ledig2018"": -0.297}",-0.376506,False,A00341;A00676,"Median within source then across sources; gain0.65 for measurement/cohort transfer; additional0.5 if quantitative signs conflict; cap±1.8. These gains/cap are modeling assumptions, not estimated from target data."
AAL3,28,29,OFCpost_L,MCI,parent_region_extrapolation,see_individual_associations,source_median_numeric_volume,-0.3115255,"{""Frontal2026"": -0.467107, ""Ledig2018"": -0.155944}",-0.202492,False,A00343;A00678,"Median within source then across sources; gain0.65 for measurement/cohort transfer; additional0.5 if quantitative signs conflict; cap±1.8. These gains/cap are modeling assumptions, not estimated from target data."
AAL3,29,30,OFCpost_R,AD,parent_region_extrapolation,mixed_significance_or_measurement,source_median_numeric_volume,-0.5792395,"{""Frontal2026"": -0.861479, ""Ledig2018"": -0.297}",-0.376506,False,A00342;A00677,"Median within source then across sources; gain0.65 for measurement/cohort transfer; additional0.5 if quantitative signs conflict; cap±1.8. These gains/cap are modeling assumptions, not estimated from target data."
AAL3,29,30,OFCpost_R,MCI,parent_region_extrapolation,see_individual_associations,source_median_numeric_volume,-0.3115255,"{""Frontal2026"": -0.467107, ""Ledig2018"": -0.155944}",-0.202492,False,A00344;A00679,"Median within source then across sources; gain0.65 for measurement/cohort transfer; additional0.5 if quantitative signs conflict; cap±1.8. These gains/cap are modeling assumptions, not estimated from target data."
AAL3,30,31,OFClat_L,AD,parent_region_extrapolation,see_individual_associations,source_median_numeric_volume,-0.24165399999999998,"{""Frontal2026"": -0.270308, ""Ledig2018"": -0.213}",-0.157075,False,A00345;A00684,"Median within source then across sources; gain0.65 for measurement/cohort transfer; additional0.5 if quantitative signs conflict; cap±1.8. These gains/cap are modeling assumptions, not estimated from target data."
AAL3,30,31,OFClat_L,MCI,parent_region_extrapolation,see_individual_associations,source_median_numeric_volume,-0.09152500000000001,"{""Frontal2026"": -0.047912, ""Ledig2018"": -0.135138}",-0.059491,False,A00347;A00686,"Median within source then across sources; gain0.65 for measurement/cohort transfer; additional0.5 if quantitative signs conflict; cap±1.8. These gains/cap are modeling assumptions, not estimated from target data."
AAL3,31,32,OFClat_R,AD,parent_region_extrapolation,see_individual_associations,source_median_numeric_volume,-0.24165399999999998,"{""Frontal2026"": -0.270308, ""Ledig2018"": -0.213}",-0.157075,False,A00346;A00685,"Median within source then across sources; gain0.65 for measurement/cohort transfer; additional0.5 if quantitative signs conflict; cap±1.8. These gains/cap are modeling assumptions, not estimated from target data."
AAL3,31,32,OFClat_R,MCI,parent_region_extrapolation,see_individual_associations,source_median_numeric_volume,-0.09152500000000001,"{""Frontal2026"": -0.047912, ""Ledig2018"": -0.135138}",-0.059491,False,A00348;A00687,"Median within source then across sources; gain0.65 for measurement/cohort transfer; additional0.5 if quantitative signs conflict; cap±1.8. These gains/cap are modeling assumptions, not estimated from target data."
AAL3,32,33,Insula_L,AD,direct,see_individual_associations,source_median_numeric_volume,-0.48250000000000004,"{""Ledig2018"": -0.48250000000000004}",-0.313625,False,A00620;A00624,"Median within source then across sources; gain0.65 for measurement/cohort transfer; additional0.5 if quantitative signs conflict; cap±1.8. These gains/cap are modeling assumptions, not estimated from target data."
AAL3,32,33,Insula_L,MCI,direct,see_individual_associations,source_median_numeric_volume,-0.29951700000000003,"{""Ledig2018"": -0.29951700000000003}",-0.194686,False,A00622;A00626,"Median within source then across sources; gain0.65 for measurement/cohort transfer; additional0.5 if quantitative signs conflict; cap±1.8. These gains/cap are modeling assumptions, not estimated from target data."
AAL3,33,34,Insula_R,AD,direct,see_individual_associations,source_median_numeric_volume,-0.48250000000000004,"{""Ledig2018"": -0.48250000000000004}",-0.313625,False,A00621;A00625,"Median within source then across sources; gain0.65 for measurement/cohort transfer; additional0.5 if quantitative signs conflict; cap±1.8. These gains/cap are modeling assumptions, not estimated from target data."
AAL3,33,34,Insula_R,MCI,direct,see_individual_associations,source_median_numeric_volume,-0.29951700000000003,"{""Ledig2018"": -0.29951700000000003}",-0.194686,False,A00623;A00627,"Median within source then across sources; gain0.65 for measurement/cohort transfer; additional0.5 if quantitative signs conflict; cap±1.8. These gains/cap are modeling assumptions, not estimated from target data."
AAL3,34,37,Cingulate_Mid_L,AD,direct,conflicting_directions,source_median_numeric_volume,0.444,"{""Ledig2018"": 0.444}",0.2886,False,A00664,"Median within source then across sources; gain0.65 for measurement/cohort transfer; additional0.5 if quantitative signs conflict; cap±1.8. These gains/cap are modeling assumptions, not estimated from target data."
AAL3,34,37,Cingulate_Mid_L,MCI,direct,conflicting_directions,source_median_numeric_volume,0.232364,"{""Ledig2018"": 0.232364}",0.151037,False,A00666,"Median within source then across sources; gain0.65 for measurement/cohort transfer; additional0.5 if quantitative signs conflict; cap±1.8. These gains/cap are modeling assumptions, not estimated from target data."
AAL3,35,38,Cingulate_Mid_R,AD,direct,conflicting_directions,source_median_numeric_volume,0.444,"{""Ledig2018"": 0.444}",0.2886,False,A00665,"Median within source then across sources; gain0.65 for measurement/cohort transfer; additional0.5 if quantitative signs conflict; cap±1.8. These gains/cap are modeling assumptions, not estimated from target data."
AAL3,35,38,Cingulate_Mid_R,MCI,direct,conflicting_directions,source_median_numeric_volume,0.232364,"{""Ledig2018"": 0.232364}",0.151037,False,A00667,"Median within source then across sources; gain0.65 for measurement/cohort transfer; additional0.5 if quantitative signs conflict; cap±1.8. These gains/cap are modeling assumptions, not estimated from target data."
AAL3,36,39,Cingulate_Post_L,AD,direct,see_individual_associations,source_median_numeric_volume,-0.33,"{""Ledig2018"": -0.33}",-0.2145,False,A00668,"Median within source then across sources; gain0.65 for measurement/cohort transfer; additional0.5 if quantitative signs conflict; cap±1.8. These gains/cap are modeling assumptions, not estimated from target data."
AAL3,36,39,Cingulate_Post_L,MCI,direct,see_individual_associations,source_median_numeric_volume,-0.082346,"{""Ledig2018"": -0.082346}",-0.053525,False,A00670,"Median within source then across sources; gain0.65 for measurement/cohort transfer; additional0.5 if quantitative signs conflict; cap±1.8. These gains/cap are modeling assumptions, not estimated from target data."
AAL3,37,40,Cingulate_Post_R,AD,direct,see_individual_associations,source_median_numeric_volume,-0.33,"{""Ledig2018"": -0.33}",-0.2145,False,A00669,"Median within source then across sources; gain0.65 for measurement/cohort transfer; additional0.5 if quantitative signs conflict; cap±1.8. These gains/cap are modeling assumptions, not estimated from target data."
AAL3,37,40,Cingulate_Post_R,MCI,direct,see_individual_associations,source_median_numeric_volume,-0.082346,"{""Ledig2018"": -0.082346}",-0.053525,False,A00671,"Median within source then across sources; gain0.65 for measurement/cohort transfer; additional0.5 if quantitative signs conflict; cap±1.8. These gains/cap are modeling assumptions, not estimated from target data."
AAL3,38,41,Hippocampus_L,AD,direct,see_individual_associations,source_median_numeric_volume,-2.036,"{""Fjell2010"": -2.57, ""Ledig2018"": -1.502}",-1.3234,False,A00031;A00807,"Median within source then across sources; gain0.65 for measurement/cohort transfer; additional0.5 if quantitative signs conflict; cap±1.8. These gains/cap are modeling assumptions, not estimated from target data."
AAL3,38,41,Hippocampus_L,MCI,direct,see_individual_associations,source_median_numeric_volume,-1.76,"{""Fjell2010"": -1.76, ""Ledig2018"": -1.062226, ""MCI2016"": -2.211814}",-1.144,False,A00027;A00809;A00122,"Median within source then across sources; gain0.65 for measurement/cohort transfer; additional0.5 if quantitative signs conflict; cap±1.8. These gains/cap are modeling assumptions, not estimated from target data."
AAL3,39,42,Hippocampus_R,AD,direct,see_individual_associations,source_median_numeric_volume,-1.9249999999999998,"{""Fjell2010"": -2.57, ""Ledig2018"": -1.28}",-1.25125,False,A00032;A00811,"Median within source then across sources; gain0.65 for measurement/cohort transfer; additional0.5 if quantitative signs conflict; cap±1.8. These gains/cap are modeling assumptions, not estimated from target data."
AAL3,39,42,Hippocampus_R,MCI,direct,see_individual_associations,source_median_numeric_volume,-1.166798,"{""Fjell2010"": -1.76, ""Ledig2018"": -1.040481, ""MCI2016"": -1.166798}",-0.758419,False,A00028;A00813;A00120,"Median within source then across sources; gain0.65 for measurement/cohort transfer; additional0.5 if quantitative signs conflict; cap±1.8. These gains/cap are modeling assumptions, not estimated from target data."
AAL3,40,43,ParaHippocampal_L,AD,direct,see_individual_associations,source_median_numeric_volume,-0.97,"{""Ledig2018"": -0.97}",-0.6305,False,A00572,"Median within source then across sources; gain0.65 for measurement/cohort transfer; additional0.5 if quantitative signs conflict; cap±1.8. These gains/cap are modeling assumptions, not estimated from target data."
AAL3,40,43,ParaHippocampal_L,MCI,direct,see_individual_associations,source_median_numeric_volume,-0.648645,"{""Ledig2018"": -0.648645}",-0.421619,False,A00574,"Median within source then across sources; gain0.65 for measurement/cohort transfer; additional0.5 if quantitative signs conflict; cap±1.8. These gains/cap are modeling assumptions, not estimated from target data."
AAL3,41,44,ParaHippocampal_R,AD,direct,see_individual_associations,source_median_numeric_volume,-0.97,"{""Ledig2018"": -0.97}",-0.6305,False,A00573,"Median within source then across sources; gain0.65 for measurement/cohort transfer; additional0.5 if quantitative signs conflict; cap±1.8. These gains/cap are modeling assumptions, not estimated from target data."
AAL3,41,44,ParaHippocampal_R,MCI,direct,see_individual_associations,source_median_numeric_volume,-0.648645,"{""Ledig2018"": -0.648645}",-0.421619,False,A00575,"Median within source then across sources; gain0.65 for measurement/cohort transfer; additional0.5 if quantitative signs conflict; cap±1.8. These gains/cap are modeling assumptions, not estimated from target data."
AAL3,42,45,Amygdala_L,AD,direct,see_individual_associations,source_median_numeric_volume,-1.7315,"{""Fjell2010"": -2.06, ""Ledig2018"": -1.403}",-1.125475,False,A00015;A00815,"Median within source then across sources; gain0.65 for measurement/cohort transfer; additional0.5 if quantitative signs conflict; cap±1.8. These gains/cap are modeling assumptions, not estimated from target data."
AAL3,42,45,Amygdala_L,MCI,direct,mixed_significance_or_measurement,source_median_numeric_volume,-0.828799,"{""Fjell2010"": -1.2, ""Ledig2018"": -0.828799, ""MCI2016"": -0.592406}",-0.538719,False,A00011;A00817;A00126,"Median within source then across sources; gain0.65 for measurement/cohort transfer; additional0.5 if quantitative signs conflict; cap±1.8. These gains/cap are modeling assumptions, not estimated from target data."
AAL3,43,46,Amygdala_R,AD,direct,see_individual_associations,source_median_numeric_volume,-1.756,"{""Fjell2010"": -2.06, ""Ledig2018"": -1.452}",-1.1414,False,A00016;A00819,"Median within source then across sources; gain0.65 for measurement/cohort transfer; additional0.5 if quantitative signs conflict; cap±1.8. These gains/cap are modeling assumptions, not estimated from target data."
AAL3,43,46,Amygdala_R,MCI,direct,see_individual_associations,source_median_numeric_volume,-1.124087,"{""Fjell2010"": -1.2, ""Ledig2018"": -0.84817, ""MCI2016"": -1.124087}",-0.730657,False,A00012;A00821;A00124,"Median within source then across sources; gain0.65 for measurement/cohort transfer; additional0.5 if quantitative signs conflict; cap±1.8. These gains/cap are modeling assumptions, not estimated from target data."
AAL3,44,47,Calcarine_L,AD,parent_region_extrapolation,conflicting_directions,source_median_numeric_volume,0.186,"{""Ledig2018"": 0.186}",0.1209,False,A00708,"Median within source then across sources; gain0.65 for measurement/cohort transfer; additional0.5 if quantitative signs conflict; cap±1.8. These gains/cap are modeling assumptions, not estimated from target data."
AAL3,44,47,Calcarine_L,MCI,parent_region_extrapolation,conflicting_directions,source_median_numeric_volume,0.133864,"{""Ledig2018"": 0.133864}",0.087012,False,A00710,"Median within source then across sources; gain0.65 for measurement/cohort transfer; additional0.5 if quantitative signs conflict; cap±1.8. These gains/cap are modeling assumptions, not estimated from target data."
AAL3,45,48,Calcarine_R,AD,parent_region_extrapolation,conflicting_directions,source_median_numeric_volume,0.186,"{""Ledig2018"": 0.186}",0.1209,False,A00709,"Median within source then across sources; gain0.65 for measurement/cohort transfer; additional0.5 if quantitative signs conflict; cap±1.8. These gains/cap are modeling assumptions, not estimated from target data."
AAL3,45,48,Calcarine_R,MCI,parent_region_extrapolation,conflicting_directions,source_median_numeric_volume,0.133864,"{""Ledig2018"": 0.133864}",0.087012,False,A00711,"Median within source then across sources; gain0.65 for measurement/cohort transfer; additional0.5 if quantitative signs conflict; cap±1.8. These gains/cap are modeling assumptions, not estimated from target data."
AAL3,46,49,Cuneus_L,AD,parent_region_extrapolation,conflicting_directions,source_median_numeric_volume,0.022,"{""Ledig2018"": 0.022}",0.0143,False,A00736,"Median within source then across sources; gain0.65 for measurement/cohort transfer; additional0.5 if quantitative signs conflict; cap±1.8. These gains/cap are modeling assumptions, not estimated from target data."
AAL3,46,49,Cuneus_L,MCI,parent_region_extrapolation,conflicting_directions,source_median_numeric_volume,0.081118,"{""Ledig2018"": 0.081118}",0.052727,False,A00738,"Median within source then across sources; gain0.65 for measurement/cohort transfer; additional0.5 if quantitative signs conflict; cap±1.8. These gains/cap are modeling assumptions, not estimated from target data."
AAL3,47,50,Cuneus_R,AD,parent_region_extrapolation,conflicting_directions,source_median_numeric_volume,0.022,"{""Ledig2018"": 0.022}",0.0143,False,A00737,"Median within source then across sources; gain0.65 for measurement/cohort transfer; additional0.5 if quantitative signs conflict; cap±1.8. These gains/cap are modeling assumptions, not estimated from target data."
AAL3,47,50,Cuneus_R,MCI,parent_region_extrapolation,conflicting_directions,source_median_numeric_volume,0.081118,"{""Ledig2018"": 0.081118}",0.052727,False,A00739,"Median within source then across sources; gain0.65 for measurement/cohort transfer; additional0.5 if quantitative signs conflict; cap±1.8. These gains/cap are modeling assumptions, not estimated from target data."
AAL3,48,51,Lingual_L,AD,parent_region_extrapolation,conflicting_directions,source_median_numeric_volume,0.055,"{""Ledig2018"": 0.055}",0.03575,False,A00732,"Median within source then across sources; gain0.65 for measurement/cohort transfer; additional0.5 if quantitative signs conflict; cap±1.8. These gains/cap are modeling assumptions, not estimated from target data."
AAL3,48,51,Lingual_L,MCI,parent_region_extrapolation,see_individual_associations,source_median_numeric_volume,-0.008207,"{""Ledig2018"": -0.008207}",-0.005335,False,A00734,"Median within source then across sources; gain0.65 for measurement/cohort transfer; additional0.5 if quantitative signs conflict; cap±1.8. These gains/cap are modeling assumptions, not estimated from target data."
AAL3,49,52,Lingual_R,AD,parent_region_extrapolation,conflicting_directions,source_median_numeric_volume,0.055,"{""Ledig2018"": 0.055}",0.03575,False,A00733,"Median within source then across sources; gain0.65 for measurement/cohort transfer; additional0.5 if quantitative signs conflict; cap±1.8. These gains/cap are modeling assumptions, not estimated from target data."
AAL3,49,52,Lingual_R,MCI,direct,see_individual_associations,source_median_numeric_volume,-0.008207,"{""Ledig2018"": -0.008207}",-0.005335,False,A00735,"Median within source then across sources; gain0.65 for measurement/cohort transfer; additional0.5 if quantitative signs conflict; cap±1.8. These gains/cap are modeling assumptions, not estimated from target data."
AAL3,50,53,Occipital_Sup_L,AD,parent_region_extrapolation,see_individual_associations,source_median_numeric_volume,-0.219,"{""Ledig2018"": -0.219}",-0.14235,False,A00636,"Median within source then across sources; gain0.65 for measurement/cohort transfer; additional0.5 if quantitative signs conflict; cap±1.8. These gains/cap are modeling assumptions, not estimated from target data."
AAL3,50,53,Occipital_Sup_L,MCI,parent_region_extrapolation,conflicting_directions,source_median_numeric_volume,0.009182,"{""Ledig2018"": 0.009182}",0.005968,False,A00638,"Median within source then across sources; gain0.65 for measurement/cohort transfer; additional0.5 if quantitative signs conflict; cap±1.8. These gains/cap are modeling assumptions, not estimated from target data."
AAL3,51,54,Occipital_Sup_R,AD,parent_region_extrapolation,see_individual_associations,source_median_numeric_volume,-0.219,"{""Ledig2018"": -0.219}",-0.14235,False,A00637,"Median within source then across sources; gain0.65 for measurement/cohort transfer; additional0.5 if quantitative signs conflict; cap±1.8. These gains/cap are modeling assumptions, not estimated from target data."
AAL3,51,54,Occipital_Sup_R,MCI,parent_region_extrapolation,conflicting_directions,source_median_numeric_volume,0.009182,"{""Ledig2018"": 0.009182}",0.005968,False,A00639,"Median within source then across sources; gain0.65 for measurement/cohort transfer; additional0.5 if quantitative signs conflict; cap±1.8. These gains/cap are modeling assumptions, not estimated from target data."
AAL3,52,55,Occipital_Mid_L,AD,parent_region_extrapolation,see_individual_associations,source_median_numeric_volume,-0.503,"{""Ledig2018"": -0.503}",-0.32695,False,A00628,"Median within source then across sources; gain0.65 for measurement/cohort transfer; additional0.5 if quantitative signs conflict; cap±1.8. These gains/cap are modeling assumptions, not estimated from target data."
AAL3,52,55,Occipital_Mid_L,MCI,parent_region_extrapolation,see_individual_associations,source_median_numeric_volume,-0.186423,"{""Ledig2018"": -0.186423}",-0.121175,False,A00630,"Median within source then across sources; gain0.65 for measurement/cohort transfer; additional0.5 if quantitative signs conflict; cap±1.8. These gains/cap are modeling assumptions, not estimated from target data."
AAL3,53,56,Occipital_Mid_R,AD,parent_region_extrapolation,see_individual_associations,source_median_numeric_volume,-0.503,"{""Ledig2018"": -0.503}",-0.32695,False,A00629,"Median within source then across sources; gain0.65 for measurement/cohort transfer; additional0.5 if quantitative signs conflict; cap±1.8. These gains/cap are modeling assumptions, not estimated from target data."
AAL3,53,56,Occipital_Mid_R,MCI,parent_region_extrapolation,see_individual_associations,source_median_numeric_volume,-0.186423,"{""Ledig2018"": -0.186423}",-0.121175,False,A00631,"Median within source then across sources; gain0.65 for measurement/cohort transfer; additional0.5 if quantitative signs conflict; cap±1.8. These gains/cap are modeling assumptions, not estimated from target data."
AAL3,54,57,Occipital_Inf_L,AD,parent_region_extrapolation,see_individual_associations,source_median_numeric_volume,-0.474,"{""Ledig2018"": -0.474}",-0.3081,False,A00632,"Median within source then across sources; gain0.65 for measurement/cohort transfer; additional0.5 if quantitative signs conflict; cap±1.8. These gains/cap are modeling assumptions, not estimated from target data."
AAL3,54,57,Occipital_Inf_L,MCI,parent_region_extrapolation,see_individual_associations,source_median_numeric_volume,-0.156704,"{""Ledig2018"": -0.156704}",-0.101858,False,A00634,"Median within source then across sources; gain0.65 for measurement/cohort transfer; additional0.5 if quantitative signs conflict; cap±1.8. These gains/cap are modeling assumptions, not estimated from target data."
AAL3,55,58,Occipital_Inf_R,AD,parent_region_extrapolation,see_individual_associations,source_median_numeric_volume,-0.474,"{""Ledig2018"": -0.474}",-0.3081,False,A00633,"Median within source then across sources; gain0.65 for measurement/cohort transfer; additional0.5 if quantitative signs conflict; cap±1.8. These gains/cap are modeling assumptions, not estimated from target data."
AAL3,55,58,Occipital_Inf_R,MCI,parent_region_extrapolation,see_individual_associations,source_median_numeric_volume,-0.156704,"{""Ledig2018"": -0.156704}",-0.101858,False,A00635,"Median within source then across sources; gain0.65 for measurement/cohort transfer; additional0.5 if quantitative signs conflict; cap±1.8. These gains/cap are modeling assumptions, not estimated from target data."
AAL3,56,59,Fusiform_L,AD,parent_region_extrapolation,see_individual_associations,source_median_numeric_volume,-0.608,"{""Ledig2018"": -0.608}",-0.3952,False,A00612;A00616,"Median within source then across sources; gain0.65 for measurement/cohort transfer; additional0.5 if quantitative signs conflict; cap±1.8. These gains/cap are modeling assumptions, not estimated from target data."
AAL3,56,59,Fusiform_L,MCI,direct,see_individual_associations,source_median_numeric_volume,-0.257627,"{""Ledig2018"": -0.257627}",-0.167458,False,A00614;A00618,"Median within source then across sources; gain0.65 for measurement/cohort transfer; additional0.5 if quantitative signs conflict; cap±1.8. These gains/cap are modeling assumptions, not estimated from target data."
AAL3,57,60,Fusiform_R,AD,direct,see_individual_associations,source_median_numeric_volume,-0.608,"{""Ledig2018"": -0.608}",-0.3952,False,A00613;A00617,"Median within source then across sources; gain0.65 for measurement/cohort transfer; additional0.5 if quantitative signs conflict; cap±1.8. These gains/cap are modeling assumptions, not estimated from target data."
AAL3,57,60,Fusiform_R,MCI,direct,see_individual_associations,source_median_numeric_volume,-0.257627,"{""Ledig2018"": -0.257627}",-0.167458,False,A00615;A00619,"Median within source then across sources; gain0.65 for measurement/cohort transfer; additional0.5 if quantitative signs conflict; cap±1.8. These gains/cap are modeling assumptions, not estimated from target data."
AAL3,58,61,Postcentral_L,AD,parent_region_extrapolation,see_individual_associations,source_median_numeric_volume,-0.094,"{""Ledig2018"": -0.094}",-0.0611,False,A00712,"Median within source then across sources; gain0.65 for measurement/cohort transfer; additional0.5 if quantitative signs conflict; cap±1.8. These gains/cap are modeling assumptions, not estimated from target data."
AAL3,58,61,Postcentral_L,MCI,parent_region_extrapolation,see_individual_associations,source_median_numeric_volume,0.082227,"{""Ledig2018"": 0.082227}",0.053448,False,A00714,"Median within source then across sources; gain0.65 for measurement/cohort transfer; additional0.5 if quantitative signs conflict; cap±1.8. These gains/cap are modeling assumptions, not estimated from target data."
AAL3,59,62,Postcentral_R,AD,parent_region_extrapolation,see_individual_associations,source_median_numeric_volume,-0.094,"{""Ledig2018"": -0.094}",-0.0611,False,A00713,"Median within source then across sources; gain0.65 for measurement/cohort transfer; additional0.5 if quantitative signs conflict; cap±1.8. These gains/cap are modeling assumptions, not estimated from target data."
AAL3,59,62,Postcentral_R,MCI,parent_region_extrapolation,see_individual_associations,source_median_numeric_volume,0.082227,"{""Ledig2018"": 0.082227}",0.053448,False,A00715,"Median within source then across sources; gain0.65 for measurement/cohort transfer; additional0.5 if quantitative signs conflict; cap±1.8. These gains/cap are modeling assumptions, not estimated from target data."
AAL3,60,63,Parietal_Sup_L,AD,parent_region_extrapolation,see_individual_associations,source_median_numeric_volume,-0.42,"{""Ledig2018"": -0.42}",-0.273,False,A00640,"Median within source then across sources; gain0.65 for measurement/cohort transfer; additional0.5 if quantitative signs conflict; cap±1.8. These gains/cap are modeling assumptions, not estimated from target data."
AAL3,60,63,Parietal_Sup_L,MCI,parent_region_extrapolation,see_individual_associations,source_median_numeric_volume,-0.153791,"{""Ledig2018"": -0.153791}",-0.099964,False,A00642,"Median within source then across sources; gain0.65 for measurement/cohort transfer; additional0.5 if quantitative signs conflict; cap±1.8. These gains/cap are modeling assumptions, not estimated from target data."
AAL3,61,64,Parietal_Sup_R,AD,parent_region_extrapolation,see_individual_associations,source_median_numeric_volume,-0.42,"{""Ledig2018"": -0.42}",-0.273,False,A00641,"Median within source then across sources; gain0.65 for measurement/cohort transfer; additional0.5 if quantitative signs conflict; cap±1.8. These gains/cap are modeling assumptions, not estimated from target data."
AAL3,61,64,Parietal_Sup_R,MCI,parent_region_extrapolation,see_individual_associations,source_median_numeric_volume,-0.153791,"{""Ledig2018"": -0.153791}",-0.099964,False,A00643,"Median within source then across sources; gain0.65 for measurement/cohort transfer; additional0.5 if quantitative signs conflict; cap±1.8. These gains/cap are modeling assumptions, not estimated from target data."
AAL3,62,65,Parietal_Inf_L,AD,parent_region_extrapolation,see_individual_associations,source_median_numeric_volume,-0.763,"{""Ledig2018"": -0.763}",-0.49595,False,A00596;A00604,"Median within source then across sources; gain0.65 for measurement/cohort transfer; additional0.5 if quantitative signs conflict; cap±1.8. These gains/cap are modeling assumptions, not estimated from target data."
AAL3,62,65,Parietal_Inf_L,MCI,parent_region_extrapolation,see_individual_associations,source_median_numeric_volume,-0.4275785,"{""Ledig2018"": -0.4275785}",-0.277926,False,A00600;A00608,"Median within source then across sources; gain0.65 for measurement/cohort transfer; additional0.5 if quantitative signs conflict; cap±1.8. These gains/cap are modeling assumptions, not estimated from target data."
AAL3,63,66,Parietal_Inf_R,AD,parent_region_extrapolation,see_individual_associations,source_median_numeric_volume,-0.763,"{""Ledig2018"": -0.763}",-0.49595,False,A00597;A00605,"Median within source then across sources; gain0.65 for measurement/cohort transfer; additional0.5 if quantitative signs conflict; cap±1.8. These gains/cap are modeling assumptions, not estimated from target data."
AAL3,63,66,Parietal_Inf_R,MCI,parent_region_extrapolation,see_individual_associations,source_median_numeric_volume,-0.4275785,"{""Ledig2018"": -0.4275785}",-0.277926,False,A00601;A00609,"Median within source then across sources; gain0.65 for measurement/cohort transfer; additional0.5 if quantitative signs conflict; cap±1.8. These gains/cap are modeling assumptions, not estimated from target data."
AAL3,64,67,SupraMarginal_L,AD,parent_region_extrapolation,see_individual_associations,source_median_numeric_volume,-0.65,"{""Ledig2018"": -0.65}",-0.4225,False,A00606,"Median within source then across sources; gain0.65 for measurement/cohort transfer; additional0.5 if quantitative signs conflict; cap±1.8. These gains/cap are modeling assumptions, not estimated from target data."
AAL3,64,67,SupraMarginal_L,MCI,parent_region_extrapolation,see_individual_associations,source_median_numeric_volume,-0.35064,"{""Ledig2018"": -0.35064}",-0.227916,False,A00610,"Median within source then across sources; gain0.65 for measurement/cohort transfer; additional0.5 if quantitative signs conflict; cap±1.8. These gains/cap are modeling assumptions, not estimated from target data."
AAL3,65,68,SupraMarginal_R,AD,parent_region_extrapolation,see_individual_associations,source_median_numeric_volume,-0.65,"{""Ledig2018"": -0.65}",-0.4225,False,A00607,"Median within source then across sources; gain0.65 for measurement/cohort transfer; additional0.5 if quantitative signs conflict; cap±1.8. These gains/cap are modeling assumptions, not estimated from target data."
AAL3,65,68,SupraMarginal_R,MCI,parent_region_extrapolation,see_individual_associations,source_median_numeric_volume,-0.35064,"{""Ledig2018"": -0.35064}",-0.227916,False,A00611,"Median within source then across sources; gain0.65 for measurement/cohort transfer; additional0.5 if quantitative signs conflict; cap±1.8. These gains/cap are modeling assumptions, not estimated from target data."
AAL3,66,69,Angular_L,AD,parent_region_extrapolation,see_individual_associations,source_median_numeric_volume,-0.876,"{""Ledig2018"": -0.876}",-0.5694,False,A00598,"Median within source then across sources; gain0.65 for measurement/cohort transfer; additional0.5 if quantitative signs conflict; cap±1.8. These gains/cap are modeling assumptions, not estimated from target data."
AAL3,66,69,Angular_L,MCI,parent_region_extrapolation,see_individual_associations,source_median_numeric_volume,-0.504517,"{""Ledig2018"": -0.504517}",-0.327936,False,A00602,"Median within source then across sources; gain0.65 for measurement/cohort transfer; additional0.5 if quantitative signs conflict; cap±1.8. These gains/cap are modeling assumptions, not estimated from target data."
AAL3,67,70,Angular_R,AD,parent_region_extrapolation,see_individual_associations,source_median_numeric_volume,-0.876,"{""Ledig2018"": -0.876}",-0.5694,False,A00599,"Median within source then across sources; gain0.65 for measurement/cohort transfer; additional0.5 if quantitative signs conflict; cap±1.8. These gains/cap are modeling assumptions, not estimated from target data."
AAL3,67,70,Angular_R,MCI,parent_region_extrapolation,see_individual_associations,source_median_numeric_volume,-0.504517,"{""Ledig2018"": -0.504517}",-0.327936,False,A00603,"Median within source then across sources; gain0.65 for measurement/cohort transfer; additional0.5 if quantitative signs conflict; cap±1.8. These gains/cap are modeling assumptions, not estimated from target data."
AAL3,68,71,Precuneus_L,AD,direct,see_individual_associations,source_median_numeric_volume,-0.343,"{""Ledig2018"": -0.343}",-0.22295,False,A00672,"Median within source then across sources; gain0.65 for measurement/cohort transfer; additional0.5 if quantitative signs conflict; cap±1.8. These gains/cap are modeling assumptions, not estimated from target data."
AAL3,68,71,Precuneus_L,MCI,direct,see_individual_associations,source_median_numeric_volume,-0.143397,"{""Ledig2018"": -0.143397}",-0.093208,False,A00674,"Median within source then across sources; gain0.65 for measurement/cohort transfer; additional0.5 if quantitative signs conflict; cap±1.8. These gains/cap are modeling assumptions, not estimated from target data."
AAL3,69,72,Precuneus_R,AD,direct,see_individual_associations,source_median_numeric_volume,-0.343,"{""Ledig2018"": -0.343}",-0.22295,False,A00673,"Median within source then across sources; gain0.65 for measurement/cohort transfer; additional0.5 if quantitative signs conflict; cap±1.8. These gains/cap are modeling assumptions, not estimated from target data."
AAL3,69,72,Precuneus_R,MCI,direct,see_individual_associations,source_median_numeric_volume,-0.143397,"{""Ledig2018"": -0.143397}",-0.093208,False,A00675,"Median within source then across sources; gain0.65 for measurement/cohort transfer; additional0.5 if quantitative signs conflict; cap±1.8. These gains/cap are modeling assumptions, not estimated from target data."
AAL3,70,73,Paracentral_Lobule_L,AD,parent_region_extrapolation,see_individual_associations,source_median_numeric_volume,-0.266476,"{""Frontal2026"": -0.433452, ""Ledig2018"": -0.0995}",-0.173209,False,A00361;A00724;A00728,"Median within source then across sources; gain0.65 for measurement/cohort transfer; additional0.5 if quantitative signs conflict; cap±1.8. These gains/cap are modeling assumptions, not estimated from target data."
AAL3,70,73,Paracentral_Lobule_L,MCI,parent_region_extrapolation,conflicting_directions,source_median_numeric_volume,-0.30312075,"{""Frontal2026"": -0.575, ""Ledig2018"": -0.031241500000000005}",-0.197028,False,A00363;A00726;A00730,"Median within source then across sources; gain0.65 for measurement/cohort transfer; additional0.5 if quantitative signs conflict; cap±1.8. These gains/cap are modeling assumptions, not estimated from target data."
AAL3,71,74,Paracentral_Lobule_R,AD,parent_region_extrapolation,see_individual_associations,source_median_numeric_volume,-0.266476,"{""Frontal2026"": -0.433452, ""Ledig2018"": -0.0995}",-0.173209,False,A00362;A00725;A00729,"Median within source then across sources; gain0.65 for measurement/cohort transfer; additional0.5 if quantitative signs conflict; cap±1.8. These gains/cap are modeling assumptions, not estimated from target data."
AAL3,71,74,Paracentral_Lobule_R,MCI,parent_region_extrapolation,conflicting_directions,source_median_numeric_volume,-0.30312075,"{""Frontal2026"": -0.575, ""Ledig2018"": -0.031241500000000005}",-0.197028,False,A00364;A00727;A00731,"Median within source then across sources; gain0.65 for measurement/cohort transfer; additional0.5 if quantitative signs conflict; cap±1.8. These gains/cap are modeling assumptions, not estimated from target data."
AAL3,72,75,Caudate_L,AD,parent_region_extrapolation,conflicting_directions,source_median_numeric_volume,0.02300000000000002,"{""Fjell2010"": -0.35, ""Ledig2018"": 0.396}",0.007475,True,A00023;A00782,"Median within source then across sources; gain0.65 for measurement/cohort transfer; additional0.5 if quantitative signs conflict; cap±1.8. These gains/cap are modeling assumptions, not estimated from target data."
AAL3,72,75,Caudate_L,MCI,direct,conflicting_directions,source_median_numeric_volume,-0.19,"{""Fjell2010"": -0.19, ""Ledig2018"": 0.184378, ""MCI2016"": -0.488103}",-0.06175,True,A00019;A00786;A00110,"Median within source then across sources; gain0.65 for measurement/cohort transfer; additional0.5 if quantitative signs conflict; cap±1.8. These gains/cap are modeling assumptions, not estimated from target data."
AAL3,73,76,Caudate_R,AD,parent_region_extrapolation,conflicting_directions,source_median_numeric_volume,0.02300000000000002,"{""Fjell2010"": -0.35, ""Ledig2018"": 0.396}",0.007475,True,A00024;A00783,"Median within source then across sources; gain0.65 for measurement/cohort transfer; additional0.5 if quantitative signs conflict; cap±1.8. These gains/cap are modeling assumptions, not estimated from target data."
AAL3,73,76,Caudate_R,MCI,direct,conflicting_directions,source_median_numeric_volume,-0.19,"{""Fjell2010"": -0.19, ""Ledig2018"": 0.184378, ""MCI2016"": -0.244964}",-0.06175,True,A00020;A00787;A00108,"Median within source then across sources; gain0.65 for measurement/cohort transfer; additional0.5 if quantitative signs conflict; cap±1.8. These gains/cap are modeling assumptions, not estimated from target data."
AAL3,74,77,Putamen_L,AD,parent_region_extrapolation,see_individual_associations,source_median_numeric_volume,-0.4,"{""Fjell2010"": -0.51, ""Ledig2018"": -0.29}",-0.26,False,A00047;A00790,"Median within source then across sources; gain0.65 for measurement/cohort transfer; additional0.5 if quantitative signs conflict; cap±1.8. These gains/cap are modeling assumptions, not estimated from target data."
AAL3,74,77,Putamen_L,MCI,direct,mixed_significance_or_measurement,source_median_numeric_volume,-0.25,"{""Fjell2010"": -0.25, ""Ledig2018"": -0.158568, ""MCI2016"": -1.084039}",-0.1625,False,A00043;A00794;A00114,"Median within source then across sources; gain0.65 for measurement/cohort transfer; additional0.5 if quantitative signs conflict; cap±1.8. These gains/cap are modeling assumptions, not estimated from target data."
AAL3,75,78,Putamen_R,AD,parent_region_extrapolation,see_individual_associations,source_median_numeric_volume,-0.4,"{""Fjell2010"": -0.51, ""Ledig2018"": -0.29}",-0.26,False,A00048;A00791,"Median within source then across sources; gain0.65 for measurement/cohort transfer; additional0.5 if quantitative signs conflict; cap±1.8. These gains/cap are modeling assumptions, not estimated from target data."
AAL3,75,78,Putamen_R,MCI,direct,mixed_significance_or_measurement,source_median_numeric_volume,-0.25,"{""Fjell2010"": -0.25, ""Ledig2018"": -0.158568, ""MCI2016"": -0.904005}",-0.1625,False,A00044;A00795;A00112,"Median within source then across sources; gain0.65 for measurement/cohort transfer; additional0.5 if quantitative signs conflict; cap±1.8. These gains/cap are modeling assumptions, not estimated from target data."
AAL3,76,79,Pallidum_L,AD,parent_region_extrapolation,conflicting_directions,source_median_numeric_volume,-0.036000000000000004,"{""Fjell2010"": -0.17, ""Ledig2018"": 0.098}",-0.0117,True,A00039;A00798,"Median within source then across sources; gain0.65 for measurement/cohort transfer; additional0.5 if quantitative signs conflict; cap±1.8. These gains/cap are modeling assumptions, not estimated from target data."
AAL3,76,79,Pallidum_L,MCI,direct,conflicting_directions,source_median_numeric_volume,0.016215,"{""Fjell2010"": 0.22, ""Ledig2018"": 0.016215, ""MCI2016"": -0.419904}",0.00527,True,A00035;A00802;A00118,"Median within source then across sources; gain0.65 for measurement/cohort transfer; additional0.5 if quantitative signs conflict; cap±1.8. These gains/cap are modeling assumptions, not estimated from target data."
AAL3,77,80,Pallidum_R,AD,parent_region_extrapolation,conflicting_directions,source_median_numeric_volume,-0.036000000000000004,"{""Fjell2010"": -0.17, ""Ledig2018"": 0.098}",-0.0117,True,A00040;A00799,"Median within source then across sources; gain0.65 for measurement/cohort transfer; additional0.5 if quantitative signs conflict; cap±1.8. These gains/cap are modeling assumptions, not estimated from target data."
AAL3,77,80,Pallidum_R,MCI,direct,conflicting_directions,source_median_numeric_volume,0.016215,"{""Fjell2010"": 0.22, ""Ledig2018"": 0.016215, ""MCI2016"": -0.381871}",0.00527,True,A00036;A00803;A00116,"Median within source then across sources; gain0.65 for measurement/cohort transfer; additional0.5 if quantitative signs conflict; cap±1.8. These gains/cap are modeling assumptions, not estimated from target data."
AAL3,78,83,Heschl_L,AD,parent_region_extrapolation,see_individual_associations,source_median_numeric_volume,-0.151,"{""Ledig2018"": -0.151}",-0.09815,False,A00704,"Median within source then across sources; gain0.65 for measurement/cohort transfer; additional0.5 if quantitative signs conflict; cap±1.8. These gains/cap are modeling assumptions, not estimated from target data."
AAL3,78,83,Heschl_L,MCI,direct,see_individual_associations,source_median_numeric_volume,-0.091503,"{""Ledig2018"": -0.091503}",-0.059477,False,A00706,"Median within source then across sources; gain0.65 for measurement/cohort transfer; additional0.5 if quantitative signs conflict; cap±1.8. These gains/cap are modeling assumptions, not estimated from target data."
AAL3,79,84,Heschl_R,AD,parent_region_extrapolation,see_individual_associations,source_median_numeric_volume,-0.151,"{""Ledig2018"": -0.151}",-0.09815,False,A00705,"Median within source then across sources; gain0.65 for measurement/cohort transfer; additional0.5 if quantitative signs conflict; cap±1.8. These gains/cap are modeling assumptions, not estimated from target data."
AAL3,79,84,Heschl_R,MCI,direct,see_individual_associations,source_median_numeric_volume,-0.091503,"{""Ledig2018"": -0.091503}",-0.059477,False,A00707,"Median within source then across sources; gain0.65 for measurement/cohort transfer; additional0.5 if quantitative signs conflict; cap±1.8. These gains/cap are modeling assumptions, not estimated from target data."
AAL3,80,85,Temporal_Sup_L,AD,parent_region_extrapolation,see_individual_associations,source_median_numeric_volume,-0.715,"{""Ledig2018"": -0.715}",-0.46475,False,A00584,"Median within source then across sources; gain0.65 for measurement/cohort transfer; additional0.5 if quantitative signs conflict; cap±1.8. These gains/cap are modeling assumptions, not estimated from target data."
AAL3,80,85,Temporal_Sup_L,MCI,direct,see_individual_associations,source_median_numeric_volume,-0.519785,"{""Ledig2018"": -0.519785}",-0.33786,False,A00586,"Median within source then across sources; gain0.65 for measurement/cohort transfer; additional0.5 if quantitative signs conflict; cap±1.8. These gains/cap are modeling assumptions, not estimated from target data."
AAL3,81,86,Temporal_Sup_R,AD,parent_region_extrapolation,see_individual_associations,source_median_numeric_volume,-0.715,"{""Ledig2018"": -0.715}",-0.46475,False,A00585,"Median within source then across sources; gain0.65 for measurement/cohort transfer; additional0.5 if quantitative signs conflict; cap±1.8. These gains/cap are modeling assumptions, not estimated from target data."
AAL3,81,86,Temporal_Sup_R,MCI,direct,see_individual_associations,source_median_numeric_volume,-0.519785,"{""Ledig2018"": -0.519785}",-0.33786,False,A00587,"Median within source then across sources; gain0.65 for measurement/cohort transfer; additional0.5 if quantitative signs conflict; cap±1.8. These gains/cap are modeling assumptions, not estimated from target data."
AAL3,82,87,Temporal_Pole_Sup_L,AD,parent_region_extrapolation,see_individual_associations,source_median_numeric_volume,-0.873,"{""Ledig2018"": -0.873}",-0.56745,False,A00588,"Median within source then across sources; gain0.65 for measurement/cohort transfer; additional0.5 if quantitative signs conflict; cap±1.8. These gains/cap are modeling assumptions, not estimated from target data."
AAL3,82,87,Temporal_Pole_Sup_L,MCI,direct,see_individual_associations,source_median_numeric_volume,-0.366558,"{""Ledig2018"": -0.366558}",-0.238263,False,A00592,"Median within source then across sources; gain0.65 for measurement/cohort transfer; additional0.5 if quantitative signs conflict; cap±1.8. These gains/cap are modeling assumptions, not estimated from target data."
AAL3,83,88,Temporal_Pole_Sup_R,AD,parent_region_extrapolation,see_individual_associations,source_median_numeric_volume,-0.873,"{""Ledig2018"": -0.873}",-0.56745,False,A00589,"Median within source then across sources; gain0.65 for measurement/cohort transfer; additional0.5 if quantitative signs conflict; cap±1.8. These gains/cap are modeling assumptions, not estimated from target data."
AAL3,83,88,Temporal_Pole_Sup_R,MCI,direct,see_individual_associations,source_median_numeric_volume,-0.366558,"{""Ledig2018"": -0.366558}",-0.238263,False,A00593,"Median within source then across sources; gain0.65 for measurement/cohort transfer; additional0.5 if quantitative signs conflict; cap±1.8. These gains/cap are modeling assumptions, not estimated from target data."
AAL3,84,89,Temporal_Mid_L,AD,parent_region_extrapolation,see_individual_associations,source_median_numeric_volume,-0.969,"{""Ledig2018"": -0.969}",-0.62985,False,A00580,"Median within source then across sources; gain0.65 for measurement/cohort transfer; additional0.5 if quantitative signs conflict; cap±1.8. These gains/cap are modeling assumptions, not estimated from target data."
AAL3,84,89,Temporal_Mid_L,MCI,direct,see_individual_associations,source_median_numeric_volume,-0.632261,"{""Ledig2018"": -0.632261}",-0.41097,False,A00582,"Median within source then across sources; gain0.65 for measurement/cohort transfer; additional0.5 if quantitative signs conflict; cap±1.8. These gains/cap are modeling assumptions, not estimated from target data."
AAL3,85,90,Temporal_Mid_R,AD,parent_region_extrapolation,see_individual_associations,source_median_numeric_volume,-0.969,"{""Ledig2018"": -0.969}",-0.62985,False,A00581,"Median within source then across sources; gain0.65 for measurement/cohort transfer; additional0.5 if quantitative signs conflict; cap±1.8. These gains/cap are modeling assumptions, not estimated from target data."
AAL3,85,90,Temporal_Mid_R,MCI,direct,see_individual_associations,source_median_numeric_volume,-0.632261,"{""Ledig2018"": -0.632261}",-0.41097,False,A00583,"Median within source then across sources; gain0.65 for measurement/cohort transfer; additional0.5 if quantitative signs conflict; cap±1.8. These gains/cap are modeling assumptions, not estimated from target data."
AAL3,86,91,Temporal_Pole_Mid_L,AD,parent_region_extrapolation,see_individual_associations,source_median_numeric_volume,-0.873,"{""Ledig2018"": -0.873}",-0.56745,False,A00590,"Median within source then across sources; gain0.65 for measurement/cohort transfer; additional0.5 if quantitative signs conflict; cap±1.8. These gains/cap are modeling assumptions, not estimated from target data."
AAL3,86,91,Temporal_Pole_Mid_L,MCI,direct,see_individual_associations,source_median_numeric_volume,-0.366558,"{""Ledig2018"": -0.366558}",-0.238263,False,A00594,"Median within source then across sources; gain0.65 for measurement/cohort transfer; additional0.5 if quantitative signs conflict; cap±1.8. These gains/cap are modeling assumptions, not estimated from target data."
AAL3,87,92,Temporal_Pole_Mid_R,AD,parent_region_extrapolation,see_individual_associations,source_median_numeric_volume,-0.873,"{""Ledig2018"": -0.873}",-0.56745,False,A00591,"Median within source then across sources; gain0.65 for measurement/cohort transfer; additional0.5 if quantitative signs conflict; cap±1.8. These gains/cap are modeling assumptions, not estimated from target data."
AAL3,87,92,Temporal_Pole_Mid_R,MCI,direct,see_individual_associations,source_median_numeric_volume,-0.366558,"{""Ledig2018"": -0.366558}",-0.238263,False,A00595,"Median within source then across sources; gain0.65 for measurement/cohort transfer; additional0.5 if quantitative signs conflict; cap±1.8. These gains/cap are modeling assumptions, not estimated from target data."
AAL3,88,93,Temporal_Inf_L,AD,parent_region_extrapolation,see_individual_associations,source_median_numeric_volume,-1.168,"{""Ledig2018"": -1.168}",-0.7592,False,A00576,"Median within source then across sources; gain0.65 for measurement/cohort transfer; additional0.5 if quantitative signs conflict; cap±1.8. These gains/cap are modeling assumptions, not estimated from target data."
AAL3,88,93,Temporal_Inf_L,MCI,direct,see_individual_associations,source_median_numeric_volume,-0.51066,"{""Ledig2018"": -0.51066}",-0.331929,False,A00578,"Median within source then across sources; gain0.65 for measurement/cohort transfer; additional0.5 if quantitative signs conflict; cap±1.8. These gains/cap are modeling assumptions, not estimated from target data."
AAL3,89,94,Temporal_Inf_R,AD,parent_region_extrapolation,see_individual_associations,source_median_numeric_volume,-1.168,"{""Ledig2018"": -1.168}",-0.7592,False,A00577,"Median within source then across sources; gain0.65 for measurement/cohort transfer; additional0.5 if quantitative signs conflict; cap±1.8. These gains/cap are modeling assumptions, not estimated from target data."
AAL3,89,94,Temporal_Inf_R,MCI,direct,see_individual_associations,source_median_numeric_volume,-0.51066,"{""Ledig2018"": -0.51066}",-0.331929,False,A00579,"Median within source then across sources; gain0.65 for measurement/cohort transfer; additional0.5 if quantitative signs conflict; cap±1.8. These gains/cap are modeling assumptions, not estimated from target data."
AAL3,90,95,Cerebellum_Crus1_L,AD,direct,mixed_significance_or_measurement,directional_GMV_assumption,,{},-0.3,False,A00445,"Fixed latent-SD magnitude for qualitative GMV direction only. Indirect PET/contrast/thickness effects never substituted as volume d. Zero center is an unresolved modeling hypothesis, not evidence of no disease association."
AAL3,90,95,Cerebellum_Crus1_L,MCI,parent_region_extrapolation,see_individual_associations,unresolved_zero_center_hypothesis,,{},0.0,False,,"Fixed latent-SD magnitude for qualitative GMV direction only. Indirect PET/contrast/thickness effects never substituted as volume d. Zero center is an unresolved modeling hypothesis, not evidence of no disease association."
AAL3,91,96,Cerebellum_Crus1_R,AD,direct,mixed_significance_or_measurement,directional_GMV_assumption,,{},-0.3,False,A00446;A00447,"Fixed latent-SD magnitude for qualitative GMV direction only. Indirect PET/contrast/thickness effects never substituted as volume d. Zero center is an unresolved modeling hypothesis, not evidence of no disease association."
AAL3,91,96,Cerebellum_Crus1_R,MCI,parent_region_extrapolation,see_individual_associations,unresolved_zero_center_hypothesis,,{},0.0,False,,"Fixed latent-SD magnitude for qualitative GMV direction only. Indirect PET/contrast/thickness effects never substituted as volume d. Zero center is an unresolved modeling hypothesis, not evidence of no disease association."
AAL3,92,97,Cerebellum_Crus2_L,AD,parent_region_extrapolation,see_individual_associations,unresolved_zero_center_hypothesis,,{},0.0,False,,"Fixed latent-SD magnitude for qualitative GMV direction only. Indirect PET/contrast/thickness effects never substituted as volume d. Zero center is an unresolved modeling hypothesis, not evidence of no disease association."
AAL3,92,97,Cerebellum_Crus2_L,MCI,parent_region_extrapolation,see_individual_associations,unresolved_zero_center_hypothesis,,{},0.0,False,,"Fixed latent-SD magnitude for qualitative GMV direction only. Indirect PET/contrast/thickness effects never substituted as volume d. Zero center is an unresolved modeling hypothesis, not evidence of no disease association."
AAL3,93,98,Cerebellum_Crus2_R,AD,direct,mixed_significance_or_measurement,directional_GMV_assumption,,{},-0.3,False,A00448,"Fixed latent-SD magnitude for qualitative GMV direction only. Indirect PET/contrast/thickness effects never substituted as volume d. Zero center is an unresolved modeling hypothesis, not evidence of no disease association."
AAL3,93,98,Cerebellum_Crus2_R,MCI,parent_region_extrapolation,see_individual_associations,unresolved_zero_center_hypothesis,,{},0.0,False,,"Fixed latent-SD magnitude for qualitative GMV direction only. Indirect PET/contrast/thickness effects never substituted as volume d. Zero center is an unresolved modeling hypothesis, not evidence of no disease association."
AAL3,94,99,Cerebellum_3_L,AD,parent_region_extrapolation,mixed_significance_or_measurement,directional_GMV_assumption,,{},-0.3,False,A00425,"Fixed latent-SD magnitude for qualitative GMV direction only. Indirect PET/contrast/thickness effects never substituted as volume d. Zero center is an unresolved modeling hypothesis, not evidence of no disease association."
AAL3,94,99,Cerebellum_3_L,MCI,parent_region_extrapolation,mixed_significance_or_measurement,directional_GMV_assumption,,{},-0.2,False,A00435,"Fixed latent-SD magnitude for qualitative GMV direction only. Indirect PET/contrast/thickness effects never substituted as volume d. Zero center is an unresolved modeling hypothesis, not evidence of no disease association."
AAL3,95,100,Cerebellum_3_R,AD,parent_region_extrapolation,mixed_significance_or_measurement,directional_GMV_assumption,,{},-0.3,False,A00426,"Fixed latent-SD magnitude for qualitative GMV direction only. Indirect PET/contrast/thickness effects never substituted as volume d. Zero center is an unresolved modeling hypothesis, not evidence of no disease association."
AAL3,95,100,Cerebellum_3_R,MCI,direct,mixed_significance_or_measurement,directional_GMV_assumption,,{},-0.2,False,A00436,"Fixed latent-SD magnitude for qualitative GMV direction only. Indirect PET/contrast/thickness effects never substituted as volume d. Zero center is an unresolved modeling hypothesis, not evidence of no disease association."
AAL3,96,101,Cerebellum_4_5_L,AD,parent_region_extrapolation,mixed_significance_or_measurement,directional_GMV_assumption,,{},-0.3,False,A00427,"Fixed latent-SD magnitude for qualitative GMV direction only. Indirect PET/contrast/thickness effects never substituted as volume d. Zero center is an unresolved modeling hypothesis, not evidence of no disease association."
AAL3,96,101,Cerebellum_4_5_L,MCI,direct,mixed_significance_or_measurement,directional_GMV_assumption,,{},-0.2,False,A00437,"Fixed latent-SD magnitude for qualitative GMV direction only. Indirect PET/contrast/thickness effects never substituted as volume d. Zero center is an unresolved modeling hypothesis, not evidence of no disease association."
AAL3,97,102,Cerebellum_4_5_R,AD,parent_region_extrapolation,mixed_significance_or_measurement,directional_GMV_assumption,,{},-0.3,False,A00428,"Fixed latent-SD magnitude for qualitative GMV direction only. Indirect PET/contrast/thickness effects never substituted as volume d. Zero center is an unresolved modeling hypothesis, not evidence of no disease association."
AAL3,97,102,Cerebellum_4_5_R,MCI,direct,mixed_significance_or_measurement,directional_GMV_assumption,,{},-0.2,False,A00438,"Fixed latent-SD magnitude for qualitative GMV direction only. Indirect PET/contrast/thickness effects never substituted as volume d. Zero center is an unresolved modeling hypothesis, not evidence of no disease association."
AAL3,98,103,Cerebellum_6_L,AD,parent_region_extrapolation,mixed_significance_or_measurement,directional_GMV_assumption,,{},-0.3,False,A00429,"Fixed latent-SD magnitude for qualitative GMV direction only. Indirect PET/contrast/thickness effects never substituted as volume d. Zero center is an unresolved modeling hypothesis, not evidence of no disease association."
AAL3,98,103,Cerebellum_6_L,MCI,parent_region_extrapolation,mixed_significance_or_measurement,directional_GMV_assumption,,{},-0.2,False,A00439,"Fixed latent-SD magnitude for qualitative GMV direction only. Indirect PET/contrast/thickness effects never substituted as volume d. Zero center is an unresolved modeling hypothesis, not evidence of no disease association."
AAL3,99,104,Cerebellum_6_R,AD,direct,mixed_significance_or_measurement,directional_GMV_assumption,,{},-0.3,False,A00430;A00449,"Fixed latent-SD magnitude for qualitative GMV direction only. Indirect PET/contrast/thickness effects never substituted as volume d. Zero center is an unresolved modeling hypothesis, not evidence of no disease association."
AAL3,99,104,Cerebellum_6_R,MCI,parent_region_extrapolation,mixed_significance_or_measurement,directional_GMV_assumption,,{},-0.2,False,A00440,"Fixed latent-SD magnitude for qualitative GMV direction only. Indirect PET/contrast/thickness effects never substituted as volume d. Zero center is an unresolved modeling hypothesis, not evidence of no disease association."
AAL3,100,105,Cerebellum_7b_L,AD,parent_region_extrapolation,see_individual_associations,unresolved_zero_center_hypothesis,,{},0.0,False,,"Fixed latent-SD magnitude for qualitative GMV direction only. Indirect PET/contrast/thickness effects never substituted as volume d. Zero center is an unresolved modeling hypothesis, not evidence of no disease association."
AAL3,100,105,Cerebellum_7b_L,MCI,parent_region_extrapolation,see_individual_associations,unresolved_zero_center_hypothesis,,{},0.0,False,,"Fixed latent-SD magnitude for qualitative GMV direction only. Indirect PET/contrast/thickness effects never substituted as volume d. Zero center is an unresolved modeling hypothesis, not evidence of no disease association."
AAL3,101,106,Cerebellum_7b_R,AD,parent_region_extrapolation,see_individual_associations,unresolved_zero_center_hypothesis,,{},0.0,False,,"Fixed latent-SD magnitude for qualitative GMV direction only. Indirect PET/contrast/thickness effects never substituted as volume d. Zero center is an unresolved modeling hypothesis, not evidence of no disease association."
AAL3,101,106,Cerebellum_7b_R,MCI,parent_region_extrapolation,see_individual_associations,unresolved_zero_center_hypothesis,,{},0.0,False,,"Fixed latent-SD magnitude for qualitative GMV direction only. Indirect PET/contrast/thickness effects never substituted as volume d. Zero center is an unresolved modeling hypothesis, not evidence of no disease association."
AAL3,102,107,Cerebellum_8_L,AD,parent_region_extrapolation,see_individual_associations,unresolved_zero_center_hypothesis,,{},0.0,False,,"Fixed latent-SD magnitude for qualitative GMV direction only. Indirect PET/contrast/thickness effects never substituted as volume d. Zero center is an unresolved modeling hypothesis, not evidence of no disease association."
AAL3,102,107,Cerebellum_8_L,MCI,parent_region_extrapolation,see_individual_associations,unresolved_zero_center_hypothesis,,{},0.0,False,,"Fixed latent-SD magnitude for qualitative GMV direction only. Indirect PET/contrast/thickness effects never substituted as volume d. Zero center is an unresolved modeling hypothesis, not evidence of no disease association."
AAL3,103,108,Cerebellum_8_R,AD,parent_region_extrapolation,see_individual_associations,unresolved_zero_center_hypothesis,,{},0.0,False,,"Fixed latent-SD magnitude for qualitative GMV direction only. Indirect PET/contrast/thickness effects never substituted as volume d. Zero center is an unresolved modeling hypothesis, not evidence of no disease association."
AAL3,103,108,Cerebellum_8_R,MCI,parent_region_extrapolation,see_individual_associations,unresolved_zero_center_hypothesis,,{},0.0,False,,"Fixed latent-SD magnitude for qualitative GMV direction only. Indirect PET/contrast/thickness effects never substituted as volume d. Zero center is an unresolved modeling hypothesis, not evidence of no disease association."
AAL3,104,109,Cerebellum_9_L,AD,parent_region_extrapolation,see_individual_associations,unresolved_zero_center_hypothesis,,{},0.0,False,,"Fixed latent-SD magnitude for qualitative GMV direction only. Indirect PET/contrast/thickness effects never substituted as volume d. Zero center is an unresolved modeling hypothesis, not evidence of no disease association."
AAL3,104,109,Cerebellum_9_L,MCI,parent_region_extrapolation,see_individual_associations,unresolved_zero_center_hypothesis,,{},0.0,False,,"Fixed latent-SD magnitude for qualitative GMV direction only. Indirect PET/contrast/thickness effects never substituted as volume d. Zero center is an unresolved modeling hypothesis, not evidence of no disease association."
AAL3,105,110,Cerebellum_9_R,AD,parent_region_extrapolation,see_individual_associations,unresolved_zero_center_hypothesis,,{},0.0,False,,"Fixed latent-SD magnitude for qualitative GMV direction only. Indirect PET/contrast/thickness effects never substituted as volume d. Zero center is an unresolved modeling hypothesis, not evidence of no disease association."
AAL3,105,110,Cerebellum_9_R,MCI,parent_region_extrapolation,see_individual_associations,unresolved_zero_center_hypothesis,,{},0.0,False,,"Fixed latent-SD magnitude for qualitative GMV direction only. Indirect PET/contrast/thickness effects never substituted as volume d. Zero center is an unresolved modeling hypothesis, not evidence of no disease association."
AAL3,106,111,Cerebellum_10_L,AD,parent_region_extrapolation,see_individual_associations,unresolved_zero_center_hypothesis,,{},0.0,False,,"Fixed latent-SD magnitude for qualitative GMV direction only. Indirect PET/contrast/thickness effects never substituted as volume d. Zero center is an unresolved modeling hypothesis, not evidence of no disease association."
AAL3,106,111,Cerebellum_10_L,MCI,parent_region_extrapolation,see_individual_associations,unresolved_zero_center_hypothesis,,{},0.0,False,,"Fixed latent-SD magnitude for qualitative GMV direction only. Indirect PET/contrast/thickness effects never substituted as volume d. Zero center is an unresolved modeling hypothesis, not evidence of no disease association."
AAL3,107,112,Cerebellum_10_R,AD,parent_region_extrapolation,see_individual_associations,unresolved_zero_center_hypothesis,,{},0.0,False,,"Fixed latent-SD magnitude for qualitative GMV direction only. Indirect PET/contrast/thickness effects never substituted as volume d. Zero center is an unresolved modeling hypothesis, not evidence of no disease association."
AAL3,107,112,Cerebellum_10_R,MCI,parent_region_extrapolation,see_individual_associations,unresolved_zero_center_hypothesis,,{},0.0,False,,"Fixed latent-SD magnitude for qualitative GMV direction only. Indirect PET/contrast/thickness effects never substituted as volume d. Zero center is an unresolved modeling hypothesis, not evidence of no disease association."
AAL3,108,113,Vermis_1_2,AD,parent_region_extrapolation,mixed_significance_or_measurement,source_median_numeric_volume,-0.205,"{""Ledig2018"": -0.205}",-0.13325,False,A00752,"Median within source then across sources; gain0.65 for measurement/cohort transfer; additional0.5 if quantitative signs conflict; cap±1.8. These gains/cap are modeling assumptions, not estimated from target data."
AAL3,108,113,Vermis_1_2,MCI,parent_region_extrapolation,mixed_significance_or_measurement,source_median_numeric_volume,-0.117635,"{""Ledig2018"": -0.117635}",-0.076463,False,A00755,"Median within source then across sources; gain0.65 for measurement/cohort transfer; additional0.5 if quantitative signs conflict; cap±1.8. These gains/cap are modeling assumptions, not estimated from target data."
AAL3,109,114,Vermis_3,AD,parent_region_extrapolation,mixed_significance_or_measurement,source_median_numeric_volume,-0.205,"{""Ledig2018"": -0.205}",-0.13325,False,A00753,"Median within source then across sources; gain0.65 for measurement/cohort transfer; additional0.5 if quantitative signs conflict; cap±1.8. These gains/cap are modeling assumptions, not estimated from target data."
AAL3,109,114,Vermis_3,MCI,parent_region_extrapolation,mixed_significance_or_measurement,source_median_numeric_volume,-0.117635,"{""Ledig2018"": -0.117635}",-0.076463,False,A00756,"Median within source then across sources; gain0.65 for measurement/cohort transfer; additional0.5 if quantitative signs conflict; cap±1.8. These gains/cap are modeling assumptions, not estimated from target data."
AAL3,110,115,Vermis_4_5,AD,parent_region_extrapolation,mixed_significance_or_measurement,source_median_numeric_volume,-0.205,"{""Ledig2018"": -0.205}",-0.13325,False,A00754,"Median within source then across sources; gain0.65 for measurement/cohort transfer; additional0.5 if quantitative signs conflict; cap±1.8. These gains/cap are modeling assumptions, not estimated from target data."
AAL3,110,115,Vermis_4_5,MCI,parent_region_extrapolation,mixed_significance_or_measurement,source_median_numeric_volume,-0.117635,"{""Ledig2018"": -0.117635}",-0.076463,False,A00757,"Median within source then across sources; gain0.65 for measurement/cohort transfer; additional0.5 if quantitative signs conflict; cap±1.8. These gains/cap are modeling assumptions, not estimated from target data."
AAL3,111,116,Vermis_6,AD,parent_region_extrapolation,conflicting_directions,source_median_numeric_volume,0.185,"{""Ledig2018"": 0.185}",0.12025,False,A00758,"Median within source then across sources; gain0.65 for measurement/cohort transfer; additional0.5 if quantitative signs conflict; cap±1.8. These gains/cap are modeling assumptions, not estimated from target data."
AAL3,111,116,Vermis_6,MCI,parent_region_extrapolation,conflicting_directions,source_median_numeric_volume,0.095562,"{""Ledig2018"": 0.095562}",0.062115,False,A00760,"Median within source then across sources; gain0.65 for measurement/cohort transfer; additional0.5 if quantitative signs conflict; cap±1.8. These gains/cap are modeling assumptions, not estimated from target data."
AAL3,112,117,Vermis_7,AD,parent_region_extrapolation,conflicting_directions,source_median_numeric_volume,0.185,"{""Ledig2018"": 0.185}",0.12025,False,A00759,"Median within source then across sources; gain0.65 for measurement/cohort transfer; additional0.5 if quantitative signs conflict; cap±1.8. These gains/cap are modeling assumptions, not estimated from target data."
AAL3,112,117,Vermis_7,MCI,parent_region_extrapolation,conflicting_directions,source_median_numeric_volume,0.095562,"{""Ledig2018"": 0.095562}",0.062115,False,A00761,"Median within source then across sources; gain0.65 for measurement/cohort transfer; additional0.5 if quantitative signs conflict; cap±1.8. These gains/cap are modeling assumptions, not estimated from target data."
AAL3,113,118,Vermis_8,AD,parent_region_extrapolation,conflicting_directions,source_median_numeric_volume,0.056,"{""Ledig2018"": 0.056}",0.0364,False,A00762,"Median within source then across sources; gain0.65 for measurement/cohort transfer; additional0.5 if quantitative signs conflict; cap±1.8. These gains/cap are modeling assumptions, not estimated from target data."
AAL3,113,118,Vermis_8,MCI,parent_region_extrapolation,conflicting_directions,source_median_numeric_volume,0.036404,"{""Ledig2018"": 0.036404}",0.023663,False,A00765,"Median within source then across sources; gain0.65 for measurement/cohort transfer; additional0.5 if quantitative signs conflict; cap±1.8. These gains/cap are modeling assumptions, not estimated from target data."
AAL3,114,119,Vermis_9,AD,parent_region_extrapolation,conflicting_directions,source_median_numeric_volume,0.056,"{""Ledig2018"": 0.056}",0.0364,False,A00763,"Median within source then across sources; gain0.65 for measurement/cohort transfer; additional0.5 if quantitative signs conflict; cap±1.8. These gains/cap are modeling assumptions, not estimated from target data."
AAL3,114,119,Vermis_9,MCI,parent_region_extrapolation,conflicting_directions,source_median_numeric_volume,0.036404,"{""Ledig2018"": 0.036404}",0.023663,False,A00766,"Median within source then across sources; gain0.65 for measurement/cohort transfer; additional0.5 if quantitative signs conflict; cap±1.8. These gains/cap are modeling assumptions, not estimated from target data."
AAL3,115,120,Vermis_10,AD,parent_region_extrapolation,conflicting_directions,source_median_numeric_volume,0.056,"{""Ledig2018"": 0.056}",0.0364,False,A00764,"Median within source then across sources; gain0.65 for measurement/cohort transfer; additional0.5 if quantitative signs conflict; cap±1.8. These gains/cap are modeling assumptions, not estimated from target data."
AAL3,115,120,Vermis_10,MCI,parent_region_extrapolation,conflicting_directions,source_median_numeric_volume,0.036404,"{""Ledig2018"": 0.036404}",0.023663,False,A00767,"Median within source then across sources; gain0.65 for measurement/cohort transfer; additional0.5 if quantitative signs conflict; cap±1.8. These gains/cap are modeling assumptions, not estimated from target data."
AAL3,116,121,Thal_AV_L,AD,direct,see_individual_associations,directional_GMV_assumption,,{},-0.3,False,A00451;A00488,"Fixed latent-SD magnitude for qualitative GMV direction only. Indirect PET/contrast/thickness effects never substituted as volume d. Zero center is an unresolved modeling hypothesis, not evidence of no disease association."
AAL3,116,121,Thal_AV_L,MCI,direct,see_individual_associations,source_median_numeric_volume,-0.399,"{""Banerjee2025"": -0.399}",-0.25935,False,A00450,"Median within source then across sources; gain0.65 for measurement/cohort transfer; additional0.5 if quantitative signs conflict; cap±1.8. These gains/cap are modeling assumptions, not estimated from target data."
AAL3,117,122,Thal_AV_R,AD,direct,see_individual_associations,directional_GMV_assumption,,{},-0.3,False,A00453;A00489,"Fixed latent-SD magnitude for qualitative GMV direction only. Indirect PET/contrast/thickness effects never substituted as volume d. Zero center is an unresolved modeling hypothesis, not evidence of no disease association."
AAL3,117,122,Thal_AV_R,MCI,direct,see_individual_associations,source_median_numeric_volume,-0.336,"{""Banerjee2025"": -0.336}",-0.2184,False,A00452,"Median within source then across sources; gain0.65 for measurement/cohort transfer; additional0.5 if quantitative signs conflict; cap±1.8. These gains/cap are modeling assumptions, not estimated from target data."
AAL3,118,123,Thal_LP_L,AD,indirect,see_individual_associations,unresolved_zero_center_hypothesis,,{},0.0,False,,"Fixed latent-SD magnitude for qualitative GMV direction only. Indirect PET/contrast/thickness effects never substituted as volume d. Zero center is an unresolved modeling hypothesis, not evidence of no disease association."
AAL3,118,123,Thal_LP_L,MCI,parent_region_extrapolation,see_individual_associations,weak_parent_direction_assumption,,{},-0.08,False,A00834,"Fixed latent-SD magnitude for qualitative GMV direction only. Indirect PET/contrast/thickness effects never substituted as volume d. Zero center is an unresolved modeling hypothesis, not evidence of no disease association."
AAL3,119,124,Thal_LP_R,AD,indirect,see_individual_associations,unresolved_zero_center_hypothesis,,{},0.0,False,,"Fixed latent-SD magnitude for qualitative GMV direction only. Indirect PET/contrast/thickness effects never substituted as volume d. Zero center is an unresolved modeling hypothesis, not evidence of no disease association."
AAL3,119,124,Thal_LP_R,MCI,parent_region_extrapolation,see_individual_associations,weak_parent_direction_assumption,,{},-0.08,False,A00835,"Fixed latent-SD magnitude for qualitative GMV direction only. Indirect PET/contrast/thickness effects never substituted as volume d. Zero center is an unresolved modeling hypothesis, not evidence of no disease association."
AAL3,120,125,Thal_VA_L,AD,indirect,see_individual_associations,unresolved_zero_center_hypothesis,,{},0.0,False,,"Fixed latent-SD magnitude for qualitative GMV direction only. Indirect PET/contrast/thickness effects never substituted as volume d. Zero center is an unresolved modeling hypothesis, not evidence of no disease association."
AAL3,120,125,Thal_VA_L,MCI,parent_region_extrapolation,see_individual_associations,unresolved_zero_center_hypothesis,,{},0.0,False,,"Fixed latent-SD magnitude for qualitative GMV direction only. Indirect PET/contrast/thickness effects never substituted as volume d. Zero center is an unresolved modeling hypothesis, not evidence of no disease association."
AAL3,121,126,Thal_VA_R,AD,indirect,see_individual_associations,unresolved_zero_center_hypothesis,,{},0.0,False,,"Fixed latent-SD magnitude for qualitative GMV direction only. Indirect PET/contrast/thickness effects never substituted as volume d. Zero center is an unresolved modeling hypothesis, not evidence of no disease association."
AAL3,121,126,Thal_VA_R,MCI,parent_region_extrapolation,see_individual_associations,unresolved_zero_center_hypothesis,,{},0.0,False,,"Fixed latent-SD magnitude for qualitative GMV direction only. Indirect PET/contrast/thickness effects never substituted as volume d. Zero center is an unresolved modeling hypothesis, not evidence of no disease association."
AAL3,122,127,Thal_VL_L,AD,parent_region_extrapolation,see_individual_associations,directional_GMV_assumption,,{},-0.3,False,A00484,"Fixed latent-SD magnitude for qualitative GMV direction only. Indirect PET/contrast/thickness effects never substituted as volume d. Zero center is an unresolved modeling hypothesis, not evidence of no disease association."
AAL3,122,127,Thal_VL_L,MCI,parent_region_extrapolation,see_individual_associations,unresolved_zero_center_hypothesis,,{},0.0,False,,"Fixed latent-SD magnitude for qualitative GMV direction only. Indirect PET/contrast/thickness effects never substituted as volume d. Zero center is an unresolved modeling hypothesis, not evidence of no disease association."
AAL3,123,128,Thal_VL_R,AD,parent_region_extrapolation,see_individual_associations,directional_GMV_assumption,,{},-0.3,False,A00485,"Fixed latent-SD magnitude for qualitative GMV direction only. Indirect PET/contrast/thickness effects never substituted as volume d. Zero center is an unresolved modeling hypothesis, not evidence of no disease association."
AAL3,123,128,Thal_VL_R,MCI,parent_region_extrapolation,see_individual_associations,unresolved_zero_center_hypothesis,,{},0.0,False,,"Fixed latent-SD magnitude for qualitative GMV direction only. Indirect PET/contrast/thickness effects never substituted as volume d. Zero center is an unresolved modeling hypothesis, not evidence of no disease association."
AAL3,124,129,Thal_VPL_L,AD,direct,see_individual_associations,directional_GMV_assumption,,{},-0.3,False,A00502,"Fixed latent-SD magnitude for qualitative GMV direction only. Indirect PET/contrast/thickness effects never substituted as volume d. Zero center is an unresolved modeling hypothesis, not evidence of no disease association."
AAL3,124,129,Thal_VPL_L,MCI,direct,see_individual_associations,directional_GMV_assumption,,{},-0.2,False,A00520,"Fixed latent-SD magnitude for qualitative GMV direction only. Indirect PET/contrast/thickness effects never substituted as volume d. Zero center is an unresolved modeling hypothesis, not evidence of no disease association."
AAL3,125,130,Thal_VPL_R,AD,direct,see_individual_associations,directional_GMV_assumption,,{},-0.3,False,A00503,"Fixed latent-SD magnitude for qualitative GMV direction only. Indirect PET/contrast/thickness effects never substituted as volume d. Zero center is an unresolved modeling hypothesis, not evidence of no disease association."
AAL3,125,130,Thal_VPL_R,MCI,direct,see_individual_associations,directional_GMV_assumption,,{},-0.2,False,A00521,"Fixed latent-SD magnitude for qualitative GMV direction only. Indirect PET/contrast/thickness effects never substituted as volume d. Zero center is an unresolved modeling hypothesis, not evidence of no disease association."
AAL3,126,131,Thal_IL_L,AD,parent_region_extrapolation,see_individual_associations,directional_GMV_assumption,,{},-0.3,False,A00482,"Fixed latent-SD magnitude for qualitative GMV direction only. Indirect PET/contrast/thickness effects never substituted as volume d. Zero center is an unresolved modeling hypothesis, not evidence of no disease association."
AAL3,126,131,Thal_IL_L,MCI,parent_region_extrapolation,see_individual_associations,unresolved_zero_center_hypothesis,,{},0.0,False,,"Fixed latent-SD magnitude for qualitative GMV direction only. Indirect PET/contrast/thickness effects never substituted as volume d. Zero center is an unresolved modeling hypothesis, not evidence of no disease association."
AAL3,127,132,Thal_IL_R,AD,parent_region_extrapolation,see_individual_associations,directional_GMV_assumption,,{},-0.3,False,A00483,"Fixed latent-SD magnitude for qualitative GMV direction only. Indirect PET/contrast/thickness effects never substituted as volume d. Zero center is an unresolved modeling hypothesis, not evidence of no disease association."
AAL3,127,132,Thal_IL_R,MCI,parent_region_extrapolation,see_individual_associations,unresolved_zero_center_hypothesis,,{},0.0,False,,"Fixed latent-SD magnitude for qualitative GMV direction only. Indirect PET/contrast/thickness effects never substituted as volume d. Zero center is an unresolved modeling hypothesis, not evidence of no disease association."
AAL3,128,133,Thal_Re_L,AD,indirect,see_individual_associations,unresolved_zero_center_hypothesis,,{},0.0,False,,"Fixed latent-SD magnitude for qualitative GMV direction only. Indirect PET/contrast/thickness effects never substituted as volume d. Zero center is an unresolved modeling hypothesis, not evidence of no disease association."
AAL3,128,133,Thal_Re_L,MCI,parent_region_extrapolation,see_individual_associations,weak_parent_direction_assumption,,{},-0.08,False,A00842,"Fixed latent-SD magnitude for qualitative GMV direction only. Indirect PET/contrast/thickness effects never substituted as volume d. Zero center is an unresolved modeling hypothesis, not evidence of no disease association."
AAL3,129,134,Thal_Re_R,AD,indirect,see_individual_associations,unresolved_zero_center_hypothesis,,{},0.0,False,,"Fixed latent-SD magnitude for qualitative GMV direction only. Indirect PET/contrast/thickness effects never substituted as volume d. Zero center is an unresolved modeling hypothesis, not evidence of no disease association."
AAL3,129,134,Thal_Re_R,MCI,parent_region_extrapolation,see_individual_associations,weak_parent_direction_assumption,,{},-0.08,False,A00843,"Fixed latent-SD magnitude for qualitative GMV direction only. Indirect PET/contrast/thickness effects never substituted as volume d. Zero center is an unresolved modeling hypothesis, not evidence of no disease association."
AAL3,130,135,Thal_MDm_L,AD,parent_region_extrapolation,see_individual_associations,directional_GMV_assumption,,{},-0.3,False,A00456;A00490,"Fixed latent-SD magnitude for qualitative GMV direction only. Indirect PET/contrast/thickness effects never substituted as volume d. Zero center is an unresolved modeling hypothesis, not evidence of no disease association."
AAL3,130,135,Thal_MDm_L,MCI,parent_region_extrapolation,see_individual_associations,source_median_numeric_volume,-0.447,"{""Banerjee2025"": -0.447}",-0.29055,False,A00454,"Median within source then across sources; gain0.65 for measurement/cohort transfer; additional0.5 if quantitative signs conflict; cap±1.8. These gains/cap are modeling assumptions, not estimated from target data."
AAL3,131,136,Thal_MDm_R,AD,parent_region_extrapolation,see_individual_associations,directional_GMV_assumption,,{},-0.3,False,A00460;A00491,"Fixed latent-SD magnitude for qualitative GMV direction only. Indirect PET/contrast/thickness effects never substituted as volume d. Zero center is an unresolved modeling hypothesis, not evidence of no disease association."
AAL3,131,136,Thal_MDm_R,MCI,parent_region_extrapolation,see_individual_associations,source_median_numeric_volume,-0.412,"{""Banerjee2025"": -0.412}",-0.2678,False,A00458,"Median within source then across sources; gain0.65 for measurement/cohort transfer; additional0.5 if quantitative signs conflict; cap±1.8. These gains/cap are modeling assumptions, not estimated from target data."
AAL3,132,137,Thal_MDl_L,AD,parent_region_extrapolation,see_individual_associations,directional_GMV_assumption,,{},-0.3,False,A00457;A00492,"Fixed latent-SD magnitude for qualitative GMV direction only. Indirect PET/contrast/thickness effects never substituted as volume d. Zero center is an unresolved modeling hypothesis, not evidence of no disease association."
AAL3,132,137,Thal_MDl_L,MCI,parent_region_extrapolation,see_individual_associations,source_median_numeric_volume,-0.447,"{""Banerjee2025"": -0.447}",-0.29055,False,A00455,"Median within source then across sources; gain0.65 for measurement/cohort transfer; additional0.5 if quantitative signs conflict; cap±1.8. These gains/cap are modeling assumptions, not estimated from target data."
AAL3,133,138,Thal_MDl_R,AD,parent_region_extrapolation,see_individual_associations,directional_GMV_assumption,,{},-0.3,False,A00461;A00493,"Fixed latent-SD magnitude for qualitative GMV direction only. Indirect PET/contrast/thickness effects never substituted as volume d. Zero center is an unresolved modeling hypothesis, not evidence of no disease association."
AAL3,133,138,Thal_MDl_R,MCI,parent_region_extrapolation,see_individual_associations,source_median_numeric_volume,-0.412,"{""Banerjee2025"": -0.412}",-0.2678,False,A00459,"Median within source then across sources; gain0.65 for measurement/cohort transfer; additional0.5 if quantitative signs conflict; cap±1.8. These gains/cap are modeling assumptions, not estimated from target data."
AAL3,134,139,Thal_LGN_L,AD,indirect,see_individual_associations,unresolved_zero_center_hypothesis,,{},0.0,False,,"Fixed latent-SD magnitude for qualitative GMV direction only. Indirect PET/contrast/thickness effects never substituted as volume d. Zero center is an unresolved modeling hypothesis, not evidence of no disease association."
AAL3,134,139,Thal_LGN_L,MCI,parent_region_extrapolation,see_individual_associations,unresolved_zero_center_hypothesis,,{},0.0,False,,"Fixed latent-SD magnitude for qualitative GMV direction only. Indirect PET/contrast/thickness effects never substituted as volume d. Zero center is an unresolved modeling hypothesis, not evidence of no disease association."
AAL3,135,140,Thal_LGN_R,AD,indirect,see_individual_associations,unresolved_zero_center_hypothesis,,{},0.0,False,,"Fixed latent-SD magnitude for qualitative GMV direction only. Indirect PET/contrast/thickness effects never substituted as volume d. Zero center is an unresolved modeling hypothesis, not evidence of no disease association."
AAL3,135,140,Thal_LGN_R,MCI,parent_region_extrapolation,see_individual_associations,unresolved_zero_center_hypothesis,,{},0.0,False,,"Fixed latent-SD magnitude for qualitative GMV direction only. Indirect PET/contrast/thickness effects never substituted as volume d. Zero center is an unresolved modeling hypothesis, not evidence of no disease association."
AAL3,136,141,Thal_MGN_L,AD,direct,see_individual_associations,directional_GMV_assumption,,{},-0.3,False,A00486;A00504,"Fixed latent-SD magnitude for qualitative GMV direction only. Indirect PET/contrast/thickness effects never substituted as volume d. Zero center is an unresolved modeling hypothesis, not evidence of no disease association."
AAL3,136,141,Thal_MGN_L,MCI,direct,see_individual_associations,directional_GMV_assumption,,{},-0.2,False,A00522,"Fixed latent-SD magnitude for qualitative GMV direction only. Indirect PET/contrast/thickness effects never substituted as volume d. Zero center is an unresolved modeling hypothesis, not evidence of no disease association."
AAL3,137,142,Thal_MGN_R,AD,direct,see_individual_associations,directional_GMV_assumption,,{},-0.3,False,A00487;A00505,"Fixed latent-SD magnitude for qualitative GMV direction only. Indirect PET/contrast/thickness effects never substituted as volume d. Zero center is an unresolved modeling hypothesis, not evidence of no disease association."
AAL3,137,142,Thal_MGN_R,MCI,direct,see_individual_associations,directional_GMV_assumption,,{},-0.2,False,A00523,"Fixed latent-SD magnitude for qualitative GMV direction only. Indirect PET/contrast/thickness effects never substituted as volume d. Zero center is an unresolved modeling hypothesis, not evidence of no disease association."
AAL3,138,143,Thal_PuI_L,AD,parent_region_extrapolation,see_individual_associations,directional_GMV_assumption,,{},-0.3,False,A00466;A00494,"Fixed latent-SD magnitude for qualitative GMV direction only. Indirect PET/contrast/thickness effects never substituted as volume d. Zero center is an unresolved modeling hypothesis, not evidence of no disease association."
AAL3,138,143,Thal_PuI_L,MCI,parent_region_extrapolation,see_individual_associations,source_median_numeric_volume,-0.334,"{""Banerjee2025"": -0.334}",-0.2171,False,A00462,"Median within source then across sources; gain0.65 for measurement/cohort transfer; additional0.5 if quantitative signs conflict; cap±1.8. These gains/cap are modeling assumptions, not estimated from target data."
AAL3,139,144,Thal_PuI_R,AD,parent_region_extrapolation,see_individual_associations,directional_GMV_assumption,,{},-0.3,False,A00474;A00495,"Fixed latent-SD magnitude for qualitative GMV direction only. Indirect PET/contrast/thickness effects never substituted as volume d. Zero center is an unresolved modeling hypothesis, not evidence of no disease association."
AAL3,139,144,Thal_PuI_R,MCI,parent_region_extrapolation,see_individual_associations,source_median_numeric_volume,-0.266,"{""Banerjee2025"": -0.266}",-0.1729,False,A00470,"Median within source then across sources; gain0.65 for measurement/cohort transfer; additional0.5 if quantitative signs conflict; cap±1.8. These gains/cap are modeling assumptions, not estimated from target data."
AAL3,140,145,Thal_PuM_L,AD,parent_region_extrapolation,see_individual_associations,directional_GMV_assumption,,{},-0.3,False,A00467;A00496,"Fixed latent-SD magnitude for qualitative GMV direction only. Indirect PET/contrast/thickness effects never substituted as volume d. Zero center is an unresolved modeling hypothesis, not evidence of no disease association."
AAL3,140,145,Thal_PuM_L,MCI,parent_region_extrapolation,see_individual_associations,source_median_numeric_volume,-0.334,"{""Banerjee2025"": -0.334}",-0.2171,False,A00463,"Median within source then across sources; gain0.65 for measurement/cohort transfer; additional0.5 if quantitative signs conflict; cap±1.8. These gains/cap are modeling assumptions, not estimated from target data."
AAL3,141,146,Thal_PuM_R,AD,parent_region_extrapolation,see_individual_associations,directional_GMV_assumption,,{},-0.3,False,A00475;A00497,"Fixed latent-SD magnitude for qualitative GMV direction only. Indirect PET/contrast/thickness effects never substituted as volume d. Zero center is an unresolved modeling hypothesis, not evidence of no disease association."
AAL3,141,146,Thal_PuM_R,MCI,parent_region_extrapolation,see_individual_associations,source_median_numeric_volume,-0.266,"{""Banerjee2025"": -0.266}",-0.1729,False,A00471,"Median within source then across sources; gain0.65 for measurement/cohort transfer; additional0.5 if quantitative signs conflict; cap±1.8. These gains/cap are modeling assumptions, not estimated from target data."
AAL3,142,147,Thal_PuA_L,AD,parent_region_extrapolation,see_individual_associations,directional_GMV_assumption,,{},-0.3,False,A00468;A00498,"Fixed latent-SD magnitude for qualitative GMV direction only. Indirect PET/contrast/thickness effects never substituted as volume d. Zero center is an unresolved modeling hypothesis, not evidence of no disease association."
AAL3,142,147,Thal_PuA_L,MCI,parent_region_extrapolation,see_individual_associations,source_median_numeric_volume,-0.334,"{""Banerjee2025"": -0.334}",-0.2171,False,A00464,"Median within source then across sources; gain0.65 for measurement/cohort transfer; additional0.5 if quantitative signs conflict; cap±1.8. These gains/cap are modeling assumptions, not estimated from target data."
AAL3,143,148,Thal_PuA_R,AD,parent_region_extrapolation,see_individual_associations,directional_GMV_assumption,,{},-0.3,False,A00476;A00499,"Fixed latent-SD magnitude for qualitative GMV direction only. Indirect PET/contrast/thickness effects never substituted as volume d. Zero center is an unresolved modeling hypothesis, not evidence of no disease association."
AAL3,143,148,Thal_PuA_R,MCI,parent_region_extrapolation,see_individual_associations,source_median_numeric_volume,-0.266,"{""Banerjee2025"": -0.266}",-0.1729,False,A00472,"Median within source then across sources; gain0.65 for measurement/cohort transfer; additional0.5 if quantitative signs conflict; cap±1.8. These gains/cap are modeling assumptions, not estimated from target data."
AAL3,144,149,Thal_PuL_L,AD,parent_region_extrapolation,see_individual_associations,directional_GMV_assumption,,{},-0.3,False,A00469;A00500,"Fixed latent-SD magnitude for qualitative GMV direction only. Indirect PET/contrast/thickness effects never substituted as volume d. Zero center is an unresolved modeling hypothesis, not evidence of no disease association."
AAL3,144,149,Thal_PuL_L,MCI,parent_region_extrapolation,see_individual_associations,source_median_numeric_volume,-0.334,"{""Banerjee2025"": -0.334}",-0.2171,False,A00465,"Median within source then across sources; gain0.65 for measurement/cohort transfer; additional0.5 if quantitative signs conflict; cap±1.8. These gains/cap are modeling assumptions, not estimated from target data."
AAL3,145,150,Thal_PuL_R,AD,parent_region_extrapolation,see_individual_associations,directional_GMV_assumption,,{},-0.3,False,A00477;A00501,"Fixed latent-SD magnitude for qualitative GMV direction only. Indirect PET/contrast/thickness effects never substituted as volume d. Zero center is an unresolved modeling hypothesis, not evidence of no disease association."
AAL3,145,150,Thal_PuL_R,MCI,parent_region_extrapolation,see_individual_associations,source_median_numeric_volume,-0.266,"{""Banerjee2025"": -0.266}",-0.1729,False,A00473,"Median within source then across sources; gain0.65 for measurement/cohort transfer; additional0.5 if quantitative signs conflict; cap±1.8. These gains/cap are modeling assumptions, not estimated from target data."
AAL3,146,151,ACC_sub_L,AD,parent_region_extrapolation,mixed_significance_or_measurement,source_median_numeric_volume,-0.221883,"{""Frontal2026"": -0.142766, ""Ledig2018"": -0.301}",-0.144224,False,A00357;A00748,"Median within source then across sources; gain0.65 for measurement/cohort transfer; additional0.5 if quantitative signs conflict; cap±1.8. These gains/cap are modeling assumptions, not estimated from target data."
AAL3,146,151,ACC_sub_L,MCI,parent_region_extrapolation,conflicting_directions,source_median_numeric_volume,0.015001,"{""Frontal2026"": 0.206406, ""Ledig2018"": -0.176404}",0.004875,True,A00359;A00750,"Median within source then across sources; gain0.65 for measurement/cohort transfer; additional0.5 if quantitative signs conflict; cap±1.8. These gains/cap are modeling assumptions, not estimated from target data."
AAL3,147,152,ACC_sub_R,AD,parent_region_extrapolation,mixed_significance_or_measurement,source_median_numeric_volume,-0.221883,"{""Frontal2026"": -0.142766, ""Ledig2018"": -0.301}",-0.144224,False,A00358;A00749,"Median within source then across sources; gain0.65 for measurement/cohort transfer; additional0.5 if quantitative signs conflict; cap±1.8. These gains/cap are modeling assumptions, not estimated from target data."
AAL3,147,152,ACC_sub_R,MCI,parent_region_extrapolation,conflicting_directions,source_median_numeric_volume,0.015001,"{""Frontal2026"": 0.206406, ""Ledig2018"": -0.176404}",0.004875,True,A00360;A00751,"Median within source then across sources; gain0.65 for measurement/cohort transfer; additional0.5 if quantitative signs conflict; cap±1.8. These gains/cap are modeling assumptions, not estimated from target data."
AAL3,148,153,ACC_pre_L,AD,parent_region_extrapolation,see_individual_associations,source_median_numeric_volume,-0.005,"{""Ledig2018"": -0.005}",-0.00325,False,A00740,"Median within source then across sources; gain0.65 for measurement/cohort transfer; additional0.5 if quantitative signs conflict; cap±1.8. These gains/cap are modeling assumptions, not estimated from target data."
AAL3,148,153,ACC_pre_L,MCI,parent_region_extrapolation,see_individual_associations,source_median_numeric_volume,-0.091874,"{""Ledig2018"": -0.091874}",-0.059718,False,A00744,"Median within source then across sources; gain0.65 for measurement/cohort transfer; additional0.5 if quantitative signs conflict; cap±1.8. These gains/cap are modeling assumptions, not estimated from target data."
AAL3,149,154,ACC_pre_R,AD,parent_region_extrapolation,see_individual_associations,source_median_numeric_volume,-0.005,"{""Ledig2018"": -0.005}",-0.00325,False,A00741,"Median within source then across sources; gain0.65 for measurement/cohort transfer; additional0.5 if quantitative signs conflict; cap±1.8. These gains/cap are modeling assumptions, not estimated from target data."
AAL3,149,154,ACC_pre_R,MCI,parent_region_extrapolation,see_individual_associations,source_median_numeric_volume,-0.091874,"{""Ledig2018"": -0.091874}",-0.059718,False,A00745,"Median within source then across sources; gain0.65 for measurement/cohort transfer; additional0.5 if quantitative signs conflict; cap±1.8. These gains/cap are modeling assumptions, not estimated from target data."
AAL3,150,155,ACC_sup_L,AD,parent_region_extrapolation,see_individual_associations,source_median_numeric_volume,-0.005,"{""Ledig2018"": -0.005}",-0.00325,False,A00742,"Median within source then across sources; gain0.65 for measurement/cohort transfer; additional0.5 if quantitative signs conflict; cap±1.8. These gains/cap are modeling assumptions, not estimated from target data."
AAL3,150,155,ACC_sup_L,MCI,parent_region_extrapolation,see_individual_associations,source_median_numeric_volume,-0.091874,"{""Ledig2018"": -0.091874}",-0.059718,False,A00746,"Median within source then across sources; gain0.65 for measurement/cohort transfer; additional0.5 if quantitative signs conflict; cap±1.8. These gains/cap are modeling assumptions, not estimated from target data."
AAL3,151,156,ACC_sup_R,AD,parent_region_extrapolation,see_individual_associations,source_median_numeric_volume,-0.005,"{""Ledig2018"": -0.005}",-0.00325,False,A00743,"Median within source then across sources; gain0.65 for measurement/cohort transfer; additional0.5 if quantitative signs conflict; cap±1.8. These gains/cap are modeling assumptions, not estimated from target data."
AAL3,151,156,ACC_sup_R,MCI,parent_region_extrapolation,see_individual_associations,source_median_numeric_volume,-0.091874,"{""Ledig2018"": -0.091874}",-0.059718,False,A00747,"Median within source then across sources; gain0.65 for measurement/cohort transfer; additional0.5 if quantitative signs conflict; cap±1.8. These gains/cap are modeling assumptions, not estimated from target data."
AAL3,152,157,N_Acc_L,AD,parent_region_extrapolation,see_individual_associations,source_median_numeric_volume,-0.5935,"{""Fjell2010"": -0.73, ""Ledig2018"": -0.457}",-0.385775,False,A00007;A00774,"Median within source then across sources; gain0.65 for measurement/cohort transfer; additional0.5 if quantitative signs conflict; cap±1.8. These gains/cap are modeling assumptions, not estimated from target data."
AAL3,152,157,N_Acc_L,MCI,direct,see_individual_associations,source_median_numeric_volume,-0.4325,"{""Banerjee2025"": -0.395, ""Fjell2010"": -0.47, ""Ledig2018"": -0.31778, ""MCI2016"": -0.891386}",-0.281125,False,A00479;A00003;A00778;A00130,"Median within source then across sources; gain0.65 for measurement/cohort transfer; additional0.5 if quantitative signs conflict; cap±1.8. These gains/cap are modeling assumptions, not estimated from target data."
AAL3,153,158,N_Acc_R,AD,parent_region_extrapolation,see_individual_associations,source_median_numeric_volume,-0.5935,"{""Fjell2010"": -0.73, ""Ledig2018"": -0.457}",-0.385775,False,A00008;A00775,"Median within source then across sources; gain0.65 for measurement/cohort transfer; additional0.5 if quantitative signs conflict; cap±1.8. These gains/cap are modeling assumptions, not estimated from target data."
AAL3,153,158,N_Acc_R,MCI,direct,mixed_significance_or_measurement,source_median_numeric_volume,-0.4375,"{""Banerjee2025"": -0.405, ""Fjell2010"": -0.47, ""Ledig2018"": -0.31778, ""MCI2016"": -0.663092}",-0.284375,False,A00481;A00004;A00779;A00128,"Median within source then across sources; gain0.65 for measurement/cohort transfer; additional0.5 if quantitative signs conflict; cap±1.8. These gains/cap are modeling assumptions, not estimated from target data."
AAL3,154,159,VTA_L,AD,indirect,see_individual_associations,unresolved_zero_center_hypothesis,,{},0.0,False,,"Fixed latent-SD magnitude for qualitative GMV direction only. Indirect PET/contrast/thickness effects never substituted as volume d. Zero center is an unresolved modeling hypothesis, not evidence of no disease association."
AAL3,154,159,VTA_L,MCI,indirect,see_individual_associations,unresolved_zero_center_hypothesis,,{},0.0,False,,"Fixed latent-SD magnitude for qualitative GMV direction only. Indirect PET/contrast/thickness effects never substituted as volume d. Zero center is an unresolved modeling hypothesis, not evidence of no disease association."
AAL3,155,160,VTA_R,AD,indirect,see_individual_associations,unresolved_zero_center_hypothesis,,{},0.0,False,,"Fixed latent-SD magnitude for qualitative GMV direction only. Indirect PET/contrast/thickness effects never substituted as volume d. Zero center is an unresolved modeling hypothesis, not evidence of no disease association."
AAL3,155,160,VTA_R,MCI,indirect,see_individual_associations,unresolved_zero_center_hypothesis,,{},0.0,False,,"Fixed latent-SD magnitude for qualitative GMV direction only. Indirect PET/contrast/thickness effects never substituted as volume d. Zero center is an unresolved modeling hypothesis, not evidence of no disease association."
AAL3,156,161,SN_pc_L,AD,indirect,mixed_significance_or_measurement,unresolved_zero_center_hypothesis,,{},0.0,False,,"Fixed latent-SD magnitude for qualitative GMV direction only. Indirect PET/contrast/thickness effects never substituted as volume d. Zero center is an unresolved modeling hypothesis, not evidence of no disease association."
AAL3,156,161,SN_pc_L,MCI,indirect,see_individual_associations,unresolved_zero_center_hypothesis,,{},0.0,False,,"Fixed latent-SD magnitude for qualitative GMV direction only. Indirect PET/contrast/thickness effects never substituted as volume d. Zero center is an unresolved modeling hypothesis, not evidence of no disease association."
AAL3,157,162,SN_pc_R,AD,indirect,mixed_significance_or_measurement,unresolved_zero_center_hypothesis,,{},0.0,False,,"Fixed latent-SD magnitude for qualitative GMV direction only. Indirect PET/contrast/thickness effects never substituted as volume d. Zero center is an unresolved modeling hypothesis, not evidence of no disease association."
AAL3,157,162,SN_pc_R,MCI,indirect,see_individual_associations,unresolved_zero_center_hypothesis,,{},0.0,False,,"Fixed latent-SD magnitude for qualitative GMV direction only. Indirect PET/contrast/thickness effects never substituted as volume d. Zero center is an unresolved modeling hypothesis, not evidence of no disease association."
AAL3,158,163,SN_pr_L,AD,indirect,mixed_significance_or_measurement,unresolved_zero_center_hypothesis,,{},0.0,False,,"Fixed latent-SD magnitude for qualitative GMV direction only. Indirect PET/contrast/thickness effects never substituted as volume d. Zero center is an unresolved modeling hypothesis, not evidence of no disease association."
AAL3,158,163,SN_pr_L,MCI,indirect,see_individual_associations,unresolved_zero_center_hypothesis,,{},0.0,False,,"Fixed latent-SD magnitude for qualitative GMV direction only. Indirect PET/contrast/thickness effects never substituted as volume d. Zero center is an unresolved modeling hypothesis, not evidence of no disease association."
AAL3,159,164,SN_pr_R,AD,indirect,mixed_significance_or_measurement,unresolved_zero_center_hypothesis,,{},0.0,False,,"Fixed latent-SD magnitude for qualitative GMV direction only. Indirect PET/contrast/thickness effects never substituted as volume d. Zero center is an unresolved modeling hypothesis, not evidence of no disease association."
AAL3,159,164,SN_pr_R,MCI,indirect,see_individual_associations,unresolved_zero_center_hypothesis,,{},0.0,False,,"Fixed latent-SD magnitude for qualitative GMV direction only. Indirect PET/contrast/thickness effects never substituted as volume d. Zero center is an unresolved modeling hypothesis, not evidence of no disease association."
AAL3,160,165,Red_N_L,AD,indirect,see_individual_associations,unresolved_zero_center_hypothesis,,{},0.0,False,,"Fixed latent-SD magnitude for qualitative GMV direction only. Indirect PET/contrast/thickness effects never substituted as volume d. Zero center is an unresolved modeling hypothesis, not evidence of no disease association."
AAL3,160,165,Red_N_L,MCI,indirect,see_individual_associations,unresolved_zero_center_hypothesis,,{},0.0,False,,"Fixed latent-SD magnitude for qualitative GMV direction only. Indirect PET/contrast/thickness effects never substituted as volume d. Zero center is an unresolved modeling hypothesis, not evidence of no disease association."
AAL3,161,166,Red_N_R,AD,indirect,see_individual_associations,unresolved_zero_center_hypothesis,,{},0.0,False,,"Fixed latent-SD magnitude for qualitative GMV direction only. Indirect PET/contrast/thickness effects never substituted as volume d. Zero center is an unresolved modeling hypothesis, not evidence of no disease association."
AAL3,161,166,Red_N_R,MCI,indirect,see_individual_associations,unresolved_zero_center_hypothesis,,{},0.0,False,,"Fixed latent-SD magnitude for qualitative GMV direction only. Indirect PET/contrast/thickness effects never substituted as volume d. Zero center is an unresolved modeling hypothesis, not evidence of no disease association."
AAL3,162,167,LC_L,AD,indirect,see_individual_associations,unresolved_zero_center_hypothesis,,{},0.0,False,,"Fixed latent-SD magnitude for qualitative GMV direction only. Indirect PET/contrast/thickness effects never substituted as volume d. Zero center is an unresolved modeling hypothesis, not evidence of no disease association."
AAL3,162,167,LC_L,MCI,indirect,see_individual_associations,unresolved_zero_center_hypothesis,,{},0.0,False,,"Fixed latent-SD magnitude for qualitative GMV direction only. Indirect PET/contrast/thickness effects never substituted as volume d. Zero center is an unresolved modeling hypothesis, not evidence of no disease association."
AAL3,163,168,LC_R,AD,indirect,see_individual_associations,unresolved_zero_center_hypothesis,,{},0.0,False,,"Fixed latent-SD magnitude for qualitative GMV direction only. Indirect PET/contrast/thickness effects never substituted as volume d. Zero center is an unresolved modeling hypothesis, not evidence of no disease association."
AAL3,163,168,LC_R,MCI,indirect,see_individual_associations,unresolved_zero_center_hypothesis,,{},0.0,False,,"Fixed latent-SD magnitude for qualitative GMV direction only. Indirect PET/contrast/thickness effects never substituted as volume d. Zero center is an unresolved modeling hypothesis, not evidence of no disease association."
AAL3,164,169,Raphe_D,AD,not_found,no_exact_evidence,unresolved_zero_center_hypothesis,,{},0.0,False,,"Fixed latent-SD magnitude for qualitative GMV direction only. Indirect PET/contrast/thickness effects never substituted as volume d. Zero center is an unresolved modeling hypothesis, not evidence of no disease association."
AAL3,164,169,Raphe_D,MCI,indirect,see_individual_associations,unresolved_zero_center_hypothesis,,{},0.0,False,,"Fixed latent-SD magnitude for qualitative GMV direction only. Indirect PET/contrast/thickness effects never substituted as volume d. Zero center is an unresolved modeling hypothesis, not evidence of no disease association."
AAL3,165,170,Raphe_M,AD,not_found,no_exact_evidence,unresolved_zero_center_hypothesis,,{},0.0,False,,"Fixed latent-SD magnitude for qualitative GMV direction only. Indirect PET/contrast/thickness effects never substituted as volume d. Zero center is an unresolved modeling hypothesis, not evidence of no disease association."
AAL3,165,170,Raphe_M,MCI,indirect,see_individual_associations,unresolved_zero_center_hypothesis,,{},0.0,False,,"Fixed latent-SD magnitude for qualitative GMV direction only. Indirect PET/contrast/thickness effects never substituted as volume d. Zero center is an unresolved modeling hypothesis, not evidence of no disease association."
